PID,COMM,VA,PFN,mapping,folio_index,start_ns,latency_ns,PFN_Hex,VA_Hex,mapping_Hex,timestamp,Va_L1,Va_L2,Va_L3,Va_L4,PFN_Top_region,PFN_Top_region_4,PFN_slice_4,PFN_slice_3,PFN_slice_2,PFN_slice_1,PFN_slice_0,PFN_delta,lat_cluster
5970,pipewire-pulse,123325598093312,647921,534721225,0.0,0,1121761,9e2f1,9fa775000,1fdf32c9,00:00:00,373,467,167,224,0,158,9,14,2,15,1,0,2
5970,pipewire-pulse,123325598097408,85586,534721225,1.0,14168,1135929,14e52,9fa776000,1fdf32c9,00:00:00,374,467,167,224,0,20,1,4,14,5,2,0,2
5970,pipewire-pulse,123325598101504,366549,534721225,2.0,18175,1139936,597d5,9fa777000,1fdf32c9,00:00:00,375,467,167,224,0,89,5,9,7,13,5,0,2
5970,pipewire-pulse,123325598105600,219197,534721225,3.0,21098,1142859,3583d,9fa778000,1fdf32c9,00:00:00,376,467,167,224,0,53,3,5,8,3,13,0,2
5970,pipewire-pulse,123325598109696,85607,534721225,4.0,24077,1145838,14e67,9fa779000,1fdf32c9,00:00:00,377,467,167,224,0,20,1,4,14,6,7,0,2
5970,pipewire-pulse,123325598113792,865020,534721225,5.0,27215,1148976,d32fc,9fa77a000,1fdf32c9,00:00:00,378,467,167,224,0,211,13,3,2,15,12,0,2
5970,pipewire-pulse,123325598117888,627202,534721225,6.0,30098,1151859,99202,9fa77b000,1fdf32c9,00:00:00,379,467,167,224,0,153,9,9,2,0,2,0,2
5970,pipewire-pulse,123325598121984,358587,534721225,7.0,33160,1154921,578bb,9fa77c000,1fdf32c9,00:00:00,380,467,167,224,0,87,5,7,8,11,11,0,2
5970,pipewire-pulse,123325598056448,358589,3114169679,0.0,52794,1174555,578bd,9fa76c000,b99e754f,00:00:00,364,467,167,224,0,87,5,7,8,11,13,0,2
5970,pipewire-pulse,123325598060544,647933,3114169679,1.0,55881,1177642,9e2fd,9fa76d000,b99e754f,00:00:00,365,467,167,224,0,158,9,14,2,15,13,0,2
5970,pipewire-pulse,123325598064640,219172,3114169679,2.0,58893,1180654,35824,9fa76e000,b99e754f,00:00:00,366,467,167,224,0,53,3,5,8,2,4,0,2
5970,pipewire-pulse,123325598068736,737767,3114169679,3.0,60736,1182497,b41e7,9fa76f000,b99e754f,00:00:00,367,467,167,224,0,180,11,4,1,14,7,0,2
5970,pipewire-pulse,123325598076928,85573,3114169679,5.0,63615,1185376,14e45,9fa771000,b99e754f,00:00:00,369,467,167,224,0,20,1,4,14,4,5,0,2
5970,pipewire-pulse,123325598081024,13044,3114169679,6.0,65154,1186915,32f4,9fa772000,b99e754f,00:00:00,370,467,167,224,0,3,0,3,2,15,4,0,2
5970,pipewire-pulse,123325598085120,860440,3114169679,7.0,66946,1188707,d2118,9fa773000,b99e754f,00:00:00,371,467,167,224,0,210,13,2,1,1,8,0,2
5970,pipewire-pulse,123325598093312,339961,534721225,0.0,6538675017,4868772,52ff9,9fa775000,1fdf32c9,00:00:06,373,467,167,224,0,82,5,2,15,15,9,-307960,3
5970,pipewire-pulse,123325598097408,674388,534721225,1.0,6538687833,4881588,a4a54,9fa776000,1fdf32c9,00:00:06,374,467,167,224,0,164,10,4,10,5,4,588802,3
5970,pipewire-pulse,123325598101504,621713,534721225,2.0,6538691807,4885562,97c91,9fa777000,1fdf32c9,00:00:06,375,467,167,224,0,151,9,7,12,9,1,255164,3
5970,pipewire-pulse,123325598105600,11648,534721225,3.0,6538695251,4889006,2d80,9fa778000,1fdf32c9,00:00:06,376,467,167,224,0,2,0,2,13,8,0,-207549,3
5970,pipewire-pulse,123325598109696,856879,534721225,4.0,6538764212,4957967,d132f,9fa779000,1fdf32c9,00:00:06,377,467,167,224,0,209,13,1,3,2,15,771272,3
5970,pipewire-pulse,123325598113792,621727,534721225,5.0,6538767897,4961652,97c9f,9fa77a000,1fdf32c9,00:00:06,378,467,167,224,0,151,9,7,12,9,15,-243293,3
5970,pipewire-pulse,123325598117888,860126,534721225,6.0,6538771195,4964950,d1fde,9fa77b000,1fdf32c9,00:00:06,379,467,167,224,0,209,13,1,15,13,14,232924,3
5970,pipewire-pulse,123325598121984,871388,534721225,7.0,6538774652,4968407,d4bdc,9fa77c000,1fdf32c9,00:00:06,380,467,167,224,0,212,13,4,11,13,12,512801,3
5970,pipewire-pulse,123325598056448,621723,2550174023,0.0,6538800608,4994363,97c9b,9fa76c000,98009147,00:00:06,364,467,167,224,0,151,9,7,12,9,11,0,3
5970,pipewire-pulse,123325598060544,358914,2550174023,1.0,6538803967,4997722,57a02,9fa76d000,98009147,00:00:06,365,467,167,224,0,87,5,7,10,0,2,0,3
5970,pipewire-pulse,123325598064640,85595,2550174023,2.0,6538807138,5000893,14e5b,9fa76e000,98009147,00:00:06,366,467,167,224,0,20,1,4,14,5,11,0,3
5970,pipewire-pulse,123325598068736,251559,2550174023,3.0,6538809076,5002831,3d6a7,9fa76f000,98009147,00:00:06,367,467,167,224,0,61,3,13,6,10,7,0,3
5970,pipewire-pulse,123325598076928,621749,2550174023,5.0,6538812596,5006351,97cb5,9fa771000,98009147,00:00:06,369,467,167,224,0,151,9,7,12,11,5,0,3
5970,pipewire-pulse,123325598081024,876568,2550174023,6.0,6538814287,5008042,d6018,9fa772000,98009147,00:00:06,370,467,167,224,0,214,13,6,0,1,8,0,3
5970,pipewire-pulse,123325598085120,212689,2550174023,7.0,6538816186,5009941,33ed1,9fa773000,98009147,00:00:06,371,467,167,224,0,51,3,3,14,13,1,0,3
5970,pipewire-pulse,123325598011392,305231,2182314424,1.0,6667653154,4554282,4a84f,9fa761000,821379b8,00:00:06,353,467,167,224,0,74,4,10,8,4,15,0,3
5970,pipewire-pulse,123325598015488,892123,2182314424,2.0,6667655483,4556611,d9cdb,9fa762000,821379b8,00:00:06,354,467,167,224,0,217,13,9,12,13,11,0,3
5970,pipewire-pulse,123325598019584,699896,2182314424,3.0,6667657350,4558478,aadf8,9fa763000,821379b8,00:00:06,355,467,167,224,0,170,10,10,13,15,8,0,3
5970,pipewire-pulse,123325598023680,723050,2182314424,4.0,6667659078,4560206,b086a,9fa764000,821379b8,00:00:06,356,467,167,224,0,176,11,0,8,6,10,0,3
5970,pipewire-pulse,123325598027776,876603,2182314424,5.0,6667660674,4561802,d603b,9fa765000,821379b8,00:00:06,357,467,167,224,0,214,13,6,0,3,11,0,3
5970,pipewire-pulse,123325598031872,366566,2182314424,6.0,6667662283,4563411,597e6,9fa766000,821379b8,00:00:06,358,467,167,224,0,89,5,9,7,14,6,0,3
5970,pipewire-pulse,123325598035968,533157,2182314424,7.0,6667664021,4565149,822a5,9fa767000,821379b8,00:00:06,359,467,167,224,0,130,8,2,2,10,5,0,3
5970,pipewire-pulse,123325597970432,357117,381279571,0.0,6667922822,4823950,572fd,9fa757000,16b9dd53,00:00:06,343,467,167,224,0,87,5,7,2,15,13,0,3
5970,pipewire-pulse,123325597974528,269754,381279571,1.0,6667924978,4826106,41dba,9fa758000,16b9dd53,00:00:06,344,467,167,224,0,65,4,1,13,11,10,0,3
5970,pipewire-pulse,123325597978624,687006,381279571,2.0,6667926822,4827950,a7b9e,9fa759000,16b9dd53,00:00:06,345,467,167,224,0,167,10,7,11,9,14,0,3
5970,pipewire-pulse,123325597982720,269312,381279571,3.0,6667931690,4832818,41c00,9fa75a000,16b9dd53,00:00:06,346,467,167,224,0,65,4,1,12,0,0,0,3
5970,pipewire-pulse,123325597986816,358584,381279571,4.0,6667934282,4835410,578b8,9fa75b000,16b9dd53,00:00:06,347,467,167,224,0,87,5,7,8,11,8,0,3
5970,pipewire-pulse,123325597990912,262137,381279571,5.0,6667936792,4837920,3fff9,9fa75c000,16b9dd53,00:00:06,348,467,167,224,0,63,3,15,15,15,9,0,3
5970,pipewire-pulse,123325597995008,547752,381279571,6.0,6667939159,4840287,85ba8,9fa75d000,16b9dd53,00:00:06,349,467,167,224,0,133,8,5,11,10,8,0,3
5970,pipewire-pulse,123325597999104,302190,381279571,7.0,6667941686,4842814,49c6e,9fa75e000,16b9dd53,00:00:06,350,467,167,224,0,73,4,9,12,6,14,0,3
5970,pipewire-pulse,123325598093312,262137,2300678977,0.0,7243645205,6812759,3fff9,9fa775000,89219341,00:00:07,373,467,167,224,0,63,3,15,15,15,9,0,3
5970,pipewire-pulse,123325598097408,547752,2300678977,1.0,7243647919,6815473,85ba8,9fa776000,89219341,00:00:07,374,467,167,224,0,133,8,5,11,10,8,0,3
5970,pipewire-pulse,123325598101504,701436,2300678977,2.0,7243649801,6817355,ab3fc,9fa777000,89219341,00:00:07,375,467,167,224,0,171,10,11,3,15,12,0,3
5970,pipewire-pulse,123325598105600,837405,2300678977,3.0,7243651529,6819083,cc71d,9fa778000,89219341,00:00:07,376,467,167,224,0,204,12,12,7,1,13,0,3
5970,pipewire-pulse,123325598109696,422809,2300678977,4.0,7243653213,6820767,67399,9fa779000,89219341,00:00:07,377,467,167,224,0,103,6,7,3,9,9,0,3
5970,pipewire-pulse,123325598113792,291920,2300678977,5.0,7243654917,6822471,47450,9fa77a000,89219341,00:00:07,378,467,167,224,0,71,4,7,4,5,0,0,3
5970,pipewire-pulse,123325598117888,185021,2300678977,6.0,7243656493,6824047,2d2bd,9fa77b000,89219341,00:00:07,379,467,167,224,0,45,2,13,2,11,13,0,3
5970,pipewire-pulse,123325598121984,185019,2300678977,7.0,7243658160,6825714,2d2bb,9fa77c000,89219341,00:00:07,380,467,167,224,0,45,2,13,2,11,11,0,3
5970,pipewire-pulse,123325598056448,502134,3175943361,0.0,7243691220,6858774,7a976,9fa76c000,bd4d0cc1,00:00:07,364,467,167,224,0,122,7,10,9,7,6,0,3
5970,pipewire-pulse,123325598060544,37813,3175943361,1.0,7243692988,6860542,93b5,9fa76d000,bd4d0cc1,00:00:07,365,467,167,224,0,9,0,9,3,11,5,0,3
5970,pipewire-pulse,123325598064640,533278,3175943361,2.0,7243694456,6862010,8231e,9fa76e000,bd4d0cc1,00:00:07,366,467,167,224,0,130,8,2,3,1,14,0,3
5970,pipewire-pulse,123325598068736,533273,3175943361,3.0,7243696006,6863560,82319,9fa76f000,bd4d0cc1,00:00:07,367,467,167,224,0,130,8,2,3,1,9,0,3
5970,pipewire-pulse,123325598076928,533271,3175943361,5.0,7243698965,6866519,82317,9fa771000,bd4d0cc1,00:00:07,369,467,167,224,0,130,8,2,3,1,7,0,3
5970,pipewire-pulse,123325598081024,533269,3175943361,6.0,7243700531,6868085,82315,9fa772000,bd4d0cc1,00:00:07,370,467,167,224,0,130,8,2,3,1,5,0,3
5970,pipewire-pulse,123325598085120,269317,3175943361,7.0,7243702040,6869594,41c05,9fa773000,bd4d0cc1,00:00:07,371,467,167,224,0,65,4,1,12,0,5,0,3
12404,firefox,129072869085184,218619,2344523339,10.0,31200367794,153396,355fb,41e831000,8bbe964b,00:00:31,49,244,400,234,0,53,3,5,5,15,11,0,1
12404,firefox,129072869085184,1093590,2344523339,10.0,58034264686,987700,10afd6,41e831000,8bbe964b,00:00:58,49,244,400,234,1,266,0,10,15,13,6,874971,2
8817,gsd-housekeepin,93837968756736,142299,4067791226,9.0,65200728098,972313,22bdb,85acb5000,f275917a,00:01:05,181,214,353,170,0,34,2,2,11,13,11,0,2
12404,firefox,129073215545344,1225291,4219057439,347.0,70216015458,93630,12b24b,43329a000,fb79b51f,00:01:10,154,409,400,234,1,299,2,11,2,4,11,0,0
13942,Isolated Web Co,127032251011072,1100493,124009549,24.0,75433903954,73750,10cacd,900325000,7643c4d,00:01:15,293,1,36,231,1,268,0,12,10,12,13,0,0
13942,Isolated Web Co,127032250970112,1235687,124009549,17.0,75437842345,1029237,12dae7,90031b000,7643c4d,00:01:15,283,1,36,231,1,301,2,13,10,14,7,0,2
13942,Isolated Web Co,127032251035648,1242291,124009549,30.0,81097967068,94289,12f4b3,90032b000,7643c4d,00:01:21,299,1,36,231,1,303,2,15,4,11,3,0,0
13942,Isolated Web Co,127032251011072,1155590,124009549,31.0,81802636795,1191944,11a206,900325000,7643c4d,00:01:21,293,1,36,231,1,282,1,10,2,0,6,0,2
13942,Isolated Web Co,127032250974208,1171659,124009549,17.0,81805157188,810424,11e0cb,90031c000,7643c4d,00:01:21,284,1,36,231,1,286,1,14,0,12,11,-64028,2
12404,firefox,129072793890816,1192521,2503222260,13.0,84296847553,918699,123249,41a07b000,953423f4,00:01:24,123,208,400,234,1,291,2,3,2,4,9,0,2
12404,firefox,129072793919488,1192521,2503222260,13.0,84302780143,91397,123249,41a082000,953423f4,00:01:24,130,208,400,234,1,291,2,3,2,4,9,0,0
12404,firefox,129072793935872,1192521,2503222260,13.0,84305166087,71614,123249,41a086000,953423f4,00:01:24,134,208,400,234,1,291,2,3,2,4,9,0,0
12404,firefox,129072793980928,835537,2503222260,33.0,84305998695,904222,cbfd1,41a091000,953423f4,00:01:24,145,208,400,234,0,203,12,11,15,13,1,0,2
12404,firefox,129072794038272,835537,2503222260,33.0,84308091370,208403,cbfd1,41a09f000,953423f4,00:01:24,159,208,400,234,0,203,12,11,15,13,1,0,2
12404,firefox,129072794107904,1112267,2503222260,66.0,84309254439,1371472,10f8cb,41a0b0000,953423f4,00:01:24,176,208,400,234,1,271,0,15,8,12,11,0,2
12404,firefox,129072794005504,557574,2503222260,36.0,84310219397,102978,88206,41a097000,953423f4,00:01:24,151,208,400,234,0,136,8,8,2,0,6,0,1
12404,firefox,129072794120192,1112267,2503222260,66.0,84312964420,2848001,10f8cb,41a0b3000,953423f4,00:01:24,179,208,400,234,1,271,0,15,8,12,11,0,3
12404,firefox,129072794021888,557574,2503222260,36.0,84323295971,10238614,88206,41a09b000,953423f4,00:01:24,155,208,400,234,0,136,8,8,2,0,6,0,3
12404,firefox,129072794116096,1112267,2503222260,66.0,84345061721,1013025,10f8cb,41a0b2000,953423f4,00:01:24,178,208,400,234,1,271,0,15,8,12,11,0,2
12404,firefox,129072794128384,1112267,2503222260,66.0,84364663792,88355,10f8cb,41a0b5000,953423f4,00:01:24,181,208,400,234,1,271,0,15,8,12,11,0,0
12404,firefox,129072793964544,1192521,2503222260,13.0,84386787878,114669,123249,41a08d000,953423f4,00:01:24,141,208,400,234,1,291,2,3,2,4,9,0,1
34649,MainThread,127032251146240,1192521,2503222260,13.0,87226332993,68795,123249,900346000,953423f4,00:01:27,326,1,36,231,1,291,2,3,2,4,9,0,0
34649,MainThread,127032251138048,1192521,2503222260,13.0,87232797962,420521,123249,900344000,953423f4,00:01:27,324,1,36,231,1,291,2,3,2,4,9,0,2
34649,MainThread,127032251219968,557738,2503222260,28.0,87235609497,264941,882aa,900358000,953423f4,00:01:27,344,1,36,231,0,136,8,8,2,10,10,0,2
34649,MainThread,127032251240448,557738,2503222260,28.0,87238161584,82057,882aa,90035d000,953423f4,00:01:27,349,1,36,231,0,136,8,8,2,10,10,0,0
34649,MainThread,127032251379712,620172,2503222260,58.0,87245079701,119300,9768c,90037f000,953423f4,00:01:27,383,1,36,231,0,151,9,7,6,8,12,0,1
34649,MainThread,127032251293696,557572,2503222260,43.0,87248568482,74644,88204,90036a000,953423f4,00:01:27,362,1,36,231,0,136,8,8,2,0,4,0,0
34649,MainThread,127032251367424,1187303,2503222260,60.0,87250649220,286903,121de7,90037c000,953423f4,00:01:27,380,1,36,231,1,289,2,1,13,14,7,0,2
34649,MainThread,127032251342848,1187303,2503222260,60.0,87252068403,410216,121de7,900376000,953423f4,00:01:27,374,1,36,231,1,289,2,1,13,14,7,0,2
34649,MainThread,127032251355136,1187303,2503222260,60.0,87258255673,102013,121de7,900379000,953423f4,00:01:27,377,1,36,231,1,289,2,1,13,14,7,0,1
34649,MainThread,127032251195392,557738,2503222260,28.0,87261297220,98795,882aa,900352000,953423f4,00:01:27,338,1,36,231,0,136,8,8,2,10,10,0,0
34649,MainThread,127032251314176,557572,2503222260,43.0,87262280116,77427,88204,90036f000,953423f4,00:01:27,367,1,36,231,0,136,8,8,2,0,4,0,0
34649,MainThread,127032251297792,1105759,2503222260,44.0,87263355494,70602,10df5f,90036b000,953423f4,00:01:27,363,1,36,231,1,269,0,13,15,5,15,0,0
34649,MainThread,127032251215872,557738,2503222260,28.0,87268201530,179609,882aa,900357000,953423f4,00:01:27,343,1,36,231,0,136,8,8,2,10,10,0,1
34649,MainThread,127032251375616,1187303,2503222260,60.0,87271846090,155470,121de7,90037e000,953423f4,00:01:27,382,1,36,231,1,289,2,1,13,14,7,0,1
34649,MainThread,127032251199488,557738,2503222260,28.0,87274149058,279462,882aa,900353000,953423f4,00:01:27,339,1,36,231,0,136,8,8,2,10,10,0,2
34649,MainThread,127032251244544,557738,2503222260,28.0,87284266588,74188,882aa,90035e000,953423f4,00:01:27,350,1,36,231,0,136,8,8,2,10,10,0,0
34649,MainThread,127032251322368,1187303,2503222260,60.0,87285087426,70596,121de7,900371000,953423f4,00:01:27,369,1,36,231,1,289,2,1,13,14,7,0,0
34649,MainThread,127032251346944,1187303,2503222260,60.0,87286076172,71390,121de7,900377000,953423f4,00:01:27,375,1,36,231,1,289,2,1,13,14,7,0,0
34649,MainThread,127032251260928,1105759,2503222260,44.0,87286849651,844869,10df5f,900362000,953423f4,00:01:27,354,1,36,231,1,269,0,13,15,5,15,0,2
34649,MainThread,127032251383808,1112267,2503222260,66.0,87288214365,71644,10f8cb,900380000,953423f4,00:01:27,384,1,36,231,1,271,0,15,8,12,11,0,0
34649,MainThread,127032251236352,557738,2503222260,28.0,87289904666,1596608,882aa,90035c000,953423f4,00:01:27,348,1,36,231,0,136,8,8,2,10,10,0,2
34649,MainThread,127032251326464,1187303,2503222260,60.0,87291742834,79541,121de7,900372000,953423f4,00:01:27,370,1,36,231,1,289,2,1,13,14,7,0,0
34649,MainThread,127032251285504,1105759,2503222260,44.0,87292849916,72253,10df5f,900368000,953423f4,00:01:27,360,1,36,231,1,269,0,13,15,5,15,0,0
34649,MainThread,127032251228160,557738,2503222260,28.0,87294083985,79771,882aa,90035a000,953423f4,00:01:27,346,1,36,231,0,136,8,8,2,10,10,0,0
34649,MainThread,127032251338752,1187303,2503222260,60.0,87295303677,69982,121de7,900375000,953423f4,00:01:27,373,1,36,231,1,289,2,1,13,14,7,0,0
34649,MainThread,127032251277312,1105759,2503222260,44.0,87297836616,979449,10df5f,900366000,953423f4,00:01:27,358,1,36,231,1,269,0,13,15,5,15,0,2
34649,MainThread,127032251305984,1105759,2503222260,44.0,87300298705,751868,10df5f,90036d000,953423f4,00:01:27,365,1,36,231,1,269,0,13,15,5,15,0,2
34649,MainThread,127032251318272,1187303,2503222260,60.0,87301689423,68748,121de7,900370000,953423f4,00:01:27,368,1,36,231,1,289,2,1,13,14,7,0,0
34649,MainThread,127032251330560,1187303,2503222260,60.0,87302858619,66404,121de7,900373000,953423f4,00:01:27,371,1,36,231,1,289,2,1,13,14,7,0,0
34649,MainThread,127032251387904,1112267,2503222260,66.0,87303981609,1035966,10f8cb,900381000,953423f4,00:01:27,385,1,36,231,1,271,0,15,8,12,11,0,2
34649,MainThread,127032251392000,1112267,2503222260,66.0,87306247742,76561,10f8cb,900382000,953423f4,00:01:27,386,1,36,231,1,271,0,15,8,12,11,0,0
34649,MainThread,127032251301888,1105759,2503222260,44.0,87307155072,807739,10df5f,90036c000,953423f4,00:01:27,364,1,36,231,1,269,0,13,15,5,15,0,2
34649,MainThread,127032251396096,1112267,2503222260,66.0,87308171553,89827,10f8cb,900383000,953423f4,00:01:27,387,1,36,231,1,271,0,15,8,12,11,0,0
34649,MainThread,127032251256832,1105759,2503222260,44.0,87308898238,73855,10df5f,900361000,953423f4,00:01:27,353,1,36,231,1,269,0,13,15,5,15,0,0
34649,MainThread,127032251273216,1105759,2503222260,44.0,87309865063,749603,10df5f,900365000,953423f4,00:01:27,357,1,36,231,1,269,0,13,15,5,15,0,2
34649,MainThread,127032251400192,1112267,2503222260,66.0,87312294362,268556,10f8cb,900384000,953423f4,00:01:27,388,1,36,231,1,271,0,15,8,12,11,0,2
34649,MainThread,127032251232256,557738,2503222260,28.0,87313027548,1001742,882aa,90035b000,953423f4,00:01:27,347,1,36,231,0,136,8,8,2,10,10,0,2
34649,MainThread,127032251252736,1105759,2503222260,44.0,87317894862,72575,10df5f,900360000,953423f4,00:01:27,352,1,36,231,1,269,0,13,15,5,15,0,0
34649,MainThread,127032251211776,557738,2503222260,28.0,87319041431,69863,882aa,900356000,953423f4,00:01:27,342,1,36,231,0,136,8,8,2,10,10,0,0
34649,MainThread,127032251289600,1105759,2503222260,44.0,87320283982,68716,10df5f,900369000,953423f4,00:01:27,361,1,36,231,1,269,0,13,15,5,15,0,0
34649,MainThread,127032251334656,1187303,2503222260,60.0,87322956196,94598,121de7,900374000,953423f4,00:01:27,372,1,36,231,1,289,2,1,13,14,7,0,0
34649,MainThread,127032251203584,557738,2503222260,28.0,87324170616,80782,882aa,900354000,953423f4,00:01:27,340,1,36,231,0,136,8,8,2,10,10,0,0
34649,MainThread,127032251191296,557738,2503222260,28.0,87325103238,790581,882aa,900351000,953423f4,00:01:27,337,1,36,231,0,136,8,8,2,10,10,0,2
34649,MainThread,127032251142144,1165031,2503222260,15.0,87327779541,69435,11c6e7,900345000,953423f4,00:01:27,325,1,36,231,1,284,1,12,6,14,7,0,0
34649,MainThread,127032251154432,1165031,2503222260,15.0,87329001164,76247,11c6e7,900348000,953423f4,00:01:27,328,1,36,231,1,284,1,12,6,14,7,0,0
34649,MainThread,127032251150336,1165031,2503222260,15.0,87330697832,79725,11c6e7,900347000,953423f4,00:01:27,327,1,36,231,1,284,1,12,6,14,7,0,0
34649,MainThread,127032251158528,1165031,2503222260,15.0,87338976300,70945,11c6e7,900349000,953423f4,00:01:27,329,1,36,231,1,284,1,12,6,14,7,0,0
34649,MainThread,127032251170816,1165031,2503222260,15.0,87341220594,74309,11c6e7,90034c000,953423f4,00:01:27,332,1,36,231,1,284,1,12,6,14,7,0,0
34649,MainThread,127032251166720,1165031,2503222260,15.0,87342025889,726007,11c6e7,90034b000,953423f4,00:01:27,331,1,36,231,1,284,1,12,6,14,7,0,2
34649,MainThread,127032251174912,1165031,2503222260,15.0,87345238457,226719,11c6e7,90034d000,953423f4,00:01:27,333,1,36,231,1,284,1,12,6,14,7,0,2
34649,MainThread,127032250912768,584389,124009549,0.0,89816062157,80870,8eac5,90030d000,7643c4d,00:01:29,269,1,36,231,0,142,8,14,10,12,5,0,0
34649,MainThread,127032250916864,418850,124009549,1.0,89818532841,291387,66422,90030e000,7643c4d,00:01:29,270,1,36,231,0,102,6,6,4,2,2,0,2
34649,MainThread,127032250920960,328363,124009549,2.0,89831099159,116730,502ab,90030f000,7643c4d,00:01:29,271,1,36,231,0,80,5,0,2,10,11,0,1
34649,MainThread,127032250925056,1138137,124009549,18.0,89832968527,83600,115dd9,900310000,7643c4d,00:01:29,272,1,36,231,1,277,1,5,13,13,9,0,0
34649,MainThread,127032250929152,1138137,124009549,18.0,89845515396,208341,115dd9,900311000,7643c4d,00:01:29,273,1,36,231,1,277,1,5,13,13,9,0,2
34649,MainThread,127032250933248,1138137,124009549,18.0,89848223483,76037,115dd9,900312000,7643c4d,00:01:29,274,1,36,231,1,277,1,5,13,13,9,0,0
34649,MainThread,127032250937344,1138137,124009549,18.0,89850298833,82550,115dd9,900313000,7643c4d,00:01:29,275,1,36,231,1,277,1,5,13,13,9,0,0
34649,MainThread,127032250941440,1138137,124009549,18.0,89854778194,74678,115dd9,900314000,7643c4d,00:01:29,276,1,36,231,1,277,1,5,13,13,9,0,0
34649,MainThread,127032250945536,1138137,124009549,18.0,89855751500,175140,115dd9,900315000,7643c4d,00:01:29,277,1,36,231,1,277,1,5,13,13,9,0,1
34649,MainThread,127032250949632,1138137,124009549,18.0,89856995431,280790,115dd9,900316000,7643c4d,00:01:29,278,1,36,231,1,277,1,5,13,13,9,0,2
34649,MainThread,127032250953728,1138137,124009549,18.0,89858799345,83473,115dd9,900317000,7643c4d,00:01:29,279,1,36,231,1,277,1,5,13,13,9,0,0
34649,MainThread,127032250957824,1138137,124009549,18.0,89860979935,117637,115dd9,900318000,7643c4d,00:01:29,280,1,36,231,1,277,1,5,13,13,9,0,1
34649,MainThread,127032250961920,1138137,124009549,18.0,89862072948,264704,115dd9,900319000,7643c4d,00:01:29,281,1,36,231,1,277,1,5,13,13,9,0,2
34649,MainThread,127032250966016,1138137,124009549,18.0,89862914040,78648,115dd9,90031a000,7643c4d,00:01:29,282,1,36,231,1,277,1,5,13,13,9,0,0
34649,MainThread,127032250970112,1138137,124009549,18.0,89863996593,367715,115dd9,90031b000,7643c4d,00:01:29,283,1,36,231,1,277,1,5,13,13,9,0,2
34649,MainThread,127032250974208,1138137,124009549,18.0,89876962501,76769,115dd9,90031c000,7643c4d,00:01:29,284,1,36,231,1,277,1,5,13,13,9,0,0
34649,MainThread,127032250978304,1138137,124009549,18.0,89876972831,87099,115dd9,90031d000,7643c4d,00:01:29,285,1,36,231,1,277,1,5,13,13,9,0,0
34649,MainThread,127032250986496,1138137,124009549,18.0,89878070087,69058,115dd9,90031f000,7643c4d,00:01:29,287,1,36,231,1,277,1,5,13,13,9,0,0
34649,MainThread,127032250990592,1155590,124009549,31.0,89879160524,74526,11a206,900320000,7643c4d,00:01:29,288,1,36,231,1,282,1,10,2,0,6,0,0
34649,MainThread,127032250994688,1155590,124009549,31.0,89880761014,139152,11a206,900321000,7643c4d,00:01:29,289,1,36,231,1,282,1,10,2,0,6,0,1
34649,MainThread,127032250998784,1155590,124009549,31.0,89906262311,73967,11a206,900322000,7643c4d,00:01:29,290,1,36,231,1,282,1,10,2,0,6,0,0
34649,MainThread,127032251002880,1155590,124009549,31.0,89908351413,150467,11a206,900323000,7643c4d,00:01:29,291,1,36,231,1,282,1,10,2,0,6,0,1
34649,MainThread,127032251006976,1155590,124009549,31.0,89910181049,75018,11a206,900324000,7643c4d,00:01:29,292,1,36,231,1,282,1,10,2,0,6,0,0
34649,MainThread,127032251015168,1155590,124009549,31.0,89913867795,78511,11a206,900326000,7643c4d,00:01:29,294,1,36,231,1,282,1,10,2,0,6,0,0
34649,MainThread,127032251019264,1155590,124009549,31.0,89915100718,75524,11a206,900327000,7643c4d,00:01:29,295,1,36,231,1,282,1,10,2,0,6,0,0
34649,MainThread,127032251023360,1155590,124009549,31.0,89921603175,324509,11a206,900328000,7643c4d,00:01:29,296,1,36,231,1,282,1,10,2,0,6,0,2
34649,MainThread,127032251027456,1155590,124009549,31.0,89922783791,74783,11a206,900329000,7643c4d,00:01:29,297,1,36,231,1,282,1,10,2,0,6,0,0
34649,MainThread,127032251039744,1155590,124009549,31.0,89924824473,100920,11a206,90032c000,7643c4d,00:01:29,300,1,36,231,1,282,1,10,2,0,6,0,1
34649,MainThread,127032251043840,61842,124009549,32.0,89926063665,67303,f192,90032d000,7643c4d,00:01:29,301,1,36,231,0,15,0,15,1,9,2,0,0
34649,MainThread,127032251047936,257044,124009549,33.0,89927193084,69881,3ec14,90032e000,7643c4d,00:01:29,302,1,36,231,0,62,3,14,12,1,4,0,0
34649,MainThread,127032251052032,257183,124009549,34.0,89929919654,93186,3ec9f,90032f000,7643c4d,00:01:29,303,1,36,231,0,62,3,14,12,9,15,0,0
34649,MainThread,127032251056128,1136153,124009549,51.0,89934831546,76447,115619,900330000,7643c4d,00:01:29,304,1,36,231,1,277,1,5,6,1,9,0,0
34649,MainThread,127032251060224,1136153,124009549,51.0,89939140284,102935,115619,900331000,7643c4d,00:01:29,305,1,36,231,1,277,1,5,6,1,9,0,1
34649,MainThread,127032251064320,1136153,124009549,51.0,89940515118,225341,115619,900332000,7643c4d,00:01:29,306,1,36,231,1,277,1,5,6,1,9,0,2
34649,MainThread,127032251068416,1136153,124009549,51.0,89944925915,86198,115619,900333000,7643c4d,00:01:29,307,1,36,231,1,277,1,5,6,1,9,0,0
34649,MainThread,127032251072512,1136153,124009549,51.0,89947006783,73086,115619,900334000,7643c4d,00:01:29,308,1,36,231,1,277,1,5,6,1,9,0,0
34649,MainThread,127032251076608,1136153,124009549,51.0,89948999416,73478,115619,900335000,7643c4d,00:01:29,309,1,36,231,1,277,1,5,6,1,9,0,0
34649,MainThread,127032251080704,1136153,124009549,51.0,89949865633,73143,115619,900336000,7643c4d,00:01:29,310,1,36,231,1,277,1,5,6,1,9,0,0
34649,MainThread,127032251084800,1136153,124009549,51.0,89951327650,75580,115619,900337000,7643c4d,00:01:29,311,1,36,231,1,277,1,5,6,1,9,0,0
34649,MainThread,127032251088896,1136153,124009549,51.0,89951898340,78809,115619,900338000,7643c4d,00:01:29,312,1,36,231,1,277,1,5,6,1,9,0,0
34649,MainThread,127032251092992,1136153,124009549,51.0,89961905952,71418,115619,900339000,7643c4d,00:01:29,313,1,36,231,1,277,1,5,6,1,9,0,0
34649,MainThread,127032251097088,1136153,124009549,51.0,89975124652,76498,115619,90033a000,7643c4d,00:01:29,314,1,36,231,1,277,1,5,6,1,9,0,0
34649,MainThread,127032251101184,1136153,124009549,51.0,89975933268,80165,115619,90033b000,7643c4d,00:01:29,315,1,36,231,1,277,1,5,6,1,9,0,0
34649,MainThread,127032251105280,1136153,124009549,51.0,89976756382,77382,115619,90033c000,7643c4d,00:01:29,316,1,36,231,1,277,1,5,6,1,9,0,0
34649,MainThread,127032251113472,1136153,124009549,51.0,89977563267,73553,115619,90033e000,7643c4d,00:01:29,318,1,36,231,1,277,1,5,6,1,9,0,0
34649,MainThread,127032251125760,857697,124009549,52.0,89979722913,93210,d1661,900341000,7643c4d,00:01:29,321,1,36,231,0,209,13,1,6,6,1,0,0
34649,MainThread,127032251129856,512095,124009549,53.0,89982599275,82268,7d05f,900342000,7643c4d,00:01:29,322,1,36,231,0,125,7,13,0,5,15,0,0
34649,MainThread,127032251162624,1132104,2503222260,0.0,93372365423,1039256,114648,90034a000,953423f4,00:01:33,330,1,36,231,1,276,1,4,6,4,8,0,2
34649,MainThread,127032251179008,1215006,2503222260,7.0,93379663155,436272,128a1e,90034e000,953423f4,00:01:33,334,1,36,231,1,296,2,8,10,1,14,0,2
34649,MainThread,127032251187200,1179179,2503222260,22.0,93385152575,132105,11fe2b,900350000,953423f4,00:01:33,336,1,36,231,1,287,1,15,14,2,11,0,1
34649,MainThread,127032251310080,1217776,2503222260,33.0,93389863613,1532531,1294f0,90036e000,953423f4,00:01:33,366,1,36,231,1,297,2,9,4,15,0,0,2
34649,MainThread,127032251281408,1245258,2503222260,43.0,93392228452,219542,13004a,900367000,953423f4,00:01:33,359,1,36,231,1,304,3,0,0,4,10,687686,2
34649,MainThread,127032251191296,1179179,2503222260,22.0,93395970361,126526,11fe2b,900351000,953423f4,00:01:33,337,1,36,231,1,287,1,15,14,2,11,0,1
34649,MainThread,127032251236352,1179179,2503222260,22.0,93406646615,2027488,11fe2b,90035c000,953423f4,00:01:33,348,1,36,231,1,287,1,15,14,2,11,0,3
34649,MainThread,127032251297792,1245258,2503222260,43.0,93415821915,165724,13004a,90036b000,953423f4,00:01:33,363,1,36,231,1,304,3,0,0,4,10,0,1
34649,MainThread,127032251346944,1187303,2503222260,60.0,93418341772,2215397,121de7,900377000,953423f4,00:01:33,375,1,36,231,1,289,2,1,13,14,7,0,3
34649,MainThread,127032251195392,1110774,2503222260,25.0,93421332188,866622,10f2f6,900352000,953423f4,00:01:33,338,1,36,231,1,271,0,15,2,15,6,0,2
34649,MainThread,127032251371520,1187303,2503222260,60.0,93427147529,140650,121de7,90037d000,953423f4,00:01:33,381,1,36,231,1,289,2,1,13,14,7,0,1
34649,MainThread,127032251342848,1187303,2503222260,60.0,93435838393,149352,121de7,900376000,953423f4,00:01:33,374,1,36,231,1,289,2,1,13,14,7,0,1
34649,MainThread,127032251318272,1187303,2503222260,60.0,93446230832,172228,121de7,900370000,953423f4,00:01:33,368,1,36,231,1,289,2,1,13,14,7,0,1
34649,MainThread,127032251273216,1245258,2503222260,43.0,93451314396,2930214,13004a,900365000,953423f4,00:01:33,357,1,36,231,1,304,3,0,0,4,10,0,3
34649,MainThread,127032251359232,1187303,2503222260,60.0,93455423405,1535506,121de7,90037a000,953423f4,00:01:33,378,1,36,231,1,289,2,1,13,14,7,0,2
34649,MainThread,127032251301888,1245258,2503222260,43.0,93457724532,344000,13004a,90036c000,953423f4,00:01:33,364,1,36,231,1,304,3,0,0,4,10,0,2
34649,MainThread,127032251334656,1187303,2503222260,60.0,93463283654,441410,121de7,900374000,953423f4,00:01:33,372,1,36,231,1,289,2,1,13,14,7,0,2
34649,MainThread,127032251260928,1245258,2503222260,43.0,93472282991,125200,13004a,900362000,953423f4,00:01:33,354,1,36,231,1,304,3,0,0,4,10,0,1
34649,MainThread,127032251265024,1245258,2503222260,43.0,93489811952,481692,13004a,900363000,953423f4,00:01:33,355,1,36,231,1,304,3,0,0,4,10,0,2
34649,MainThread,127032251256832,1245258,2503222260,43.0,93495852601,158394,13004a,900361000,953423f4,00:01:33,353,1,36,231,1,304,3,0,0,4,10,0,1
34649,MainThread,127032251207680,1110774,2503222260,25.0,93497249195,141806,10f2f6,900355000,953423f4,00:01:33,341,1,36,231,1,271,0,15,2,15,6,0,1
34649,MainThread,127032251203584,1110774,2503222260,25.0,93509816674,139957,10f2f6,900354000,953423f4,00:01:33,340,1,36,231,1,271,0,15,2,15,6,0,1
34649,MainThread,127032251351040,1187303,2503222260,60.0,93521024775,148066,121de7,900378000,953423f4,00:01:33,376,1,36,231,1,289,2,1,13,14,7,0,1
34649,MainThread,127032251240448,1110774,2503222260,25.0,93543341230,259791,10f2f6,90035d000,953423f4,00:01:33,349,1,36,231,1,271,0,15,2,15,6,0,2
34649,MainThread,127032251363328,1187303,2503222260,60.0,93548962468,410430,121de7,90037b000,953423f4,00:01:33,379,1,36,231,1,289,2,1,13,14,7,0,2
34649,MainThread,127032251289600,1245258,2503222260,43.0,93550938001,1786686,13004a,900369000,953423f4,00:01:33,361,1,36,231,1,304,3,0,0,4,10,0,2
34649,MainThread,127032251404288,1220269,2503222260,65.0,93598056152,418642,129ead,900385000,953423f4,00:01:33,389,1,36,231,1,297,2,9,14,10,13,0,2
34649,MainThread,127032251170816,1170704,2503222260,15.0,94178898682,1852734,11dd10,90034c000,953423f4,00:01:34,332,1,36,231,1,285,1,13,13,1,0,5673,2
34649,MainThread,127032251244544,1106744,2503222260,26.0,94181165959,1015439,10e338,90035e000,953423f4,00:01:34,350,1,36,231,1,270,0,14,3,3,8,0,2
34649,MainThread,127032251166720,1170704,2503222260,15.0,94181989038,99902,11dd10,90034b000,953423f4,00:01:34,331,1,36,231,1,285,1,13,13,1,0,0,0
34649,MainThread,127032251338752,1187303,2503222260,60.0,94183223069,1122543,121de7,900375000,953423f4,00:01:34,373,1,36,231,1,289,2,1,13,14,7,0,2
34649,MainThread,127032251285504,1245258,2503222260,43.0,94194323667,211899,13004a,900368000,953423f4,00:01:34,360,1,36,231,1,304,3,0,0,4,10,0,2
34649,MainThread,127032251252736,1245258,2503222260,43.0,94206351962,253468,13004a,900360000,953423f4,00:01:34,352,1,36,231,1,304,3,0,0,4,10,0,2
34649,MainThread,127032251219968,1084816,2503222260,27.0,94207176827,1078333,108d90,900358000,953423f4,00:01:34,344,1,36,231,1,264,0,8,13,9,0,0,2
34649,MainThread,127032251277312,1245258,2503222260,43.0,94214130424,89330,13004a,900366000,953423f4,00:01:34,358,1,36,231,1,304,3,0,0,4,10,0,0
34649,MainThread,127032251146240,1170704,2503222260,15.0,95010054829,1928971,11dd10,900346000,953423f4,00:01:35,326,1,36,231,1,285,1,13,13,1,0,0,2
34649,MainThread,127032251154432,1170704,2503222260,15.0,95042739981,3624313,11dd10,900348000,953423f4,00:01:35,328,1,36,231,1,285,1,13,13,1,0,0,3
34649,MainThread,127032251158528,1170704,2503222260,15.0,95061125459,3395374,11dd10,900349000,953423f4,00:01:35,329,1,36,231,1,285,1,13,13,1,0,0,3
34649,MainThread,127032251232256,1084816,2503222260,27.0,95118449203,3800239,108d90,90035b000,953423f4,00:01:35,347,1,36,231,1,264,0,8,13,9,0,0,3
34649,MainThread,127032251322368,1187303,2503222260,60.0,95542288821,8837035,121de7,900371000,953423f4,00:01:35,369,1,36,231,1,289,2,1,13,14,7,0,3
34649,MainThread,127032251228160,1084816,2503222260,27.0,95594466653,21547294,108d90,90035a000,953423f4,00:01:35,346,1,36,231,1,264,0,8,13,9,0,0,4
13942,Isolated Web Co,127032251035648,1242291,124009549,30.0,96221825824,4202205,12f4b3,90032b000,7643c4d,00:01:36,299,1,36,231,1,303,2,15,4,11,3,0,3
13942,Isolated Web Co,127032250974208,1138137,124009549,18.0,97289146462,1032408,115dd9,90031c000,7643c4d,00:01:37,284,1,36,231,1,277,1,5,13,13,9,0,2
34649,MainThread,127032521113600,330799,2567460455,1.0,97419973101,5564128,50c2f,9104bc000,99085667,00:01:37,188,130,36,231,0,80,5,0,12,2,15,0,3
34649,MainThread,127032251293696,1245258,2503222260,43.0,99654446085,580320,13004a,90036a000,953423f4,00:01:39,362,1,36,231,1,304,3,0,0,4,10,0,2
34649,MainThread,127032251199488,1084816,2503222260,27.0,99732389138,7116405,108d90,900353000,953423f4,00:01:39,339,1,36,231,1,264,0,8,13,9,0,0,3
34649,MainThread,127032251138048,1170704,2503222260,15.0,99779016959,4744654,11dd10,900344000,953423f4,00:01:39,324,1,36,231,1,285,1,13,13,1,0,0,3
34649,MainThread,127032251305984,1245258,2503222260,43.0,99877526576,5485506,13004a,90036d000,953423f4,00:01:39,365,1,36,231,1,304,3,0,0,4,10,0,3
34649,MainThread,127032251215872,1084816,2503222260,27.0,101105157078,135170,108d90,900357000,953423f4,00:01:41,343,1,36,231,1,264,0,8,13,9,0,0,1
34649,MainThread,127032251314176,1245258,2503222260,43.0,101125205917,108343,13004a,90036f000,953423f4,00:01:41,367,1,36,231,1,304,3,0,0,4,10,0,1
34649,MainThread,127032251248640,1084816,2503222260,27.0,101140309990,1063556,108d90,90035f000,953423f4,00:01:41,351,1,36,231,1,264,0,8,13,9,0,0,2
34649,MainThread,127032251330560,1187303,2503222260,60.0,101169097445,2073095,121de7,900373000,953423f4,00:01:41,371,1,36,231,1,289,2,1,13,14,7,0,3
34649,MainThread,127032251326464,1187303,2503222260,60.0,101175811049,209845,121de7,900372000,953423f4,00:01:41,370,1,36,231,1,289,2,1,13,14,7,0,2
34649,MainThread,127032251211776,1141930,2503222260,28.0,101205356740,1349563,116caa,900356000,953423f4,00:01:41,342,1,36,231,1,278,1,6,12,10,10,584192,2
34649,MainThread,127032251142144,1170704,2503222260,15.0,101218301352,56951,11dd10,900345000,953423f4,00:01:41,325,1,36,231,1,285,1,13,13,1,0,0,0
34649,MainThread,127032251150336,1170704,2503222260,15.0,101229127766,996999,11dd10,900347000,953423f4,00:01:41,327,1,36,231,1,285,1,13,13,1,0,0,2
34649,MainThread,127032251174912,1170704,2503222260,15.0,101243898004,180816,11dd10,90034d000,953423f4,00:01:41,333,1,36,231,1,285,1,13,13,1,0,0,1
34649,MainThread,127032251183104,1170704,2503222260,15.0,101268334235,2055654,11dd10,90034f000,953423f4,00:01:41,335,1,36,231,1,285,1,13,13,1,0,0,3
8593,gnome-shell,137617123667968,1199968,3741133965,10.0,103088463785,1277313,124f60,97bc57000,defd2c8d,00:01:43,87,478,165,250,1,292,2,4,15,6,0,0,2
34649,MainThread,127032239923200,1152304,829629532,1.0,111648318631,483171,119530,8ff892000,3173245c,00:01:51,146,508,35,231,1,281,1,9,5,3,0,0,2
34649,MainThread,127032239919104,1211202,829629532,3.0,111920416838,4723126,127b42,8ff891000,3173245c,00:01:51,145,508,35,231,1,295,2,7,11,4,2,0,3
34649,MainThread,127032516333568,1170500,3974627619,1.0,114730877295,6664822,11dc44,91002d000,ece80123,00:01:54,45,128,36,231,1,285,1,13,12,4,4,0,3
34649,MainThread,127032251006976,386399,124009549,31.0,118796329118,73542,5e55f,900324000,7643c4d,00:01:58,292,1,36,231,0,94,5,14,5,5,15,-769191,0
34649,MainThread,127032251105280,1190662,124009549,51.0,118818374119,163911,122b06,90033c000,7643c4d,00:01:58,316,1,36,231,1,290,2,2,11,0,6,54509,1
34649,MainThread,127032251129856,1183647,124009549,53.0,118836551218,226349,120f9f,900342000,7643c4d,00:01:58,322,1,36,231,1,288,2,0,15,9,15,671552,2
34649,MainThread,127032251101184,1190662,124009549,51.0,118880601297,76039,122b06,90033b000,7643c4d,00:01:58,315,1,36,231,1,290,2,2,11,0,6,0,0
34649,MainThread,127032251039744,386399,124009549,31.0,118884293658,95485,5e55f,90032c000,7643c4d,00:01:58,300,1,36,231,0,94,5,14,5,5,15,0,0
34649,MainThread,127032232230912,882980,2994035428,0.0,119072908084,345769,d7924,8ff13c000,b2755ae4,00:01:59,316,504,35,231,0,215,13,7,9,2,4,0,2
34649,MainThread,127032232390656,876050,2994035428,38.0,119078974026,79957,d5e12,8ff163000,b2755ae4,00:01:59,355,504,35,231,0,213,13,5,14,1,2,0,0
34649,MainThread,127032232411136,713726,2994035428,41.0,119108935656,76946,ae3fe,8ff168000,b2755ae4,00:01:59,360,504,35,231,0,174,10,14,3,15,14,0,0
34649,MainThread,127032232902656,852522,2994035428,173.0,119130981037,96687,d022a,8ff1e0000,b2755ae4,00:01:59,480,504,35,231,0,208,13,0,2,2,10,0,0
34649,MainThread,127032232394752,66541,2994035428,46.0,119132165604,71135,103ed,8ff164000,b2755ae4,00:01:59,356,504,35,231,0,16,1,0,3,14,13,0,0
34649,MainThread,127032232407040,66541,2994035428,46.0,119160011942,71453,103ed,8ff167000,b2755ae4,00:01:59,359,504,35,231,0,16,1,0,3,14,13,0,0
34649,MainThread,127032232386560,66541,2994035428,46.0,119169838831,80182,103ed,8ff162000,b2755ae4,00:01:59,354,504,35,231,0,16,1,0,3,14,13,0,0
34649,MainThread,127032232402944,66541,2994035428,46.0,119181004685,77686,103ed,8ff166000,b2755ae4,00:01:59,358,504,35,231,0,16,1,0,3,14,13,0,0
34649,MainThread,127032232382464,66541,2994035428,46.0,119194832296,74449,103ed,8ff161000,b2755ae4,00:01:59,353,504,35,231,0,16,1,0,3,14,13,0,0
34649,MainThread,127032232935424,852522,2994035428,173.0,119209927805,73937,d022a,8ff1e8000,b2755ae4,00:01:59,488,504,35,231,0,208,13,0,2,2,10,0,0
34649,MainThread,127032232939520,358852,2994035428,174.0,119211590300,70698,579c4,8ff1e9000,b2755ae4,00:01:59,489,504,35,231,0,87,5,7,9,12,4,0,0
34649,MainThread,127032232943616,362148,2994035428,175.0,119217969134,155478,586a4,8ff1ea000,b2755ae4,00:01:59,490,504,35,231,0,88,5,8,6,10,4,0,1
34649,MainThread,127032232947712,107798,2994035428,176.0,119236060653,115860,1a516,8ff1eb000,b2755ae4,00:01:59,491,504,35,231,0,26,1,10,5,1,6,0,1
34649,MainThread,127032232951808,852156,2994035428,177.0,119249910396,75125,d00bc,8ff1ec000,b2755ae4,00:01:59,492,504,35,231,0,208,13,0,0,11,12,0,0
34649,MainThread,127032232955904,841816,2994035428,178.0,119263592572,75879,cd858,8ff1ed000,b2755ae4,00:01:59,493,504,35,231,0,205,12,13,8,5,8,0,0
34649,MainThread,127032232960000,40724,2994035428,179.0,119265305321,78947,9f14,8ff1ee000,b2755ae4,00:01:59,494,504,35,231,0,9,0,9,15,1,4,0,0
34649,MainThread,127032232964096,654344,2994035428,180.0,119284044709,134450,9fc08,8ff1ef000,b2755ae4,00:01:59,495,504,35,231,0,159,9,15,12,0,8,0,1
34649,MainThread,127032232972288,594442,2994035428,182.0,119314228679,121906,9120a,8ff1f1000,b2755ae4,00:01:59,497,504,35,231,0,145,9,1,2,0,10,0,1
34649,MainThread,127032232976384,766517,2994035428,183.0,119315535810,307898,bb235,8ff1f2000,b2755ae4,00:01:59,498,504,35,231,0,187,11,11,2,3,5,0,2
34649,MainThread,127032232980480,403810,2994035428,184.0,119316905347,81211,62962,8ff1f3000,b2755ae4,00:01:59,499,504,35,231,0,98,6,2,9,6,2,0,0
34649,MainThread,127032232984576,375195,2994035428,185.0,119316917338,93202,5b99b,8ff1f4000,b2755ae4,00:01:59,500,504,35,231,0,91,5,11,9,9,11,0,0
34649,MainThread,127032232988672,375194,2994035428,186.0,119319620128,78114,5b99a,8ff1f5000,b2755ae4,00:01:59,501,504,35,231,0,91,5,11,9,9,10,0,0
34649,MainThread,127032232992768,636835,2994035428,187.0,119331092233,175208,9b7a3,8ff1f6000,b2755ae4,00:01:59,502,504,35,231,0,155,9,11,7,10,3,0,1
34649,MainThread,127032232996864,731290,2994035428,188.0,119332208976,136691,b289a,8ff1f7000,b2755ae4,00:01:59,503,504,35,231,0,178,11,2,8,9,10,0,1
34649,MainThread,127032233000960,535630,2994035428,189.0,119335812534,178920,82c4e,8ff1f8000,b2755ae4,00:01:59,504,504,35,231,0,130,8,2,12,4,14,0,1
34649,MainThread,127032233005056,105365,2994035428,190.0,119335830496,196882,19b95,8ff1f9000,b2755ae4,00:01:59,505,504,35,231,0,25,1,9,11,9,5,0,1
34649,MainThread,127032233009152,636836,2994035428,191.0,119335836910,203296,9b7a4,8ff1fa000,b2755ae4,00:01:59,506,504,35,231,0,155,9,11,7,10,4,0,2
34649,MainThread,127032233013248,322111,2994035428,192.0,119337183300,71493,4ea3f,8ff1fb000,b2755ae4,00:01:59,507,504,35,231,0,78,4,14,10,3,15,0,0
34649,MainThread,127032233017344,816643,2994035428,193.0,119337195503,83696,c7603,8ff1fc000,b2755ae4,00:01:59,508,504,35,231,0,199,12,7,6,0,3,0,0
34649,MainThread,127032233021440,71281,2994035428,194.0,119349679598,74037,11671,8ff1fd000,b2755ae4,00:01:59,509,504,35,231,0,17,1,1,6,7,1,0,0
34649,MainThread,127032233025536,816652,2994035428,195.0,119353313046,143644,c760c,8ff1fe000,b2755ae4,00:01:59,510,504,35,231,0,199,12,7,6,0,12,0,1
34649,MainThread,127032233029632,87589,2994035428,196.0,119364735426,77026,15625,8ff1ff000,b2755ae4,00:01:59,511,504,35,231,0,21,1,5,6,2,5,0,0
8817,gsd-housekeepin,93837968756736,250090,4067791226,9.0,125205684687,767120,3d0ea,85acb5000,f275917a,00:02:05,181,214,353,170,0,61,3,13,0,14,10,107791,2
12404,firefox,129073215545344,1110931,4219057439,347.0,137720328833,95125,10f393,43329a000,fb79b51f,00:02:17,154,409,400,234,1,271,0,15,3,9,3,-114360,0
12404,firefox,129072793903104,1236592,2503222260,7.0,150218341873,71552,12de70,41a07e000,953423f4,00:02:30,126,208,400,234,1,301,2,13,14,7,0,0,0
12404,firefox,129072793911296,1236592,2503222260,7.0,150222006817,68616,12de70,41a080000,953423f4,00:02:30,128,208,400,234,1,301,2,13,14,7,0,0,0
12404,firefox,129072794001408,1209988,2503222260,33.0,150223070141,68637,127684,41a096000,953423f4,00:02:30,150,208,400,234,1,295,2,7,6,8,4,374451,0
12404,firefox,129072793907200,1236592,2503222260,7.0,150223840187,687299,12de70,41a07f000,953423f4,00:02:30,127,208,400,234,1,301,2,13,14,7,0,0,2
12404,firefox,129072794075136,1234644,2503222260,43.0,150228168681,1071321,12d6d4,41a0a8000,953423f4,00:02:30,168,208,400,234,1,301,2,13,6,13,4,0,2
12404,firefox,129072793985024,1209988,2503222260,33.0,150229244389,691118,127684,41a092000,953423f4,00:02:30,146,208,400,234,1,295,2,7,6,8,4,0,2
12404,firefox,129072794062848,1247643,2503222260,45.0,150231315904,1055411,13099b,41a0a5000,953423f4,00:02:30,165,208,400,234,1,304,3,0,9,9,11,0,2
12404,firefox,129072794042368,1247643,2503222260,45.0,150234759301,1718610,13099b,41a0a0000,953423f4,00:02:30,160,208,400,234,1,304,3,0,9,9,11,0,2
12404,firefox,129072869085184,1224624,2344523339,10.0,155536096126,151366,12afb0,41e831000,8bbe964b,00:02:35,49,244,400,234,1,298,2,10,15,11,0,131034,1
13936,sqldb:c~lite #6,129073215545344,1194888,4219057439,347.0,156275005054,126279,123b88,43329a000,fb79b51f,00:02:36,154,409,400,234,1,291,2,3,11,8,8,0,1
12404,firefox,129072793903104,1223667,2503222260,7.0,170352140464,72908,12abf3,41a07e000,953423f4,00:02:50,126,208,400,234,1,298,2,10,11,15,3,-12925,0
8593,gnome-shell,137617123667968,1191196,3741133965,10.0,170394705150,2018700,122d1c,97bc57000,defd2c8d,00:02:50,87,478,165,250,1,290,2,2,13,1,12,-8772,3
12404,firefox,129072793911296,1223667,2503222260,7.0,170410940755,8336260,12abf3,41a080000,953423f4,00:02:50,128,208,400,234,1,298,2,10,11,15,3,0,3
12404,firefox,129072794001408,1220250,2503222260,33.0,170418004628,70791,129e9a,41a096000,953423f4,00:02:50,150,208,400,234,1,297,2,9,14,9,10,10262,0
12404,firefox,129072793907200,1223667,2503222260,7.0,170418737670,803833,12abf3,41a07f000,953423f4,00:02:50,127,208,400,234,1,298,2,10,11,15,3,0,2
12404,firefox,129072794075136,1171804,2503222260,43.0,170423788558,82030,11e15c,41a0a8000,953423f4,00:02:50,168,208,400,234,1,286,1,14,1,5,12,-62840,0
12404,firefox,129072793985024,1220250,2503222260,33.0,170424561061,203908,129e9a,41a092000,953423f4,00:02:50,146,208,400,234,1,297,2,9,14,9,10,0,2
12404,firefox,129072794107904,1167423,2503222260,58.0,170429101627,75282,11d03f,41a0b0000,953423f4,00:02:50,176,208,400,234,1,285,1,13,0,3,15,0,0
12404,firefox,129072793960448,1223667,2503222260,7.0,170466228662,69211,12abf3,41a08c000,953423f4,00:02:50,140,208,400,234,1,298,2,10,11,15,3,0,0
12404,firefox,129072793952256,1220461,2503222260,17.0,170474141730,82838,129f6d,41a08a000,953423f4,00:02:50,138,208,400,234,1,297,2,9,15,6,13,0,0
12404,firefox,129072793968640,1220461,2503222260,17.0,170481177946,485678,129f6d,41a08e000,953423f4,00:02:50,142,208,400,234,1,297,2,9,15,6,13,0,2
12404,firefox,129072794038272,1220250,2503222260,33.0,170494396580,619354,129e9a,41a09f000,953423f4,00:02:50,159,208,400,234,1,297,2,9,14,9,10,0,2
12404,firefox,129072793935872,1241453,2503222260,19.0,172216979092,74231,12f16d,41a086000,953423f4,00:02:52,134,208,400,234,1,303,2,15,1,6,13,0,0
12404,firefox,129072793980928,1221330,2503222260,36.0,172222880632,68180,12a2d2,41a091000,953423f4,00:02:52,145,208,400,234,1,298,2,10,2,13,2,663756,0
12404,firefox,129072793944064,1241453,2503222260,19.0,172224946698,69170,12f16d,41a088000,953423f4,00:02:52,136,208,400,234,1,303,2,15,1,6,13,0,0
12404,firefox,129072793939968,1241453,2503222260,19.0,172227590445,77993,12f16d,41a087000,953423f4,00:02:52,135,208,400,234,1,303,2,15,1,6,13,0,0
12404,firefox,129072794034176,1221330,2503222260,36.0,172229865276,1578525,12a2d2,41a09e000,953423f4,00:02:52,158,208,400,234,1,298,2,10,2,13,2,0,2
12404,firefox,129072794124288,1167423,2503222260,58.0,172231617530,93213,11d03f,41a0b4000,953423f4,00:02:52,180,208,400,234,1,285,1,13,0,3,15,0,0
12404,firefox,129072793972736,1241453,2503222260,19.0,172234136219,136585,12f16d,41a08f000,953423f4,00:02:52,143,208,400,234,1,303,2,15,1,6,13,0,1
12404,firefox,129072794071040,1212480,2503222260,45.0,172235183015,68455,128040,41a0a7000,953423f4,00:02:52,167,208,400,234,1,296,2,8,0,4,0,-35163,0
12404,firefox,129072794116096,1167423,2503222260,58.0,172236256399,68119,11d03f,41a0b2000,953423f4,00:02:52,178,208,400,234,1,285,1,13,0,3,15,0,0
12404,firefox,129072794042368,1212480,2503222260,45.0,172237194238,69461,128040,41a0a0000,953423f4,00:02:52,160,208,400,234,1,296,2,8,0,4,0,0,0
12404,firefox,129072794136576,1167423,2503222260,58.0,172238246749,70267,11d03f,41a0b7000,953423f4,00:02:52,183,208,400,234,1,285,1,13,0,3,15,0,0
12404,firefox,129072794099712,1212480,2503222260,45.0,172239005646,68779,128040,41a0ae000,953423f4,00:02:52,174,208,400,234,1,296,2,8,0,4,0,0,0
12404,firefox,129072794058752,1113096,2503222260,51.0,172242637499,72189,10fc08,41a0a4000,953423f4,00:02:52,164,208,400,234,1,271,0,15,12,0,8,0,0
12404,firefox,129072869085184,1193654,2344523339,10.0,172359345358,149539,1236b6,41e831000,8bbe964b,00:02:52,49,244,400,234,1,291,2,3,6,11,6,-30970,1
12404,firefox,129072869085184,1215927,2344523339,10.0,178683373677,146590,128db7,41e831000,8bbe964b,00:02:58,49,244,400,234,1,296,2,8,13,11,7,22273,1
12404,firefox,129072793907200,1199593,2503222260,13.0,180124902253,199616,124de9,41a07f000,953423f4,00:03:00,127,208,400,234,1,292,2,4,13,14,9,7072,1
12404,firefox,129072794128384,1202485,2503222260,60.0,180129937511,94391,125935,41a0b5000,953423f4,00:03:00,181,208,400,234,1,293,2,5,9,3,5,0,0
12404,firefox,129072794075136,1113096,2503222260,51.0,180130831297,74205,10fc08,41a0a8000,953423f4,00:03:00,168,208,400,234,1,271,0,15,12,0,8,0,0
12404,firefox,129072793985024,1193129,2503222260,35.0,180132730690,1973598,1234a9,41a092000,953423f4,00:03:00,146,208,400,234,1,291,2,3,4,10,9,0,2
12404,firefox,129072794107904,1202485,2503222260,60.0,180136272491,77732,125935,41a0b0000,953423f4,00:03:00,176,208,400,234,1,293,2,5,9,3,5,0,0
12404,firefox,129072793960448,1216340,2503222260,20.0,180137126098,931339,128f54,41a08c000,953423f4,00:03:00,140,208,400,234,1,296,2,8,15,5,4,0,2
12404,firefox,129072793952256,1216340,2503222260,20.0,180152218674,77875,128f54,41a08a000,953423f4,00:03:00,138,208,400,234,1,296,2,8,15,5,4,0,0
12404,firefox,129072794103808,1113096,2503222260,51.0,180153661578,105020,10fc08,41a0af000,953423f4,00:03:00,175,208,400,234,1,271,0,15,12,0,8,0,1
12404,firefox,129072793976832,1193129,2503222260,35.0,180167800586,86553,1234a9,41a090000,953423f4,00:03:00,144,208,400,234,1,291,2,3,4,10,9,0,0
12404,firefox,129072794091520,701629,2503222260,52.0,180181107282,69434,ab4bd,41a0ac000,953423f4,00:03:00,172,208,400,234,0,171,10,11,4,11,13,0,0
12329,update-notifier,108391886327808,207317,877971724,15.0,182196306550,83667,329d5,4f3e19000,3454c90c,00:03:02,25,415,83,197,0,50,3,2,9,13,5,0,0
8817,gsd-housekeepin,93837968756736,1096810,4067791226,9.0,185229056520,78247,10bc6a,85acb5000,f275917a,00:03:05,181,214,353,170,1,267,0,11,12,6,10,846720,0
12404,firefox,129073215545344,573533,4219057439,347.0,198812772893,99759,8c05d,43329a000,fb79b51f,00:03:18,154,409,400,234,0,140,8,12,0,5,13,-537398,0
13942,Isolated Web Co,127032251162624,1207498,2503222260,0.0,212245741675,1205263,126cca,90034a000,953423f4,00:03:32,330,1,36,231,1,294,2,6,12,12,10,0,2
13942,Isolated Web Co,127032251146240,1217246,2503222260,7.0,212247148754,2612342,1292de,900346000,953423f4,00:03:32,326,1,36,231,1,297,2,9,2,13,14,0,3
13942,Isolated Web Co,127032251310080,1178316,2503222260,33.0,212247801135,3264723,11facc,90036e000,953423f4,00:03:32,366,1,36,231,1,287,1,15,10,12,12,0,3
13942,Isolated Web Co,127032251154432,1217246,2503222260,7.0,212248743010,4206598,1292de,900348000,953423f4,00:03:32,328,1,36,231,1,297,2,9,2,13,14,0,3
13942,Isolated Web Co,127032251150336,1217246,2503222260,7.0,212250246451,5710039,1292de,900347000,953423f4,00:03:32,327,1,36,231,1,297,2,9,2,13,14,0,3
13942,Isolated Web Co,127032251318272,1182339,2503222260,58.0,212251645864,7109452,120a83,900370000,953423f4,00:03:32,368,1,36,231,1,288,2,0,10,8,3,0,3
13942,Isolated Web Co,127032251199488,1231879,2503222260,27.0,212252783103,8246691,12cc07,900353000,953423f4,00:03:32,339,1,36,231,1,300,2,12,12,0,7,0,3
13942,Isolated Web Co,127032251297792,1226240,2503222260,43.0,212253620898,9084486,12b600,90036b000,953423f4,00:03:32,363,1,36,231,1,299,2,11,6,0,0,0,3
13942,Isolated Web Co,127032251293696,1226240,2503222260,43.0,212254269641,9733229,12b600,90036a000,953423f4,00:03:32,362,1,36,231,1,299,2,11,6,0,0,0,3
13942,Isolated Web Co,127032251215872,1231879,2503222260,27.0,212255183116,626492,12cc07,900357000,953423f4,00:03:32,343,1,36,231,1,300,2,12,12,0,7,0,2
13942,Isolated Web Co,127032251035648,1246593,124009549,25.0,217515604829,78817,130581,90032b000,7643c4d,00:03:37,299,1,36,231,1,304,3,0,5,8,1,0,0
8593,gnome-shell,137617123667968,1100759,3741133965,10.0,217959011355,705375,10cbd7,97bc57000,defd2c8d,00:03:37,87,478,165,250,1,268,0,12,11,13,7,-90437,2
13942,Isolated Web Co,127032250974208,1165714,124009549,18.0,228683027759,74413,11c992,90031c000,7643c4d,00:03:48,284,1,36,231,1,284,1,12,9,9,2,27577,0
8593,gnome-shell,137617123667968,1109674,3741133965,10.0,233463168479,983772,10eeaa,97bc57000,defd2c8d,00:03:53,87,478,165,250,1,270,0,14,14,10,10,8915,2
8593,gnome-shell,137617096679424,1149332,1549756076,12.0,233642653774,1111206,118994,97a29a000,5c5f66ac,00:03:53,154,465,165,250,1,280,1,8,9,9,4,0,2
13942,Isolated Web Co,127032251162624,1093079,2503222260,0.0,239359154130,1385678,10add7,90034a000,953423f4,00:03:59,330,1,36,231,1,266,0,10,13,13,7,-114419,2
13942,Isolated Web Co,127032251146240,1093078,2503222260,7.0,239360775344,3006892,10add6,900346000,953423f4,00:03:59,326,1,36,231,1,266,0,10,13,13,6,-124168,3
13942,Isolated Web Co,127032251310080,1093077,2503222260,33.0,239362695270,4926818,10add5,90036e000,953423f4,00:03:59,366,1,36,231,1,266,0,10,13,13,5,-85239,3
13942,Isolated Web Co,127032251154432,1093078,2503222260,7.0,239363526982,5758530,10add6,900348000,953423f4,00:03:59,328,1,36,231,1,266,0,10,13,13,6,0,3
13942,Isolated Web Co,127032251150336,1093078,2503222260,7.0,239365727462,7959010,10add6,900347000,953423f4,00:03:59,327,1,36,231,1,266,0,10,13,13,6,0,3
13942,Isolated Web Co,127032251318272,1197727,2503222260,58.0,239367632596,9864144,12469f,900370000,953423f4,00:03:59,368,1,36,231,1,292,2,4,6,9,15,15388,3
13942,Isolated Web Co,127032251199488,1183194,2503222260,27.0,239368642034,10873582,120dda,900353000,953423f4,00:03:59,339,1,36,231,1,288,2,0,13,13,10,-48685,3
13942,Isolated Web Co,127032251297792,1093075,2503222260,43.0,239369241637,11473185,10add3,90036b000,953423f4,00:03:59,363,1,36,231,1,266,0,10,13,13,3,-133165,3
13942,Isolated Web Co,127032251293696,1093075,2503222260,43.0,239369917834,12149382,10add3,90036a000,953423f4,00:03:59,362,1,36,231,1,266,0,10,13,13,3,0,3
13942,Isolated Web Co,127032251215872,1183194,2503222260,27.0,239370800806,13032354,120dda,900357000,953423f4,00:03:59,343,1,36,231,1,288,2,0,13,13,10,0,3
13942,Isolated Web Co,127032251035648,1175842,124009549,25.0,240184892003,629362,11f122,90032b000,7643c4d,00:04:00,299,1,36,231,1,287,1,15,1,2,2,-70751,2
13942,Isolated Web Co,127032251015168,1218318,124009549,31.0,241694980364,101533,12970e,900326000,7643c4d,00:04:01,294,1,36,231,1,297,2,9,7,0,14,62728,1
13942,Isolated Web Co,127032250970112,1212498,124009549,16.0,241778162979,104102,128052,90031b000,7643c4d,00:04:01,283,1,36,231,1,296,2,8,0,5,2,0,1
8817,gsd-housekeepin,93837968756736,1177916,4067791226,9.0,245221916337,882483,11f93c,85acb5000,f275917a,00:04:05,181,214,353,170,1,287,1,15,9,3,12,81106,2
13942,Isolated Web Co,127032251162624,1220825,2503222260,0.0,256236078266,79230,12a0d9,90034a000,953423f4,00:04:16,330,1,36,231,1,298,2,10,0,13,9,127746,0
13942,Isolated Web Co,127032251146240,1216194,2503222260,7.0,256237919286,138769,128ec2,900346000,953423f4,00:04:16,326,1,36,231,1,296,2,8,14,12,2,123116,1
13942,Isolated Web Co,127032251310080,1211873,2503222260,33.0,256237932309,151792,127de1,90036e000,953423f4,00:04:16,366,1,36,231,1,295,2,7,13,14,1,118796,1
13942,Isolated Web Co,127032251154432,1216194,2503222260,7.0,256240293155,2131464,128ec2,900348000,953423f4,00:04:16,328,1,36,231,1,296,2,8,14,12,2,0,3
13942,Isolated Web Co,127032251150336,1216194,2503222260,7.0,256242328745,69950,128ec2,900347000,953423f4,00:04:16,327,1,36,231,1,296,2,8,14,12,2,0,0
13942,Isolated Web Co,127032251318272,1236888,2503222260,58.0,256243948096,355042,12df98,900370000,953423f4,00:04:16,368,1,36,231,1,301,2,13,15,9,8,39161,2
13942,Isolated Web Co,127032251199488,1209850,2503222260,27.0,256245263124,90408,1275fa,900353000,953423f4,00:04:16,339,1,36,231,1,295,2,7,5,15,10,26656,0
13942,Isolated Web Co,127032251297792,1232630,2503222260,43.0,256246274870,928646,12cef6,90036b000,953423f4,00:04:16,363,1,36,231,1,300,2,12,14,15,6,139555,2
13942,Isolated Web Co,127032251293696,1232630,2503222260,43.0,256247306331,72728,12cef6,90036a000,953423f4,00:04:16,362,1,36,231,1,300,2,12,14,15,6,0,0
13942,Isolated Web Co,127032251215872,1209850,2503222260,27.0,256247999789,381119,1275fa,900357000,953423f4,00:04:16,343,1,36,231,1,295,2,7,5,15,10,0,2
12404,firefox,129073215545344,1176278,4219057439,347.0,261675110747,822405,11f2d6,43329a000,fb79b51f,00:04:21,154,409,400,234,1,287,1,15,2,13,6,602745,2
12404,firefox,129072793903104,1236396,2503222260,7.0,278875342666,68239,12ddac,41a07e000,953423f4,00:04:38,126,208,400,234,1,301,2,13,13,10,12,12729,0
13942,Isolated Web Co,127032251031552,1199408,124009549,22.0,278886142783,67005,124d30,90032a000,7643c4d,00:04:38,298,1,36,231,1,292,2,4,13,3,0,0,0
12404,firefox,129072793894912,1236396,2503222260,7.0,278886218865,64498,12ddac,41a07c000,953423f4,00:04:38,124,208,400,234,1,301,2,13,13,10,12,0,0
12404,firefox,129072793976832,1218084,2503222260,33.0,278890318976,711689,129624,41a090000,953423f4,00:04:38,144,208,400,234,1,297,2,9,6,2,4,-2166,2
12404,firefox,129072793899008,1236396,2503222260,7.0,278894076517,65410,12ddac,41a07d000,953423f4,00:04:38,125,208,400,234,1,301,2,13,13,10,12,0,0
12404,firefox,129072793964544,1236396,2503222260,7.0,278895153215,69787,12ddac,41a08d000,953423f4,00:04:38,141,208,400,234,1,301,2,13,13,10,12,0,0
12404,firefox,129072794054656,1237168,2503222260,43.0,278897226851,77696,12e0b0,41a0a3000,953423f4,00:04:38,163,208,400,234,1,302,2,14,0,11,0,65364,0
12404,firefox,129072794075136,1237168,2503222260,43.0,278898278965,69330,12e0b0,41a0a8000,953423f4,00:04:38,168,208,400,234,1,302,2,14,0,11,0,0,0
12404,firefox,129072794103808,1235040,2503222260,45.0,278899554726,204040,12d860,41a0af000,953423f4,00:04:38,175,208,400,234,1,301,2,13,8,6,0,22560,2
12404,firefox,129072793980928,1218084,2503222260,33.0,278900320747,65946,129624,41a091000,953423f4,00:04:38,145,208,400,234,1,297,2,9,6,2,4,0,0
12404,firefox,129072793935872,1069187,2503222260,18.0,278950940908,70876,105083,41a086000,953423f4,00:04:38,134,208,400,234,1,261,0,5,0,8,3,0,0
12404,firefox,129072793944064,1069187,2503222260,18.0,278952018284,66298,105083,41a088000,953423f4,00:04:38,136,208,400,234,1,261,0,5,0,8,3,0,0
12404,firefox,129072794038272,1218084,2503222260,33.0,278952880252,62915,129624,41a09f000,953423f4,00:04:38,159,208,400,234,1,297,2,9,6,2,4,0,0
12404,firefox,129072793948160,1069187,2503222260,18.0,278953881785,68692,105083,41a089000,953423f4,00:04:38,137,208,400,234,1,261,0,5,0,8,3,0,0
12404,firefox,129072793993216,1235437,2503222260,36.0,278954997711,66822,12d9ed,41a094000,953423f4,00:04:38,148,208,400,234,1,301,2,13,9,14,13,14107,0
12404,firefox,129072793952256,1069187,2503222260,18.0,278955883228,65693,105083,41a08a000,953423f4,00:04:38,138,208,400,234,1,261,0,5,0,8,3,0,0
12404,firefox,129072794062848,1219434,2503222260,52.0,278958284086,67252,129b6a,41a0a5000,953423f4,00:04:38,165,208,400,234,1,297,2,9,11,6,10,517805,0
12404,firefox,129072793956352,1069187,2503222260,18.0,278959338403,63953,105083,41a08b000,953423f4,00:04:38,139,208,400,234,1,261,0,5,0,8,3,0,0
12404,firefox,129072794005504,1235437,2503222260,36.0,278960543954,183342,12d9ed,41a097000,953423f4,00:04:38,151,208,400,234,1,301,2,13,9,14,13,0,1
12404,firefox,129072794157056,1235662,2503222260,58.0,281036182815,102573,12dace,41a0bc000,953423f4,00:04:41,188,208,400,234,1,301,2,13,10,12,14,68239,1
12404,firefox,129072869085184,1156597,2344523339,10.0,284776408179,1051814,11a5f5,41e831000,8bbe964b,00:04:44,49,244,400,234,1,282,1,10,5,15,5,-59330,2
12404,firefox,129072794075136,1237168,2503222260,43.0,290508224445,72216,12e0b0,41a0a8000,953423f4,00:04:50,168,208,400,234,1,302,2,14,0,11,0,0,0
12404,firefox,129072794103808,1195068,2503222260,45.0,290513131784,70597,123c3c,41a0af000,953423f4,00:04:50,175,208,400,234,1,291,2,3,12,3,12,-39972,0
12404,firefox,129072793980928,1218084,2503222260,33.0,290515017557,68705,129624,41a091000,953423f4,00:04:50,145,208,400,234,1,297,2,9,6,2,4,0,0
8593,gnome-shell,137617096679424,1134140,1549756076,12.0,290625272721,976054,114e3c,97a29a000,5c5f66ac,00:04:50,154,465,165,250,1,276,1,4,14,3,12,-15192,2
12404,firefox,129072869085184,1203959,2344523339,10.0,291206209472,1070512,125ef7,41e831000,8bbe964b,00:04:51,49,244,400,234,1,293,2,5,14,15,7,47362,2
12404,firefox,129072842301440,136879,124009549,28.0,305148791044,81311,216af,41cea6000,7643c4d,00:05:05,166,231,400,234,0,33,2,1,6,10,15,0,0
8817,gsd-housekeepin,93837968756736,668794,4067791226,9.0,305284937903,76721,a347a,85acb5000,f275917a,00:05:05,181,214,353,170,0,163,10,3,4,7,10,-509122,0
13942,Isolated Web Co,127032251162624,96943,2503222260,0.0,305798013500,67636,17aaf,90034a000,953423f4,00:05:05,330,1,36,231,0,23,1,7,10,10,15,-1123882,0
13942,Isolated Web Co,127032251146240,96950,2503222260,7.0,305805158124,68882,17ab6,900346000,953423f4,00:05:05,326,1,36,231,0,23,1,7,10,11,6,-1119244,0
13942,Isolated Web Co,127032251310080,31338,2503222260,33.0,305809821498,81922,7a6a,90036e000,953423f4,00:05:05,366,1,36,231,0,7,0,7,10,6,10,-1180535,0
13942,Isolated Web Co,127032251154432,96950,2503222260,7.0,305812624664,74827,17ab6,900348000,953423f4,00:05:05,328,1,36,231,0,23,1,7,10,11,6,0,0
13942,Isolated Web Co,127032251150336,96950,2503222260,7.0,305816171840,113304,17ab6,900347000,953423f4,00:05:05,327,1,36,231,0,23,1,7,10,11,6,0,1
13942,Isolated Web Co,127032251318272,850750,2503222260,58.0,305818740254,66561,cfb3e,900370000,953423f4,00:05:05,368,1,36,231,0,207,12,15,11,3,14,-386138,0
13942,Isolated Web Co,127032251199488,379052,2503222260,27.0,305819983046,68376,5c8ac,900353000,953423f4,00:05:05,339,1,36,231,0,92,5,12,8,10,12,-830798,0
13942,Isolated Web Co,127032251297792,58973,2503222260,43.0,305821933122,76188,e65d,90036b000,953423f4,00:05:05,363,1,36,231,0,14,0,14,6,5,13,-1173657,0
13942,Isolated Web Co,127032251293696,58973,2503222260,43.0,305825154254,71428,e65d,90036a000,953423f4,00:05:05,362,1,36,231,0,14,0,14,6,5,13,0,0
13942,Isolated Web Co,127032251215872,379052,2503222260,27.0,305826086877,77147,5c8ac,900357000,953423f4,00:05:05,343,1,36,231,0,92,5,12,8,10,12,0,0
12404,firefox,129072842289152,136879,124009549,28.0,306737105048,119746,216af,41cea3000,7643c4d,00:05:06,163,231,400,234,0,33,2,1,6,10,15,0,1
12404,firefox,129072793935872,552075,2503222260,20.0,308700285469,71597,86c8b,41a086000,953423f4,00:05:08,134,208,400,234,0,134,8,6,12,8,11,-664265,0
12404,firefox,129072793980928,31338,2503222260,33.0,308710144627,103631,7a6a,41a091000,953423f4,00:05:08,145,208,400,234,0,7,0,7,10,6,10,-1186746,1
12404,firefox,129072793927680,552075,2503222260,20.0,308714783654,117217,86c8b,41a084000,953423f4,00:05:08,132,208,400,234,0,134,8,6,12,8,11,0,1
12404,firefox,129072793931776,552075,2503222260,20.0,308716982903,71496,86c8b,41a085000,953423f4,00:05:08,133,208,400,234,0,134,8,6,12,8,11,0,0
12404,firefox,129072793993216,31338,2503222260,33.0,308719131926,67550,7a6a,41a094000,953423f4,00:05:08,148,208,400,234,0,7,0,7,10,6,10,0,0
12404,firefox,129072794095616,850754,2503222260,45.0,308722973820,65984,cfb42,41a0ad000,953423f4,00:05:08,173,208,400,234,0,207,12,15,11,4,2,-344314,0
12404,firefox,129072794017792,31338,2503222260,33.0,308725660994,70159,7a6a,41a09a000,953423f4,00:05:08,154,208,400,234,0,7,0,7,10,6,10,0,0
12404,firefox,129072794091520,1237022,2503222260,50.0,308727157550,69218,12e01e,41a0ac000,953423f4,00:05:08,172,208,400,234,1,302,2,14,0,1,14,0,0
12404,firefox,129072794071040,1237022,2503222260,50.0,308729246950,265292,12e01e,41a0a7000,953423f4,00:05:08,167,208,400,234,1,302,2,14,0,1,14,0,2
12404,firefox,129072794103808,1237022,2503222260,50.0,308736909504,65197,12e01e,41a0af000,953423f4,00:05:08,175,208,400,234,1,302,2,14,0,1,14,0,0
12404,firefox,129072794038272,31338,2503222260,33.0,308738264870,63560,7a6a,41a09f000,953423f4,00:05:08,159,208,400,234,0,7,0,7,10,6,10,0,0
12404,firefox,129072794140672,877508,2503222260,65.0,308739134057,70302,d63c4,41a0b8000,953423f4,00:05:08,184,208,400,234,0,214,13,6,3,12,4,0,0
12404,firefox,129072794030080,1166046,2503222260,36.0,308743089878,71251,11cade,41a09d000,953423f4,00:05:08,157,208,400,234,1,284,1,12,10,13,14,-69391,0
12404,firefox,129072794152960,877508,2503222260,65.0,308766138446,71638,d63c4,41a0bb000,953423f4,00:05:08,187,208,400,234,0,214,13,6,3,12,4,0,0
12404,firefox,129072794042368,1194841,2503222260,52.0,308823069261,53399,123b59,41a0a0000,953423f4,00:05:08,160,208,400,234,1,291,2,3,11,5,9,-24593,0
12404,firefox,129072794099712,1194841,2503222260,52.0,308851892083,70886,123b59,41a0ae000,953423f4,00:05:08,174,208,400,234,1,291,2,3,11,5,9,0,0
12404,firefox,129072794161152,877508,2503222260,65.0,308853051679,34337,d63c4,41a0bd000,953423f4,00:05:08,189,208,400,234,0,214,13,6,3,12,4,0,0
12404,firefox,129072869085184,1187253,2344523339,10.0,309175312656,164455,121db5,41e831000,8bbe964b,00:05:09,49,244,400,234,1,289,2,1,13,11,5,-16706,1
13942,Isolated Web Co,127032250994688,136879,124009549,28.0,309567778163,82359,216af,900321000,7643c4d,00:05:09,289,1,36,231,0,33,2,1,6,10,15,0,0
13942,Isolated Web Co,127032251031552,136879,124009549,28.0,309716191039,93388,216af,90032a000,7643c4d,00:05:09,298,1,36,231,0,33,2,1,6,10,15,0,0
13942,Isolated Web Co,127032251015168,1148604,124009549,30.0,309777075493,73054,1186bc,900326000,7643c4d,00:05:09,294,1,36,231,1,280,1,8,6,11,12,-93687,0
13942,Isolated Web Co,127032251019264,1148604,124009549,30.0,309781878272,68029,1186bc,900327000,7643c4d,00:05:09,295,1,36,231,1,280,1,8,6,11,12,0,0
13942,Isolated Web Co,127032250974208,1110652,124009549,17.0,313918487071,690164,10f27c,90031c000,7643c4d,00:05:13,284,1,36,231,1,271,0,15,2,7,12,-61007,2
12404,firefox,129072793944064,552075,2503222260,20.0,314529594265,78697,86c8b,41a088000,953423f4,00:05:14,136,208,400,234,0,134,8,6,12,8,11,0,0
12404,firefox,129072793939968,552075,2503222260,20.0,314530265067,70795,86c8b,41a087000,953423f4,00:05:14,135,208,400,234,0,134,8,6,12,8,11,0,0
12404,firefox,129072794034176,1166046,2503222260,36.0,314531143925,949653,11cade,41a09e000,953423f4,00:05:14,158,208,400,234,1,284,1,12,10,13,14,0,2
12404,firefox,129072794116096,1081504,2503222260,66.0,314531155250,960978,1080a0,41a0b2000,953423f4,00:05:14,178,208,400,234,1,264,0,8,0,10,0,-30763,2
12404,firefox,129072794107904,1081504,2503222260,66.0,314532199297,954784,1080a0,41a0b0000,953423f4,00:05:14,176,208,400,234,1,264,0,8,0,10,0,0,2
12404,firefox,129072794087424,1194841,2503222260,52.0,314533142647,853649,123b59,41a0ab000,953423f4,00:05:14,171,208,400,234,1,291,2,3,11,5,9,0,2
12404,firefox,129072794021888,1166046,2503222260,36.0,314534580918,73503,11cade,41a09b000,953423f4,00:05:14,155,208,400,234,1,284,1,12,10,13,14,0,0
12404,firefox,129072794136576,1081504,2503222260,66.0,314535729782,1222367,1080a0,41a0b7000,953423f4,00:05:14,183,208,400,234,1,264,0,8,0,10,0,0,2
13942,Isolated Web Co,127032251035648,136879,124009549,28.0,321128557375,222136,216af,90032b000,7643c4d,00:05:21,299,1,36,231,0,33,2,1,6,10,15,0,2
13942,Isolated Web Co,127032250978304,1121472,124009549,15.0,325677906956,83427,111cc0,90031d000,7643c4d,00:05:25,285,1,36,231,1,273,1,1,12,12,0,0,0
12404,firefox,129073215545344,136574,4219057439,347.0,333801501448,276703,2157e,43329a000,fb79b51f,00:05:33,154,409,400,234,0,33,2,1,5,7,14,-1039704,2
13942,Isolated Web Co,127032251006976,136879,124009549,28.0,335042491006,196433,216af,900324000,7643c4d,00:05:35,292,1,36,231,0,33,2,1,6,10,15,0,1
12404,firefox,129072793935872,552075,2503222260,20.0,337693178121,69610,86c8b,41a086000,953423f4,00:05:37,134,208,400,234,0,134,8,6,12,8,11,0,0
12404,firefox,129072793980928,31338,2503222260,33.0,337694567356,230120,7a6a,41a091000,953423f4,00:05:37,145,208,400,234,0,7,0,7,10,6,10,0,2
12404,firefox,129072793944064,552075,2503222260,20.0,337695694622,1036039,86c8b,41a088000,953423f4,00:05:37,136,208,400,234,0,134,8,6,12,8,11,0,2
12404,firefox,129072793939968,552075,2503222260,20.0,337696867579,95828,86c8b,41a087000,953423f4,00:05:37,135,208,400,234,0,134,8,6,12,8,11,0,0
12404,firefox,129072794034176,31338,2503222260,33.0,337697945548,998594,7a6a,41a09e000,953423f4,00:05:37,158,208,400,234,0,7,0,7,10,6,10,0,2
12404,firefox,129072794116096,850750,2503222260,58.0,337699221921,75902,cfb3e,41a0b2000,953423f4,00:05:37,178,208,400,234,0,207,12,15,11,3,14,-384912,0
12404,firefox,129072794107904,850750,2503222260,58.0,337700551584,1405565,cfb3e,41a0b0000,953423f4,00:05:37,176,208,400,234,0,207,12,15,11,3,14,0,2
12404,firefox,129072794087424,850754,2503222260,45.0,337701901891,68164,cfb42,41a0ab000,953423f4,00:05:37,171,208,400,234,0,207,12,15,11,4,2,0,0
12404,firefox,129072794017792,1094387,2503222260,35.0,337702912286,1078559,10b2f3,41a09a000,953423f4,00:05:37,154,208,400,234,1,267,0,11,2,15,3,-98742,2
12404,firefox,129072793985024,1094387,2503222260,35.0,337704270495,69219,10b2f3,41a092000,953423f4,00:05:37,146,208,400,234,1,267,0,11,2,15,3,0,0
12404,firefox,129072794079232,1236769,2503222260,48.0,337705188017,986741,12df21,41a0a9000,953423f4,00:05:37,169,208,400,234,1,301,2,13,15,2,1,0,2
12404,firefox,129072794021888,1094387,2503222260,35.0,337706587782,78236,10b2f3,41a09b000,953423f4,00:05:37,155,208,400,234,1,267,0,11,2,15,3,0,0
12404,firefox,129072793993216,1094387,2503222260,35.0,337707183322,522609,10b2f3,41a094000,953423f4,00:05:37,148,208,400,234,1,267,0,11,2,15,3,0,2
13942,Isolated Web Co,127032250982400,1223078,124009549,17.0,337818354231,71848,12a9a6,90031e000,7643c4d,00:05:37,286,1,36,231,1,298,2,10,9,10,6,112426,0
13942,Isolated Web Co,127032250974208,1122879,124009549,18.0,337822348993,645484,11223f,90031c000,7643c4d,00:05:37,284,1,36,231,1,274,1,2,2,3,15,-42835,2
13942,Isolated Web Co,127032251035648,136879,124009549,28.0,337917919950,34296,216af,90032b000,7643c4d,00:05:37,299,1,36,231,0,33,2,1,6,10,15,0,0
12404,firefox,129072869085184,1142646,2344523339,10.0,338093975120,891220,116f76,41e831000,8bbe964b,00:05:38,49,244,400,234,1,278,1,6,15,7,6,-44607,2
12404,firefox,129072793903104,96950,2503222260,7.0,342623688699,94157,17ab6,41a07e000,953423f4,00:05:42,126,208,400,234,0,23,1,7,10,11,6,-1139446,0
12404,firefox,129072793911296,96950,2503222260,7.0,342627216718,136822,17ab6,41a080000,953423f4,00:05:42,128,208,400,234,0,23,1,7,10,11,6,0,1
12404,firefox,129072794001408,31338,2503222260,33.0,342628459926,1380030,7a6a,41a096000,953423f4,00:05:42,150,208,400,234,0,7,0,7,10,6,10,0,2
12404,firefox,129072793907200,96950,2503222260,7.0,342629917042,2837146,17ab6,41a07f000,953423f4,00:05:42,127,208,400,234,0,23,1,7,10,11,6,0,3
12404,firefox,129072794009600,31338,2503222260,33.0,342632021899,844016,7a6a,41a098000,953423f4,00:05:42,152,208,400,234,0,7,0,7,10,6,10,0,2
12404,firefox,129072793964544,96950,2503222260,7.0,342634599472,76337,17ab6,41a08d000,953423f4,00:05:42,141,208,400,234,0,23,1,7,10,11,6,0,0
12404,firefox,129072794079232,58973,2503222260,43.0,342643136460,54702,e65d,41a0a9000,953423f4,00:05:42,169,208,400,234,0,14,0,14,6,5,13,-1178195,0
12404,firefox,129072793968640,1157653,2503222260,18.0,342645112852,84547,11aa15,41a08e000,953423f4,00:05:42,142,208,400,234,1,282,1,10,10,1,5,88466,0
12404,firefox,129072794005504,31338,2503222260,33.0,342647021548,958735,7a6a,41a097000,953423f4,00:05:42,151,208,400,234,0,7,0,7,10,6,10,0,2
12404,firefox,129072794050560,1084504,2503222260,46.0,342650079050,71421,108c58,41a0a2000,953423f4,00:05:42,162,208,400,234,1,264,0,8,12,5,8,0,0
12404,firefox,129072794042368,1084504,2503222260,46.0,342651366860,531464,108c58,41a0a0000,953423f4,00:05:42,160,208,400,234,1,264,0,8,12,5,8,0,2
13942,Isolated Web Co,127032251318272,1113702,2503222260,58.0,342968127683,33071,10fe66,900370000,953423f4,00:05:42,368,1,36,231,1,271,0,15,14,6,6,262952,0
13942,Isolated Web Co,127032251199488,1129031,2503222260,28.0,342969155232,19928,113a47,900353000,953423f4,00:05:42,339,1,36,231,1,275,1,3,10,4,7,0,0
13942,Isolated Web Co,127032251215872,1129031,2503222260,28.0,342970632662,205164,113a47,900357000,953423f4,00:05:42,343,1,36,231,1,275,1,3,10,4,7,0,2
12404,firefox,129072793944064,1150761,2503222260,20.0,344071010535,70199,118f29,41a088000,953423f4,00:05:44,136,208,400,234,1,280,1,8,15,2,9,598686,0
12404,firefox,129072794157056,1155579,2503222260,66.0,346092020030,96539,11a1fb,41a0bc000,953423f4,00:05:46,188,208,400,234,1,282,1,10,1,15,11,74075,0
13942,Isolated Web Co,127032251031552,617275,124009549,25.0,350276105219,73346,96b3b,90032a000,7643c4d,00:05:50,298,1,36,231,0,150,9,6,11,3,11,-558567,0
13942,Isolated Web Co,127032251035648,1247370,124009549,30.0,350281208370,878425,13088a,90032b000,7643c4d,00:05:50,299,1,36,231,1,304,3,0,8,8,10,98766,2
12404,firefox,129072869085184,205428,2344523339,10.0,352659615196,290263,32274,41e831000,8bbe964b,00:05:52,49,244,400,234,0,50,3,2,2,7,4,-937218,2
8593,gnome-shell,137617096679424,1109496,1549756076,12.0,355603017570,839680,10edf8,97a29a000,5c5f66ac,00:05:55,154,465,165,250,1,270,0,14,13,15,8,-24644,2
12329,update-notifier,108391886327808,88209,877971724,15.0,362337900566,77685,15891,4f3e19000,3454c90c,00:06:02,25,415,83,197,0,21,1,5,8,9,1,-119108,0
8817,gsd-housekeepin,93837968756736,136765,4067791226,9.0,365978144182,149248,2163d,85acb5000,f275917a,00:06:05,181,214,353,170,0,33,2,1,6,3,13,-532029,1
13942,Isolated Web Co,127032251015168,1238066,124009549,31.0,367645006271,67996,12e432,900326000,7643c4d,00:06:07,294,1,36,231,1,302,2,14,4,3,2,19748,0
13942,Isolated Web Co,127032251019264,1238066,124009549,31.0,367646179805,70577,12e432,900327000,7643c4d,00:06:07,295,1,36,231,1,302,2,14,4,3,2,0,0
13942,Isolated Web Co,127032251027456,1238066,124009549,31.0,367816908740,84352,12e432,900329000,7643c4d,00:06:07,297,1,36,231,1,302,2,14,4,3,2,0,0
13942,Isolated Web Co,127032251162624,1135468,2503222260,0.0,372367890051,2566070,11536c,90034a000,953423f4,00:06:12,330,1,36,231,1,277,1,5,3,6,12,1038525,3
13942,Isolated Web Co,127032251146240,1135466,2503222260,7.0,372371495757,6171776,11536a,900346000,953423f4,00:06:12,326,1,36,231,1,277,1,5,3,6,10,1038516,3
13942,Isolated Web Co,127032251310080,1135465,2503222260,33.0,372371514968,6190987,115369,90036e000,953423f4,00:06:12,366,1,36,231,1,277,1,5,3,6,9,1104127,3
13942,Isolated Web Co,127032251154432,1135466,2503222260,7.0,372373207386,7883405,11536a,900348000,953423f4,00:06:12,328,1,36,231,1,277,1,5,3,6,10,0,3
13942,Isolated Web Co,127032251150336,1135466,2503222260,7.0,372376065373,10741392,11536a,900347000,953423f4,00:06:12,327,1,36,231,1,277,1,5,3,6,10,0,3
13942,Isolated Web Co,127032251318272,1135443,2503222260,58.0,372378360151,13036170,115353,900370000,953423f4,00:06:12,368,1,36,231,1,277,1,5,3,5,3,21741,3
13942,Isolated Web Co,127032251199488,1135450,2503222260,27.0,372379622845,239510,11535a,900353000,953423f4,00:06:12,339,1,36,231,1,277,1,5,3,5,10,756398,2
13942,Isolated Web Co,127032251297792,1135464,2503222260,43.0,372380695244,105877,115368,90036b000,953423f4,00:06:12,363,1,36,231,1,277,1,5,3,6,8,1076491,1
13942,Isolated Web Co,127032251293696,1135464,2503222260,43.0,372381712944,1123577,115368,90036a000,953423f4,00:06:12,362,1,36,231,1,277,1,5,3,6,8,0,2
13942,Isolated Web Co,127032251215872,1135450,2503222260,27.0,372382598654,2009287,11535a,900357000,953423f4,00:06:12,343,1,36,231,1,277,1,5,3,5,10,0,3
8593,gnome-shell,137617096679424,378805,1549756076,12.0,401816372400,1460794,5c7b5,97a29a000,5c5f66ac,00:06:41,154,465,165,250,0,92,5,12,7,11,5,-730691,2
12404,firefox,129072793935872,1197190,2503222260,7.0,415981843975,1529057,124486,41a086000,953423f4,00:06:55,134,208,400,234,1,292,2,4,4,8,6,1100240,2
12404,firefox,129072793980928,1226404,2503222260,33.0,415987096617,133865,12b6a4,41a091000,953423f4,00:06:55,145,208,400,234,1,299,2,11,6,10,4,1195066,1
12404,firefox,129072793927680,1212760,2503222260,11.0,416095271195,135098,128158,41a084000,953423f4,00:06:56,132,208,400,234,1,296,2,8,1,5,8,0,1
12404,firefox,129072794001408,1226404,2503222260,33.0,416143162970,139165,12b6a4,41a096000,953423f4,00:06:56,150,208,400,234,1,299,2,11,6,10,4,0,1
12404,firefox,129072793931776,1212760,2503222260,11.0,416161019733,440419,128158,41a085000,953423f4,00:06:56,133,208,400,234,1,296,2,8,1,5,8,0,2
12404,firefox,129072793993216,1226404,2503222260,33.0,416175688952,375221,12b6a4,41a094000,953423f4,00:06:56,148,208,400,234,1,299,2,11,6,10,4,0,2
12404,firefox,129072794095616,1195412,2503222260,43.0,416189958047,371399,123d94,41a0ad000,953423f4,00:06:56,173,208,400,234,1,291,2,3,13,9,4,1136439,2
12404,firefox,129072794017792,1226404,2503222260,33.0,416195745502,1476069,12b6a4,41a09a000,953423f4,00:06:56,154,208,400,234,1,299,2,11,6,10,4,0,2
12404,firefox,129072794091520,1152596,2503222260,50.0,416204375653,131445,119654,41a0ac000,953423f4,00:06:56,172,208,400,234,1,281,1,9,6,5,4,-84426,1
12404,firefox,129072794071040,1152596,2503222260,50.0,416252811707,139178,119654,41a0a7000,953423f4,00:06:56,167,208,400,234,1,281,1,9,6,5,4,0,1
12404,firefox,129072794103808,1152596,2503222260,50.0,416259392358,1535729,119654,41a0af000,953423f4,00:06:56,175,208,400,234,1,281,1,9,6,5,4,0,2
12404,firefox,129072794038272,1226404,2503222260,33.0,416267680464,343009,12b6a4,41a09f000,953423f4,00:06:56,159,208,400,234,1,299,2,11,6,10,4,0,2
12404,firefox,129072794030080,1203945,2503222260,36.0,416377266963,122445,125ee9,41a09d000,953423f4,00:06:56,157,208,400,234,1,293,2,5,14,14,9,37899,1
12404,firefox,129072794075136,1209508,2503222260,52.0,416435814452,419556,1274a4,41a0a8000,953423f4,00:06:56,168,208,400,234,1,295,2,7,4,10,4,14667,2
12404,firefox,129072794152960,1176376,2503222260,61.0,416443814729,393384,11f338,41a0bb000,953423f4,00:06:56,187,208,400,234,1,287,1,15,3,3,8,0,2
12404,firefox,129072794042368,1209508,2503222260,52.0,416576934590,1280730,1274a4,41a0a0000,953423f4,00:06:56,160,208,400,234,1,295,2,7,4,10,4,0,2
12404,firefox,129072794099712,1209508,2503222260,52.0,416586301556,860501,1274a4,41a0ae000,953423f4,00:06:56,174,208,400,234,1,295,2,7,4,10,4,0,2
12404,firefox,129072794161152,1208790,2503222260,64.0,416593771589,1615219,1271d6,41a0bd000,953423f4,00:06:56,189,208,400,234,1,295,2,7,1,13,6,0,2
12404,firefox,129072794157056,1108631,2503222260,66.0,416707414372,566659,10ea97,41a0bc000,953423f4,00:06:56,188,208,400,234,1,270,0,14,10,9,7,-46948,2
12404,firefox,129072869085184,810089,2344523339,10.0,417250428196,1195701,c5c69,41e831000,8bbe964b,00:06:57,49,244,400,234,0,197,12,5,12,6,9,604661,2
12404,firefox,129072793944064,1212760,2503222260,11.0,424260551719,1679189,128158,41a088000,953423f4,00:07:04,136,208,400,234,1,296,2,8,1,5,8,0,2
12404,firefox,129072793939968,319916,2503222260,13.0,424284683719,21374563,4e1ac,41a087000,953423f4,00:07:04,135,208,400,234,0,78,4,14,1,10,12,-879677,4
12404,firefox,129072794034176,1203945,2503222260,36.0,424329428405,42983207,125ee9,41a09e000,953423f4,00:07:04,158,208,400,234,1,293,2,5,14,14,9,0,4
12404,firefox,129072794116096,1108631,2503222260,66.0,424388168914,55434508,10ea97,41a0b2000,953423f4,00:07:04,178,208,400,234,1,270,0,14,10,9,7,0,4
12404,firefox,129072794107904,1108631,2503222260,66.0,424429627947,23341952,10ea97,41a0b0000,953423f4,00:07:04,176,208,400,234,1,270,0,14,10,9,7,0,4
12404,firefox,129072794087424,1209508,2503222260,52.0,424480032595,10724820,1274a4,41a0ab000,953423f4,00:07:04,171,208,400,234,1,295,2,7,4,10,4,0,3
12404,firefox,129072794128384,1108631,2503222260,66.0,424532607632,5257204,10ea97,41a0b5000,953423f4,00:07:04,181,208,400,234,1,270,0,14,10,9,7,0,3
12404,firefox,129072794021888,1203945,2503222260,36.0,424569372359,1388600,125ee9,41a09b000,953423f4,00:07:04,155,208,400,234,1,293,2,5,14,14,9,0,2
12404,firefox,129072794050560,1209508,2503222260,52.0,424601556013,634295,1274a4,41a0a2000,953423f4,00:07:04,162,208,400,234,1,295,2,7,4,10,4,0,2
12404,firefox,129072794136576,1108631,2503222260,66.0,424615279251,10435159,10ea97,41a0b7000,953423f4,00:07:04,183,208,400,234,1,270,0,14,10,9,7,0,3
8593,gnome-shell,137617123667968,1150393,3741133965,10.0,425968268419,132805,118db9,97bc57000,defd2c8d,00:07:05,87,478,165,250,1,280,1,8,13,11,9,40719,1
8817,gsd-housekeepin,93837968756736,1244049,4067791226,9.0,426203945025,155923,12fb91,85acb5000,f275917a,00:07:06,181,214,353,170,1,303,2,15,11,9,1,1107284,1
12404,firefox,129072793985024,1203945,2503222260,36.0,433205882086,128938,125ee9,41a092000,953423f4,00:07:13,146,208,400,234,1,293,2,5,14,14,9,0,1
12404,firefox,129072794054656,1209508,2503222260,52.0,433208744592,438704,1274a4,41a0a3000,953423f4,00:07:13,163,208,400,234,1,295,2,7,4,10,4,0,2
12404,firefox,129072794079232,1209508,2503222260,52.0,433211369260,126098,1274a4,41a0a9000,953423f4,00:07:13,169,208,400,234,1,295,2,7,4,10,4,0,1
12404,firefox,129072869040128,528652,2201461346,10.0,447656234764,1478048,8110c,41e826000,8337a262,00:07:27,38,244,400,234,0,129,8,1,1,0,12,0,2
8593,gnome-shell,137617096679424,176566,1549756076,12.0,451197637055,6736409,2b1b6,97a29a000,5c5f66ac,00:07:31,154,465,165,250,0,43,2,11,1,11,6,-202239,3
12404,firefox,129073215545344,1159904,4219057439,347.0,453266134098,204152,11b2e0,43329a000,fb79b51f,00:07:33,154,409,400,234,1,283,1,11,2,14,0,1023330,2
8593,gnome-shell,137616938074112,329866,860228716,7.0,457720187128,1447470,5088a,970b58000,33460c6c,00:07:37,344,389,165,250,0,80,5,0,8,8,10,0,2
12329,update-notifier,123296754130944,469366,3689761937,26.0,458396894906,2081679,72976,3433b6000,dbed4c91,00:07:38,438,25,141,224,0,114,7,2,9,7,6,0,3
13942,Isolated Web Co,127032251146240,319916,2503222260,13.0,463724331864,374819,4e1ac,900346000,953423f4,00:07:43,326,1,36,231,0,78,4,14,1,10,12,0,2
13942,Isolated Web Co,127032251154432,319916,2503222260,13.0,463725760049,517672,4e1ac,900348000,953423f4,00:07:43,328,1,36,231,0,78,4,14,1,10,12,0,2
13942,Isolated Web Co,127032251150336,319916,2503222260,13.0,463726974977,1041650,4e1ac,900347000,953423f4,00:07:43,327,1,36,231,0,78,4,14,1,10,12,0,2
13942,Isolated Web Co,127032251199488,1192981,2503222260,27.0,463728780608,76185,123415,900353000,953423f4,00:07:43,339,1,36,231,1,291,2,3,4,1,5,57531,0
13942,Isolated Web Co,127032251215872,1192981,2503222260,27.0,463730501368,200189,123415,900357000,953423f4,00:07:43,343,1,36,231,1,291,2,3,4,1,5,0,2
13942,Isolated Web Co,127032251031552,1152940,124009549,25.0,474815104059,106962,1197ac,90032a000,7643c4d,00:07:54,298,1,36,231,1,281,1,9,7,10,12,535665,1
12404,firefox,129072794009600,1226404,2503222260,33.0,481835581941,74108,12b6a4,41a098000,953423f4,00:08:01,152,208,400,234,1,299,2,11,6,10,4,0,0
12404,firefox,129072793964544,1170823,2503222260,20.0,481837199228,84909,11dd87,41a08d000,953423f4,00:08:01,141,208,400,234,1,285,1,13,13,8,7,20062,0
12404,firefox,129072794079232,1152044,2503222260,45.0,481838755754,95538,11942c,41a0a9000,953423f4,00:08:01,169,208,400,234,1,281,1,9,4,2,12,301290,0
12404,firefox,129072793968640,1170823,2503222260,20.0,481850087351,80296,11dd87,41a08e000,953423f4,00:08:01,142,208,400,234,1,285,1,13,13,8,7,0,0
12404,firefox,129072794005504,1226404,2503222260,33.0,481852655362,78540,12b6a4,41a097000,953423f4,00:08:01,151,208,400,234,1,299,2,11,6,10,4,0,0
12404,firefox,129072794042368,1176652,2503222260,46.0,481854399458,98333,11f44c,41a0a0000,953423f4,00:08:01,160,208,400,234,1,287,1,15,4,4,12,92148,0
8817,gsd-housekeepin,93837968756736,1242852,4067791226,9.0,486212713600,80762,12f6e4,85acb5000,f275917a,00:08:06,181,214,353,170,1,303,2,15,6,14,4,-1197,0
12404,firefox,129072793944064,1170823,2503222260,20.0,486899181957,69977,11dd87,41a088000,953423f4,00:08:06,136,208,400,234,1,285,1,13,13,8,7,0,0
12404,firefox,129072794120192,330372,2503222260,61.0,486901566507,230760,50a84,41a0b3000,953423f4,00:08:06,179,208,400,234,0,80,5,0,10,8,4,-846004,2
12404,firefox,129072794157056,330372,2503222260,61.0,487462325866,78991,50a84,41a0bc000,953423f4,00:08:07,188,208,400,234,0,80,5,0,10,8,4,0,0
8593,gnome-shell,137617096679424,1103241,1549756076,12.0,487751845371,1129886,10d589,97a29a000,5c5f66ac,00:08:07,154,465,165,250,1,269,0,13,5,8,9,926675,2
12404,firefox,129072869085184,1190801,2344523339,10.0,492860735299,158334,122b91,41e831000,8bbe964b,00:08:12,49,244,400,234,1,290,2,2,11,9,1,380712,1
12404,firefox,129072869085184,1215355,2344523339,10.0,504133892550,1569319,128b7b,41e831000,8bbe964b,00:08:24,49,244,400,234,1,296,2,8,11,7,11,24554,2
12404,firefox,129073215545344,1173142,4219057439,347.0,518181560542,217367,11e696,43329a000,fb79b51f,00:08:38,154,409,400,234,1,286,1,14,6,9,6,13238,2
8593,gnome-shell,137617123667968,474570,3741133965,10.0,530242132739,10896493,73dca,97bc57000,defd2c8d,00:08:50,87,478,165,250,0,115,7,3,13,12,10,-675823,3
13942,Isolated Web Co,127032251162624,192885,2503222260,0.0,530439166651,70867,2f175,90034a000,953423f4,00:08:50,330,1,36,231,0,47,2,15,1,7,5,-942583,0
13942,Isolated Web Co,127032251146240,292227,2503222260,7.0,530442305552,85315,47583,900346000,953423f4,00:08:50,326,1,36,231,0,71,4,7,5,8,3,-843239,0
13942,Isolated Web Co,127032251310080,322195,2503222260,33.0,530443496753,233296,4ea93,90036e000,953423f4,00:08:50,366,1,36,231,0,78,4,14,10,9,3,-813270,2
13942,Isolated Web Co,127032251154432,292227,2503222260,7.0,530447526505,86819,47583,900348000,953423f4,00:08:50,328,1,36,231,0,71,4,7,5,8,3,0,0
13942,Isolated Web Co,127032251150336,292227,2503222260,7.0,530451882167,69360,47583,900347000,953423f4,00:08:50,327,1,36,231,0,71,4,7,5,8,3,0,0
13942,Isolated Web Co,127032251318272,855379,2503222260,58.0,530463962927,69246,d0d53,900370000,953423f4,00:08:50,368,1,36,231,0,208,13,0,13,5,3,-280064,0
13942,Isolated Web Co,127032251199488,900266,2503222260,27.0,530465084854,94050,dbcaa,900353000,953423f4,00:08:50,339,1,36,231,0,219,13,11,12,10,10,-292715,0
13942,Isolated Web Co,127032251297792,742823,2503222260,43.0,530468306274,205804,b55a7,90036b000,953423f4,00:08:50,363,1,36,231,0,181,11,5,5,10,7,-392641,2
13942,Isolated Web Co,127032251293696,742823,2503222260,43.0,530469319576,1219106,b55a7,90036a000,953423f4,00:08:50,362,1,36,231,0,181,11,5,5,10,7,0,2
13942,Isolated Web Co,127032251215872,900266,2503222260,27.0,530470309110,2208640,dbcaa,900357000,953423f4,00:08:50,343,1,36,231,0,219,13,11,12,10,10,0,3
8593,gnome-shell,137617096679424,728572,1549756076,12.0,530488503351,1102672,b1dfc,97a29a000,5c5f66ac,00:08:50,154,465,165,250,0,177,11,1,13,15,12,-374669,2
12404,firefox,129072793985024,322195,2503222260,33.0,531591226061,88633,4ea93,41a092000,953423f4,00:08:51,146,208,400,234,0,78,4,14,10,9,3,-904209,0
12404,firefox,129072794062848,143920,2503222260,45.0,531594223439,108523,23230,41a0a5000,953423f4,00:08:51,165,208,400,234,0,35,2,3,2,3,0,-1008124,1
12404,firefox,129072794042368,143920,2503222260,45.0,531595046180,84472,23230,41a0a0000,953423f4,00:08:51,160,208,400,234,0,35,2,3,2,3,0,0,0
12404,firefox,129072869085184,1150203,2344523339,10.0,535021618206,1259050,118cfb,41e831000,8bbe964b,00:08:55,49,244,400,234,1,280,1,8,12,15,11,-65152,2
12329,update-notifier,108391886327808,852778,877971724,15.0,542214515695,196631,d032a,4f3e19000,3454c90c,00:09:02,25,415,83,197,0,208,13,0,3,2,10,764569,1
13942,Isolated Web Co,127032251133952,706459,2503222260,5.0,542919585525,76406,ac79b,900343000,953423f4,00:09:02,323,1,36,231,0,172,10,12,7,9,11,0,0
13942,Isolated Web Co,127032251162624,706459,2503222260,5.0,542920801414,168667,ac79b,90034a000,953423f4,00:09:02,330,1,36,231,0,172,10,12,7,9,11,0,1
13942,Isolated Web Co,127032251199488,900266,2503222260,27.0,542921959318,161425,dbcaa,900353000,953423f4,00:09:02,339,1,36,231,0,219,13,11,12,10,10,0,1
13942,Isolated Web Co,127032251215872,900266,2503222260,27.0,542924267425,98376,dbcaa,900357000,953423f4,00:09:02,343,1,36,231,0,219,13,11,12,10,10,0,0
13942,Isolated Web Co,127032251133952,706459,2503222260,5.0,562446819460,214310,ac79b,900343000,953423f4,00:09:22,323,1,36,231,0,172,10,12,7,9,11,0,2
13942,Isolated Web Co,127032251162624,706459,2503222260,5.0,562448013478,71068,ac79b,90034a000,953423f4,00:09:22,330,1,36,231,0,172,10,12,7,9,11,0,0
13942,Isolated Web Co,127032251199488,900266,2503222260,27.0,562460834021,77197,dbcaa,900353000,953423f4,00:09:22,339,1,36,231,0,219,13,11,12,10,10,0,0
13942,Isolated Web Co,127032251215872,900266,2503222260,27.0,562461912863,970073,dbcaa,900357000,953423f4,00:09:22,343,1,36,231,0,219,13,11,12,10,10,0,2
13942,Isolated Web Co,127032251133952,706459,2503222260,5.0,567551913599,8607239,ac79b,900343000,953423f4,00:09:27,323,1,36,231,0,172,10,12,7,9,11,0,3
13942,Isolated Web Co,127032251162624,706459,2503222260,5.0,567553441543,10135183,ac79b,90034a000,953423f4,00:09:27,330,1,36,231,0,172,10,12,7,9,11,0,3
13942,Isolated Web Co,127032251199488,900266,2503222260,27.0,567554742740,11436380,dbcaa,900353000,953423f4,00:09:27,339,1,36,231,0,219,13,11,12,10,10,0,3
13942,Isolated Web Co,127032251215872,900266,2503222260,27.0,567556340261,13033901,dbcaa,900357000,953423f4,00:09:27,343,1,36,231,0,219,13,11,12,10,10,0,3
12404,firefox,129073215545344,292036,4219057439,347.0,576340882309,361805,474c4,43329a000,fb79b51f,00:09:36,154,409,400,234,0,71,4,7,4,12,4,-881106,2
13942,Isolated Web Co,127032251015168,1152213,124009549,25.0,586088348740,644445,1194d5,900326000,7643c4d,00:09:46,294,1,36,231,1,281,1,9,4,13,5,-727,2
13942,Isolated Web Co,127032250970112,1194936,124009549,16.0,586092328585,624136,123bb8,90031b000,7643c4d,00:09:46,283,1,36,231,1,291,2,3,11,11,8,-17562,2
8593,gnome-shell,137617096679424,1086900,1549756076,12.0,590810666741,3100133,1095b4,97a29a000,5c5f66ac,00:09:50,154,465,165,250,1,265,0,9,5,11,4,358328,3
13942,Isolated Web Co,127032251031552,1141937,124009549,25.0,604957102720,73306,116cb1,90032a000,7643c4d,00:10:04,298,1,36,231,1,278,1,6,12,11,1,-10276,0
8817,gsd-housekeepin,93837968756736,395271,4067791226,9.0,606209150654,1057409,60807,85acb5000,f275917a,00:10:06,181,214,353,170,0,96,6,0,8,0,7,-847581,2
13942,Isolated Web Co,127032251031552,1141937,124009549,25.0,609707150003,14104,116cb1,90032a000,7643c4d,00:10:09,298,1,36,231,1,278,1,6,12,11,1,0,0
13942,Isolated Web Co,127032251162624,1137147,2503222260,0.0,615720821404,77497,1159fb,90034a000,953423f4,00:10:15,330,1,36,231,1,277,1,5,9,15,11,944262,0
13942,Isolated Web Co,127032251146240,1105419,2503222260,7.0,615732035663,78233,10de0b,900346000,953423f4,00:10:15,326,1,36,231,1,269,0,13,14,0,11,813192,0
13942,Isolated Web Co,127032251310080,1153923,2503222260,33.0,615733105156,86985,119b83,90036e000,953423f4,00:10:15,366,1,36,231,1,281,1,9,11,8,3,831728,0
13942,Isolated Web Co,127032251154432,1105419,2503222260,7.0,615737693012,75701,10de0b,900348000,953423f4,00:10:15,328,1,36,231,1,269,0,13,14,0,11,0,0
13942,Isolated Web Co,127032251150336,1105419,2503222260,7.0,615743629879,76666,10de0b,900347000,953423f4,00:10:15,327,1,36,231,1,269,0,13,14,0,11,0,0
13942,Isolated Web Co,127032251318272,1150041,2503222260,58.0,615746495247,200724,118c59,900370000,953423f4,00:10:15,368,1,36,231,1,280,1,8,12,5,9,294662,2
13942,Isolated Web Co,127032251199488,1113171,2503222260,27.0,615748958499,92951,10fc53,900353000,953423f4,00:10:15,339,1,36,231,1,271,0,15,12,5,3,212905,0
13942,Isolated Web Co,127032251297792,1140714,2503222260,43.0,615750835563,13352,1167ea,90036b000,953423f4,00:10:15,363,1,36,231,1,278,1,6,7,14,10,397891,0
13942,Isolated Web Co,127032251293696,1140714,2503222260,43.0,615754934429,75894,1167ea,90036a000,953423f4,00:10:15,362,1,36,231,1,278,1,6,7,14,10,0,0
13942,Isolated Web Co,127032251215872,1113171,2503222260,27.0,615758567965,76206,10fc53,900357000,953423f4,00:10:15,343,1,36,231,1,271,0,15,12,5,3,0,0
13942,Isolated Web Co,127032250994688,1122005,124009549,25.0,639752870552,13721788,111ed5,900321000,7643c4d,00:10:39,289,1,36,231,1,273,1,1,14,13,5,-19932,3
13942,Isolated Web Co,127032250998784,1122005,124009549,25.0,639814762839,75614075,111ed5,900322000,7643c4d,00:10:39,290,1,36,231,1,273,1,1,14,13,5,0,4
13942,Isolated Web Co,127032251011072,207252,124009549,22.0,642269186177,1197157,32994,900325000,7643c4d,00:10:42,293,1,36,231,0,50,3,2,9,9,4,-992156,2
8593,gnome-shell,137617096679424,818605,1549756076,12.0,650493999719,1247951,c7dad,97a29a000,5c5f66ac,00:10:50,154,465,165,250,0,199,12,7,13,10,13,-268295,2
13942,Isolated Web Co,127032251162624,1201266,2503222260,0.0,653745179572,681327,125472,90034a000,953423f4,00:10:53,330,1,36,231,1,293,2,5,4,7,2,64119,2
13942,Isolated Web Co,127032251146240,1201264,2503222260,7.0,653748745688,974219,125470,900346000,953423f4,00:10:53,326,1,36,231,1,293,2,5,4,7,0,95845,2
13942,Isolated Web Co,127032251310080,1221735,2503222260,33.0,653760507139,270948,12a467,90036e000,953423f4,00:10:53,366,1,36,231,1,298,2,10,4,6,7,67812,2
13942,Isolated Web Co,127032251154432,1201264,2503222260,7.0,653761499807,1263616,125470,900348000,953423f4,00:10:53,328,1,36,231,1,293,2,5,4,7,0,0,2
13942,Isolated Web Co,127032251150336,1201264,2503222260,7.0,653762839561,1079227,125470,900347000,953423f4,00:10:53,327,1,36,231,1,293,2,5,4,7,0,0,2
13942,Isolated Web Co,127032251318272,1188544,2503222260,58.0,653766982424,143075,1222c0,900370000,953423f4,00:10:53,368,1,36,231,1,290,2,2,2,12,0,38503,1
13942,Isolated Web Co,127032251199488,1096974,2503222260,27.0,653766996725,157376,10bd0e,900353000,953423f4,00:10:53,339,1,36,231,1,267,0,11,13,0,14,-16197,1
13942,Isolated Web Co,127032251297792,1175627,2503222260,43.0,653767925042,105072,11f04b,90036b000,953423f4,00:10:53,363,1,36,231,1,287,1,15,0,4,11,34913,1
13942,Isolated Web Co,127032251293696,1175627,2503222260,43.0,653767936555,116585,11f04b,90036a000,953423f4,00:10:53,362,1,36,231,1,287,1,15,0,4,11,0,1
13942,Isolated Web Co,127032251215872,1096974,2503222260,27.0,653768740299,920329,10bd0e,900357000,953423f4,00:10:53,343,1,36,231,1,267,0,11,13,0,14,0,2
13942,Isolated Web Co,127032251162624,653545,2503222260,0.0,661006521524,20306039,9f8e9,90034a000,953423f4,00:11:01,330,1,36,231,0,159,9,15,8,14,9,-547721,4
13942,Isolated Web Co,127032251146240,653546,2503222260,7.0,661058034834,71819349,9f8ea,900346000,953423f4,00:11:01,326,1,36,231,0,159,9,15,8,14,10,-547718,4
13942,Isolated Web Co,127032251310080,477056,2503222260,33.0,661150834719,92227,74780,90036e000,953423f4,00:11:01,366,1,36,231,0,116,7,4,7,8,0,-744679,0
13942,Isolated Web Co,127032251154432,653546,2503222260,7.0,661161239557,80632,9f8ea,900348000,953423f4,00:11:01,328,1,36,231,0,159,9,15,8,14,10,0,0
13942,Isolated Web Co,127032251150336,653546,2503222260,7.0,661165806132,167555,9f8ea,900347000,953423f4,00:11:01,327,1,36,231,0,159,9,15,8,14,10,0,1
13942,Isolated Web Co,127032251318272,575358,2503222260,58.0,661169779317,90969,8c77e,900370000,953423f4,00:11:01,368,1,36,231,0,140,8,12,7,7,14,-613186,0
13942,Isolated Web Co,127032251199488,1096974,2503222260,27.0,661174583867,276522,10bd0e,900353000,953423f4,00:11:01,339,1,36,231,1,267,0,11,13,0,14,0,2
13942,Isolated Web Co,127032251297792,448385,2503222260,43.0,661175408244,155366,6d781,90036b000,953423f4,00:11:01,363,1,36,231,0,109,6,13,7,8,1,-727242,1
13942,Isolated Web Co,127032251293696,448385,2503222260,43.0,661183103095,73983,6d781,90036a000,953423f4,00:11:01,362,1,36,231,0,109,6,13,7,8,1,0,0
13942,Isolated Web Co,127032251215872,1096974,2503222260,27.0,661184786911,77722,10bd0e,900357000,953423f4,00:11:01,343,1,36,231,1,267,0,11,13,0,14,0,0
13942,Isolated Web Co,127032251035648,730382,124009549,24.0,663055803413,67710,b250e,90032b000,7643c4d,00:11:03,299,1,36,231,0,178,11,2,5,0,14,-370111,0
13942,Isolated Web Co,127032251011072,730731,124009549,31.0,663055817254,81551,b266b,900325000,7643c4d,00:11:03,293,1,36,231,0,178,11,2,6,6,11,-507335,0
8817,gsd-housekeepin,93837968756736,1206138,4067791226,9.0,666218916702,76869,12677a,85acb5000,f275917a,00:11:06,181,214,353,170,1,294,2,6,7,7,10,810867,0
12404,firefox,129072869085184,1126283,2344523339,10.0,672196074685,222078,112f8b,41e831000,8bbe964b,00:11:12,49,244,400,234,1,274,1,2,15,8,11,-23920,2
13942,Isolated Web Co,127032251162624,1247535,2503222260,0.0,676580724029,1578102,13092f,90034a000,953423f4,00:11:16,330,1,36,231,1,304,3,0,9,2,15,593990,2
13942,Isolated Web Co,127032251146240,1242846,2503222260,7.0,676584092180,1144714,12f6de,900346000,953423f4,00:11:16,326,1,36,231,1,303,2,15,6,13,14,589300,2
13942,Isolated Web Co,127032251310080,1168461,2503222260,33.0,676587243846,244432,11d44d,90036e000,953423f4,00:11:16,366,1,36,231,1,285,1,13,4,4,13,691405,2
13942,Isolated Web Co,127032251154432,1242846,2503222260,7.0,676588463537,131864,12f6de,900348000,953423f4,00:11:16,328,1,36,231,1,303,2,15,6,13,14,0,1
13942,Isolated Web Co,127032251150336,1242846,2503222260,7.0,676589941640,265138,12f6de,900347000,953423f4,00:11:16,327,1,36,231,1,303,2,15,6,13,14,0,2
13942,Isolated Web Co,127032251318272,1165425,2503222260,58.0,676592310353,71977,11c871,900370000,953423f4,00:11:16,368,1,36,231,1,284,1,12,8,7,1,590067,0
13942,Isolated Web Co,127032251199488,1246395,2503222260,27.0,676593809974,114751,1304bb,900353000,953423f4,00:11:16,339,1,36,231,1,304,3,0,4,11,11,149421,1
13942,Isolated Web Co,127032251297792,1184959,2503222260,43.0,676595072596,1061913,1214bf,90036b000,953423f4,00:11:16,363,1,36,231,1,289,2,1,4,11,15,736574,2
13942,Isolated Web Co,127032251293696,1184959,2503222260,43.0,676596250760,2240077,1214bf,90036a000,953423f4,00:11:16,362,1,36,231,1,289,2,1,4,11,15,0,3
13942,Isolated Web Co,127032251215872,1246395,2503222260,27.0,676597563158,234961,1304bb,900357000,953423f4,00:11:16,343,1,36,231,1,304,3,0,4,11,11,0,2
13936,sqldb:c~lite #6,129073215545344,1247093,4219057439,347.0,676648306917,270547,130775,43329a000,fb79b51f,00:11:16,154,409,400,234,1,304,3,0,7,7,5,52205,2
12404,firefox,129072794009600,1168461,2503222260,33.0,677596837944,70831,11d44d,41a098000,953423f4,00:11:17,152,208,400,234,1,285,1,13,4,4,13,846266,0
12404,firefox,129072793964544,1181041,2503222260,20.0,677599334909,71905,120571,41a08d000,953423f4,00:11:17,141,208,400,234,1,288,2,0,5,7,1,10218,0
12404,firefox,129072794079232,1246184,2503222260,45.0,677604120478,180376,1303e8,41a0a9000,953423f4,00:11:17,169,208,400,234,1,304,3,0,3,14,8,1102264,1
34649,MainThread,127032251162624,1179088,2503222260,0.0,681994096840,77843,11fdd0,90034a000,953423f4,00:11:21,330,1,36,231,1,287,1,15,13,13,0,46984,0
34649,MainThread,127032251146240,1213681,2503222260,7.0,682004631036,80204,1284f1,900346000,953423f4,00:11:22,326,1,36,231,1,296,2,8,4,15,1,-1325,0
34649,MainThread,127032251310080,1220988,2503222260,33.0,682011517147,194829,12a17c,90036e000,953423f4,00:11:22,366,1,36,231,1,298,2,10,1,7,12,3212,1
34649,MainThread,127032251154432,1213681,2503222260,7.0,682013605346,77260,1284f1,900348000,953423f4,00:11:22,328,1,36,231,1,296,2,8,4,15,1,0,0
34649,MainThread,127032251150336,1213681,2503222260,7.0,682014260882,732796,1284f1,900347000,953423f4,00:11:22,327,1,36,231,1,296,2,8,4,15,1,0,2
34649,MainThread,127032251252736,1210745,2503222260,43.0,682022003739,80707,127979,900360000,953423f4,00:11:22,352,1,36,231,1,295,2,7,9,7,9,-34513,0
34649,MainThread,127032251207680,1246395,2503222260,27.0,682023098158,92614,1304bb,900355000,953423f4,00:11:22,341,1,36,231,1,304,3,0,4,11,11,161579,0
8593,gnome-shell,137617123667968,1220441,3741133965,10.0,694107619448,777713,129f59,97bc57000,defd2c8d,00:11:34,87,478,165,250,1,297,2,9,15,5,9,745871,2
13942,Isolated Web Co,127032251162624,153549,2503222260,0.0,698551821993,72378,257cd,90034a000,953423f4,00:11:38,330,1,36,231,0,37,2,5,7,12,13,-1093986,0
13942,Isolated Web Co,127032251146240,153597,2503222260,7.0,698554980682,78374,257fd,900346000,953423f4,00:11:38,326,1,36,231,0,37,2,5,7,15,13,-1089249,0
13942,Isolated Web Co,127032251310080,692249,2503222260,33.0,698558812365,75121,a9019,90036e000,953423f4,00:11:38,366,1,36,231,0,169,10,9,0,1,9,-476212,0
13942,Isolated Web Co,127032251154432,153597,2503222260,7.0,698561681621,76093,257fd,900348000,953423f4,00:11:38,328,1,36,231,0,37,2,5,7,15,13,0,0
13942,Isolated Web Co,127032251150336,153597,2503222260,7.0,698563885752,95684,257fd,900347000,953423f4,00:11:38,327,1,36,231,0,37,2,5,7,15,13,0,0
13942,Isolated Web Co,127032251318272,275042,2503222260,58.0,698599556999,199443,43262,900370000,953423f4,00:11:38,368,1,36,231,0,67,4,3,2,6,2,-890383,1
13942,Isolated Web Co,127032251199488,274781,2503222260,27.0,698614680327,7761493,4315d,900353000,953423f4,00:11:38,339,1,36,231,0,67,4,3,1,5,13,-971614,3
13942,Isolated Web Co,127032251297792,692621,2503222260,43.0,698641713334,685395,a918d,90036b000,953423f4,00:11:38,363,1,36,231,0,169,10,9,1,8,13,-492338,2
13942,Isolated Web Co,127032251293696,692621,2503222260,43.0,698665728449,138583,a918d,90036a000,953423f4,00:11:38,362,1,36,231,0,169,10,9,1,8,13,0,1
13942,Isolated Web Co,127032251215872,274781,2503222260,27.0,698668062302,129268,4315d,900357000,953423f4,00:11:38,343,1,36,231,0,67,4,3,1,5,13,0,1
8593,gnome-shell,137617123667968,1151265,3741133965,10.0,710547211330,67233,119121,97bc57000,defd2c8d,00:11:50,87,478,165,250,1,281,1,9,1,2,1,-69176,0
8593,gnome-shell,137617096679424,1217879,1549756076,12.0,710920884032,71654,129557,97a29a000,5c5f66ac,00:11:50,154,465,165,250,1,297,2,9,5,5,7,399274,0
12329,update-notifier,108391886327808,1242983,877971724,15.0,722617108581,137275,12f767,4f3e19000,3454c90c,00:12:02,25,415,83,197,1,303,2,15,7,6,7,390205,1
8817,gsd-housekeepin,93837968756736,869800,4067791226,9.0,726222254594,1561987,d45a8,85acb5000,f275917a,00:12:06,181,214,353,170,0,212,13,4,5,10,8,-336338,2
8593,gnome-shell,137617123667968,124714,3741133965,10.0,770252628293,4255376,1e72a,97bc57000,defd2c8d,00:12:50,87,478,165,250,0,30,1,14,7,2,10,-1026551,3
8593,gnome-shell,137617096679424,1137947,1549756076,12.0,771153307418,1304716,115d1b,97a29a000,5c5f66ac,00:12:51,154,465,165,250,1,277,1,5,13,1,11,-79932,2
8817,gsd-housekeepin,93837968756736,1115659,4067791226,9.0,786329915762,135058,11060b,85acb5000,f275917a,00:13:06,181,214,353,170,1,272,1,0,6,0,11,245859,1
13942,Isolated Web Co,127032251162624,422757,2503222260,0.0,790671217647,120259,67365,90034a000,953423f4,00:13:10,330,1,36,231,0,103,6,7,3,6,5,269208,1
13942,Isolated Web Co,127032251146240,465671,2503222260,7.0,790682197141,151370,71b07,900346000,953423f4,00:13:10,326,1,36,231,0,113,7,1,11,0,7,312074,1
13942,Isolated Web Co,127032251310080,465679,2503222260,33.0,790684325501,139835,71b0f,90036e000,953423f4,00:13:10,366,1,36,231,0,113,7,1,11,0,15,-226570,1
13942,Isolated Web Co,127032251154432,465671,2503222260,7.0,790731922087,126518,71b07,900348000,953423f4,00:13:10,328,1,36,231,0,113,7,1,11,0,7,0,1
13942,Isolated Web Co,127032251150336,465671,2503222260,7.0,790752896506,126547,71b07,900347000,953423f4,00:13:10,327,1,36,231,0,113,7,1,11,0,7,0,1
13942,Isolated Web Co,127032251318272,161559,2503222260,58.0,790788919148,245208,27717,900370000,953423f4,00:13:10,368,1,36,231,0,39,2,7,7,1,7,-113483,2
13942,Isolated Web Co,127032251199488,351661,2503222260,27.0,790797669231,383159,55dad,900353000,953423f4,00:13:10,339,1,36,231,0,85,5,5,13,10,13,76880,2
13942,Isolated Web Co,127032251297792,63675,2503222260,43.0,790823417529,233677,f8bb,90036b000,953423f4,00:13:10,363,1,36,231,0,15,0,15,8,11,11,-628946,2
13942,Isolated Web Co,127032251293696,63675,2503222260,43.0,790891059430,175945,f8bb,90036a000,953423f4,00:13:10,362,1,36,231,0,15,0,15,8,11,11,0,1
13942,Isolated Web Co,127032251215872,351661,2503222260,27.0,790893857309,406056,55dad,900357000,953423f4,00:13:10,343,1,36,231,0,85,5,5,13,10,13,0,2
13936,sqldb:c~lite #6,129073215545344,1226832,4219057439,347.0,823364099149,213203,12b850,43329a000,fb79b51f,00:13:43,154,409,400,234,1,299,2,11,8,5,0,-20261,2
8593,gnome-shell,137617096679424,494961,1549756076,12.0,830253935180,70262,78d71,97a29a000,5c5f66ac,00:13:50,154,465,165,250,0,120,7,8,13,7,1,-642986,0
8593,gnome-shell,137616938008576,1122192,2988691584,8.0,837292804263,2870538,111f90,970b48000,b223d080,00:13:57,328,389,165,250,1,273,1,1,15,9,0,0,3
8593,gnome-shell,137616939741184,1246431,2308569309,82.0,839340732553,1071693,1304df,970cef000,8999f8dd,00:13:59,239,390,165,250,1,304,3,0,4,13,15,0,2
12329,update-notifier,123296754130944,226031,3689761937,26.0,842401652054,91107,372ef,3433b6000,dbed4c91,00:14:02,438,25,141,224,0,55,3,7,2,14,15,-243335,0
8817,gsd-housekeepin,93837968756736,1099801,4067791226,9.0,846152782509,93991,10c819,85acb5000,f275917a,00:14:06,181,214,353,170,1,268,0,12,8,1,9,-15858,0
13942,Isolated Web Co,127032251133952,880092,2503222260,10.0,867924173355,72250,d6ddc,900343000,953423f4,00:14:27,323,1,36,231,0,214,13,6,13,13,12,0,0
13942,Isolated Web Co,127032251162624,880092,2503222260,10.0,867924724626,623521,d6ddc,90034a000,953423f4,00:14:27,330,1,36,231,0,214,13,6,13,13,12,0,2
13942,Isolated Web Co,127032251269120,879113,2503222260,44.0,867925568193,489350,d6a09,900364000,953423f4,00:14:27,356,1,36,231,0,214,13,6,10,0,9,0,2
13942,Isolated Web Co,127032251146240,880092,2503222260,10.0,867926838271,1759428,d6ddc,900346000,953423f4,00:14:27,326,1,36,231,0,214,13,6,13,13,12,0,2
13942,Isolated Web Co,127032251310080,879113,2503222260,44.0,867927818509,819959,d6a09,90036e000,953423f4,00:14:27,366,1,36,231,0,214,13,6,10,0,9,0,2
13942,Isolated Web Co,127032251154432,880092,2503222260,10.0,867928982961,81736,d6ddc,900348000,953423f4,00:14:27,328,1,36,231,0,214,13,6,13,13,12,0,0
13942,Isolated Web Co,127032251150336,880092,2503222260,10.0,867929850932,949707,d6ddc,900347000,953423f4,00:14:27,327,1,36,231,0,214,13,6,13,13,12,0,2
13942,Isolated Web Co,127032251371520,879198,2503222260,50.0,867930968113,867697,d6a5e,90037d000,953423f4,00:14:27,381,1,36,231,0,214,13,6,10,5,14,0,2
13942,Isolated Web Co,127032251318272,1209424,2503222260,58.0,867931995972,911430,127450,900370000,953423f4,00:14:27,368,1,36,231,1,295,2,7,4,5,0,1047865,2
13942,Isolated Web Co,127032251199488,872108,2503222260,27.0,867932742368,1657826,d4eac,900353000,953423f4,00:14:27,339,1,36,231,0,212,13,4,14,10,12,520447,2
13942,Isolated Web Co,127032251297792,879113,2503222260,44.0,867933846703,75421,d6a09,90036b000,953423f4,00:14:27,363,1,36,231,0,214,13,6,10,0,9,0,0
13942,Isolated Web Co,127032251293696,879113,2503222260,44.0,867934855094,80819,d6a09,90036a000,953423f4,00:14:27,362,1,36,231,0,214,13,6,10,0,9,0,0
13942,Isolated Web Co,127032251215872,872108,2503222260,27.0,867935714896,940621,d4eac,900357000,953423f4,00:14:27,343,1,36,231,0,212,13,4,14,10,12,0,2
8593,gnome-shell,137617123667968,1233747,3741133965,10.0,879256906498,869534,12d353,97bc57000,defd2c8d,00:14:39,87,478,165,250,1,301,2,13,3,5,3,1109033,2
8593,gnome-shell,137617096679424,526647,1549756076,12.0,882642970649,1258588,80937,97a29a000,5c5f66ac,00:14:42,154,465,165,250,0,128,8,0,9,3,7,31686,2
13942,Isolated Web Co,127032251031552,67486,124009549,25.0,887194315008,116255,1079e,90032a000,7643c4d,00:14:47,298,1,36,231,0,16,1,0,7,9,14,-1054519,1
8593,gnome-shell,137617123667968,1189162,3741133965,10.0,890264355901,5840947,12252a,97bc57000,defd2c8d,00:14:50,87,478,165,250,1,290,2,2,5,2,10,-44585,3
8593,gnome-shell,137617096679424,1095094,1549756076,12.0,890446240445,8543139,10b5b6,97a29a000,5c5f66ac,00:14:50,154,465,165,250,1,267,0,11,5,11,6,568447,3
13942,Isolated Web Co,127032251162624,1183445,2503222260,0.0,897063957611,865337,120ed5,90034a000,953423f4,00:14:57,330,1,36,231,1,288,2,0,14,13,5,760688,2
13942,Isolated Web Co,127032251146240,1182981,2503222260,7.0,897068558193,71823,120d05,900346000,953423f4,00:14:57,326,1,36,231,1,288,2,0,13,0,5,717310,0
13942,Isolated Web Co,127032251310080,1154114,2503222260,33.0,897070177685,82944,119c42,90036e000,953423f4,00:14:57,366,1,36,231,1,281,1,9,12,4,2,688435,0
13942,Isolated Web Co,127032251154432,1182981,2503222260,7.0,897072816493,89931,120d05,900348000,953423f4,00:14:57,328,1,36,231,1,288,2,0,13,0,5,0,0
13942,Isolated Web Co,127032251150336,1182981,2503222260,7.0,897077326377,68623,120d05,900347000,953423f4,00:14:57,327,1,36,231,1,288,2,0,13,0,5,0,0
13942,Isolated Web Co,127032251318272,1234299,2503222260,58.0,897081498329,188004,12d57b,900370000,953423f4,00:14:57,368,1,36,231,1,301,2,13,5,7,11,24875,1
13942,Isolated Web Co,127032251199488,1242119,2503222260,27.0,897083016867,148775,12f407,900353000,953423f4,00:14:57,339,1,36,231,1,303,2,15,4,0,7,370011,1
12329,update-notifier,108391886327808,1111712,877971724,15.0,902206812159,73943,10f6a0,4f3e19000,3454c90c,00:15:02,25,415,83,197,1,271,0,15,6,10,0,-131271,0
13936,sqldb:c~lite #6,129073215545344,895088,4219057439,347.0,904846857194,96897,da870,43329a000,fb79b51f,00:15:04,154,409,400,234,0,218,13,10,8,7,0,-331744,0
8817,gsd-housekeepin,93837968756736,121692,4067791226,9.0,906222158689,916743,1db5c,85acb5000,f275917a,00:15:06,181,214,353,170,0,29,1,13,11,5,12,-978109,2
8593,gnome-shell,137617123667968,1153762,3741133965,10.0,926394239997,67346,119ae2,97bc57000,defd2c8d,00:15:26,87,478,165,250,1,281,1,9,10,14,2,-35400,0
8593,gnome-shell,137617096679424,821165,1549756076,12.0,928558711041,1439894,c87ad,97a29a000,5c5f66ac,00:15:28,154,465,165,250,0,200,12,8,7,10,13,-273929,2
8593,gnome-shell,137617123667968,1236627,3741133965,10.0,948801701865,2338566,12de93,97bc57000,defd2c8d,00:15:48,87,478,165,250,1,301,2,13,14,9,3,82865,3
8593,gnome-shell,137617096679424,512722,1549756076,12.0,950611078332,1149306,7d2d2,97a29a000,5c5f66ac,00:15:50,154,465,165,250,0,125,7,13,2,13,2,-308443,2
8817,gsd-housekeepin,93837968756736,1113135,4067791226,9.0,966224799235,67162,10fc2f,85acb5000,f275917a,00:16:06,181,214,353,170,1,271,0,15,12,2,15,991443,0
8593,gnome-shell,137616937230336,1174482,1035087006,11.0,968822815989,755919,11ebd2,970a8a000,3db22c9e,00:16:08,138,389,165,250,1,286,1,14,11,13,2,0,2
8593,gnome-shell,137617123667968,1248071,3741133965,10.0,976772981498,813093,130b47,97bc57000,defd2c8d,00:16:16,87,478,165,250,1,304,3,0,11,4,7,11444,2
13936,sqldb:c~lite #6,129073215545344,1207552,4219057439,347.0,982730438847,1276663,126d00,43329a000,fb79b51f,00:16:22,154,409,400,234,1,294,2,6,13,0,0,312464,2
8593,gnome-shell,137617123667968,1206563,3741133965,10.0,1010233798352,106175,126923,97bc57000,defd2c8d,00:16:50,87,478,165,250,1,294,2,6,9,2,3,-41508,1
8593,gnome-shell,137617096679424,1223579,1549756076,12.0,1010510763509,1138625,12ab9b,97a29a000,5c5f66ac,00:16:50,154,465,165,250,1,298,2,10,11,9,11,710857,2
8817,gsd-housekeepin,93837968756736,1236849,4067791226,9.0,1026227510537,898452,12df71,85acb5000,f275917a,00:17:06,181,214,353,170,1,301,2,13,15,7,1,123714,2
8593,gnome-shell,137617123667968,199760,3741133965,10.0,1047606753912,843573,30c50,97bc57000,defd2c8d,00:17:27,87,478,165,250,0,48,3,0,12,5,0,-1006803,2
8593,gnome-shell,137617123667968,1178013,3741133965,10.0,1070450607697,17057540,11f99d,97bc57000,defd2c8d,00:17:50,87,478,165,250,1,287,1,15,9,9,13,978253,4
8593,gnome-shell,137617096679424,1131985,1549756076,12.0,1072047344188,704658,1145d1,97a29a000,5c5f66ac,00:17:52,154,465,165,250,1,276,1,4,5,13,1,-91594,2
12329,update-notifier,108391886327808,1125511,877971724,15.0,1083078399506,8267326,112c87,4f3e19000,3454c90c,00:18:03,25,415,83,197,1,274,1,2,12,8,7,13799,3
8817,gsd-housekeepin,93837968756736,149177,4067791226,9.0,1086225345557,740313,246b9,85acb5000,f275917a,00:18:06,181,214,353,170,0,36,2,4,6,11,9,-1087672,2
13936,sqldb:c~lite #6,129073215545344,566190,4219057439,347.0,1110406948260,1555453,8a3ae,43329a000,fb79b51f,00:18:30,154,409,400,234,0,138,8,10,3,10,14,-641362,2
8593,gnome-shell,137617123667968,1110534,3741133965,10.0,1130257272654,6362320,10f206,97bc57000,defd2c8d,00:18:50,87,478,165,250,1,271,0,15,2,0,6,-67479,3
8593,gnome-shell,137617096679424,1248628,1549756076,12.0,1130879864773,2764367,130d74,97a29a000,5c5f66ac,00:18:50,154,465,165,250,1,304,3,0,13,7,4,116643,3
8817,gsd-housekeepin,93837968756736,573670,4067791226,9.0,1146239025152,1705527,8c0e6,85acb5000,f275917a,00:19:06,181,214,353,170,0,140,8,12,0,14,6,424493,2
8817,gsd-housekeepin,93837968756736,65187,4067791226,9.0,1206170067604,1423572,fea3,85acb5000,f275917a,00:20:06,181,214,353,170,0,15,0,15,14,10,3,-508483,2
8593,gnome-shell,137616939741184,8282,2308569309,82.0,1231916892567,8929871,205a,970cef000,8999f8dd,00:20:31,239,390,165,250,0,2,0,2,0,5,10,-1238149,3
12329,update-notifier,123296754130944,449474,3689761937,26.0,1233928735867,600424,6dbc2,3433b6000,dbed4c91,00:20:33,438,25,141,224,0,109,6,13,11,12,2,223443,2
12329,update-notifier,108391886327808,665785,877971724,15.0,1262174578873,239536,a28b9,4f3e19000,3454c90c,00:21:02,25,415,83,197,0,162,10,2,8,11,9,-459726,2
8817,gsd-housekeepin,93837968756736,1128601,4067791226,9.0,1266175205530,185286,113899,85acb5000,f275917a,00:21:06,181,214,353,170,1,275,1,3,8,9,9,1063414,1
8593,gnome-shell,137617123667968,1144706,3741133965,10.0,1310274913123,802851,117782,97bc57000,defd2c8d,00:21:50,87,478,165,250,1,279,1,7,7,8,2,34172,2
8593,gnome-shell,137617096679424,1194401,1549756076,12.0,1310553167147,1009133,1239a1,97a29a000,5c5f66ac,00:21:50,154,465,165,250,1,291,2,3,9,10,1,-54227,2
13936,sqldb:c~lite #6,129073215545344,850091,4219057439,347.0,1312964566874,443000,cf8ab,43329a000,fb79b51f,00:21:52,154,409,400,234,0,207,12,15,8,10,11,283901,2
8817,gsd-housekeepin,93837968756736,1094812,4067791226,9.0,1326624365588,8582385,10b49c,85acb5000,f275917a,00:22:06,181,214,353,170,1,267,0,11,4,9,12,-33789,3
8593,gnome-shell,137617123667968,702361,3741133965,10.0,1342624155039,948180,ab799,97bc57000,defd2c8d,00:22:22,87,478,165,250,0,171,10,11,7,9,9,-442345,2
8593,gnome-shell,137617096679424,487651,1549756076,12.0,1359600146727,1506658,770e3,97a29a000,5c5f66ac,00:22:39,154,465,165,250,0,119,7,7,0,14,3,-706750,2
8593,gnome-shell,137617123667968,1070607,3741133965,10.0,1366501240745,903709,10560f,97bc57000,defd2c8d,00:22:46,87,478,165,250,1,261,0,5,6,0,15,368246,2
8593,gnome-shell,137617113309184,1157178,3599601794,22.0,1367707928712,1260067,11a83a,97b276000,d68d9082,00:22:47,118,473,165,250,1,282,1,10,8,3,10,0,2
13936,sqldb:c~lite #6,129073215545344,1162020,4219057439,347.0,1385252130034,92214,11bb24,43329a000,fb79b51f,00:23:05,154,409,400,234,1,283,1,11,11,2,4,311929,0
8817,gsd-housekeepin,93837968756736,1122959,4067791226,9.0,1386200121297,803280,11228f,85acb5000,f275917a,00:23:06,181,214,353,170,1,274,1,2,2,8,15,28147,2
8593,gnome-shell,137617096679424,1193814,1549756076,12.0,1407944122121,188161,123756,97a29a000,5c5f66ac,00:23:27,154,465,165,250,1,291,2,3,7,5,6,706163,1
8593,gnome-shell,137617096679424,1199231,1549756076,12.0,1430488706760,1419978,124c7f,97a29a000,5c5f66ac,00:23:50,154,465,165,250,1,292,2,4,12,7,15,5417,2
12329,update-notifier,108391886327808,1245346,877971724,15.0,1442313662267,74380,1300a2,4f3e19000,3454c90c,00:24:02,25,415,83,197,1,304,3,0,0,10,2,579561,0
8817,gsd-housekeepin,93837968756736,1189070,4067791226,9.0,1446228237323,5516405,1224ce,85acb5000,f275917a,00:24:06,181,214,353,170,1,290,2,2,4,12,14,66111,3
8593,gnome-shell,137617123667968,1228071,3741133965,10.0,1452055315073,80927,12bd27,97bc57000,defd2c8d,00:24:12,87,478,165,250,1,299,2,11,13,2,7,157464,0
8593,gnome-shell,137617096679424,1247596,1549756076,12.0,1454436294291,969756,13096c,97a29a000,5c5f66ac,00:24:14,154,465,165,250,1,304,3,0,9,6,12,48365,2
13936,sqldb:c~lite #6,129073215545344,1234529,4219057439,347.0,1482074258720,1089690,12d661,43329a000,fb79b51f,00:24:42,154,409,400,234,1,301,2,13,6,6,1,72509,2
8593,gnome-shell,137617123667968,257227,3741133965,10.0,1490229286225,71945,3eccb,97bc57000,defd2c8d,00:24:50,87,478,165,250,0,62,3,14,12,12,11,-970844,0
8593,gnome-shell,137617096679424,123047,1549756076,12.0,1490566355824,74966,1e0a7,97a29a000,5c5f66ac,00:24:50,154,465,165,250,0,30,1,14,0,10,7,-1124549,0
8817,gsd-housekeepin,93837968756736,1211030,4067791226,9.0,1506212041840,68770,127a96,85acb5000,f275917a,00:25:06,181,214,353,170,1,295,2,7,10,9,6,21960,0
8593,gnome-shell,137617096679424,1146806,1549756076,12.0,1550698557024,1402760,117fb6,97a29a000,5c5f66ac,00:25:50,154,465,165,250,1,279,1,7,15,11,6,1023759,2
8817,gsd-housekeepin,93837968756736,660936,4067791226,9.0,1566210280626,90017,a15c8,85acb5000,f275917a,00:26:06,181,214,353,170,0,161,10,1,5,12,8,-550094,0
8817,gsd-housekeepin,93837968756736,1134690,4067791226,9.0,1626205371123,837733,115062,85acb5000,f275917a,00:27:06,181,214,353,170,1,277,1,5,0,6,2,473754,2
8593,gnome-shell,137617123667968,1155532,3741133965,10.0,1670258771288,1117378,11a1cc,97bc57000,defd2c8d,00:27:50,87,478,165,250,1,282,1,10,1,12,12,898305,2
8593,gnome-shell,137617096679424,1240123,1549756076,12.0,1670638992195,964692,12ec3b,97a29a000,5c5f66ac,00:27:50,154,465,165,250,1,302,2,14,12,3,11,93317,2
8817,gsd-housekeepin,93837968756736,417049,4067791226,9.0,1686335640265,89069,65d19,85acb5000,f275917a,00:28:06,181,214,353,170,0,101,6,5,13,1,9,-717641,0
8593,gnome-shell,137617096679424,608229,1549756076,12.0,1730384990456,1298895,947e5,97a29a000,5c5f66ac,00:28:50,154,465,165,250,0,148,9,4,7,14,5,-631894,2
8817,gsd-housekeepin,93837968756736,1221288,4067791226,9.0,1746225270169,929922,12a2a8,85acb5000,f275917a,00:29:06,181,214,353,170,1,298,2,10,2,10,8,804239,2
8593,gnome-shell,137617096679424,1099452,1549756076,12.0,1791699279793,12573051,10c6bc,97a29a000,5c5f66ac,00:29:51,154,465,165,250,1,268,0,12,6,11,12,491223,3
12329,update-notifier,108391886327808,1179570,877971724,15.0,1803565224059,83839,11ffb2,4f3e19000,3454c90c,00:30:03,25,415,83,197,1,287,1,15,15,11,2,-65776,0
8817,gsd-housekeepin,93837968756736,719647,4067791226,9.0,1806223285257,4267438,afb1f,85acb5000,f275917a,00:30:06,181,214,353,170,0,175,10,15,11,1,15,-501641,3
13936,sqldb:c~lite #6,129073215545344,1216789,4219057439,347.0,1817253969508,396043,129115,43329a000,fb79b51f,00:30:17,154,409,400,234,1,297,2,9,1,1,5,-17740,2
8593,gnome-shell,137617123667968,601666,3741133965,10.0,1842372869040,706815,92e42,97bc57000,defd2c8d,00:30:42,87,478,165,250,0,146,9,2,14,4,2,-553866,2
8593,gnome-shell,137617096679424,549943,1549756076,12.0,1843333771501,1244860,86437,97a29a000,5c5f66ac,00:30:43,154,465,165,250,0,134,8,6,4,3,7,-549509,2
8817,gsd-housekeepin,93837968756736,1239335,4067791226,9.0,1866227772314,103805,12e927,85acb5000,f275917a,00:31:06,181,214,353,170,1,302,2,14,9,2,7,519688,1
8593,gnome-shell,137617113309184,705162,3599601794,22.0,1873016058320,1244265,ac28a,97b276000,d68d9082,00:31:13,118,473,165,250,0,172,10,12,2,8,10,-452016,2
13936,sqldb:c~lite #6,129073215545344,1224405,4219057439,347.0,1911442584494,91356,12aed5,43329a000,fb79b51f,00:31:51,154,409,400,234,1,298,2,10,14,13,5,7616,0
8817,gsd-housekeepin,93837968756736,679873,4067791226,9.0,1926315057668,4220796,a5fc1,85acb5000,f275917a,00:32:06,181,214,353,170,0,165,10,5,15,12,1,-559462,3
12329,update-notifier,108391886327808,489149,877971724,15.0,1983362884394,82839,776bd,4f3e19000,3454c90c,00:33:03,25,415,83,197,0,119,7,7,6,11,13,-690421,0
8817,gsd-housekeepin,93837968756736,154983,4067791226,9.0,1986200038809,76178,25d67,85acb5000,f275917a,00:33:06,181,214,353,170,0,37,2,5,13,6,7,-524890,0
8817,gsd-housekeepin,93837968756736,820596,4067791226,9.0,2046209121314,77879,c8574,85acb5000,f275917a,00:34:06,181,214,353,170,0,200,12,8,5,7,4,665613,0
13936,sqldb:c~lite #6,129073215545344,531533,4219057439,347.0,2070904922523,9668342,81c4d,43329a000,fb79b51f,00:34:30,154,409,400,234,0,129,8,1,12,4,13,-692872,3
8593,gnome-shell,137617123667968,1154746,3741133965,10.0,2090977686353,785578,119eba,97bc57000,defd2c8d,00:34:50,87,478,165,250,1,281,1,9,14,11,10,553080,2
8593,gnome-shell,137617096679424,1218381,1549756076,12.0,2091820533191,219828,12974d,97a29a000,5c5f66ac,00:34:51,154,465,165,250,1,297,2,9,7,4,13,668438,2
8817,gsd-housekeepin,93837968756736,1104171,4067791226,9.0,2106485098849,1010829,10d92b,85acb5000,f275917a,00:35:06,181,214,353,170,1,269,0,13,9,2,11,283575,2
8593,gnome-shell,137617123667968,1221643,3741133965,10.0,2150224976558,779026,12a40b,97bc57000,defd2c8d,00:35:50,87,478,165,250,1,298,2,10,4,0,11,66897,2
8593,gnome-shell,137617123667968,1139286,3741133965,10.0,2161666256495,71565,116256,97bc57000,defd2c8d,00:36:01,87,478,165,250,1,278,1,6,2,5,6,-82357,0
12329,update-notifier,108391886327808,18007,877971724,15.0,2163264124168,70668,4657,4f3e19000,3454c90c,00:36:03,25,415,83,197,0,4,0,4,6,5,7,-471142,0
8817,gsd-housekeepin,93837968756736,1220556,4067791226,9.0,2167229893862,733643,129fcc,85acb5000,f275917a,00:36:07,181,214,353,170,1,297,2,9,15,12,12,116385,2
8593,gnome-shell,137617123667968,1217783,3741133965,10.0,2210288914111,25374737,1294f7,97bc57000,defd2c8d,00:36:50,87,478,165,250,1,297,2,9,4,15,7,78497,4
8593,gnome-shell,137617096679424,1100166,1549756076,12.0,2210927674514,1134169,10c986,97a29a000,5c5f66ac,00:36:50,154,465,165,250,1,268,0,12,9,8,6,-118215,2
12329,update-notifier,123296745701376,1087127,3741133965,10.0,2219787364527,1522241,109697,342bac000,defd2c8d,00:36:59,428,21,141,224,1,265,0,9,6,9,7,0,2
8817,gsd-housekeepin,93837968756736,808331,4067791226,9.0,2227244208245,71629,c558b,85acb5000,f275917a,00:37:07,181,214,353,170,0,197,12,5,5,8,11,-412225,0
13936,sqldb:c~lite #6,129073215545344,342561,4219057439,347.0,2241438621481,96075,53a21,43329a000,fb79b51f,00:37:21,154,409,400,234,0,83,5,3,10,2,1,-188972,0
8593,gnome-shell,137617123667968,15495,3741133965,10.0,2270241496100,2155288,3c87,97bc57000,defd2c8d,00:37:50,87,478,165,250,0,3,0,3,12,8,7,-1202288,3
8593,gnome-shell,137617096679424,726150,1549756076,12.0,2270426240710,1415494,b1486,97a29a000,5c5f66ac,00:37:50,154,465,165,250,0,177,11,1,4,8,6,-374016,2
8817,gsd-housekeepin,93837968756736,1200821,4067791226,9.0,2287221682454,710560,1252b5,85acb5000,f275917a,00:38:07,181,214,353,170,1,293,2,5,2,11,5,392490,2
8593,gnome-shell,137617123667968,893494,3741133965,10.0,2326611001058,667190,da236,97bc57000,defd2c8d,00:38:46,87,478,165,250,0,218,13,10,2,3,6,877999,2
8593,gnome-shell,137617096679424,362715,1549756076,12.0,2328157677810,1431564,588db,97a29a000,5c5f66ac,00:38:48,154,465,165,250,0,88,5,8,8,13,11,-363435,2
12329,update-notifier,108391886327808,1213030,877971724,15.0,2343222781287,909956,128266,4f3e19000,3454c90c,00:39:03,25,415,83,197,1,296,2,8,2,6,6,1195023,2
8593,gnome-shell,137617123667968,660554,3741133965,10.0,2344643483600,203473,a144a,97bc57000,defd2c8d,00:39:04,87,478,165,250,0,161,10,1,4,4,10,-232940,2
8817,gsd-housekeepin,93837968756736,1160965,4067791226,9.0,2347273066866,1236632,11b705,85acb5000,f275917a,00:39:07,181,214,353,170,1,283,1,11,7,0,5,-39856,2
8817,gsd-housekeepin,93837968756736,674103,4067791226,9.0,2407218182084,868232,a4937,85acb5000,f275917a,00:40:07,181,214,353,170,0,164,10,4,9,3,7,-486862,2
13936,sqldb:c~lite #6,129073215545344,1104787,4219057439,347.0,2422421620874,349722,10db93,43329a000,fb79b51f,00:40:22,154,409,400,234,1,269,0,13,11,9,3,762226,2
8593,gnome-shell,137617123667968,1083900,3741133965,10.0,2450256313379,77151,1089fc,97bc57000,defd2c8d,00:40:50,87,478,165,250,1,264,0,8,9,15,12,423346,0
8593,gnome-shell,137617123667968,600945,3741133965,10.0,2464883034259,1222533,92b71,97bc57000,defd2c8d,00:41:04,87,478,165,250,0,146,9,2,11,7,1,-482955,2
8817,gsd-housekeepin,93837968756736,1237652,4067791226,9.0,2467212568254,1295768,12e294,85acb5000,f275917a,00:41:07,181,214,353,170,1,302,2,14,2,9,4,563549,2
8593,gnome-shell,137617123667968,1151648,3741133965,10.0,2497291706032,1119513,1192a0,97bc57000,defd2c8d,00:41:37,87,478,165,250,1,281,1,9,2,10,0,550703,2
8593,gnome-shell,137617096679424,454296,1549756076,12.0,2510413183736,1865072,6ee98,97a29a000,5c5f66ac,00:41:50,154,465,165,250,0,110,6,14,14,9,8,91581,2
12329,update-notifier,108391886327808,538333,877971724,15.0,2523321936204,78167,836dd,4f3e19000,3454c90c,00:42:03,25,415,83,197,0,131,8,3,6,13,13,-674697,0
8817,gsd-housekeepin,93837968756736,1167405,4067791226,9.0,2527293103599,85846,11d02d,85acb5000,f275917a,00:42:07,181,214,353,170,1,285,1,13,0,2,13,-70247,0
13936,sqldb:c~lite #6,129073215545344,1167260,4219057439,347.0,2538316339940,287241,11cf9c,43329a000,fb79b51f,00:42:18,154,409,400,234,1,284,1,12,15,9,12,62473,2
8593,gnome-shell,137617123667968,1205343,3741133965,10.0,2570314352078,3190754,12645f,97bc57000,defd2c8d,00:42:50,87,478,165,250,1,294,2,6,4,5,15,53695,3
8593,gnome-shell,137617096679424,1202410,1549756076,12.0,2570640781861,98510,1258ea,97a29a000,5c5f66ac,00:42:50,154,465,165,250,1,293,2,5,8,14,10,748114,0
8817,gsd-housekeepin,93837968756736,1216522,4067791226,9.0,2587223848798,810322,12900a,85acb5000,f275917a,00:43:07,181,214,353,170,1,297,2,9,0,0,10,49117,2
8593,gnome-shell,137617123667968,1243539,3741133965,10.0,2610438778840,1137943,12f993,97bc57000,defd2c8d,00:43:30,87,478,165,250,1,303,2,15,9,9,3,38196,2
8593,gnome-shell,137617096679424,440167,1549756076,12.0,2632585746708,2095012,6b767,97a29a000,5c5f66ac,00:43:52,154,465,165,250,0,107,6,11,7,6,7,-762243,3
8817,gsd-housekeepin,93837968756736,1218178,4067791226,9.0,2647232648509,9344700,129682,85acb5000,f275917a,00:44:07,181,214,353,170,1,297,2,9,6,8,2,1656,3
8593,gnome-shell,137617123667968,1146555,3741133965,10.0,2687514028871,1341164,117ebb,97bc57000,defd2c8d,00:44:47,87,478,165,250,1,279,1,7,14,11,11,-96984,2
8593,gnome-shell,137617096679424,895958,1549756076,12.0,2697739217054,78848,dabd6,97a29a000,5c5f66ac,00:44:57,154,465,165,250,0,218,13,10,11,13,6,455791,0
12329,update-notifier,123296754130944,250801,3689761937,26.0,2700754859140,761998,3d3b1,3433b6000,dbed4c91,00:45:00,438,25,141,224,0,61,3,13,3,11,1,-198673,2
12329,update-notifier,108391886327808,450622,877971724,15.0,2703165955110,91833,6e03e,4f3e19000,3454c90c,00:45:03,25,415,83,197,0,110,6,14,0,3,14,-87711,0
8817,gsd-housekeepin,93837968756736,13334,4067791226,9.0,2707150835980,275503,3416,85acb5000,f275917a,00:45:07,181,214,353,170,0,3,0,3,4,1,6,-1204844,2
8593,gnome-shell,137617123667968,1218823,3741133965,10.0,2751672186344,1855200,129907,97bc57000,defd2c8d,00:45:51,87,478,165,250,1,297,2,9,9,0,7,72268,2
8593,gnome-shell,137617096679424,1246912,1549756076,12.0,2752052306052,978331,1306c0,97a29a000,5c5f66ac,00:45:52,154,465,165,250,1,304,3,0,6,12,0,350954,2
8817,gsd-housekeepin,93837968756736,878511,4067791226,9.0,2767223004027,77354,d67af,85acb5000,f275917a,00:46:07,181,214,353,170,0,214,13,6,7,10,15,865177,0
8593,gnome-shell,137617123667968,1143282,3741133965,10.0,2808702694977,756392,1171f2,97bc57000,defd2c8d,00:46:48,87,478,165,250,1,279,1,7,1,15,2,-75541,2
8593,gnome-shell,137617096679424,784723,1549756076,12.0,2810959962323,1053848,bf953,97a29a000,5c5f66ac,00:46:50,154,465,165,250,0,191,11,15,9,5,3,-462189,2
8817,gsd-housekeepin,93837968756736,184780,4067791226,9.0,2827275689612,76961,2d1cc,85acb5000,f275917a,00:47:07,181,214,353,170,0,45,2,13,1,12,12,-693731,0
12329,update-notifier,108391886327808,1143734,877971724,15.0,2848358490828,1367826,1173b6,4f3e19000,3454c90c,00:47:28,25,415,83,197,1,279,1,7,3,11,6,693112,2
12329,update-notifier,123296745701376,1220032,3741133965,10.0,2849043937690,66850,129dc0,342bac000,defd2c8d,00:47:29,428,21,141,224,1,297,2,9,13,12,0,132905,0
8593,gnome-shell,137617096679424,1120393,1549756076,12.0,2854061112977,1248170,111889,97a29a000,5c5f66ac,00:47:34,154,465,165,250,1,273,1,1,8,8,9,335670,2
8593,gnome-shell,137617096679424,1087309,1549756076,12.0,2871281846720,73803,10974d,97a29a000,5c5f66ac,00:47:51,154,465,165,250,1,265,0,9,7,4,13,-33084,0
8817,gsd-housekeepin,93837968756736,1080839,4067791226,9.0,2887221753126,6110410,107e07,85acb5000,f275917a,00:48:07,181,214,353,170,1,263,0,7,14,0,7,896059,3
8593,gnome-shell,137617096679424,396389,1549756076,12.0,2899578485256,1300136,60c65,97a29a000,5c5f66ac,00:48:19,154,465,165,250,0,96,6,0,12,6,5,-690920,2
8593,gnome-shell,137617123667968,1146265,3741133965,10.0,2930230866985,82631,117d99,97bc57000,defd2c8d,00:48:50,87,478,165,250,1,279,1,7,13,9,9,2983,0
8593,gnome-shell,137617096679424,1204065,1549756076,12.0,2930462337514,1118167,125f61,97a29a000,5c5f66ac,00:48:50,154,465,165,250,1,293,2,5,15,6,1,807676,2
8817,gsd-housekeepin,93837968756736,1143106,4067791226,9.0,2947618192971,1382282,117142,85acb5000,f275917a,00:49:07,181,214,353,170,1,279,1,7,1,4,2,62267,2
13936,sqldb:c~lite #6,129073215545344,202500,4219057439,347.0,2960625363646,277250,31704,43329a000,fb79b51f,00:49:20,154,409,400,234,0,49,3,1,7,0,4,-964760,2
8593,gnome-shell,137617096679424,1209480,1549756076,12.0,2993612652928,2024979,127488,97a29a000,5c5f66ac,00:49:53,154,465,165,250,1,295,2,7,4,8,8,5415,3
8817,gsd-housekeepin,93837968756736,1125798,4067791226,9.0,3008240100632,2178266,112da6,85acb5000,f275917a,00:50:08,181,214,353,170,1,274,1,2,13,10,6,-17308,3
8593,gnome-shell,137617096679424,1122754,1549756076,12.0,3025165734903,377050,1121c2,97a29a000,5c5f66ac,00:50:25,154,465,165,250,1,274,1,2,1,12,2,-86726,2
8593,gnome-shell,137617096679424,1204937,1549756076,12.0,3051137936743,2890004,1262c9,97a29a000,5c5f66ac,00:50:51,154,465,165,250,1,294,2,6,2,12,9,82183,3
12329,update-notifier,108391886327808,541928,877971724,15.0,3063229979931,303024,844e8,4f3e19000,3454c90c,00:51:03,25,415,83,197,0,132,8,4,4,14,8,-601806,2
13936,sqldb:c~lite #6,129073215545344,1213729,4219057439,347.0,3095184180844,15589872,128521,43329a000,fb79b51f,00:51:35,154,409,400,234,1,296,2,8,5,2,1,1011229,4
8593,gnome-shell,137616938680320,661433,2590028769,12.0,3113933024658,5002786,a17b9,970bec000,9a60b3e1,00:51:53,492,389,165,250,0,161,10,1,7,11,9,0,3
12329,update-notifier,123296754130944,44032,3689761937,26.0,3119821702278,796635,ac00,3433b6000,dbed4c91,00:51:59,438,25,141,224,0,10,0,10,12,0,0,-206769,2
13936,sqldb:c~lite #6,129073215545344,1195997,4219057439,347.0,3164944879855,119846,123fdd,43329a000,fb79b51f,00:52:44,154,409,400,234,1,291,2,3,15,13,13,-17732,1
8593,gnome-shell,137617123667968,1217342,3741133965,10.0,3170237806514,1027798,12933e,97bc57000,defd2c8d,00:52:50,87,478,165,250,1,297,2,9,3,3,14,71077,2
8593,gnome-shell,137617096679424,1234223,1549756076,12.0,3170543883173,979563,12d52f,97a29a000,5c5f66ac,00:52:50,154,465,165,250,1,301,2,13,5,2,15,29286,2
8817,gsd-housekeepin,93837968756736,1219988,4067791226,9.0,3188245291032,73207,129d94,85acb5000,f275917a,00:53:08,181,214,353,170,1,297,2,9,13,9,4,94190,0
8593,gnome-shell,137617096679424,1151267,1549756076,12.0,3234379971034,366315,119123,97a29a000,5c5f66ac,00:53:54,154,465,165,250,1,281,1,9,1,2,3,-82956,2
12329,update-notifier,108391886327808,683775,877971724,15.0,3243842270558,288486,a6eff,4f3e19000,3454c90c,00:54:03,25,415,83,197,0,166,10,6,14,15,15,141847,2
8817,gsd-housekeepin,93837968756736,536766,4067791226,9.0,3248215707898,898259,830be,85acb5000,f275917a,00:54:08,181,214,353,170,0,131,8,3,0,11,14,-683222,2
8593,gnome-shell,137617096679424,169591,1549756076,12.0,3290935970649,750163,29677,97a29a000,5c5f66ac,00:54:50,154,465,165,250,0,41,2,9,6,7,7,-981676,2
8817,gsd-housekeepin,93837968756736,1088808,4067791226,9.0,3308259992750,371855,109d28,85acb5000,f275917a,00:55:08,181,214,353,170,1,265,0,9,13,2,8,552042,2
8593,gnome-shell,137617096679424,1153720,1549756076,12.0,3338022559615,196407,119ab8,97a29a000,5c5f66ac,00:55:38,154,465,165,250,1,281,1,9,10,11,8,984129,1
8593,gnome-shell,137616938008576,576534,2988691584,8.0,3355143219100,865817,8cc16,970b48000,b223d080,00:55:55,328,389,165,250,0,140,8,12,12,1,6,-545658,2
8817,gsd-housekeepin,93837968756736,1138841,4067791226,9.0,3368223089340,74737,116099,85acb5000,f275917a,00:56:08,181,214,353,170,1,278,1,6,0,9,9,50033,0
8593,gnome-shell,137617096679424,529547,1549756076,12.0,3381942973716,1145226,8148b,97a29a000,5c5f66ac,00:56:21,154,465,165,250,0,129,8,1,4,8,11,-624173,2
8593,gnome-shell,137617123667968,1232119,3741133965,10.0,3410375617442,15758185,12ccf7,97bc57000,defd2c8d,00:56:50,87,478,165,250,1,300,2,12,12,15,7,14777,4
8593,gnome-shell,137617096679424,1236342,1549756076,12.0,3411988844103,16206895,12dd76,97a29a000,5c5f66ac,00:56:51,154,465,165,250,1,301,2,13,13,7,6,706795,4
13936,sqldb:c~lite #6,129073215545344,1237944,4219057439,347.0,3413837204557,109130,12e3b8,43329a000,fb79b51f,00:56:53,154,409,400,234,1,302,2,14,3,11,8,41947,1
12329,update-notifier,123296745701376,1214878,3741133965,10.0,3419607272345,84738,12899e,342bac000,defd2c8d,00:56:59,428,21,141,224,1,296,2,8,9,9,14,-5154,0
8593,gnome-shell,137617123667968,1212787,3741133965,10.0,3470240221207,67671,128173,97bc57000,defd2c8d,00:57:50,87,478,165,250,1,296,2,8,1,7,3,-19332,0
8593,gnome-shell,137617096679424,1196032,1549756076,12.0,3470621781428,1221718,124000,97a29a000,5c5f66ac,00:57:50,154,465,165,250,1,292,2,4,0,0,0,-40310,2
8593,gnome-shell,137617123667968,198066,3741133965,10.0,3477131632230,904484,305b2,97bc57000,defd2c8d,00:57:57,87,478,165,250,0,48,3,0,5,11,2,-1014721,2
8817,gsd-housekeepin,93837968756736,584722,4067791226,9.0,3488233083385,70986,8ec12,85acb5000,f275917a,00:58:08,181,214,353,170,0,142,8,14,12,1,2,-554119,0
8593,gnome-shell,137617096679424,1095083,1549756076,12.0,3531048608786,1290992,10b5ab,97a29a000,5c5f66ac,00:58:51,154,465,165,250,1,267,0,11,5,10,11,-100949,2
8817,gsd-housekeepin,93837968756736,1201916,4067791226,9.0,3548226785775,1549195,1256fc,85acb5000,f275917a,00:59:08,181,214,353,170,1,293,2,5,6,15,12,617194,2
8593,gnome-shell,137617123667968,1151371,3741133965,10.0,3572385682269,72752,11918b,97bc57000,defd2c8d,00:59:32,87,478,165,250,1,281,1,9,1,8,11,953305,0
8593,gnome-shell,137617123667968,717912,3741133965,10.0,3590231625485,6853953,af458,97bc57000,defd2c8d,00:59:50,87,478,165,250,0,175,10,15,4,5,8,-433459,3
8593,gnome-shell,137617096679424,6721,1549756076,12.0,3590442117226,1142860,1a41,97a29a000,5c5f66ac,00:59:50,154,465,165,250,0,1,0,1,10,4,1,-1088362,2
12329,update-notifier,108391886327808,216570,877971724,15.0,3604760603952,1591354,34dfa,4f3e19000,3454c90c,01:00:04,25,415,83,197,0,52,3,4,13,15,10,-467205,2
8817,gsd-housekeepin,93837968756736,50317,4067791226,9.0,3608231858659,1530835,c48d,85acb5000,f275917a,01:00:08,181,214,353,170,0,12,0,12,4,8,13,-1151599,2
8593,gnome-shell,137617123667968,842070,3741133965,10.0,3650256284667,8413960,cd956,97bc57000,defd2c8d,01:00:50,87,478,165,250,0,205,12,13,9,5,6,124158,3
8593,gnome-shell,137617096679424,159888,1549756076,12.0,3650721067497,1971396,27090,97a29a000,5c5f66ac,01:00:50,154,465,165,250,0,39,2,7,0,9,0,153167,2
8817,gsd-housekeepin,93837968756736,731623,4067791226,9.0,3668207616295,137371,b29e7,85acb5000,f275917a,01:01:08,181,214,353,170,0,178,11,2,9,14,7,681306,1
8593,gnome-shell,137617096679424,159888,1549756076,12.0,3692869708285,77216,27090,97a29a000,5c5f66ac,01:01:32,154,465,165,250,0,39,2,7,0,9,0,0,0
8593,gnome-shell,137616938680320,1247488,2590028769,12.0,3694714589799,1880223,130900,970bec000,9a60b3e1,01:01:34,492,389,165,250,1,304,3,0,9,0,0,586055,2
8593,gnome-shell,137616939741184,178556,2308569309,82.0,3696545032373,866498,2b97c,970cef000,8999f8dd,01:01:36,239,390,165,250,0,43,2,11,9,7,12,170274,2
12329,update-notifier,123296754130944,674879,3689761937,26.0,3700054082538,229627,a4c3f,3433b6000,dbed4c91,01:01:40,438,25,141,224,0,164,10,4,12,3,15,630847,2
8817,gsd-housekeepin,93837968756736,1230608,4067791226,9.0,3728169242768,1138015,12c710,85acb5000,f275917a,01:02:08,181,214,353,170,1,300,2,12,7,1,0,498985,2
8593,gnome-shell,137617123667968,1122216,3741133965,10.0,3772993873172,903368,111fa8,97bc57000,defd2c8d,01:02:52,87,478,165,250,1,273,1,1,15,10,8,280146,2
8593,gnome-shell,137617123667968,1170070,3741133965,10.0,3778146719937,901669,11da96,97bc57000,defd2c8d,01:02:58,87,478,165,250,1,285,1,13,10,9,6,47854,2
12329,update-notifier,108391886327808,1177854,877971724,15.0,3785159136050,92895,11f8fe,4f3e19000,3454c90c,01:03:05,25,415,83,197,1,287,1,15,8,15,14,961284,0
8817,gsd-housekeepin,93837968756736,419930,4067791226,9.0,3788201857459,114384770,6685a,85acb5000,f275917a,01:03:08,181,214,353,170,0,102,6,6,8,5,10,-810678,4
13936,sqldb:c~lite #6,129073215545344,1141444,4219057439,347.0,3797228191238,87005,116ac4,43329a000,fb79b51f,01:03:17,154,409,400,234,1,278,1,6,10,12,4,-96500,0
8593,gnome-shell,137617096679424,1168552,1549756076,12.0,3816396186332,1126847,11d4a8,97a29a000,5c5f66ac,01:03:36,154,465,165,250,1,285,1,13,4,10,8,1008664,2
8817,gsd-housekeepin,93837968756736,1192077,4067791226,9.0,3848199656054,733010,12308d,85acb5000,f275917a,01:04:08,181,214,353,170,1,291,2,3,0,8,13,772147,2
8593,gnome-shell,137617096679424,12907,1549756076,12.0,3865747587149,939407,326b,97a29a000,5c5f66ac,01:04:25,154,465,165,250,0,3,0,3,2,6,11,-1155645,2
8593,gnome-shell,137617123667968,1186244,3741133965,10.0,3890364726626,877689,1219c4,97bc57000,defd2c8d,01:04:50,87,478,165,250,1,289,2,1,9,12,4,16174,2
8593,gnome-shell,137617096679424,1125507,1549756076,12.0,3890815580392,1578525,112c83,97a29a000,5c5f66ac,01:04:50,154,465,165,250,1,274,1,2,12,8,3,1112600,2
8817,gsd-housekeepin,93837968756736,1167619,4067791226,9.0,3908296266880,97425,11d103,85acb5000,f275917a,01:05:08,181,214,353,170,1,285,1,13,1,0,3,-24458,0
8593,gnome-shell,137617123667968,1252315,3741133965,10.0,3909033265178,718302,131bdb,97bc57000,defd2c8d,01:05:09,87,478,165,250,1,305,3,1,11,13,11,66071,2
13936,sqldb:c~lite #6,129073215545344,1241343,4219057439,347.0,3926444175584,1625906,12f0ff,43329a000,fb79b51f,01:05:26,154,409,400,234,1,303,2,15,0,15,15,99899,2
8593,gnome-shell,137617123667968,1179580,3741133965,10.0,3938341223157,1084100,11ffbc,97bc57000,defd2c8d,01:05:38,87,478,165,250,1,287,1,15,15,11,12,-72735,2
8593,gnome-shell,137617096679424,43525,1549756076,12.0,3950408773591,1715308,aa05,97a29a000,5c5f66ac,01:05:50,154,465,165,250,0,10,0,10,10,0,5,-1081982,2
12329,update-notifier,108391886327808,1122678,877971724,15.0,3965272115346,612021,112176,4f3e19000,3454c90c,01:06:05,25,415,83,197,1,274,1,2,1,7,6,-55176,2
8817,gsd-housekeepin,93837968756736,1196380,4067791226,9.0,3968300916036,4084802,12415c,85acb5000,f275917a,01:06:08,181,214,353,170,1,292,2,4,1,5,12,28761,3
8593,gnome-shell,137617123667968,1184574,3741133965,10.0,4010239790108,954562,12133e,97bc57000,defd2c8d,01:06:50,87,478,165,250,1,289,2,1,3,3,14,4994,2
8593,gnome-shell,137617096679424,1247538,1549756076,12.0,4010658568662,252004,130932,97a29a000,5c5f66ac,01:06:50,154,465,165,250,1,304,3,0,9,3,2,1204013,2
12329,update-notifier,123296745701376,1214182,3741133965,10.0,4021804596438,74973,1286e6,342bac000,defd2c8d,01:07:01,428,21,141,224,1,296,2,8,6,14,6,-696,0
8817,gsd-housekeepin,93837968756736,1103392,4067791226,9.0,4028241836008,67526,10d620,85acb5000,f275917a,01:07:08,181,214,353,170,1,269,0,13,6,2,0,-92988,0
8593,gnome-shell,137617096679424,1122053,1549756076,12.0,4070619159662,7786774,111f05,97a29a000,5c5f66ac,01:07:50,154,465,165,250,1,273,1,1,15,0,5,-125485,3
8817,gsd-housekeepin,93837968756736,1164941,4067791226,9.0,4088206991808,6789381,11c68d,85acb5000,f275917a,01:08:08,181,214,353,170,1,284,1,12,6,8,13,61549,3
8593,gnome-shell,137617096679424,1221202,1549756076,12.0,4106938497802,1562011,12a252,97a29a000,5c5f66ac,01:08:26,154,465,165,250,1,298,2,10,2,5,2,99149,2
12329,update-notifier,123296754130944,600892,3689761937,26.0,4109766566473,1469589,92b3c,3433b6000,dbed4c91,01:08:29,438,25,141,224,0,146,9,2,11,3,12,-73987,2
8593,gnome-shell,137616938008576,1146865,2988691584,8.0,4129010012250,1069332,117ff1,970b48000,b223d080,01:08:49,328,389,165,250,1,279,1,7,15,15,1,570331,2
8593,gnome-shell,137617096679424,1221202,1549756076,12.0,4141378831916,71619,12a252,97a29a000,5c5f66ac,01:09:01,154,465,165,250,1,298,2,10,2,5,2,0,0
12329,update-notifier,108391886327808,1113594,877971724,15.0,4145279043507,8381276,10fdfa,4f3e19000,3454c90c,01:09:05,25,415,83,197,1,271,0,15,13,15,10,-9084,3
8817,gsd-housekeepin,93837968756736,699275,4067791226,9.0,4148181913225,942968,aab8b,85acb5000,f275917a,01:09:08,181,214,353,170,0,170,10,10,11,8,11,-465666,2
13936,sqldb:c~lite #6,129073215545344,825629,4219057439,347.0,4161794683552,90230,c991d,43329a000,fb79b51f,01:09:21,154,409,400,234,0,201,12,9,9,1,13,-415714,0
8593,gnome-shell,137617096679424,1252306,1549756076,12.0,4192260673102,1632035,131bd2,97a29a000,5c5f66ac,01:09:52,154,465,165,250,1,305,3,1,11,13,2,31104,2
8817,gsd-housekeepin,93837968756736,1144929,4067791226,9.0,4208201482588,198770,117861,85acb5000,f275917a,01:10:08,181,214,353,170,1,279,1,7,8,6,1,445654,1
8593,gnome-shell,137617096679424,1252306,1549756076,12.0,4213053127457,1169966,131bd2,97a29a000,5c5f66ac,01:10:13,154,465,165,250,1,305,3,1,11,13,2,0,2
13936,sqldb:c~lite #6,129073215545344,1113872,4219057439,347.0,4246427240490,1041610,10ff10,43329a000,fb79b51f,01:10:46,154,409,400,234,1,271,0,15,15,1,0,288243,2
8593,gnome-shell,137617096679424,1063565,1549756076,12.0,4252917060469,786692,103a8d,97a29a000,5c5f66ac,01:10:52,154,465,165,250,1,259,0,3,10,8,13,-188741,2
8817,gsd-housekeepin,93837968756736,1248584,4067791226,9.0,4268250555682,65303537,130d48,85acb5000,f275917a,01:11:08,181,214,353,170,1,304,3,0,13,4,8,103655,4
8593,gnome-shell,137617096679424,318695,1549756076,12.0,4299279963666,111272,4dce7,97a29a000,5c5f66ac,01:11:39,154,465,165,250,0,77,4,13,12,14,7,-744870,1
12329,update-notifier,108391886327808,1201378,877971724,15.0,4325140870533,76260,1254e2,4f3e19000,3454c90c,01:12:05,25,415,83,197,1,293,2,5,4,14,2,87784,0
8593,gnome-shell,137617113309184,424011,3599601794,22.0,4328053618248,90441,6784b,97b276000,d68d9082,01:12:08,118,473,165,250,0,103,6,7,8,4,11,-281151,0
8817,gsd-housekeepin,93837968756736,816565,4067791226,9.0,4328199896654,839639,c75b5,85acb5000,f275917a,01:12:08,181,214,353,170,0,199,12,7,5,11,5,-432019,2
13936,sqldb:c~lite #6,129073215545344,244515,4219057439,347.0,4333376073764,349561,3bb23,43329a000,fb79b51f,01:12:13,154,409,400,234,0,59,3,11,11,2,3,-869357,2
8593,gnome-shell,137617096679424,623047,1549756076,12.0,4346086969633,1239672,981c7,97a29a000,5c5f66ac,01:12:26,154,465,165,250,0,152,9,8,1,12,7,304352,2
8817,gsd-housekeepin,93837968756736,272847,4067791226,9.0,4388224175700,67645,429cf,85acb5000,f275917a,01:13:08,181,214,353,170,0,66,4,2,9,12,15,-543718,0
8593,gnome-shell,137617096679424,1094858,1549756076,12.0,4410220145272,1215689,10b4ca,97a29a000,5c5f66ac,01:13:30,154,465,165,250,1,267,0,11,4,12,10,471811,2
8817,gsd-housekeepin,93837968756736,1222775,4067791226,9.0,4448243209617,908521,12a877,85acb5000,f275917a,01:14:08,181,214,353,170,1,298,2,10,8,7,7,949928,2
8593,gnome-shell,137617096679424,1177699,1549756076,12.0,4490937198089,1310003,11f863,97a29a000,5c5f66ac,01:14:50,154,465,165,250,1,287,1,15,8,6,3,82841,2
12329,update-notifier,108391886327808,850246,877971724,15.0,4505241602503,81921,cf946,4f3e19000,3454c90c,01:15:05,25,415,83,197,0,207,12,15,9,4,6,-351132,0
13936,sqldb:c~lite #6,129073215545344,490398,4219057439,347.0,4506996711944,89069,77b9e,43329a000,fb79b51f,01:15:06,154,409,400,234,0,119,7,7,11,9,14,245883,0
8817,gsd-housekeepin,93837968756736,1144262,4067791226,9.0,4508214943046,811633,1175c6,85acb5000,f275917a,01:15:08,181,214,353,170,1,279,1,7,5,12,6,-78513,2
8593,gnome-shell,137617096679424,1098063,1549756076,12.0,4550438789848,1048237,10c14f,97a29a000,5c5f66ac,01:15:50,154,465,165,250,1,268,0,12,1,4,15,-79636,2
8817,gsd-housekeepin,93837968756736,851055,4067791226,9.0,4568217845898,967370,cfc6f,85acb5000,f275917a,01:16:08,181,214,353,170,0,207,12,15,12,6,15,-293207,2
8593,gnome-shell,137617096679424,1232129,1549756076,12.0,4610595872430,828231,12cd01,97a29a000,5c5f66ac,01:16:50,154,465,165,250,1,300,2,12,13,0,1,134066,2
8817,gsd-housekeepin,93837968756736,1241533,4067791226,9.0,4628203534545,77547,12f1bd,85acb5000,f275917a,01:17:08,181,214,353,170,1,303,2,15,1,11,13,390478,0
8593,gnome-shell,137617123667968,180806,3741133965,10.0,4670830162025,1898736,2c246,97bc57000,defd2c8d,01:17:50,87,478,165,250,0,44,2,12,2,4,6,-1003768,2
8593,gnome-shell,137617096679424,160087,1549756076,12.0,4671019293469,1249944,27157,97a29a000,5c5f66ac,01:17:51,154,465,165,250,0,39,2,7,1,5,7,-1072042,2
12329,update-notifier,108391886327808,1186264,877971724,15.0,4685350782287,179839,1219d8,4f3e19000,3454c90c,01:18:05,25,415,83,197,1,289,2,1,9,13,8,336018,1
8817,gsd-housekeepin,93837968756736,530318,4067791226,9.0,4688237098288,1432958,8178e,85acb5000,f275917a,01:18:08,181,214,353,170,0,129,8,1,7,8,14,-711215,2
8593,gnome-shell,137617096679424,1219457,1549756076,12.0,4693247888892,16305,129b81,97a29a000,5c5f66ac,01:18:13,154,465,165,250,1,297,2,9,11,8,1,1059370,0
8593,gnome-shell,137617096679424,421355,1549756076,12.0,4712726922485,1945195,66deb,97a29a000,5c5f66ac,01:18:32,154,465,165,250,0,102,6,6,13,14,11,-798102,2
8593,gnome-shell,137617047781376,1146232,3081736588,39.0,4717063102252,994648,117d78,9773f8000,b7af918c,01:18:37,504,441,165,250,1,279,1,7,13,7,8,0,2
8593,gnome-shell,137617113309184,1223769,3599601794,22.0,4733628871373,746909,12ac59,97b276000,d68d9082,01:18:53,118,473,165,250,1,298,2,10,12,5,9,799758,2
13936,sqldb:c~lite #6,129073215545344,1183804,4219057439,347.0,4734379222381,1230711,12103c,43329a000,fb79b51f,01:18:54,154,409,400,234,1,289,2,1,0,3,12,693406,2
8593,gnome-shell,137616938008576,546271,2988691584,6.0,4739317201689,14075793,855df,970b48000,b223d080,01:18:59,328,389,165,250,0,133,8,5,5,13,15,0,3
8593,gnome-shell,137617096679424,1214258,1549756076,12.0,4741141883180,1106413,128732,97a29a000,5c5f66ac,01:19:01,154,465,165,250,1,296,2,8,7,3,2,792903,2
8817,gsd-housekeepin,93837968756736,1146803,4067791226,9.0,4748200833351,75354,117fb3,85acb5000,f275917a,01:19:08,181,214,353,170,1,279,1,7,15,11,3,616485,0
8593,gnome-shell,137617096679424,41024,1549756076,12.0,4786418991191,1123045,a040,97a29a000,5c5f66ac,01:19:46,154,465,165,250,0,10,0,10,0,4,0,-1173234,2
8817,gsd-housekeepin,93837968756736,1246043,4067791226,9.0,4808228666853,1180995,13035b,85acb5000,f275917a,01:20:08,181,214,353,170,1,304,3,0,3,5,11,99240,2
8593,gnome-shell,137617096679424,1097729,1549756076,12.0,4833386229675,620475,10c001,97a29a000,5c5f66ac,01:20:33,154,465,165,250,1,268,0,12,0,0,1,1056705,2
8593,gnome-shell,137617096679424,1186265,1549756076,12.0,4852638918073,1002691,1219d9,97a29a000,5c5f66ac,01:20:52,154,465,165,250,1,289,2,1,9,13,9,88536,2
12329,update-notifier,108391886327808,1149123,877971724,15.0,4865281056347,119290,1188c3,4f3e19000,3454c90c,01:21:05,25,415,83,197,1,280,1,8,8,12,3,-37141,1
8817,gsd-housekeepin,93837968756736,718200,4067791226,9.0,4868200900170,74919,af578,85acb5000,f275917a,01:21:08,181,214,353,170,0,175,10,15,5,7,8,-527843,0
8593,gnome-shell,137617096679424,1202090,1549756076,12.0,4910537048168,1241449,1257aa,97a29a000,5c5f66ac,01:21:50,154,465,165,250,1,293,2,5,7,10,10,15825,2
8817,gsd-housekeepin,93837968756736,1246491,4067791226,9.0,4928213607264,255880,13051b,85acb5000,f275917a,01:22:08,181,214,353,170,1,304,3,0,5,1,11,528291,2
8593,gnome-shell,137617096679424,509443,1549756076,12.0,4928836303295,146705,7c603,97a29a000,5c5f66ac,01:22:08,154,465,165,250,0,124,7,12,6,0,3,-692647,1
8593,gnome-shell,137617123667968,1209278,3741133965,10.0,4955802047820,742278,1273be,97bc57000,defd2c8d,01:22:35,87,478,165,250,1,295,2,7,3,11,14,1028472,2
8593,gnome-shell,137617123667968,1191606,3741133965,10.0,4972843139290,1054955,122eb6,97bc57000,defd2c8d,01:22:52,87,478,165,250,1,290,2,2,14,11,6,-17672,2
8593,gnome-shell,137617096679424,1246853,1549756076,12.0,4973109090299,1217847,130685,97a29a000,5c5f66ac,01:22:53,154,465,165,250,1,304,3,0,6,8,5,737410,2
8817,gsd-housekeepin,93837968756736,1168086,4067791226,9.0,4988353027081,86453,11d2d6,85acb5000,f275917a,01:23:08,181,214,353,170,1,285,1,13,2,13,6,-78405,0
8593,gnome-shell,137617123667968,1125379,3741133965,10.0,5030250989781,141392,112c03,97bc57000,defd2c8d,01:23:50,87,478,165,250,1,274,1,2,12,0,3,-66227,1
8593,gnome-shell,137617096679424,1110171,1549756076,12.0,5030813362151,1606021,10f09b,97a29a000,5c5f66ac,01:23:50,154,465,165,250,1,271,0,15,0,9,11,-136682,2
12329,update-notifier,108391886327808,36373,877971724,15.0,5045524638370,137510,8e15,4f3e19000,3454c90c,01:24:05,25,415,83,197,0,8,0,8,14,1,5,-1112750,1
8817,gsd-housekeepin,93837968756736,1220687,4067791226,9.0,5048238215637,138666,12a04f,85acb5000,f275917a,01:24:08,181,214,353,170,1,298,2,10,0,4,15,52601,1
13936,sqldb:c~lite #6,129073215545344,321692,4219057439,347.0,5068398625663,80333,4e89c,43329a000,fb79b51f,01:24:28,154,409,400,234,0,78,4,14,8,9,12,-862112,0
8593,gnome-shell,137617123667968,1211429,3741133965,10.0,5076186630976,1074761,127c25,97bc57000,defd2c8d,01:24:36,87,478,165,250,1,295,2,7,12,2,5,86050,2
8593,gnome-shell,137617096679424,1099191,1549756076,12.0,5095220033385,1443680,10c5b7,97a29a000,5c5f66ac,01:24:55,154,465,165,250,1,268,0,12,5,11,7,-10980,2
8817,gsd-housekeepin,93837968756736,11070,4067791226,9.0,5108215813243,78462,2b3e,85acb5000,f275917a,01:25:08,181,214,353,170,0,2,0,2,11,3,14,-1209617,0
8593,gnome-shell,137617123667968,1244827,3741133965,10.0,5150334124547,2072103,12fe9b,97bc57000,defd2c8d,01:25:50,87,478,165,250,1,303,2,15,14,9,11,33398,3
8593,gnome-shell,137617096679424,1178369,1549756076,12.0,5150821030933,80440,11fb01,97a29a000,5c5f66ac,01:25:50,154,465,165,250,1,287,1,15,11,0,1,79178,0
8817,gsd-housekeepin,93837968756736,76342,4067791226,9.0,5168213900401,71925,12a36,85acb5000,f275917a,01:26:08,181,214,353,170,0,18,1,2,10,3,6,65272,0
8593,gnome-shell,137617096679424,408499,1549756076,12.0,5168783666882,1639961,63bb3,97a29a000,5c5f66ac,01:26:08,154,465,165,250,0,99,6,3,11,11,3,-769870,2
8593,gnome-shell,137617123667968,620843,3741133965,10.0,5168826835782,929441,9792b,97bc57000,defd2c8d,01:26:08,87,478,165,250,0,151,9,7,9,2,11,-623984,2
8593,gnome-shell,137617123667968,1164243,3741133965,10.0,5210282347488,2153717,11c3d3,97bc57000,defd2c8d,01:26:50,87,478,165,250,1,284,1,12,3,13,3,543400,3
8593,gnome-shell,137617096679424,1165942,1549756076,12.0,5210711624453,75276,11ca76,97a29a000,5c5f66ac,01:26:50,154,465,165,250,1,284,1,12,10,7,6,757443,0
13936,sqldb:c~lite #6,129073215545344,1191198,4219057439,347.0,5221635010798,3093191,122d1e,43329a000,fb79b51f,01:27:01,154,409,400,234,1,290,2,2,13,1,14,869506,3
12329,update-notifier,123296745701376,1203464,3741133965,10.0,5222105957199,75114,125d08,342bac000,defd2c8d,01:27:02,428,21,141,224,1,293,2,5,13,0,8,-10718,0
8593,gnome-shell,137617096679424,1114328,1549756076,12.0,5224893379425,886137,1100d8,97a29a000,5c5f66ac,01:27:04,154,465,165,250,1,272,1,0,0,13,8,-51614,2
8817,gsd-housekeepin,93837968756736,714763,4067791226,9.0,5228213757753,98831,ae80b,85acb5000,f275917a,01:27:08,181,214,353,170,0,174,10,14,8,0,11,638421,0
8593,gnome-shell,137617123667968,1144425,3741133965,10.0,5269639814343,509225,117669,97bc57000,defd2c8d,01:27:49,87,478,165,250,1,279,1,7,6,6,9,-19818,2
8593,gnome-shell,137617096679424,626173,1549756076,12.0,5272072869326,339554,98dfd,97a29a000,5c5f66ac,01:27:52,154,465,165,250,0,152,9,8,13,15,13,-488155,2
8593,gnome-shell,137617096679424,1164743,1549756076,12.0,5287785312562,65953,11c5c7,97a29a000,5c5f66ac,01:28:07,154,465,165,250,1,284,1,12,5,12,7,538570,0
8593,gnome-shell,137617123667968,1099093,3741133965,10.0,5287949989372,66402,10c555,97bc57000,defd2c8d,01:28:07,87,478,165,250,1,268,0,12,5,5,5,-45332,0
8817,gsd-housekeepin,93837968756736,1089220,4067791226,9.0,5288221103569,1027776,109ec4,85acb5000,f275917a,01:28:08,181,214,353,170,1,265,0,9,14,12,4,374457,2
8593,gnome-shell,137617123667968,1100694,3741133965,10.0,5316458160124,600786,10cb96,97bc57000,defd2c8d,01:28:36,87,478,165,250,1,268,0,12,11,9,6,1601,2
8593,gnome-shell,137617096679424,504416,1549756076,12.0,5318373682849,1416250,7b260,97a29a000,5c5f66ac,01:28:38,154,465,165,250,0,123,7,11,2,6,0,-660327,2
8593,gnome-shell,137617123667968,1226393,3741133965,10.0,5330489765297,4314697,12b699,97bc57000,defd2c8d,01:28:50,87,478,165,250,1,299,2,11,6,9,9,125699,3
13936,sqldb:c~lite #6,129073215545344,849599,4219057439,347.0,5347068126588,89681,cf6bf,43329a000,fb79b51f,01:29:07,154,409,400,234,0,207,12,15,6,11,15,-341599,0
8817,gsd-housekeepin,93837968756736,38487,4067791226,9.0,5348216803744,81171,9657,85acb5000,f275917a,01:29:08,181,214,353,170,0,9,0,9,6,5,7,-1050733,0
8593,gnome-shell,137617123667968,1240944,3741133965,10.0,5390249042304,820425,12ef70,97bc57000,defd2c8d,01:29:50,87,478,165,250,1,302,2,14,15,7,0,14551,2
8593,gnome-shell,137617096679424,1198082,1549756076,12.0,5390611622182,1256597,124802,97a29a000,5c5f66ac,01:29:50,154,465,165,250,1,292,2,4,8,0,2,693666,2
12329,update-notifier,108391886327808,858740,877971724,15.0,5405332580184,300741,d1a74,4f3e19000,3454c90c,01:30:05,25,415,83,197,0,209,13,1,10,7,4,822367,2
8817,gsd-housekeepin,93837968756736,1142018,4067791226,9.0,5408218871470,72084,116d02,85acb5000,f275917a,01:30:08,181,214,353,170,1,278,1,6,13,0,2,1103531,0
8593,gnome-shell,137617096679424,1083995,1549756076,12.0,5408363195845,1138700,108a5b,97a29a000,5c5f66ac,01:30:08,154,465,165,250,1,264,0,8,10,5,11,-114087,2
8593,gnome-shell,137617123667968,1213768,3741133965,10.0,5408403788730,70415,128548,97bc57000,defd2c8d,01:30:08,87,478,165,250,1,296,2,8,5,4,8,-27176,0
8593,gnome-shell,137617123667968,1149727,3741133965,10.0,5431041551398,1673860,118b1f,97bc57000,defd2c8d,01:30:31,87,478,165,250,1,280,1,8,11,1,15,-64041,2
8593,gnome-shell,137617123667968,1210646,3741133965,10.0,5450359803558,1600438,127916,97bc57000,defd2c8d,01:30:50,87,478,165,250,1,295,2,7,9,1,6,60919,2
8593,gnome-shell,137617096679424,1167561,1549756076,12.0,5450789115941,259301,11d0c9,97a29a000,5c5f66ac,01:30:50,154,465,165,250,1,285,1,13,0,12,9,83566,2
8817,gsd-housekeepin,93837968756736,781139,4067791226,9.0,5468203730740,1573312,beb53,85acb5000,f275917a,01:31:08,181,214,353,170,0,190,11,14,11,5,3,-360879,2
8593,gnome-shell,137616939741184,803619,2308569309,82.0,5529955097735,11446703,c4323,970cef000,8999f8dd,01:32:09,239,390,165,250,0,196,12,4,3,2,3,625063,3
12329,update-notifier,123296754130944,535523,3689761937,26.0,5535065241113,134613,82be3,3433b6000,dbed4c91,01:32:15,438,25,141,224,0,130,8,2,11,14,3,-65369,1
8593,gnome-shell,137617113309184,561301,3599601794,22.0,5538780072081,1767146,89095,97b276000,d68d9082,01:32:18,118,473,165,250,0,137,8,9,0,9,5,-662468,2
8593,gnome-shell,137617096679424,1161128,1549756076,12.0,5572188364423,831355,11b7a8,97a29a000,5c5f66ac,01:32:52,154,465,165,250,1,283,1,11,7,10,8,-6433,2
12329,update-notifier,108391886327808,1112113,877971724,15.0,5585185927604,283515,10f831,4f3e19000,3454c90c,01:33:05,25,415,83,197,1,271,0,15,8,3,1,253373,2
8817,gsd-housekeepin,93837968756736,599748,4067791226,9.0,5588193974323,74976,926c4,85acb5000,f275917a,01:33:08,181,214,353,170,0,146,9,2,6,12,4,-181391,0
8593,gnome-shell,137617096679424,1076819,1549756076,12.0,5633023824312,1489080,106e53,97a29a000,5c5f66ac,01:33:53,154,465,165,250,1,262,0,6,14,5,3,-84309,2
8593,gnome-shell,137617096679424,1204171,1549756076,12.0,5644091722253,535441,125fcb,97a29a000,5c5f66ac,01:34:04,154,465,165,250,1,293,2,5,15,12,11,127352,2
8817,gsd-housekeepin,93837968756736,1149287,4067791226,9.0,5648760128943,73171,118967,85acb5000,f275917a,01:34:08,181,214,353,170,1,280,1,8,9,6,7,549539,0
8593,gnome-shell,137617096679424,1095103,1549756076,12.0,5666927197787,937455,10b5bf,97a29a000,5c5f66ac,01:34:26,154,465,165,250,1,267,0,11,5,11,15,-109068,2
8593,gnome-shell,137617096679424,1238954,1549756076,12.0,5690483713825,69410,12e7aa,97a29a000,5c5f66ac,01:34:50,154,465,165,250,1,302,2,14,7,10,10,143851,0
8817,gsd-housekeepin,93837968756736,1217652,4067791226,9.0,5709201060768,995454,129474,85acb5000,f275917a,01:35:09,181,214,353,170,1,297,2,9,4,7,4,68365,2
8593,gnome-shell,137617096679424,331211,1549756076,12.0,5710206602460,1057354,50dcb,97a29a000,5c5f66ac,01:35:10,154,465,165,250,0,80,5,0,13,12,11,-907743,2
8593,gnome-shell,137617096679424,1218372,1549756076,12.0,5750818609604,992858,129744,97a29a000,5c5f66ac,01:35:50,154,465,165,250,1,297,2,9,7,4,4,887161,2
12329,update-notifier,108391886327808,1224451,877971724,15.0,5766288953726,1214980,12af03,4f3e19000,3454c90c,01:36:06,25,415,83,197,1,298,2,10,15,0,3,112338,2
8817,gsd-housekeepin,93837968756736,1237017,4067791226,9.0,5769340864775,884076,12e019,85acb5000,f275917a,01:36:09,181,214,353,170,1,302,2,14,0,1,9,19365,2
8593,gnome-shell,137617096679424,404733,1549756076,12.0,5803228815032,4306269,62cfd,97a29a000,5c5f66ac,01:36:43,154,465,165,250,0,98,6,2,12,15,13,-813639,3
13936,sqldb:c~lite #6,129073215545344,1157614,4219057439,347.0,5818297814992,92109,11a9ee,43329a000,fb79b51f,01:36:58,154,409,400,234,1,282,1,10,9,14,14,308015,0
8817,gsd-housekeepin,93837968756736,1200194,4067791226,9.0,5829221142090,109082,125042,85acb5000,f275917a,01:37:09,181,214,353,170,1,293,2,5,0,4,2,-36823,1
8593,gnome-shell,137617096679424,1213593,1549756076,12.0,5864093786106,147053,128499,97a29a000,5c5f66ac,01:37:44,154,465,165,250,1,296,2,8,4,9,9,808860,1
8817,gsd-housekeepin,93837968756736,1204999,4067791226,9.0,5889307778288,4760158,126307,85acb5000,f275917a,01:38:09,181,214,353,170,1,294,2,6,3,0,7,4805,3
8593,gnome-shell,137617096679424,89059,1549756076,12.0,5930905309219,187797,15be3,97a29a000,5c5f66ac,01:38:50,154,465,165,250,0,21,1,5,11,14,3,-1124534,1
12329,update-notifier,108391886327808,1144152,877971724,15.0,5946534788677,147545,117558,4f3e19000,3454c90c,01:39:06,25,415,83,197,1,279,1,7,5,5,8,-80299,1
8817,gsd-housekeepin,93837968756736,616363,4067791226,9.0,5949215184456,127951,967ab,85acb5000,f275917a,01:39:09,181,214,353,170,0,150,9,6,7,10,11,-588636,1
8593,gnome-shell,137617096679424,764088,1549756076,12.0,6001894878509,129112,ba8b8,97a29a000,5c5f66ac,01:40:01,154,465,165,250,0,186,11,10,8,11,8,675029,1
8817,gsd-housekeepin,93837968756736,262210,4067791226,9.0,6009151712384,410184,40042,85acb5000,f275917a,01:40:09,181,214,353,170,0,64,4,0,0,4,2,-354153,2
8593,gnome-shell,137617096679424,764088,1549756076,12.0,6050446169911,934563,ba8b8,97a29a000,5c5f66ac,01:40:50,154,465,165,250,0,186,11,10,8,11,8,0,2
8817,gsd-housekeepin,93837968756736,1144285,4067791226,9.0,6069257262704,162042037,1175dd,85acb5000,f275917a,01:41:09,181,214,353,170,1,279,1,7,5,13,13,882075,4
8593,gnome-shell,137617096679424,248491,1549756076,12.0,6110804867278,263005,3caab,97a29a000,5c5f66ac,01:41:50,154,465,165,250,0,60,3,12,10,10,11,-515597,2
8593,gnome-shell,137616938074112,189657,860228716,7.0,6116473864312,79938,2e4d9,970b58000,33460c6c,01:41:56,344,389,165,250,0,46,2,14,4,13,9,-140209,0
8593,gnome-shell,137616939184128,258685,1402102815,7.0,6116510231049,78402,3f27d,970c67000,5392641f,01:41:56,103,390,165,250,0,63,3,15,2,7,13,0,0
12329,update-notifier,108391886327808,244186,877971724,15.0,6126144935842,72599,3b9da,4f3e19000,3454c90c,01:42:06,25,415,83,197,0,59,3,11,9,13,10,-899966,0
8817,gsd-housekeepin,93837968756736,569668,4067791226,9.0,6129222144423,69849,8b144,85acb5000,f275917a,01:42:09,181,214,353,170,0,139,8,11,1,4,4,-574617,0
12329,update-notifier,123296754130944,623171,3689761937,26.0,6132396833224,73033,98243,3433b6000,dbed4c91,01:42:12,438,25,141,224,0,152,9,8,2,4,3,87648,0
13936,sqldb:c~lite #6,129073215545344,674782,4219057439,347.0,6134469129609,116235,a4bde,43329a000,fb79b51f,01:42:14,154,409,400,234,0,164,10,4,11,13,14,-482832,1
8817,gsd-housekeepin,93837968756736,1195685,4067791226,9.0,6189200758734,1119197,123ea5,85acb5000,f275917a,01:43:09,181,214,353,170,1,291,2,3,14,10,5,626017,2
8817,gsd-housekeepin,93837968756736,1132805,4067791226,9.0,6249214382698,958492,114905,85acb5000,f275917a,01:44:09,181,214,353,170,1,276,1,4,9,0,5,-62880,2
12329,update-notifier,108391886327808,1195833,877971724,15.0,6306279702744,71615,123f39,4f3e19000,3454c90c,01:45:06,25,415,83,197,1,291,2,3,15,3,9,951647,0
8817,gsd-housekeepin,93837968756736,1174019,4067791226,9.0,6309253877806,2050475,11ea03,85acb5000,f275917a,01:45:09,181,214,353,170,1,286,1,14,10,0,3,41214,3
13936,sqldb:c~lite #6,129073215545344,1084655,4219057439,347.0,6486266069070,88515,108cef,43329a000,fb79b51f,01:48:06,154,409,400,234,1,264,0,8,12,14,15,409873,0
12329,update-notifier,108391886327808,1174119,877971724,15.0,6486326520278,187568,11ea67,4f3e19000,3454c90c,01:48:06,25,415,83,197,1,286,1,14,10,6,7,-21714,1
8817,gsd-housekeepin,93837968756736,147242,4067791226,9.0,6489220058848,904097,23f2a,85acb5000,f275917a,01:48:09,181,214,353,170,0,35,2,3,15,2,10,-1026777,2
8817,gsd-housekeepin,93837968756736,397295,4067791226,9.0,6549208536172,1035034,60fef,85acb5000,f275917a,01:49:09,181,214,353,170,0,96,6,0,15,14,15,250053,2
8817,gsd-housekeepin,93837968756736,1203251,4067791226,9.0,6609220054412,749306,125c33,85acb5000,f275917a,01:50:09,181,214,353,170,1,293,2,5,12,3,3,805956,2
12329,update-notifier,108391886327808,442499,877971724,15.0,6666380168220,83708,6c083,4f3e19000,3454c90c,01:51:06,25,415,83,197,0,108,6,12,0,8,3,-731620,0
8817,gsd-housekeepin,93837968756736,1188447,4067791226,9.0,6669205712614,512963,12225f,85acb5000,f275917a,01:51:09,181,214,353,170,1,290,2,2,2,5,15,-14804,2
13936,sqldb:c~lite #6,129073215545344,1237313,4219057439,347.0,6721678001551,78937,12e141,43329a000,fb79b51f,01:52:01,154,409,400,234,1,302,2,14,1,4,1,152658,0
8817,gsd-housekeepin,93837968756736,889042,4067791226,9.0,6729222694633,79275,d90d2,85acb5000,f275917a,01:52:09,181,214,353,170,0,217,13,9,0,13,2,-299405,0
8817,gsd-housekeepin,93837968756736,1235607,4067791226,9.0,6789270616516,812984,12da97,85acb5000,f275917a,01:53:09,181,214,353,170,1,301,2,13,10,9,7,346565,2
12329,update-notifier,108391886327808,482552,877971724,15.0,6846156281071,81489,75cf8,4f3e19000,3454c90c,01:54:06,25,415,83,197,0,117,7,5,12,15,8,40053,0
8817,gsd-housekeepin,93837968756736,1200827,4067791226,9.0,6849216217943,78279,1252bb,85acb5000,f275917a,01:54:09,181,214,353,170,1,293,2,5,2,11,11,-34780,0
13936,sqldb:c~lite #6,129073215545344,1131520,4219057439,347.0,6874746422940,81672,114400,43329a000,fb79b51f,01:54:34,154,409,400,234,1,276,1,4,4,0,0,-105793,0
8817,gsd-housekeepin,93837968756736,606179,4067791226,9.0,6909222591880,943751,93fe3,85acb5000,f275917a,01:55:09,181,214,353,170,0,147,9,3,15,14,3,-594648,2
8817,gsd-housekeepin,93837968756736,719437,4067791226,9.0,6969220284225,966867,afa4d,85acb5000,f275917a,01:56:09,181,214,353,170,0,175,10,15,10,4,13,113258,2
13936,sqldb:c~lite #6,129073215545344,1252148,4219057439,347.0,7087086941497,517583,131b34,43329a000,fb79b51f,01:58:07,154,409,400,234,1,305,3,1,11,3,4,120628,2
8817,gsd-housekeepin,93837968756736,1221267,4067791226,9.0,7089201182412,72517,12a293,85acb5000,f275917a,01:58:09,181,214,353,170,1,298,2,10,2,9,3,501830,0
12329,update-notifier,108391886327808,241756,877971724,15.0,7206284852605,71766,3b05c,4f3e19000,3454c90c,02:00:06,25,415,83,197,0,59,3,11,0,5,12,-240796,0
8817,gsd-housekeepin,93837968756736,1077209,4067791226,9.0,7209223117501,74564,106fd9,85acb5000,f275917a,02:00:09,181,214,353,170,1,262,0,6,15,13,9,-144058,0
8817,gsd-housekeepin,93837968756736,118665,4067791226,9.0,7269219075557,809081,1cf89,85acb5000,f275917a,02:01:09,181,214,353,170,0,28,1,12,15,8,9,-958544,2
8817,gsd-housekeepin,93837968756736,725720,4067791226,9.0,7329235869439,3177944,b12d8,85acb5000,f275917a,02:02:09,181,214,353,170,0,177,11,1,2,13,8,607055,3
13936,sqldb:c~lite #6,129073215545344,1188950,4219057439,347.0,7373277903504,237496,122456,43329a000,fb79b51f,02:02:53,154,409,400,234,1,290,2,2,4,5,6,-63198,2
12329,update-notifier,108391886327808,859862,877971724,15.0,7386210135527,213969,d1ed6,4f3e19000,3454c90c,02:03:06,25,415,83,197,0,209,13,1,14,13,6,618106,2
8817,gsd-housekeepin,93837968756736,1238407,4067791226,9.0,7390022028816,330167,12e587,85acb5000,f275917a,02:03:10,181,214,353,170,1,302,2,14,5,8,7,512687,2
8817,gsd-housekeepin,93837968756736,1139304,4067791226,9.0,7451441665215,84286,116268,85acb5000,f275917a,02:04:11,181,214,353,170,1,278,1,6,2,6,8,-99103,0
8817,gsd-housekeepin,93837968756736,892964,4067791226,9.0,7512220206354,888379,da024,85acb5000,f275917a,02:05:12,181,214,353,170,0,218,13,10,0,2,4,-246340,2
12329,update-notifier,108391886327808,389500,877971724,15.0,7566172326865,71397,5f17c,4f3e19000,3454c90c,02:06:06,25,415,83,197,0,95,5,15,1,7,12,-470362,0
8817,gsd-housekeepin,93837968756736,1226620,4067791226,9.0,7572452515614,1306897,12b77c,85acb5000,f275917a,02:06:12,181,214,353,170,1,299,2,11,7,7,12,333656,2
8817,gsd-housekeepin,93837968756736,1236658,4067791226,9.0,7633216678996,3490982,12deb2,85acb5000,f275917a,02:07:13,181,214,353,170,1,301,2,13,14,11,2,10038,3
13936,sqldb:c~lite #6,129073215545344,1135214,4219057439,347.0,7657364376774,89519,11526e,43329a000,fb79b51f,02:07:37,154,409,400,234,1,277,1,5,2,6,14,-53736,0
8817,gsd-housekeepin,93837968756736,1246464,4067791226,9.0,7693229786190,944271,130500,85acb5000,f275917a,02:08:13,181,214,353,170,1,304,3,0,5,0,0,9806,2
12329,update-notifier,108391886327808,1097988,877971724,15.0,7747031343454,14790458,10c104,4f3e19000,3454c90c,02:09:07,25,415,83,197,1,268,0,12,1,0,4,708488,3
8817,gsd-housekeepin,93837968756736,1167507,4067791226,9.0,7753330689303,949997,11d093,85acb5000,f275917a,02:09:13,181,214,353,170,1,285,1,13,0,9,3,-78957,2
8817,gsd-housekeepin,93837968756736,213047,4067791226,9.0,7813220799076,978209,34037,85acb5000,f275917a,02:10:13,181,214,353,170,0,52,3,4,0,3,7,-954460,2
8817,gsd-housekeepin,93837968756736,1201440,4067791226,9.0,7873500558512,225534,125520,85acb5000,f275917a,02:11:13,181,214,353,170,1,293,2,5,5,2,0,988393,2
13936,sqldb:c~lite #6,129073215545344,1114766,4219057439,347.0,7911200338390,92678,11028e,43329a000,fb79b51f,02:11:51,154,409,400,234,1,272,1,0,2,8,14,-20448,0
12329,update-notifier,108391886327808,1096673,877971724,15.0,7928175544813,115647,10bbe1,4f3e19000,3454c90c,02:12:08,25,415,83,197,1,267,0,11,11,14,1,-1315,1
8817,gsd-housekeepin,93837968756736,1200041,4067791226,9.0,7933283037539,50686840,124fa9,85acb5000,f275917a,02:12:13,181,214,353,170,1,292,2,4,15,10,9,-1399,4
12329,update-notifier,123296754130944,750239,3689761937,26.0,8267342596025,401204,b729f,3433b6000,dbed4c91,02:17:47,438,25,141,224,0,183,11,7,2,9,15,127068,2
8817,gsd-housekeepin,93837968756736,1198727,4067791226,9.0,8293165544865,3212542,124a87,85acb5000,f275917a,02:18:13,181,214,353,170,1,292,2,4,10,8,7,-1314,3
13936,sqldb:c~lite #6,129073215545344,1168076,4219057439,347.0,8344110024592,114120,11d2cc,43329a000,fb79b51f,02:19:04,154,409,400,234,1,285,1,13,2,12,12,53310,1
8817,gsd-housekeepin,93837968756736,1156875,4067791226,9.0,8353267173288,2224940,11a70b,85acb5000,f275917a,02:19:13,181,214,353,170,1,282,1,10,7,0,11,-41852,3
8817,gsd-housekeepin,93837968756736,417154,4067791226,9.0,8413205986256,1911385,65d82,85acb5000,f275917a,02:20:13,181,214,353,170,0,101,6,5,13,8,2,-739721,2
12329,update-notifier,108391886327808,821782,877971724,15.0,8468711772266,137474,c8a16,4f3e19000,3454c90c,02:21:08,25,415,83,197,0,200,12,8,10,1,6,-274891,1
13936,sqldb:c~lite #6,129073215545344,1130991,4219057439,347.0,8478021767582,1843290,1141ef,43329a000,fb79b51f,02:21:18,154,409,400,234,1,276,1,4,1,14,15,-37085,2
12329,update-notifier,108391886327808,1088628,877971724,15.0,8648149020250,1637480,109c74,4f3e19000,3454c90c,02:24:08,25,415,83,197,1,265,0,9,12,7,4,266846,2
8817,gsd-housekeepin,93837968756736,1105118,4067791226,9.0,8773234560380,2271137,10dcde,85acb5000,f275917a,02:26:13,181,214,353,170,1,269,0,13,12,13,14,687964,3
8817,gsd-housekeepin,93837968756736,1105680,4067791226,9.0,8833200960581,352307,10df10,85acb5000,f275917a,02:27:13,181,214,353,170,1,269,0,13,15,1,0,562,2
13936,sqldb:c~lite #6,129073215545344,1244403,4219057439,347.0,8916796170064,165430,12fcf3,43329a000,fb79b51f,02:28:36,154,409,400,234,1,303,2,15,12,15,3,113412,1
8817,gsd-housekeepin,93837968756736,1194391,4067791226,9.0,8953395451168,37236541,123997,85acb5000,f275917a,02:29:13,181,214,353,170,1,291,2,3,9,9,7,88711,4
12329,update-notifier,108391886327808,208835,877971724,15.0,9008666890867,10299986,32fc3,4f3e19000,3454c90c,02:30:08,25,415,83,197,0,50,3,2,15,12,3,-879793,3
12329,update-notifier,108391886327808,1164418,877971724,15.0,9188715133604,468007,11c482,4f3e19000,3454c90c,02:33:08,25,415,83,197,1,284,1,12,4,8,2,955583,2
8817,gsd-housekeepin,93837968756736,446685,4067791226,9.0,9193202816538,129416,6d0dd,85acb5000,f275917a,02:33:13,181,214,353,170,0,109,6,13,0,13,13,-747706,1
8817,gsd-housekeepin,93837968756736,798156,4067791226,9.0,9253225329128,1554612,c2dcc,85acb5000,f275917a,02:34:13,181,214,353,170,0,194,12,2,13,12,12,351471,2
13936,sqldb:c~lite #6,129073215545344,306806,4219057439,347.0,9362089324054,216971,4ae76,43329a000,fb79b51f,02:36:02,154,409,400,234,0,74,4,10,14,7,6,-937597,2
12329,update-notifier,108391886327808,1229802,877971724,15.0,9369682462294,197038,12c3ea,4f3e19000,3454c90c,02:36:09,25,415,83,197,1,300,2,12,3,14,10,65384,1
8817,gsd-housekeepin,93837968756736,90884,4067791226,9.0,9373203112655,141323,16304,85acb5000,f275917a,02:36:13,181,214,353,170,0,22,1,6,3,0,4,-707272,1
12329,update-notifier,108391886327808,1120949,877971724,15.0,9550957650881,8352417,111ab5,4f3e19000,3454c90c,02:39:10,25,415,83,197,1,273,1,1,10,11,5,-108853,3
8817,gsd-housekeepin,93837968756736,385357,4067791226,9.0,9553240267710,178409,5e14d,85acb5000,f275917a,02:39:13,181,214,353,170,0,94,5,14,1,4,13,294473,1
8817,gsd-housekeepin,93837968756736,795018,4067791226,9.0,9613212944014,239,c218a,85acb5000,f275917a,02:40:13,181,214,353,170,0,194,12,2,1,8,10,409661,0
8817,gsd-housekeepin,93837968756736,640334,4067791226,9.0,9673201632308,3313077,9c54e,85acb5000,f275917a,02:41:13,181,214,353,170,0,156,9,12,5,4,14,-154684,3
13936,sqldb:c~lite #6,129073215545344,1106438,4219057439,347.0,9697367790292,429079,10e206,43329a000,fb79b51f,02:41:37,154,409,400,234,1,270,0,14,2,0,6,799632,2
12329,update-notifier,108391886327808,180262,877971724,15.0,9731949716294,164496,2c026,4f3e19000,3454c90c,02:42:11,25,415,83,197,0,44,2,12,0,2,6,-940687,1
8817,gsd-housekeepin,93837968756736,1173089,4067791226,9.0,9793213821321,2108209,11e661,85acb5000,f275917a,02:43:13,181,214,353,170,1,286,1,14,6,6,1,532755,3
12329,update-notifier,108391886327808,1160770,877971724,15.0,9912143532262,7885775,11b642,4f3e19000,3454c90c,02:45:12,25,415,83,197,1,283,1,11,6,4,2,980508,3
13936,sqldb:c~lite #6,129073215545344,1067649,4219057439,347.0,9915463347726,52199,104a81,43329a000,fb79b51f,02:45:15,154,409,400,234,1,260,0,4,10,8,1,-38789,0
8817,gsd-housekeepin,93837968756736,1223876,4067791226,9.0,9973277559708,500075,12acc4,85acb5000,f275917a,02:46:13,181,214,353,170,1,298,2,10,12,12,4,50787,2
13936,sqldb:c~lite #6,129073215545344,1199912,4219057439,347.0,9999507696870,58803,124f28,43329a000,fb79b51f,02:46:39,154,409,400,234,1,292,2,4,15,2,8,132263,0
8817,gsd-housekeepin,93837968756736,1241686,4067791226,9.0,10033296037402,778905,12f256,85acb5000,f275917a,02:47:13,181,214,353,170,1,303,2,15,2,5,6,17810,2
13936,sqldb:c~lite #6,129073215545344,1200033,4219057439,347.0,10075211142551,51492,124fa1,43329a000,fb79b51f,02:47:55,154,409,400,234,1,292,2,4,15,10,1,121,0
12329,update-notifier,108391886327808,1177892,877971724,15.0,10092144564002,45768,11f924,4f3e19000,3454c90c,02:48:12,25,415,83,197,1,287,1,15,9,2,4,17122,0
8817,gsd-housekeepin,93837968756736,148498,4067791226,9.0,10093215885335,74985,24412,85acb5000,f275917a,02:48:13,181,214,353,170,0,36,2,4,4,1,2,-1093188,0
8817,gsd-housekeepin,93837968756736,1270478,4067791226,9.0,10153805016314,38264,1362ce,85acb5000,f275917a,02:49:13,181,214,353,170,1,310,3,6,2,12,14,1121980,0
8817,gsd-housekeepin,93837968756736,1206327,4067791226,9.0,10213626557957,16610567,126837,85acb5000,f275917a,02:50:13,181,214,353,170,1,294,2,6,8,3,7,-64151,4
13936,sqldb:c~lite #6,129073215545344,1134433,4219057439,347.0,10221978477910,118358,114f61,43329a000,fb79b51f,02:50:21,154,409,400,234,1,276,1,4,15,6,1,-65600,1
12329,update-notifier,108391886327808,1186434,877971724,15.0,10272230660148,1330201,121a82,4f3e19000,3454c90c,02:51:12,25,415,83,197,1,289,2,1,10,8,2,8542,2
8817,gsd-housekeepin,93837968756736,1218835,4067791226,9.0,10274273043633,11697,129913,85acb5000,f275917a,02:51:14,181,214,353,170,1,297,2,9,9,1,3,12508,0
13936,sqldb:c~lite #6,129073215545344,1196838,4219057439,347.0,10329494102706,92934,124326,43329a000,fb79b51f,02:52:09,154,409,400,234,1,292,2,4,3,2,6,62405,0
8817,gsd-housekeepin,93837968756736,457542,4067791226,9.0,10334215006031,465683,6fb46,85acb5000,f275917a,02:52:14,181,214,353,170,0,111,6,15,11,4,6,-761293,2
8817,gsd-housekeepin,93837968756736,1092442,4067791226,9.0,10394211340892,38969,10ab5a,85acb5000,f275917a,02:53:14,181,214,353,170,1,266,0,10,11,5,10,634900,0
12329,update-notifier,108391886327808,1142826,877971724,15.0,10453108169263,570278,11702a,4f3e19000,3454c90c,02:54:13,25,415,83,197,1,279,1,7,0,2,10,-43608,2
8817,gsd-housekeepin,93837968756736,1208192,4067791226,9.0,10454208195458,499953,126f80,85acb5000,f275917a,02:54:14,181,214,353,170,1,294,2,6,15,8,0,115750,2
13936,sqldb:c~lite #6,129073215545344,1120487,4219057439,347.0,10502897615934,58610,1118e7,43329a000,fb79b51f,02:55:02,154,409,400,234,1,273,1,1,8,14,7,-76351,0
8817,gsd-housekeepin,93837968756736,1104112,4067791226,9.0,10514205193524,438052,10d8f0,85acb5000,f275917a,02:55:14,181,214,353,170,1,269,0,13,8,15,0,-104080,2
8817,gsd-housekeepin,93837968756736,1246004,4067791226,9.0,10574208798062,38373,130334,85acb5000,f275917a,02:56:14,181,214,353,170,1,304,3,0,3,3,4,141892,0
12329,update-notifier,108391886327808,1168872,877971724,15.0,10633227869791,43988,11d5e8,4f3e19000,3454c90c,02:57:13,25,415,83,197,1,285,1,13,5,14,8,26046,0
8817,gsd-housekeepin,93837968756736,1104301,4067791226,9.0,10634188193397,39265,10d9ad,85acb5000,f275917a,02:57:14,181,214,353,170,1,269,0,13,9,10,13,-141703,0
13936,sqldb:c~lite #6,129073215545344,519603,4219057439,347.0,10670285748323,47630,7edb3,43329a000,fb79b51f,02:57:50,154,409,400,234,0,126,7,14,13,11,3,-600884,0
8817,gsd-housekeepin,93837968756736,637158,4067791226,9.0,10694200046975,537690,9b8e6,85acb5000,f275917a,02:58:14,181,214,353,170,0,155,9,11,8,14,6,-467143,2
12329,update-notifier,123296754130944,1135475,3689761937,26.0,10709585058296,41521,115373,3433b6000,dbed4c91,02:58:29,438,25,141,224,1,277,1,5,3,7,3,385236,0
8817,gsd-housekeepin,93837968756736,1109773,4067791226,9.0,10754194923601,7913771,10ef0d,85acb5000,f275917a,02:59:14,181,214,353,170,1,270,0,14,15,0,13,472615,3
13936,sqldb:c~lite #6,129073215545344,1228079,4219057439,347.0,10766044653540,180906,12bd2f,43329a000,fb79b51f,02:59:26,154,409,400,234,1,299,2,11,13,2,15,708476,1
12329,update-notifier,108391886327808,1122700,877971724,15.0,10813892714518,5523353,11218c,4f3e19000,3454c90c,03:00:13,25,415,83,197,1,274,1,2,1,8,12,-46172,3
8817,gsd-housekeepin,93837968756736,1200825,4067791226,9.0,10814212333945,472995,1252b9,85acb5000,f275917a,03:00:14,181,214,353,170,1,293,2,5,2,11,9,91052,2
8817,gsd-housekeepin,93837968756736,405342,4067791226,9.0,10874212882583,446687,62f5e,85acb5000,f275917a,03:01:14,181,214,353,170,0,98,6,2,15,5,14,-795483,2
13936,sqldb:c~lite #6,129073215545344,1219424,4219057439,347.0,10878767110535,196395,129b60,43329a000,fb79b51f,03:01:18,154,409,400,234,1,297,2,9,11,6,0,-8655,1
8817,gsd-housekeepin,93837968756736,1239890,4067791226,9.0,10934209213834,489104,12eb52,85acb5000,f275917a,03:02:14,181,214,353,170,1,302,2,14,11,5,2,834548,2
13936,sqldb:c~lite #6,129073215545344,1191965,4219057439,347.0,10977848554450,53914,12301d,43329a000,fb79b51f,03:02:57,154,409,400,234,1,291,2,3,0,1,13,-27459,0
12329,update-notifier,108391886327808,1217414,877971724,15.0,10993422984184,954754,129386,4f3e19000,3454c90c,03:03:13,25,415,83,197,1,297,2,9,3,8,6,94714,2
8817,gsd-housekeepin,93837968756736,1239522,4067791226,9.0,10994208117355,319056,12e9e2,85acb5000,f275917a,03:03:14,181,214,353,170,1,302,2,14,9,14,2,-368,2
13936,sqldb:c~lite #6,129073215545344,1205495,4219057439,347.0,11053680933409,83236,1264f7,43329a000,fb79b51f,03:04:13,154,409,400,234,1,294,2,6,4,15,7,13530,0
8817,gsd-housekeepin,93837968756736,1103895,4067791226,9.0,11054212172999,416288,10d817,85acb5000,f275917a,03:04:14,181,214,353,170,1,269,0,13,8,1,7,-135627,2
8817,gsd-housekeepin,93837968756736,1100044,4067791226,9.0,11114208240521,407140,10c90c,85acb5000,f275917a,03:05:14,181,214,353,170,1,268,0,12,9,0,12,-3851,2
5970,pipewire-pulse,123325598076928,1151376,1392477298,0.0,11130427666603,74286,119190,9fa771000,52ff8472,03:05:30,369,467,167,224,1,281,1,9,1,9,0,0,0
5970,pipewire-pulse,123325598081024,1151377,1392477298,1.0,11130427674461,82144,119191,9fa772000,52ff8472,03:05:30,370,467,167,224,1,281,1,9,1,9,1,0,0
5970,pipewire-pulse,123325598085120,1151378,1392477298,2.0,11130427676414,84097,119192,9fa773000,52ff8472,03:05:30,371,467,167,224,1,281,1,9,1,9,2,0,0
5970,pipewire-pulse,123325598089216,1151379,1392477298,3.0,11130427678233,85916,119193,9fa774000,52ff8472,03:05:30,372,467,167,224,1,281,1,9,1,9,3,0,0
5970,pipewire-pulse,123325598093312,1151380,1392477298,4.0,11130427679838,87521,119194,9fa775000,52ff8472,03:05:30,373,467,167,224,1,281,1,9,1,9,4,0,0
5970,pipewire-pulse,123325598097408,1151381,1392477298,5.0,11130427681458,89141,119195,9fa776000,52ff8472,03:05:30,374,467,167,224,1,281,1,9,1,9,5,0,0
5970,pipewire-pulse,123325598101504,1151382,1392477298,6.0,11130427683038,90721,119196,9fa777000,52ff8472,03:05:30,375,467,167,224,1,281,1,9,1,9,6,0,0
5970,pipewire-pulse,123325598105600,1151383,1392477298,7.0,11130427684594,92277,119197,9fa778000,52ff8472,03:05:30,376,467,167,224,1,281,1,9,1,9,7,0,0
5970,pipewire-pulse,123325598040064,1151385,458695658,0.0,11130427696422,104105,119199,9fa768000,1b5723ea,03:05:30,360,467,167,224,1,281,1,9,1,9,9,0,1
5970,pipewire-pulse,123325598044160,1151386,458695658,1.0,11130427698159,105842,11919a,9fa769000,1b5723ea,03:05:30,361,467,167,224,1,281,1,9,1,9,10,0,1
5970,pipewire-pulse,123325598048256,1151387,458695658,2.0,11130427699818,107501,11919b,9fa76a000,1b5723ea,03:05:30,362,467,167,224,1,281,1,9,1,9,11,0,1
5970,pipewire-pulse,123325598052352,1151388,458695658,3.0,11130427700716,108399,11919c,9fa76b000,1b5723ea,03:05:30,363,467,167,224,1,281,1,9,1,9,12,0,1
5970,pipewire-pulse,123325598056448,1151389,458695658,4.0,11130427701493,109176,11919d,9fa76c000,1b5723ea,03:05:30,364,467,167,224,1,281,1,9,1,9,13,0,1
5970,pipewire-pulse,123325598060544,1151390,458695658,5.0,11130427702285,109968,11919e,9fa76d000,1b5723ea,03:05:30,365,467,167,224,1,281,1,9,1,9,14,0,1
5970,pipewire-pulse,123325598064640,1151391,458695658,6.0,11130427703183,110866,11919f,9fa76e000,1b5723ea,03:05:30,366,467,167,224,1,281,1,9,1,9,15,0,1
5970,pipewire-pulse,123325598068736,1107264,458695658,7.0,11130427703983,111666,10e540,9fa76f000,1b5723ea,03:05:30,367,467,167,224,1,270,0,14,5,4,0,0,1
5970,pipewire-pulse,123325598003200,1107266,1630197212,0.0,11130427717877,125560,10e542,9fa75f000,612ad5dc,03:05:30,351,467,167,224,1,270,0,14,5,4,2,0,1
5970,pipewire-pulse,123325598011392,1107268,1630197212,2.0,11130427719627,127310,10e544,9fa761000,612ad5dc,03:05:30,353,467,167,224,1,270,0,14,5,4,4,0,1
5970,pipewire-pulse,123325598015488,1107269,1630197212,3.0,11130427720544,128227,10e545,9fa762000,612ad5dc,03:05:30,354,467,167,224,1,270,0,14,5,4,5,0,1
5970,pipewire-pulse,123325598019584,1107270,1630197212,4.0,11130427721331,129014,10e546,9fa763000,612ad5dc,03:05:30,355,467,167,224,1,270,0,14,5,4,6,0,1
5970,pipewire-pulse,123325598023680,1107271,1630197212,5.0,11130427722242,129925,10e547,9fa764000,612ad5dc,03:05:30,356,467,167,224,1,270,0,14,5,4,7,0,1
5970,pipewire-pulse,123325598027776,1107272,1630197212,6.0,11130427723057,130740,10e548,9fa765000,612ad5dc,03:05:30,357,467,167,224,1,270,0,14,5,4,8,0,1
5970,pipewire-pulse,123325598031872,1107273,1630197212,7.0,11130427723971,131654,10e549,9fa766000,612ad5dc,03:05:30,358,467,167,224,1,270,0,14,5,4,9,0,1
5970,pipewire-pulse,123325597966336,1107276,3402806936,0.0,11130427733753,4855,10e54c,9fa756000,cad2b698,03:05:30,342,467,167,224,1,270,0,14,5,4,12,0,0
5970,pipewire-pulse,123325597970432,1107277,3402806936,1.0,11130427734674,5776,10e54d,9fa757000,cad2b698,03:05:30,343,467,167,224,1,270,0,14,5,4,13,0,0
5970,pipewire-pulse,123325597974528,1107278,3402806936,2.0,11130427767055,38157,10e54e,9fa758000,cad2b698,03:05:30,344,467,167,224,1,270,0,14,5,4,14,0,0
5970,pipewire-pulse,123325597978624,1107279,3402806936,3.0,11130427767985,39087,10e54f,9fa759000,cad2b698,03:05:30,345,467,167,224,1,270,0,14,5,4,15,0,0
5970,pipewire-pulse,123325597982720,1178160,3402806936,4.0,11130427768832,39934,11fa30,9fa75a000,cad2b698,03:05:30,346,467,167,224,1,287,1,15,10,3,0,0,0
5970,pipewire-pulse,123325597986816,1178161,3402806936,5.0,11130427769732,40834,11fa31,9fa75b000,cad2b698,03:05:30,347,467,167,224,1,287,1,15,10,3,1,0,0
5970,pipewire-pulse,123325597990912,1178162,3402806936,6.0,11130427770617,41719,11fa32,9fa75c000,cad2b698,03:05:30,348,467,167,224,1,287,1,15,10,3,2,0,0
5970,pipewire-pulse,123325597995008,1178163,3402806936,7.0,11130427771469,42571,11fa33,9fa75d000,cad2b698,03:05:30,349,467,167,224,1,287,1,15,10,3,3,0,0
5970,pipewire-pulse,123325597929472,1178165,486823692,0.0,11130427780972,52074,11fa35,9fa74d000,1d04570c,03:05:30,333,467,167,224,1,287,1,15,10,3,5,0,0
5970,pipewire-pulse,123325597933568,1178166,486823692,1.0,11130427781754,52856,11fa36,9fa74e000,1d04570c,03:05:30,334,467,167,224,1,287,1,15,10,3,6,0,0
5970,pipewire-pulse,123325597937664,1178167,486823692,2.0,11130427782509,53611,11fa37,9fa74f000,1d04570c,03:05:30,335,467,167,224,1,287,1,15,10,3,7,0,0
5970,pipewire-pulse,123325597945856,1178169,486823692,4.0,11130427784019,55121,11fa39,9fa751000,1d04570c,03:05:30,337,467,167,224,1,287,1,15,10,3,9,0,0
5970,pipewire-pulse,123325597949952,1178170,486823692,5.0,11130427784796,55898,11fa3a,9fa752000,1d04570c,03:05:30,338,467,167,224,1,287,1,15,10,3,10,0,0
5970,pipewire-pulse,123325597954048,1178171,486823692,6.0,11130427785601,56703,11fa3b,9fa753000,1d04570c,03:05:30,339,467,167,224,1,287,1,15,10,3,11,0,0
5970,pipewire-pulse,123325597958144,1178172,486823692,7.0,11130427786378,57480,11fa3c,9fa754000,1d04570c,03:05:30,340,467,167,224,1,287,1,15,10,3,12,0,0
5970,pipewire-pulse,123325597892608,1178174,3486497950,0.0,11130427792530,63632,11fa3e,9fa744000,cfcfbc9e,03:05:30,324,467,167,224,1,287,1,15,10,3,14,0,0
5970,pipewire-pulse,123325597896704,1178175,3486497950,1.0,11130427793468,64570,11fa3f,9fa745000,cfcfbc9e,03:05:30,325,467,167,224,1,287,1,15,10,3,15,0,0
5970,pipewire-pulse,123325597900800,1128864,3486497950,2.0,11130427794324,65426,1139a0,9fa746000,cfcfbc9e,03:05:30,326,467,167,224,1,275,1,3,9,10,0,0,0
5970,pipewire-pulse,123325597904896,1128865,3486497950,3.0,11130427795204,66306,1139a1,9fa747000,cfcfbc9e,03:05:30,327,467,167,224,1,275,1,3,9,10,1,0,0
5970,pipewire-pulse,123325597908992,1128866,3486497950,4.0,11130427796044,67146,1139a2,9fa748000,cfcfbc9e,03:05:30,328,467,167,224,1,275,1,3,9,10,2,0,0
5970,pipewire-pulse,123325597913088,1128867,3486497950,5.0,11130427796939,68041,1139a3,9fa749000,cfcfbc9e,03:05:30,329,467,167,224,1,275,1,3,9,10,3,0,0
5970,pipewire-pulse,123325597917184,1128868,3486497950,6.0,11130427797709,68811,1139a4,9fa74a000,cfcfbc9e,03:05:30,330,467,167,224,1,275,1,3,9,10,4,0,0
5970,pipewire-pulse,123325597921280,1128869,3486497950,7.0,11130427798513,69615,1139a5,9fa74b000,cfcfbc9e,03:05:30,331,467,167,224,1,275,1,3,9,10,5,0,0
5970,pipewire-pulse,123325598093312,1097839,1629255574,0.0,11138830584460,46334,10c06f,9fa775000,611c7796,03:05:38,373,467,167,224,1,268,0,12,0,6,15,0,0
5970,pipewire-pulse,123325598097408,1097838,1629255574,1.0,11138830592714,54588,10c06e,9fa776000,611c7796,03:05:38,374,467,167,224,1,268,0,12,0,6,14,0,0
5970,pipewire-pulse,123325598101504,1097837,1629255574,2.0,11138830594902,56776,10c06d,9fa777000,611c7796,03:05:38,375,467,167,224,1,268,0,12,0,6,13,0,0
5970,pipewire-pulse,123325598105600,1097836,1629255574,3.0,11138830596576,58450,10c06c,9fa778000,611c7796,03:05:38,376,467,167,224,1,268,0,12,0,6,12,0,0
5970,pipewire-pulse,123325598109696,1097835,1629255574,4.0,11138830598158,60032,10c06b,9fa779000,611c7796,03:05:38,377,467,167,224,1,268,0,12,0,6,11,0,0
5970,pipewire-pulse,123325598113792,1097834,1629255574,5.0,11138830599711,61585,10c06a,9fa77a000,611c7796,03:05:38,378,467,167,224,1,268,0,12,0,6,10,0,0
5970,pipewire-pulse,123325598117888,1097833,1629255574,6.0,11138830601424,63298,10c069,9fa77b000,611c7796,03:05:38,379,467,167,224,1,268,0,12,0,6,9,0,0
5970,pipewire-pulse,123325598121984,1122954,1629255574,7.0,11138830603011,64885,11228a,9fa77c000,611c7796,03:05:38,380,467,167,224,1,274,1,2,2,8,10,0,0
5970,pipewire-pulse,123325598056448,1122948,2455485821,0.0,11138830617287,79161,112284,9fa76c000,925bbd7d,03:05:38,364,467,167,224,1,274,1,2,2,8,4,0,0
5970,pipewire-pulse,123325598060544,1178695,2455485821,1.0,11138830619060,80934,11fc47,9fa76d000,925bbd7d,03:05:38,365,467,167,224,1,287,1,15,12,4,7,0,0
5970,pipewire-pulse,123325598064640,1133172,2455485821,2.0,11138830620762,82636,114a74,9fa76e000,925bbd7d,03:05:38,366,467,167,224,1,276,1,4,10,7,4,0,0
5970,pipewire-pulse,123325598068736,1125434,2455485821,3.0,11138830621569,83443,112c3a,9fa76f000,925bbd7d,03:05:38,367,467,167,224,1,274,1,2,12,3,10,0,0
5970,pipewire-pulse,123325598076928,1133183,2455485821,5.0,11138830623179,85053,114a7f,9fa771000,925bbd7d,03:05:38,369,467,167,224,1,276,1,4,10,7,15,0,0
5970,pipewire-pulse,123325598081024,1122955,2455485821,6.0,11138830623993,85867,11228b,9fa772000,925bbd7d,03:05:38,370,467,167,224,1,274,1,2,2,8,11,0,0
5970,pipewire-pulse,123325598085120,1152383,2455485821,7.0,11138830624767,86641,11957f,9fa773000,925bbd7d,03:05:38,371,467,167,224,1,281,1,9,5,7,15,0,0
12329,update-notifier,108391886327808,1119835,877971724,15.0,11174201274617,411775,11165b,4f3e19000,3454c90c,03:06:14,25,415,83,197,1,273,1,1,6,5,11,-97579,2
5970,pipewire-pulse,123325598093312,1202948,3402806936,0.0,11249594984164,1644368,125b04,9fa775000,cad2b698,03:07:29,373,467,167,224,1,293,2,5,11,0,4,95672,2
5970,pipewire-pulse,123325598097408,1202947,3402806936,1.0,11249594990562,1650766,125b03,9fa776000,cad2b698,03:07:29,374,467,167,224,1,293,2,5,11,0,3,95670,2
5970,pipewire-pulse,123325598101504,1202946,3402806936,2.0,11249594992704,1652908,125b02,9fa777000,cad2b698,03:07:29,375,467,167,224,1,293,2,5,11,0,2,95668,2
5970,pipewire-pulse,123325598105600,1202945,3402806936,3.0,11249594994541,1654745,125b01,9fa778000,cad2b698,03:07:29,376,467,167,224,1,293,2,5,11,0,1,95666,2
5970,pipewire-pulse,123325598109696,1202944,3402806936,4.0,11249594996248,1656452,125b00,9fa779000,cad2b698,03:07:29,377,467,167,224,1,293,2,5,11,0,0,24784,2
5970,pipewire-pulse,123325598113792,1140639,3402806936,5.0,11249594998167,1658371,11679f,9fa77a000,cad2b698,03:07:29,378,467,167,224,1,278,1,6,7,9,15,-37522,2
5970,pipewire-pulse,123325598117888,1171212,3402806936,6.0,11249594999944,1660148,11df0c,9fa77b000,cad2b698,03:07:29,379,467,167,224,1,285,1,13,15,0,12,-6950,2
5970,pipewire-pulse,123325598121984,1136232,3402806936,7.0,11249595001566,1661770,115668,9fa77c000,cad2b698,03:07:29,380,467,167,224,1,277,1,5,6,6,8,-41931,2
5970,pipewire-pulse,123325598056448,1136228,3486497950,0.0,11249595014928,1675132,115664,9fa76c000,cfcfbc9e,03:07:29,364,467,167,224,1,277,1,5,6,6,4,-41946,2
5970,pipewire-pulse,123325598060544,1136225,3486497950,1.0,11249595016639,1676843,115661,9fa76d000,cfcfbc9e,03:07:29,365,467,167,224,1,277,1,5,6,6,1,-41950,2
5970,pipewire-pulse,123325598064640,1097887,3486497950,2.0,11249595018137,1678341,10c09f,9fa76e000,cfcfbc9e,03:07:29,366,467,167,224,1,268,0,12,0,9,15,-30977,2
5970,pipewire-pulse,123325598068736,1097884,3486497950,3.0,11249595019099,1679303,10c09c,9fa76f000,cfcfbc9e,03:07:29,367,467,167,224,1,268,0,12,0,9,12,-30981,2
5970,pipewire-pulse,123325598076928,1097877,3486497950,5.0,11249595020680,1680884,10c095,9fa771000,cfcfbc9e,03:07:29,369,467,167,224,1,268,0,12,0,9,5,-30990,2
5970,pipewire-pulse,123325598081024,1097875,3486497950,6.0,11249595021446,1681650,10c093,9fa772000,cfcfbc9e,03:07:29,370,467,167,224,1,268,0,12,0,9,3,-30993,2
5970,pipewire-pulse,123325598085120,1097874,3486497950,7.0,11249595022240,1682444,10c092,9fa773000,cfcfbc9e,03:07:29,371,467,167,224,1,268,0,12,0,9,2,-30995,2
5970,pipewire-pulse,123325598093312,1123294,1629255574,0.0,11252437545796,209212,1123de,9fa775000,611c7796,03:07:32,373,467,167,224,1,274,1,2,3,13,14,25455,2
5970,pipewire-pulse,123325598097408,1123295,1629255574,1.0,11252437547438,210854,1123df,9fa776000,611c7796,03:07:32,374,467,167,224,1,274,1,2,3,13,15,25457,2
5970,pipewire-pulse,123325598101504,1120576,1629255574,2.0,11252437548341,211757,111940,9fa777000,611c7796,03:07:32,375,467,167,224,1,273,1,1,9,4,0,22739,2
5970,pipewire-pulse,123325598105600,1120577,1629255574,3.0,11252437549326,212742,111941,9fa778000,611c7796,03:07:32,376,467,167,224,1,273,1,1,9,4,1,22741,2
5970,pipewire-pulse,123325598109696,1120578,1629255574,4.0,11252437550167,213583,111942,9fa779000,611c7796,03:07:32,377,467,167,224,1,273,1,1,9,4,2,22743,2
5970,pipewire-pulse,123325598113792,1120579,1629255574,5.0,11252437551149,214565,111943,9fa77a000,611c7796,03:07:32,378,467,167,224,1,273,1,1,9,4,3,22745,2
5970,pipewire-pulse,123325598117888,1121149,1629255574,6.0,11252437551986,215402,111b7d,9fa77b000,611c7796,03:07:32,379,467,167,224,1,273,1,1,11,7,13,23316,2
5970,pipewire-pulse,123325598121984,1121147,1629255574,7.0,11252437552967,216383,111b7b,9fa77c000,611c7796,03:07:32,380,467,167,224,1,273,1,1,11,7,11,-1807,2
5970,pipewire-pulse,123325598056448,1121146,486823692,0.0,11252437562176,225592,111b7a,9fa76c000,1d04570c,03:07:32,364,467,167,224,1,273,1,1,11,7,10,-57019,2
5970,pipewire-pulse,123325598060544,1121142,486823692,1.0,11252437563231,226647,111b76,9fa76d000,1d04570c,03:07:32,365,467,167,224,1,273,1,1,11,7,6,-57024,2
5970,pipewire-pulse,123325598064640,1143496,486823692,2.0,11252437564060,227476,1172c8,9fa76e000,1d04570c,03:07:32,366,467,167,224,1,279,1,7,2,12,8,-34671,2
5970,pipewire-pulse,123325598068736,1143494,486823692,3.0,11252437564987,228403,1172c6,9fa76f000,1d04570c,03:07:32,367,467,167,224,1,279,1,7,2,12,6,0,2
5970,pipewire-pulse,123325598076928,1121150,486823692,5.0,11252437566524,229940,111b7e,9fa771000,1d04570c,03:07:32,369,467,167,224,1,273,1,1,11,7,14,-57020,2
5970,pipewire-pulse,123325598081024,1143495,486823692,6.0,11252437567318,230734,1172c7,9fa772000,1d04570c,03:07:32,370,467,167,224,1,279,1,7,2,12,7,-34676,2
5970,pipewire-pulse,123325598085120,1121145,486823692,7.0,11252437568108,231524,111b79,9fa773000,1d04570c,03:07:32,371,467,167,224,1,273,1,1,11,7,9,-57027,2
5970,pipewire-pulse,123325598093312,572395,3402806936,0.0,11293626060264,1437265,8bbeb,9fa775000,cad2b698,03:08:13,373,467,167,224,0,139,8,11,11,14,11,-630553,2
5970,pipewire-pulse,123325598097408,567892,3402806936,1.0,11293626067227,1444228,8aa54,9fa776000,cad2b698,03:08:13,374,467,167,224,0,138,8,10,10,5,4,-635055,2
5970,pipewire-pulse,123325598101504,137236,3402806936,2.0,11293626069450,1446451,21814,9fa777000,cad2b698,03:08:13,375,467,167,224,0,33,2,1,8,1,4,-1065710,2
5970,pipewire-pulse,123325598105600,702853,3402806936,3.0,11293626071279,1448280,ab985,9fa778000,cad2b698,03:08:13,376,467,167,224,0,171,10,11,9,8,5,-500092,2
5970,pipewire-pulse,123325598109696,705853,3402806936,4.0,11293626073456,1450457,ac53d,9fa779000,cad2b698,03:08:13,377,467,167,224,0,172,10,12,5,3,13,-497091,2
5970,pipewire-pulse,123325598113792,326797,3402806936,5.0,11293626075356,1452357,4fc8d,9fa77a000,cad2b698,03:08:13,378,467,167,224,0,79,4,15,12,8,13,-813842,2
5970,pipewire-pulse,123325598117888,806028,3402806936,6.0,11293626077121,1454122,c4c8c,9fa77b000,cad2b698,03:08:13,379,467,167,224,0,196,12,4,12,8,12,-365184,2
5970,pipewire-pulse,123325598121984,415444,3402806936,7.0,11293626078831,1455832,656d4,9fa77c000,cad2b698,03:08:13,380,467,167,224,0,101,6,5,6,13,4,-720788,2
5970,pipewire-pulse,123325598056448,585652,2455485821,0.0,11293626092004,1469005,8efb4,9fa76c000,925bbd7d,03:08:13,364,467,167,224,0,142,8,14,15,11,4,-537296,2
5970,pipewire-pulse,123325598060544,431765,2455485821,1.0,11293626093821,1470822,69695,9fa76d000,925bbd7d,03:08:13,365,467,167,224,0,105,6,9,6,9,5,-746930,2
5970,pipewire-pulse,123325598064640,524172,2455485821,2.0,11293626095406,1472407,7ff8c,9fa76e000,925bbd7d,03:08:13,366,467,167,224,0,127,7,15,15,8,12,-609000,2
5970,pipewire-pulse,123325598068736,158906,2455485821,3.0,11293626096577,1473578,26cba,9fa76f000,925bbd7d,03:08:13,367,467,167,224,0,38,2,6,12,11,10,-966528,2
5970,pipewire-pulse,123325598076928,447439,2455485821,5.0,11293626098671,1475672,6d3cf,9fa771000,925bbd7d,03:08:13,369,467,167,224,0,109,6,13,3,12,15,-685744,2
5970,pipewire-pulse,123325598081024,399532,2455485821,6.0,11293626099588,1476589,618ac,9fa772000,925bbd7d,03:08:13,370,467,167,224,0,97,6,1,8,10,12,-723423,2
5970,pipewire-pulse,123325598085120,798462,2455485821,7.0,11293626100516,1477517,c2efe,9fa773000,925bbd7d,03:08:13,371,467,167,224,0,194,12,2,14,15,14,-353921,2
5970,pipewire-pulse,123325598011392,351090,489801893,1.0,11293726056955,1902339,55b72,9fa761000,1d31c8a5,03:08:13,353,467,167,224,0,85,5,5,11,7,2,0,2
5970,pipewire-pulse,123325598015488,889806,489801893,2.0,11293726058343,1903727,d93ce,9fa762000,1d31c8a5,03:08:13,354,467,167,224,0,217,13,9,3,12,14,0,2
5970,pipewire-pulse,123325598019584,454883,489801893,3.0,11293726059350,1904734,6f0e3,9fa763000,1d31c8a5,03:08:13,355,467,167,224,0,111,6,15,0,14,3,0,2
5970,pipewire-pulse,123325598023680,384678,489801893,4.0,11293726060360,1905744,5dea6,9fa764000,1d31c8a5,03:08:13,356,467,167,224,0,93,5,13,14,10,6,0,2
5970,pipewire-pulse,123325598027776,880691,489801893,5.0,11293726061268,1906652,d7033,9fa765000,1d31c8a5,03:08:13,357,467,167,224,0,215,13,7,0,3,3,0,2
5970,pipewire-pulse,123325598031872,269542,489801893,6.0,11293726062386,1907770,41ce6,9fa766000,1d31c8a5,03:08:13,358,467,167,224,0,65,4,1,12,14,6,0,2
5970,pipewire-pulse,123325598035968,246158,489801893,7.0,11293726063453,1908837,3c18e,9fa767000,1d31c8a5,03:08:13,359,467,167,224,0,60,3,12,1,8,14,0,2
5970,pipewire-pulse,123325597970432,797838,754959950,0.0,11293726084252,1929636,c2c8e,9fa757000,2cffc64e,03:08:13,343,467,167,224,0,194,12,2,12,8,14,0,2
5970,pipewire-pulse,123325597974528,589948,754959950,1.0,11293726085312,1930696,9007c,9fa758000,2cffc64e,03:08:13,344,467,167,224,0,144,9,0,0,7,12,0,2
5970,pipewire-pulse,123325597978624,431803,754959950,2.0,11293726086238,1931622,696bb,9fa759000,2cffc64e,03:08:13,345,467,167,224,0,105,6,9,6,11,11,0,2
5970,pipewire-pulse,123325597982720,597979,754959950,3.0,11293726087205,1932589,91fdb,9fa75a000,2cffc64e,03:08:13,346,467,167,224,0,145,9,1,15,13,11,0,2
5970,pipewire-pulse,123325597986816,379578,754959950,4.0,11293726088284,1933668,5caba,9fa75b000,2cffc64e,03:08:13,347,467,167,224,0,92,5,12,10,11,10,0,2
5970,pipewire-pulse,123325597990912,592331,754959950,5.0,11293726089381,1934765,909cb,9fa75c000,2cffc64e,03:08:13,348,467,167,224,0,144,9,0,9,12,11,0,2
5970,pipewire-pulse,123325597995008,530003,754959950,6.0,11293726090748,1936132,81653,9fa75d000,2cffc64e,03:08:13,349,467,167,224,0,129,8,1,6,5,3,0,2
5970,pipewire-pulse,123325597999104,667891,754959950,7.0,11293726091678,1937062,a30f3,9fa75e000,2cffc64e,03:08:13,350,467,167,224,0,163,10,3,0,15,3,0,2
5970,pipewire-pulse,123325598093312,808470,1572809989,0.0,11361059247039,1539514,c5616,9fa775000,5dbf2d05,03:09:21,373,467,167,224,0,197,12,5,6,1,6,0,2
5970,pipewire-pulse,123325598097408,808469,1572809989,1.0,11361059254270,1546745,c5615,9fa776000,5dbf2d05,03:09:21,374,467,167,224,0,197,12,5,6,1,5,0,2
5970,pipewire-pulse,123325598101504,808468,1572809989,2.0,11361059256074,1548549,c5614,9fa777000,5dbf2d05,03:09:21,375,467,167,224,0,197,12,5,6,1,4,0,2
5970,pipewire-pulse,123325598105600,808467,1572809989,3.0,11361059257591,1550066,c5613,9fa778000,5dbf2d05,03:09:21,376,467,167,224,0,197,12,5,6,1,3,0,2
5970,pipewire-pulse,123325598109696,808465,1572809989,4.0,11361059259181,1551656,c5611,9fa779000,5dbf2d05,03:09:21,377,467,167,224,0,197,12,5,6,1,1,0,2
5970,pipewire-pulse,123325598113792,808499,1572809989,5.0,11361059260662,1553137,c5633,9fa77a000,5dbf2d05,03:09:21,378,467,167,224,0,197,12,5,6,3,3,0,2
5970,pipewire-pulse,123325598117888,808498,1572809989,6.0,11361059262149,1554624,c5632,9fa77b000,5dbf2d05,03:09:21,379,467,167,224,0,197,12,5,6,3,2,0,2
5970,pipewire-pulse,123325598121984,808497,1572809989,7.0,11361059263783,1556258,c5631,9fa77c000,5dbf2d05,03:09:21,380,467,167,224,0,197,12,5,6,3,1,0,2
5970,pipewire-pulse,123325598056448,475197,790564059,0.0,11361059533081,1825556,7403d,9fa76c000,2f1f0cdb,03:09:21,364,467,167,224,0,116,7,4,0,3,13,0,2
5970,pipewire-pulse,123325598060544,731637,790564059,1.0,11361059536399,1828874,b29f5,9fa76d000,2f1f0cdb,03:09:21,365,467,167,224,0,178,11,2,9,15,5,0,2
5970,pipewire-pulse,123325598064640,731617,790564059,2.0,11361059538033,1830508,b29e1,9fa76e000,2f1f0cdb,03:09:21,366,467,167,224,0,178,11,2,9,14,1,0,2
5970,pipewire-pulse,123325598068736,731645,790564059,3.0,11361059538802,1831277,b29fd,9fa76f000,2f1f0cdb,03:09:21,367,467,167,224,0,178,11,2,9,15,13,0,2
5970,pipewire-pulse,123325598076928,808457,790564059,5.0,11361059540285,1832760,c5609,9fa771000,2f1f0cdb,03:09:21,369,467,167,224,0,197,12,5,6,0,9,0,2
5970,pipewire-pulse,123325598081024,731629,790564059,6.0,11361059541046,1833521,b29ed,9fa772000,2f1f0cdb,03:09:21,370,467,167,224,0,178,11,2,9,14,13,0,2
5970,pipewire-pulse,123325598085120,731635,790564059,7.0,11361059541751,1834226,b29f3,9fa773000,2f1f0cdb,03:09:21,371,467,167,224,0,178,11,2,9,15,3,0,2
5970,pipewire-pulse,123325598093312,808482,489801893,0.0,11362307821627,10833321,c5622,9fa775000,1d31c8a5,03:09:22,373,467,167,224,0,197,12,5,6,2,2,0,3
5970,pipewire-pulse,123325598097408,808481,489801893,1.0,11362307823281,10834975,c5621,9fa776000,1d31c8a5,03:09:22,374,467,167,224,0,197,12,5,6,2,1,457391,3
5970,pipewire-pulse,123325598101504,808480,489801893,2.0,11362307824199,10835893,c5620,9fa777000,1d31c8a5,03:09:22,375,467,167,224,0,197,12,5,6,2,0,-81326,3
5970,pipewire-pulse,123325598105600,808479,489801893,3.0,11362307825249,10836943,c561f,9fa778000,1d31c8a5,03:09:22,376,467,167,224,0,197,12,5,6,1,15,353596,3
12834,Privileged Cont,127032233078784,468566,2284464885,1.0,11362307825249,124864,72656,8ff20b000,882a2af5,03:09:22,11,505,35,231,0,114,7,2,6,5,6,0,1
12404,firefox,129072733761536,471468,2803673085,2.0,11364606502477,127163,731ac,416723000,a71ca7fd,03:09:24,291,179,400,234,0,115,7,3,1,10,12,0,1
12404,firefox,129072733765632,471469,2803673085,3.0,11364606513222,127163,731ad,416724000,a71ca7fd,03:09:24,292,179,400,234,0,115,7,3,1,10,13,0,1
12673,Renderer,129072733749248,471470,2803673085,4.0,11364647966882,127204,731ae,416720000,a71ca7fd,03:09:24,288,179,400,234,0,115,7,3,1,10,14,0,1
12673,Renderer,129072733753344,471470,2803673085,4.0,11364647985957,127204,731ae,416721000,a71ca7fd,03:09:24,289,179,400,234,0,115,7,3,1,10,14,0,1
12673,Renderer,129072733769728,471470,2803673085,4.0,11364647996128,127204,731ae,416725000,a71ca7fd,03:09:24,293,179,400,234,0,115,7,3,1,10,14,0,1
12673,Renderer,129072733773824,481197,2803673085,5.0,11364648005004,127204,757ad,416726000,a71ca7fd,03:09:24,294,179,400,234,0,117,7,5,7,10,13,0,1
12673,Renderer,129072733777920,481198,2803673085,6.0,11364648013970,127204,757ae,416727000,a71ca7fd,03:09:24,295,179,400,234,0,117,7,5,7,10,14,0,1
12404,firefox,129072127283200,554801,4053159916,0.0,11373207509099,135764,87731,3f24c1000,f1964fec,03:09:33,193,402,399,234,0,135,8,7,7,3,1,0,1
12404,firefox,129072127287296,554800,4053159916,1.0,11373207520154,135764,87730,3f24c2000,f1964fec,03:09:33,194,402,399,234,0,135,8,7,7,3,0,0,1
12404,firefox,129072127291392,554799,4053159916,2.0,11373207523240,135764,8772f,3f24c3000,f1964fec,03:09:33,195,402,399,234,0,135,8,7,7,2,15,0,1
12404,firefox,129072127295488,554798,4053159916,3.0,11373207525788,135764,8772e,3f24c4000,f1964fec,03:09:33,196,402,399,234,0,135,8,7,7,2,14,0,1
12404,firefox,129072127303680,554796,4053159916,5.0,11373207531406,135764,8772c,3f24c6000,f1964fec,03:09:33,198,402,399,234,0,135,8,7,7,2,12,0,1
12404,firefox,129072127307776,554795,4053159916,6.0,11373207533917,135764,8772b,3f24c7000,f1964fec,03:09:33,199,402,399,234,0,135,8,7,7,2,11,0,1
12404,firefox,129072127315968,554793,4053159916,8.0,11373207538271,135764,87729,3f24c9000,f1964fec,03:09:33,201,402,399,234,0,135,8,7,7,2,9,0,1
12404,firefox,129072127320064,554792,4053159916,9.0,11373207540692,135764,87728,3f24ca000,f1964fec,03:09:33,202,402,399,234,0,135,8,7,7,2,8,0,1
12404,firefox,129072127328256,554301,4053159916,11.0,11373207544857,135764,8753d,3f24cc000,f1964fec,03:09:33,204,402,399,234,0,135,8,7,5,3,13,0,1
12404,firefox,129072127332352,555081,4053159916,12.0,11373207547277,135764,87849,3f24cd000,f1964fec,03:09:33,205,402,399,234,0,135,8,7,8,4,9,0,1
12404,firefox,129072127356928,555075,4053159916,18.0,11373207557240,135764,87843,3f24d3000,f1964fec,03:09:33,211,402,399,234,0,135,8,7,8,4,3,0,1
12404,firefox,129072127369216,555072,4053159916,21.0,11373207561482,135764,87840,3f24d6000,f1964fec,03:09:33,214,402,399,234,0,135,8,7,8,4,0,0,1
12404,firefox,129072127381504,555069,4053159916,24.0,11373207565620,135764,8783d,3f24d9000,f1964fec,03:09:33,217,402,399,234,0,135,8,7,8,3,13,0,1
12404,firefox,129072127393792,555066,4053159916,27.0,11373207571959,135764,8783a,3f24dc000,f1964fec,03:09:33,220,402,399,234,0,135,8,7,8,3,10,0,1
12404,firefox,129072127422464,555059,4053159916,34.0,11373207581183,135764,87833,3f24e3000,f1964fec,03:09:33,227,402,399,234,0,135,8,7,8,3,3,0,1
12404,firefox,129072127434752,555056,4053159916,37.0,11373207585215,135764,87830,3f24e6000,f1964fec,03:09:33,230,402,399,234,0,135,8,7,8,3,0,0,1
12404,firefox,129072127447040,555053,4053159916,40.0,11373207589421,135764,8782d,3f24e9000,f1964fec,03:09:33,233,402,399,234,0,135,8,7,8,2,13,0,1
12404,firefox,129072127459328,555050,4053159916,43.0,11373207593522,135764,8782a,3f24ec000,f1964fec,03:09:33,236,402,399,234,0,135,8,7,8,2,10,0,1
12404,firefox,129072127524864,555034,4053159916,59.0,11373207614607,135764,8781a,3f24fc000,f1964fec,03:09:33,252,402,399,234,0,135,8,7,8,1,10,0,1
12404,firefox,129072127770624,554974,4053159916,119.0,11373207694416,135764,877de,3f2538000,f1964fec,03:09:33,312,402,399,234,0,135,8,7,7,13,14,0,1
12404,firefox,129072127848448,554955,4053159916,138.0,11373207718936,135764,877cb,3f254b000,f1964fec,03:09:33,331,402,399,234,0,135,8,7,7,12,11,0,1
12404,firefox,129072127860736,554952,4053159916,141.0,11373207723210,135764,877c8,3f254e000,f1964fec,03:09:33,334,402,399,234,0,135,8,7,7,12,8,0,1
12404,firefox,129072127873024,554949,4053159916,144.0,11373207727405,135764,877c5,3f2551000,f1964fec,03:09:33,337,402,399,234,0,135,8,7,7,12,5,0,1
12404,firefox,129072127913984,554312,4053159916,154.0,11373207741549,135764,87548,3f255b000,f1964fec,03:09:33,347,402,399,234,0,135,8,7,5,4,8,0,1
12404,firefox,129072127926272,554309,4053159916,157.0,11373207745985,135764,87545,3f255e000,f1964fec,03:09:33,350,402,399,234,0,135,8,7,5,4,5,0,1
12404,firefox,129072127938560,554338,4053159916,160.0,11373207750404,135764,87562,3f2561000,f1964fec,03:09:33,353,402,399,234,0,135,8,7,5,6,2,0,1
12404,firefox,129072127950848,554341,4053159916,163.0,11373207754519,135764,87565,3f2564000,f1964fec,03:09:33,356,402,399,234,0,135,8,7,5,6,5,0,1
12404,firefox,129072127963136,554344,4053159916,166.0,11373207758865,135764,87568,3f2567000,f1964fec,03:09:33,359,402,399,234,0,135,8,7,5,6,8,0,1
12404,firefox,129072127975424,554447,4053159916,169.0,11373207763174,135764,875cf,3f256a000,f1964fec,03:09:33,362,402,399,234,0,135,8,7,5,12,15,0,1
12404,firefox,129072127979520,554446,4053159916,170.0,11373207764709,135764,875ce,3f256b000,f1964fec,03:09:33,363,402,399,234,0,135,8,7,5,12,14,0,1
12404,firefox,129072127987712,554444,4053159916,172.0,11373207767828,135764,875cc,3f256d000,f1964fec,03:09:33,365,402,399,234,0,135,8,7,5,12,12,0,1
12404,firefox,129072127991808,554443,4053159916,173.0,11373207769387,135764,875cb,3f256e000,f1964fec,03:09:33,366,402,399,234,0,135,8,7,5,12,11,0,1
12404,firefox,129072128004096,554440,4053159916,176.0,11373207773657,135764,875c8,3f2571000,f1964fec,03:09:33,369,402,399,234,0,135,8,7,5,12,8,0,1
12404,firefox,129072128016384,554437,4053159916,179.0,11373207777953,135764,875c5,3f2574000,f1964fec,03:09:33,372,402,399,234,0,135,8,7,5,12,5,0,1
12404,firefox,129072128028672,554434,4053159916,182.0,11373207783581,135764,875c2,3f2577000,f1964fec,03:09:33,375,402,399,234,0,135,8,7,5,12,2,0,1
12404,firefox,129072128032768,554433,4053159916,183.0,11373207785347,135764,875c1,3f2578000,f1964fec,03:09:33,376,402,399,234,0,135,8,7,5,12,1,0,1
12404,firefox,129072128040960,554431,4053159916,185.0,11373207788528,135764,875bf,3f257a000,f1964fec,03:09:33,378,402,399,234,0,135,8,7,5,11,15,0,1
12404,firefox,129072128045056,554430,4053159916,186.0,11373207790297,135764,875be,3f257b000,f1964fec,03:09:33,379,402,399,234,0,135,8,7,5,11,14,0,1
12404,firefox,129072128053248,554428,4053159916,188.0,11373207794238,135764,875bc,3f257d000,f1964fec,03:09:33,381,402,399,234,0,135,8,7,5,11,12,0,1
12404,firefox,129072128057344,554427,4053159916,189.0,11373207797072,135764,875bb,3f257e000,f1964fec,03:09:33,382,402,399,234,0,135,8,7,5,11,11,0,1
12404,firefox,129072539656192,554829,536034403,0.0,11373687938562,136244,8774d,40ae06000,1ff33c63,03:09:33,6,87,400,234,0,135,8,7,7,4,13,0,1
12404,firefox,129072539660288,554830,536034403,1.0,11373687942635,136244,8774e,40ae07000,1ff33c63,03:09:33,7,87,400,234,0,135,8,7,7,4,14,0,1
12404,firefox,129072539664384,554831,536034403,2.0,11373687947121,136244,8774f,40ae08000,1ff33c63,03:09:33,8,87,400,234,0,135,8,7,7,4,15,0,1
12404,firefox,129072539668480,554832,536034403,3.0,11373687949161,136244,87750,40ae09000,1ff33c63,03:09:33,9,87,400,234,0,135,8,7,7,5,0,0,1
12673,Renderer,129072539672576,554835,536034403,4.0,11373821489410,136378,87753,40ae0a000,1ff33c63,03:09:33,10,87,400,234,0,135,8,7,7,5,3,0,1
12404,firefox,129072375443456,521671,658517642,2.0,11375525071360,138081,7f5c7,40116b000,27402e8a,03:09:35,363,8,400,234,0,127,7,15,5,12,7,0,1
12404,firefox,129072375447552,521670,658517642,3.0,11375525073982,138081,7f5c6,40116c000,27402e8a,03:09:35,364,8,400,234,0,127,7,15,5,12,6,0,1
12673,Renderer,129072375431168,521668,658517642,4.0,11375541272665,138097,7f5c4,401168000,27402e8a,03:09:35,360,8,400,234,0,127,7,15,5,12,4,0,1
12673,Renderer,129072375435264,521668,658517642,4.0,11375541277372,138097,7f5c4,401169000,27402e8a,03:09:35,361,8,400,234,0,127,7,15,5,12,4,0,1
12673,Renderer,129072375451648,521668,658517642,4.0,11375541282609,138097,7f5c4,40116d000,27402e8a,03:09:35,365,8,400,234,0,127,7,15,5,12,4,0,1
12673,Renderer,129072375455744,520869,658517642,5.0,11375541284003,138097,7f2a5,40116e000,27402e8a,03:09:35,366,8,400,234,0,127,7,15,2,10,5,0,1
12673,Renderer,129072375459840,520868,658517642,6.0,11375541285522,138097,7f2a4,40116f000,27402e8a,03:09:35,367,8,400,234,0,127,7,15,2,10,4,0,1
12404,firefox,129072374206464,527519,3995562889,7.0,11376060373446,138616,80c9f,40103d000,ee277389,03:09:36,61,8,400,234,0,128,8,0,12,9,15,0,1
12404,firefox,129072374206464,527529,1556753069,7.0,11376063776877,138620,80ca9,40103d000,5cca2aad,03:09:36,61,8,400,234,0,128,8,0,12,10,9,0,1
12404,firefox,129072342831104,560620,3164648540,7.0,11377427658747,139984,88dec,3ff251000,bca0b45c,03:09:37,81,505,399,234,0,136,8,8,13,14,12,0,1
12404,firefox,129072342831104,560652,4160100085,7.0,11377433575507,139990,88e0c,3ff251000,f7f616f5,03:09:37,81,505,399,234,0,136,8,8,14,0,12,0,1
12404,firefox,129072342773760,566975,639741839,7.0,11379186102658,141742,8a6bf,3ff243000,2621af8f,03:09:39,67,505,399,234,0,138,8,10,6,11,15,0,1
12404,firefox,129072342773760,567546,4073683765,7.0,11379273231358,141829,8a8fa,3ff243000,f2cf7b35,03:09:39,67,505,399,234,0,138,8,10,8,15,10,0,1
12404,firefox,129072342773760,567559,942717785,7.0,11379274749440,141831,8a907,3ff243000,3830bb59,03:09:39,67,505,399,234,0,138,8,10,9,0,7,0,1
12404,firefox,129072342773760,567818,2068918481,7.0,11379291048099,141847,8aa0a,3ff243000,7b5130d1,03:09:39,67,505,399,234,0,138,8,10,10,0,10,0,1
12404,firefox,129072342773760,567897,3815674061,7.0,11379299232676,141855,8aa59,3ff243000,e36e90cd,03:09:39,67,505,399,234,0,138,8,10,10,5,9,0,1
12404,firefox,129072342773760,567908,1804742579,7.0,11379301153715,141857,8aa64,3ff243000,6b922fb3,03:09:39,67,505,399,234,0,138,8,10,10,6,4,0,1
12404,firefox,129072342773760,567918,770338332,7.0,11379303349331,141859,8aa6e,3ff243000,2dea6e1c,03:09:39,67,505,399,234,0,138,8,10,10,6,14,0,1
12404,firefox,129072122601472,570952,696612243,158.0,11379484258884,142040,8b648,3f204a000,29857593,03:09:39,74,400,399,234,0,139,8,11,6,4,8,0,1
12404,firefox,129072342773760,571101,1574589303,7.0,11379493823348,142050,8b6dd,3ff243000,5dda5377,03:09:39,67,505,399,234,0,139,8,11,6,13,13,0,1
12404,firefox,129072342773760,571964,4230004664,7.0,11379588750209,142145,8ba3c,3ff243000,fc20bfb8,03:09:39,67,505,399,234,0,139,8,11,10,3,12,0,1
12404,firefox,129072342773760,571932,3090869602,7.0,11379589104465,142145,8ba1c,3ff243000,b83aed62,03:09:39,67,505,399,234,0,139,8,11,10,1,12,0,1
12404,firefox,129072342773760,574115,733502202,7.0,11379654797802,142211,8c2a3,3ff243000,2bb85afa,03:09:39,67,505,399,234,0,140,8,12,2,10,3,0,1
12404,firefox,129072342773760,574123,1183942881,7.0,11379655419405,142211,8c2ab,3ff243000,469188e1,03:09:39,67,505,399,234,0,140,8,12,2,10,11,0,1
12404,firefox,129072342773760,575594,3766176835,7.0,11379712863095,142269,8c86a,3ff243000,e07b4c43,03:09:39,67,505,399,234,0,140,8,12,8,6,10,0,1
12404,firefox,129072342773760,575608,1443147151,7.0,11379714358195,142270,8c878,3ff243000,5604ad8f,03:09:39,67,505,399,234,0,140,8,12,8,7,8,0,1
12404,firefox,129072793903104,275697,2503222260,7.0,11504361165143,49983,434f1,41a07e000,953423f4,03:11:44,126,208,400,234,0,67,4,3,4,15,1,-921493,0
12404,firefox,129072793894912,275697,2503222260,7.0,11504367713831,54440,434f1,41a07c000,953423f4,03:11:44,124,208,400,234,0,67,4,3,4,15,1,0,0
12404,firefox,129072793976832,83449,2503222260,33.0,11504378818322,48248,145f9,41a090000,953423f4,03:11:44,144,208,400,234,0,20,1,4,5,15,9,-1085012,0
12404,firefox,129072793899008,275697,2503222260,7.0,11504378827036,56962,434f1,41a07d000,953423f4,03:11:44,125,208,400,234,0,67,4,3,4,15,1,0,0
12404,firefox,129072793964544,275697,2503222260,7.0,11504382854758,38162,434f1,41a08d000,953423f4,03:11:44,141,208,400,234,0,67,4,3,4,15,1,0,0
12404,firefox,129072794054656,214231,2503222260,43.0,11504390219881,43212,344d7,41a0a3000,953423f4,03:11:44,163,208,400,234,0,52,3,4,4,13,7,-981181,0
12404,firefox,129072794075136,214231,2503222260,43.0,11504391887652,41084,344d7,41a0a8000,953423f4,03:11:44,168,208,400,234,0,52,3,4,4,13,7,0,0
12404,firefox,129072794058752,1196576,2503222260,45.0,11504391894681,48113,124220,41a0a4000,953423f4,03:11:44,164,208,400,234,1,292,2,4,2,2,0,-49608,0
12404,firefox,129072793985024,83449,2503222260,33.0,11504391897539,50971,145f9,41a092000,953423f4,03:11:44,146,208,400,234,0,20,1,4,5,15,9,0,0
12404,firefox,129072793993216,83449,2503222260,33.0,11504392964602,39637,145f9,41a094000,953423f4,03:11:44,148,208,400,234,0,20,1,4,5,15,9,0,0
12404,firefox,129072793956352,184137,2503222260,18.0,11504398999484,213807,2cf49,41a08b000,953423f4,03:11:44,139,208,400,234,0,44,2,12,15,4,9,-973516,2
12329,update-notifier,108391886327808,1199974,877971724,15.0,11504399176534,53483,124f66,4f3e19000,3454c90c,03:11:44,25,415,83,197,1,292,2,4,15,6,6,80139,0
13942,Isolated Web Co,127032250978304,352170,124009549,16.0,11511504980900,309323,55faa,90031d000,7643c4d,03:11:51,285,1,36,231,0,85,5,5,15,10,10,-842766,2
13942,Isolated Web Co,127032250982400,1111390,124009549,17.0,11513395909601,55319,10f55e,90031e000,7643c4d,03:11:53,286,1,36,231,1,271,0,15,5,5,14,-111688,0
13942,Isolated Web Co,127032251006976,352161,124009549,25.0,11513402391737,49114,55fa1,900324000,7643c4d,03:11:53,292,1,36,231,0,85,5,5,15,10,1,284675,0
13942,Isolated Web Co,127032251154432,275697,2503222260,7.0,11518263870397,11147,434f1,900348000,953423f4,03:11:58,328,1,36,231,0,67,4,3,4,15,1,-907284,0
13942,Isolated Web Co,127032251244544,1095453,2503222260,25.0,11518263880408,21158,10b71d,90035e000,953423f4,03:11:58,350,1,36,231,1,267,0,11,7,1,13,0,0
13942,Isolated Web Co,127032251150336,275697,2503222260,7.0,11518263883255,24005,434f1,900347000,953423f4,03:11:58,327,1,36,231,0,67,4,3,4,15,1,0,0
13942,Isolated Web Co,127032251371520,1196576,2503222260,45.0,11518264307902,448652,124220,90037d000,953423f4,03:11:58,381,1,36,231,1,292,2,4,2,2,0,0,2
13942,Isolated Web Co,127032251293696,214231,2503222260,43.0,11518264334016,474766,344d7,90036a000,953423f4,03:11:58,362,1,36,231,0,52,3,4,4,13,7,150556,2
13942,Isolated Web Co,127032251215872,1192738,2503222260,27.0,11518264337999,478749,123322,900357000,953423f4,03:11:58,343,1,36,231,1,291,2,3,3,2,2,-49381,2
5970,pipewire-pulse,123325646331904,330772,2782360401,0.0,11522335393491,30226,50c14,9fd576000,a5d77351,03:12:02,374,490,167,224,0,80,5,0,12,1,4,0,0
5970,pipewire-pulse,123325646336000,335064,2782360401,1.0,11522335405686,42421,51cd8,9fd577000,a5d77351,03:12:02,375,490,167,224,0,81,5,1,12,13,8,0,0
5970,pipewire-pulse,123325646340096,330756,2782360401,2.0,11522335407779,44514,50c04,9fd578000,a5d77351,03:12:02,376,490,167,224,0,80,5,0,12,0,4,0,0
5970,pipewire-pulse,123325646344192,330774,2782360401,3.0,11522335409579,46314,50c16,9fd579000,a5d77351,03:12:02,377,490,167,224,0,80,5,0,12,1,6,0,0
5970,pipewire-pulse,123325646348288,79459,2782360401,4.0,11522335411053,47788,13663,9fd57a000,a5d77351,03:12:02,378,490,167,224,0,19,1,3,6,6,3,0,0
5970,pipewire-pulse,123325646352384,330785,2782360401,5.0,11522335412091,48826,50c21,9fd57b000,a5d77351,03:12:02,379,490,167,224,0,80,5,0,12,2,1,0,0
5970,pipewire-pulse,123325646356480,79454,2782360401,6.0,11522335413118,49853,1365e,9fd57c000,a5d77351,03:12:02,380,490,167,224,0,19,1,3,6,5,14,0,0
5970,pipewire-pulse,123325646360576,279544,2782360401,7.0,11522335414105,50840,443f8,9fd57d000,a5d77351,03:12:02,381,490,167,224,0,68,4,4,3,15,8,0,0
5970,pipewire-pulse,123325602336768,157221,1847794087,0.0,11522335438091,74826,26625,9fab81000,6e2319a7,03:12:02,385,469,167,224,0,38,2,6,6,2,5,0,0
5970,pipewire-pulse,123325602340864,96667,1847794087,1.0,11522335439066,75801,1799b,9fab82000,6e2319a7,03:12:02,386,469,167,224,0,23,1,7,9,9,11,0,0
5970,pipewire-pulse,123325602344960,331494,1847794087,2.0,11522335440080,76815,50ee6,9fab83000,6e2319a7,03:12:02,387,469,167,224,0,80,5,0,14,14,6,0,0
5970,pipewire-pulse,123325602349056,331526,1847794087,3.0,11522335441044,77779,50f06,9fab84000,6e2319a7,03:12:02,388,469,167,224,0,80,5,0,15,0,6,0,0
5970,pipewire-pulse,123325602353152,62543,1847794087,4.0,11522335441886,78621,f44f,9fab85000,6e2319a7,03:12:02,389,469,167,224,0,15,0,15,4,4,15,0,0
5970,pipewire-pulse,123325602357248,335025,1847794087,5.0,11522335442969,79704,51cb1,9fab86000,6e2319a7,03:12:02,390,469,167,224,0,81,5,1,12,11,1,0,0
5970,pipewire-pulse,123325602361344,337934,1847794087,6.0,11522335443982,80717,5280e,9fab87000,6e2319a7,03:12:02,391,469,167,224,0,82,5,2,8,0,14,0,0
5970,pipewire-pulse,123325602365440,338670,1847794087,7.0,11522335444983,81718,52aee,9fab88000,6e2319a7,03:12:02,392,469,167,224,0,82,5,2,10,14,14,0,0
5970,pipewire-pulse,123325602291712,132505,3095030859,0.0,11522567474293,347207,20599,9fab76000,b87a6c4b,03:12:02,374,469,167,224,0,32,2,0,5,9,9,0,2
5970,pipewire-pulse,123325602295808,132506,3095030859,1.0,11522567477550,350464,2059a,9fab77000,b87a6c4b,03:12:02,375,469,167,224,0,32,2,0,5,9,10,0,2
5970,pipewire-pulse,123325602299904,132507,3095030859,2.0,11522567478429,351343,2059b,9fab78000,b87a6c4b,03:12:02,376,469,167,224,0,32,2,0,5,9,11,0,2
5970,pipewire-pulse,123325602304000,132508,3095030859,3.0,11522567479345,352259,2059c,9fab79000,b87a6c4b,03:12:02,377,469,167,224,0,32,2,0,5,9,12,0,2
5970,pipewire-pulse,123325602308096,132509,3095030859,4.0,11522567480202,353116,2059d,9fab7a000,b87a6c4b,03:12:02,378,469,167,224,0,32,2,0,5,9,13,0,2
5970,pipewire-pulse,123325602312192,132510,3095030859,5.0,11522567481115,354029,2059e,9fab7b000,b87a6c4b,03:12:02,379,469,167,224,0,32,2,0,5,9,14,0,2
5970,pipewire-pulse,123325602316288,132511,3095030859,6.0,11522567482027,354941,2059f,9fab7c000,b87a6c4b,03:12:02,380,469,167,224,0,32,2,0,5,9,15,0,2
5970,pipewire-pulse,123325602320384,132544,3095030859,7.0,11522567482974,355888,205c0,9fab7d000,b87a6c4b,03:12:02,381,469,167,224,0,32,2,0,5,12,0,0,2
5970,pipewire-pulse,123325602254848,132546,1684654978,0.0,11522567494346,367260,205c2,9fab6d000,6469cb82,03:12:02,365,469,167,224,0,32,2,0,5,12,2,0,2
5970,pipewire-pulse,123325602258944,132547,1684654978,1.0,11522567495244,368158,205c3,9fab6e000,6469cb82,03:12:02,366,469,167,224,0,32,2,0,5,12,3,0,2
5970,pipewire-pulse,123325602263040,132548,1684654978,2.0,11522567496118,369032,205c4,9fab6f000,6469cb82,03:12:02,367,469,167,224,0,32,2,0,5,12,4,0,2
5970,pipewire-pulse,123325602271232,132550,1684654978,4.0,11522567497895,370809,205c6,9fab71000,6469cb82,03:12:02,369,469,167,224,0,32,2,0,5,12,6,0,2
5970,pipewire-pulse,123325602275328,132551,1684654978,5.0,11522567498934,371848,205c7,9fab72000,6469cb82,03:12:02,370,469,167,224,0,32,2,0,5,12,7,0,2
5970,pipewire-pulse,123325602279424,132552,1684654978,6.0,11522567499723,372637,205c8,9fab73000,6469cb82,03:12:02,371,469,167,224,0,32,2,0,5,12,8,0,2
5970,pipewire-pulse,123325602283520,132553,1684654978,7.0,11522567500504,373418,205c9,9fab74000,6469cb82,03:12:02,372,469,167,224,0,32,2,0,5,12,9,0,2
12834,Privileged Cont,127032251097088,132176,124009549,49.0,11522710226890,31336,20450,90033a000,7643c4d,03:12:02,314,1,36,231,0,32,2,0,4,5,0,0,0
12834,Privileged Cont,127032250949632,102143,124009549,18.0,11522826381436,47429,18eff,900316000,7643c4d,03:12:02,278,1,36,231,0,24,1,8,14,15,15,0,0
12834,Privileged Cont,127032250957824,102143,124009549,18.0,11523053948760,43265,18eff,900318000,7643c4d,03:12:03,280,1,36,231,0,24,1,8,14,15,15,0,0
5970,pipewire-pulse,123325646331904,676250,1182281721,0.0,11523789217351,588767,a519a,9fd576000,46782ff9,03:12:03,374,490,167,224,0,165,10,5,1,9,10,0,2
5970,pipewire-pulse,123325646336000,674950,1182281721,1.0,11523789227340,598756,a4c86,9fd577000,46782ff9,03:12:03,375,490,167,224,0,164,10,4,12,8,6,0,2
5970,pipewire-pulse,123325646340096,673135,1182281721,2.0,11523789229620,601036,a456f,9fd578000,46782ff9,03:12:03,376,490,167,224,0,164,10,4,5,6,15,0,2
5970,pipewire-pulse,123325646344192,669239,1182281721,3.0,11523789231508,602924,a3637,9fd579000,46782ff9,03:12:03,377,490,167,224,0,163,10,3,6,3,7,0,2
5970,pipewire-pulse,123325646348288,671888,1182281721,4.0,11523789233168,604584,a4090,9fd57a000,46782ff9,03:12:03,378,490,167,224,0,164,10,4,0,9,0,0,2
5970,pipewire-pulse,123325646352384,675863,1182281721,5.0,11523789234895,606311,a5017,9fd57b000,46782ff9,03:12:03,379,490,167,224,0,165,10,5,0,1,7,0,2
5970,pipewire-pulse,123325646356480,669241,1182281721,6.0,11523789236495,607911,a3639,9fd57c000,46782ff9,03:12:03,380,490,167,224,0,163,10,3,6,3,9,0,2
5970,pipewire-pulse,123325646360576,675471,1182281721,7.0,11523789238037,609453,a4e8f,9fd57d000,46782ff9,03:12:03,381,490,167,224,0,164,10,4,14,8,15,0,2
5970,pipewire-pulse,123325602336768,673167,1057983968,0.0,11523789264281,635697,a458f,9fab81000,3f0f8de0,03:12:03,385,469,167,224,0,164,10,4,5,8,15,0,2
5970,pipewire-pulse,123325602340864,676122,1057983968,1.0,11523789266049,637465,a511a,9fab82000,3f0f8de0,03:12:03,386,469,167,224,0,165,10,5,1,1,10,0,2
5970,pipewire-pulse,123325602344960,669242,1057983968,2.0,11523789267828,639244,a363a,9fab83000,3f0f8de0,03:12:03,387,469,167,224,0,163,10,3,6,3,10,0,2
5970,pipewire-pulse,123325602349056,668567,1057983968,3.0,11523789268926,640342,a3397,9fab84000,3f0f8de0,03:12:03,388,469,167,224,0,163,10,3,3,9,7,0,2
5970,pipewire-pulse,123325602353152,670743,1057983968,4.0,11523789270150,641566,a3c17,9fab85000,3f0f8de0,03:12:03,389,469,167,224,0,163,10,3,12,1,7,0,2
5970,pipewire-pulse,123325602357248,67759,1057983968,5.0,11523789271469,642885,108af,9fab86000,3f0f8de0,03:12:03,390,469,167,224,0,16,1,0,8,10,15,0,2
5970,pipewire-pulse,123325602361344,50023,1057983968,6.0,11523789272538,643954,c367,9fab87000,3f0f8de0,03:12:03,391,469,167,224,0,12,0,12,3,6,7,0,2
5970,pipewire-pulse,123325602365440,671489,1057983968,7.0,11523789273613,645029,a3f01,9fab88000,3f0f8de0,03:12:03,392,469,167,224,0,163,10,3,15,0,1,0,2
5970,pipewire-pulse,123325646331904,269948,371268892,0.0,11525266964194,1784083,41e7c,9fd576000,16211d1c,03:12:05,374,490,167,224,0,65,4,1,14,7,12,0,2
5970,pipewire-pulse,123325646336000,269950,371268892,1.0,11525266967448,1787337,41e7e,9fd577000,16211d1c,03:12:05,375,490,167,224,0,65,4,1,14,7,14,0,2
5970,pipewire-pulse,123325646340096,269967,371268892,2.0,11525266968394,1788283,41e8f,9fd578000,16211d1c,03:12:05,376,490,167,224,0,65,4,1,14,8,15,0,2
5970,pipewire-pulse,123325646344192,269963,371268892,3.0,11525266969250,1789139,41e8b,9fd579000,16211d1c,03:12:05,377,490,167,224,0,65,4,1,14,8,11,0,2
5970,pipewire-pulse,123325646348288,270774,371268892,4.0,11525266970068,1789957,421b6,9fd57a000,16211d1c,03:12:05,378,490,167,224,0,66,4,2,1,11,6,0,2
5970,pipewire-pulse,123325646352384,270858,371268892,5.0,11525266970961,1790850,4220a,9fd57b000,16211d1c,03:12:05,379,490,167,224,0,66,4,2,2,0,10,0,2
5970,pipewire-pulse,123325646356480,269960,371268892,6.0,11525266971867,1791756,41e88,9fd57c000,16211d1c,03:12:05,380,490,167,224,0,65,4,1,14,8,8,0,2
5970,pipewire-pulse,123325646360576,269956,371268892,7.0,11525266972719,1792608,41e84,9fd57d000,16211d1c,03:12:05,381,490,167,224,0,65,4,1,14,8,4,0,2
5970,pipewire-pulse,123325602336768,184945,1847794087,0.0,11525266990894,1810783,2d271,9fab81000,6e2319a7,03:12:05,385,469,167,224,0,45,2,13,2,7,1,27724,2
5970,pipewire-pulse,123325602340864,96713,1847794087,1.0,11525266991930,1811819,179c9,9fab82000,6e2319a7,03:12:05,386,469,167,224,0,23,1,7,9,12,9,46,2
5970,pipewire-pulse,123325602344960,80930,1847794087,2.0,11525266992734,1812623,13c22,9fab83000,6e2319a7,03:12:05,387,469,167,224,0,19,1,3,12,2,2,-250564,2
5970,pipewire-pulse,123325602349056,95849,1847794087,3.0,11525266993640,1813529,17669,9fab84000,6e2319a7,03:12:05,388,469,167,224,0,23,1,7,6,6,9,-235677,2
5970,pipewire-pulse,123325602353152,164443,1847794087,4.0,11525266994563,1814452,2825b,9fab85000,6e2319a7,03:12:05,389,469,167,224,0,40,2,8,2,5,11,101900,2
5970,pipewire-pulse,123325602357248,85146,1847794087,5.0,11525266995411,1815300,14c9a,9fab86000,6e2319a7,03:12:05,390,469,167,224,0,20,1,4,12,9,10,-249879,2
5970,pipewire-pulse,123325602361344,669240,1847794087,6.0,11525266996362,1816251,a3638,9fab87000,6e2319a7,03:12:05,391,469,167,224,0,163,10,3,6,3,8,331306,2
5970,pipewire-pulse,123325602365440,270499,1847794087,7.0,11525266997299,1817188,420a3,9fab88000,6e2319a7,03:12:05,392,469,167,224,0,66,4,2,0,10,3,-68171,2
8817,gsd-housekeepin,93837968756736,740129,4067791226,9.0,11537569806411,527043,b4b21,85acb5000,f275917a,03:12:17,181,214,353,170,0,180,11,4,11,2,1,-359915,2
13942,Isolated Web Co,127032251092992,132176,124009549,49.0,11556142310900,75476,20450,900339000,7643c4d,03:12:36,313,1,36,231,0,32,2,0,4,5,0,0,0
13942,Isolated Web Co,127032250945536,102143,124009549,18.0,11556142321228,85804,18eff,900315000,7643c4d,03:12:36,277,1,36,231,0,24,1,8,14,15,15,-1020736,0
13942,Isolated Web Co,127032250953728,102143,124009549,18.0,11556163401845,8762,18eff,900317000,7643c4d,03:12:36,279,1,36,231,0,24,1,8,14,15,15,0,0
13942,Isolated Web Co,127032251117568,132176,124009549,49.0,11556163416110,5877,20450,90033f000,7643c4d,03:12:36,319,1,36,231,0,32,2,0,4,5,0,0,0
13942,Isolated Web Co,127032251011072,7717,124009549,24.0,11556174254462,9603,1e25,900325000,7643c4d,03:12:36,293,1,36,231,0,1,0,1,14,2,5,-722665,0
13942,Isolated Web Co,127032250970112,102143,124009549,18.0,11556177248809,43220,18eff,90031b000,7643c4d,03:12:36,283,1,36,231,0,24,1,8,14,15,15,0,0
12834,Privileged Cont,129064203575296,371794,216359322,29.0,11556859304434,71737,5ac52,21a01e000,ce5619a,03:12:36,30,208,392,234,0,90,5,10,12,5,2,0,0
5970,pipewire-pulse,123325646331904,209958,1428448750,0.0,11557071654310,215017,33426,9fd576000,552465ee,03:12:37,374,490,167,224,0,51,3,3,4,2,6,0,2
5970,pipewire-pulse,123325646336000,209959,1428448750,1.0,11557071663280,223987,33427,9fd577000,552465ee,03:12:37,375,490,167,224,0,51,3,3,4,2,7,0,2
5970,pipewire-pulse,123325646340096,210096,1428448750,2.0,11557071665414,226121,334b0,9fd578000,552465ee,03:12:37,376,490,167,224,0,51,3,3,4,11,0,0,2
5970,pipewire-pulse,123325646344192,210097,1428448750,3.0,11557071667111,227818,334b1,9fd579000,552465ee,03:12:37,377,490,167,224,0,51,3,3,4,11,1,0,2
5970,pipewire-pulse,123325646348288,210098,1428448750,4.0,11557071668047,228754,334b2,9fd57a000,552465ee,03:12:37,378,490,167,224,0,51,3,3,4,11,2,0,2
5970,pipewire-pulse,123325646352384,210099,1428448750,5.0,11557071668963,229670,334b3,9fd57b000,552465ee,03:12:37,379,490,167,224,0,51,3,3,4,11,3,0,2
5970,pipewire-pulse,123325646356480,210100,1428448750,6.0,11557071669910,230617,334b4,9fd57c000,552465ee,03:12:37,380,490,167,224,0,51,3,3,4,11,4,0,2
5970,pipewire-pulse,123325646360576,210101,1428448750,7.0,11557071670918,231625,334b5,9fd57d000,552465ee,03:12:37,381,490,167,224,0,51,3,3,4,11,5,0,2
5970,pipewire-pulse,123325602336768,766323,1937647477,0.0,11557072081102,74354,bb173,9fab81000,737e2775,03:12:37,385,469,167,224,0,187,11,11,1,7,3,0,0
5970,pipewire-pulse,123325602340864,766324,1937647477,1.0,11557072083530,76782,bb174,9fab82000,737e2775,03:12:37,386,469,167,224,0,187,11,11,1,7,4,0,0
5970,pipewire-pulse,123325602344960,766325,1937647477,2.0,11557072084690,77942,bb175,9fab83000,737e2775,03:12:37,387,469,167,224,0,187,11,11,1,7,5,0,0
5970,pipewire-pulse,123325602349056,766326,1937647477,3.0,11557072085879,79131,bb176,9fab84000,737e2775,03:12:37,388,469,167,224,0,187,11,11,1,7,6,0,0
5970,pipewire-pulse,123325602353152,766327,1937647477,4.0,11557072086971,80223,bb177,9fab85000,737e2775,03:12:37,389,469,167,224,0,187,11,11,1,7,7,0,0
5970,pipewire-pulse,123325602357248,237944,1937647477,5.0,11557072087935,81187,3a178,9fab86000,737e2775,03:12:37,390,469,167,224,0,58,3,10,1,7,8,0,0
5970,pipewire-pulse,123325602361344,237945,1937647477,6.0,11557072088934,82186,3a179,9fab87000,737e2775,03:12:37,391,469,167,224,0,58,3,10,1,7,9,0,0
5970,pipewire-pulse,123325602365440,237946,1937647477,7.0,11557072089913,83165,3a17a,9fab88000,737e2775,03:12:37,392,469,167,224,0,58,3,10,1,7,10,0,0
12834,Privileged Cont,129064203579392,563672,216359322,30.0,11557209640767,149425,899d8,21a01f000,ce5619a,03:12:37,31,208,392,234,0,137,8,9,9,13,8,0,1
12834,Privileged Cont,129064203583488,48590,216359322,44.0,11557249572129,246016,bdce,21a020000,ce5619a,03:12:37,32,208,392,234,0,11,0,11,13,12,14,0,2
12834,Privileged Cont,129064203620352,48590,216359322,44.0,11557265013498,47131,bdce,21a029000,ce5619a,03:12:37,41,208,392,234,0,11,0,11,13,12,14,0,0
12834,Privileged Cont,129064203743232,368508,216359322,69.0,11557265985603,780817,59f7c,21a047000,ce5619a,03:12:37,71,208,392,234,0,89,5,9,15,7,12,0,2
12834,Privileged Cont,129064203751424,51951,216359322,71.0,11557266736028,48745,caef,21a049000,ce5619a,03:12:37,73,208,392,234,0,12,0,12,10,14,15,0,0
12834,Privileged Cont,129064203755520,51831,216359322,73.0,11557266740289,53006,ca77,21a04a000,ce5619a,03:12:37,74,208,392,234,0,12,0,12,10,7,7,0,0
12834,Privileged Cont,129064203763712,51808,216359322,74.0,11557267494292,482642,ca60,21a04c000,ce5619a,03:12:37,76,208,392,234,0,12,0,12,10,6,0,0,2
12834,Privileged Cont,129064203771904,50474,216359322,76.0,11557267497275,485625,c52a,21a04e000,ce5619a,03:12:37,78,208,392,234,0,12,0,12,5,2,10,0,2
12834,Privileged Cont,129064203677696,597807,216359322,50.0,11557268313392,47589,91f2f,21a037000,ce5619a,03:12:37,55,208,392,234,0,145,9,1,15,2,15,0,0
12834,Privileged Cont,129064203530240,544693,216359322,31.0,11557362935323,48978,84fb5,21a013000,ce5619a,03:12:37,19,208,392,234,0,132,8,4,15,11,5,0,0
12834,Privileged Cont,129064203534336,544693,216359322,31.0,11557363913943,48593,84fb5,21a014000,ce5619a,03:12:37,20,208,392,234,0,132,8,4,15,11,5,0,0
12834,Privileged Cont,129064203538432,544693,216359322,31.0,11557363919487,54137,84fb5,21a015000,ce5619a,03:12:37,21,208,392,234,0,132,8,4,15,11,5,0,0
12834,Privileged Cont,129064203505664,491420,216359322,12.0,11557395286371,8388,77f9c,21a00d000,ce5619a,03:12:37,13,208,392,234,0,119,7,7,15,9,12,0,0
12834,Privileged Cont,129064203522048,544693,216359322,31.0,11557395288861,10878,84fb5,21a011000,ce5619a,03:12:37,17,208,392,234,0,132,8,4,15,11,5,0,0
12834,Privileged Cont,129064203526144,544693,216359322,31.0,11557395290213,12230,84fb5,21a012000,ce5619a,03:12:37,18,208,392,234,0,132,8,4,15,11,5,0,0
12834,Privileged Cont,129064203542528,544693,216359322,31.0,11557395292212,14229,84fb5,21a016000,ce5619a,03:12:37,22,208,392,234,0,132,8,4,15,11,5,0,0
12834,Privileged Cont,129064203554816,544693,216359322,31.0,11557428174965,50376,84fb5,21a019000,ce5619a,03:12:37,25,208,392,234,0,132,8,4,15,11,5,0,0
12834,Privileged Cont,129064203558912,544693,216359322,31.0,11557428184116,59527,84fb5,21a01a000,ce5619a,03:12:37,26,208,392,234,0,132,8,4,15,11,5,0,0
12834,Privileged Cont,129064203567104,544693,216359322,31.0,11557428185829,61240,84fb5,21a01c000,ce5619a,03:12:37,28,208,392,234,0,132,8,4,15,11,5,0,0
12834,Privileged Cont,129064203636736,48590,216359322,44.0,11557498502478,7280,bdce,21a02d000,ce5619a,03:12:37,45,208,392,234,0,11,0,11,13,12,14,0,0
12834,Privileged Cont,129064203640832,48591,216359322,45.0,11557498504677,9479,bdcf,21a02e000,ce5619a,03:12:37,46,208,392,234,0,11,0,11,13,12,15,0,0
12834,Privileged Cont,129064203497472,491421,216359322,13.0,11557596137425,44826,77f9d,21a00b000,ce5619a,03:12:37,11,208,392,234,0,119,7,7,15,9,13,0,0
12834,Privileged Cont,129064203653120,178761,216359322,55.0,11557612070216,450480,2ba49,21a031000,ce5619a,03:12:37,49,208,392,234,0,43,2,11,10,4,9,0,2
12834,Privileged Cont,129064203710464,178761,216359322,55.0,11557612198570,4617,2ba49,21a03f000,ce5619a,03:12:37,63,208,392,234,0,43,2,11,10,4,9,0,0
12834,Privileged Cont,129064203759616,50568,216359322,78.0,11557703442419,9960,c588,21a04b000,ce5619a,03:12:37,75,208,392,234,0,12,0,12,5,8,8,0,0
12834,Privileged Cont,127032240197632,173036,829629532,69.0,11557794065921,7064,2a3ec,8ff8d5000,3173245c,03:12:37,213,508,35,231,0,42,2,10,3,14,12,0,0
12834,Privileged Cont,127032250986496,102143,124009549,18.0,11558529626599,10037,18eff,90031f000,7643c4d,03:12:38,287,1,36,231,0,24,1,8,14,15,15,0,0
12834,Privileged Cont,127032251039744,840436,124009549,25.0,11558588543131,222948,cd2f4,90032c000,7643c4d,03:12:38,300,1,36,231,0,205,12,13,2,15,4,0,2
12404,firefox,129072869085184,265817,2344523339,10.0,11559134387541,106157,40e59,41e831000,8bbe964b,03:12:39,49,244,400,234,0,64,4,0,14,5,9,-860466,1
12404,firefox,129072842403840,132176,124009549,49.0,11559803573728,110310,20450,41cebf000,7643c4d,03:12:39,191,231,400,234,0,32,2,0,4,5,0,0,1
12404,firefox,129072842252288,102143,124009549,18.0,11559803580114,3735,18eff,41ce9a000,7643c4d,03:12:39,154,231,400,234,0,24,1,8,14,15,15,0,0
12404,firefox,129072842317824,404139,124009549,32.0,11559803583976,7597,62aab,41ceaa000,7643c4d,03:12:39,170,231,400,234,0,98,6,2,10,10,11,0,0
12834,Privileged Cont,127032234692608,1204256,280392967,0.0,11559806885490,50337,126020,8ff395000,10b67507,03:12:39,405,505,35,231,1,294,2,6,0,2,0,0,0
12834,Privileged Cont,127032234696704,1229368,280392967,1.0,11559806904552,69399,12c238,8ff396000,10b67507,03:12:39,406,505,35,231,1,300,2,12,2,3,8,0,0
13942,Isolated Web Co,127032251035648,404139,124009549,32.0,11560454879374,69541,62aab,90032b000,7643c4d,03:12:40,299,1,36,231,0,98,6,2,10,10,11,0,0
13942,Isolated Web Co,127032251031552,404139,124009549,32.0,11561659737505,3261328,62aab,90032a000,7643c4d,03:12:41,298,1,36,231,0,98,6,2,10,10,11,0,3
13942,Isolated Web Co,127032251125760,132143,124009549,52.0,11561682675341,47644,2042f,900341000,7643c4d,03:12:41,321,1,36,231,0,32,2,0,4,2,15,0,0
8817,gsd-housekeepin,93837968756736,55793,4067791226,9.0,11597455280188,574092,d9f1,85acb5000,f275917a,03:13:17,181,214,353,170,0,13,0,13,9,15,1,-684336,2
12404,firefox,129072842305536,404139,124009549,32.0,11598335684111,602403,62aab,41cea7000,7643c4d,03:13:18,167,231,400,234,0,98,6,2,10,10,11,0,2
12404,firefox,129072793935872,533549,2503222260,20.0,11598550717292,8017901,8242d,41a086000,953423f4,03:13:18,134,208,400,234,0,130,8,2,4,2,13,-647492,3
12404,firefox,129072793980928,726615,2503222260,33.0,11598554009727,1347979,b1657,41a091000,953423f4,03:13:18,145,208,400,234,0,177,11,1,6,5,7,643166,2
12404,firefox,129072793944064,533549,2503222260,20.0,11598572669516,18517541,8242d,41a088000,953423f4,03:13:18,136,208,400,234,0,130,8,2,4,2,13,0,4
12404,firefox,129072794038272,726615,2503222260,33.0,11598603523475,10523329,b1657,41a09f000,953423f4,03:13:18,159,208,400,234,0,177,11,1,6,5,7,0,3
12404,firefox,129072794107904,624610,2503222260,58.0,11598611231288,94778,987e2,41a0b0000,953423f4,03:13:18,176,208,400,234,0,152,9,8,7,14,2,-226140,0
12404,firefox,129072794005504,19719,2503222260,36.0,11598623594693,11667391,4d07,41a097000,953423f4,03:13:18,151,208,400,234,0,4,0,4,13,0,7,-1184226,3
12404,firefox,129072794120192,624610,2503222260,58.0,11598627253852,1105487,987e2,41a0b3000,953423f4,03:13:18,179,208,400,234,0,152,9,8,7,14,2,0,2
12404,firefox,129072794021888,19719,2503222260,36.0,11598627827264,1678899,4d07,41a09b000,953423f4,03:13:18,155,208,400,234,0,4,0,4,13,0,7,0,2
12404,firefox,129072794116096,624610,2503222260,58.0,11598645569394,11189577,987e2,41a0b2000,953423f4,03:13:18,178,208,400,234,0,152,9,8,7,14,2,0,3
12404,firefox,129072794157056,624610,2503222260,58.0,11599708956501,156224,987e2,41a0bc000,953423f4,03:13:19,188,208,400,234,0,152,9,8,7,14,2,0,1
17028,MainThread,127032251240448,572318,2503222260,28.0,11600135522762,534539,8bb9e,90035d000,953423f4,03:13:20,349,1,36,231,0,139,8,11,11,9,14,0,2
17031,MainThread,127032251240448,572318,2503222260,28.0,11600144676166,10880,8bb9e,90035d000,953423f4,03:13:20,349,1,36,231,0,139,8,11,11,9,14,0,0
17031,MainThread,127032251379712,624610,2503222260,58.0,11600144688662,23376,987e2,90037f000,953423f4,03:13:20,383,1,36,231,0,152,9,8,7,14,2,0,0
17028,MainThread,127032251379712,624610,2503222260,58.0,11600145694264,1028978,987e2,90037f000,953423f4,03:13:20,383,1,36,231,0,152,9,8,7,14,2,0,2
17028,MainThread,127032251367424,133918,2503222260,60.0,11600145703561,1038275,20b1e,90037c000,953423f4,03:13:20,380,1,36,231,0,32,2,0,11,1,14,0,2
17027,MainThread,127032251240448,572318,2503222260,28.0,11600155617996,9533624,8bb9e,90035d000,953423f4,03:13:20,349,1,36,231,0,139,8,11,11,9,14,0,3
17027,MainThread,127032251342848,133918,2503222260,60.0,11600155630967,9546595,20b1e,900376000,953423f4,03:13:20,374,1,36,231,0,32,2,0,11,1,14,0,3
17031,MainThread,127032251367424,133918,2503222260,60.0,11600156687182,10602810,20b1e,90037c000,953423f4,03:13:20,380,1,36,231,0,32,2,0,11,1,14,0,3
17031,MainThread,127032251355136,133918,2503222260,60.0,11600156698924,10614552,20b1e,900379000,953423f4,03:13:20,377,1,36,231,0,32,2,0,11,1,14,0,3
17028,MainThread,127032251342848,133918,2503222260,60.0,11600156748881,10664509,20b1e,900376000,953423f4,03:13:20,374,1,36,231,0,32,2,0,11,1,14,0,3
17027,MainThread,127032251355136,133918,2503222260,60.0,11600157373334,463060,20b1e,900379000,953423f4,03:13:20,377,1,36,231,0,32,2,0,11,1,14,0,2
17027,MainThread,127032251195392,572318,2503222260,28.0,11600157379461,469187,8bb9e,900352000,953423f4,03:13:20,338,1,36,231,0,139,8,11,11,9,14,0,2
17027,MainThread,127032251314176,482108,2503222260,43.0,11600157382773,472499,75b3c,90036f000,953423f4,03:13:20,367,1,36,231,0,117,7,5,11,3,12,0,2
17027,MainThread,127032251375616,133918,2503222260,60.0,11600157399344,489070,20b1e,90037e000,953423f4,03:13:20,382,1,36,231,0,32,2,0,11,1,14,0,2
17031,MainThread,127032251195392,572318,2503222260,28.0,11600197552582,10571203,8bb9e,900352000,953423f4,03:13:20,338,1,36,231,0,139,8,11,11,9,14,0,3
17031,MainThread,127032251322368,133918,2503222260,60.0,11600197761350,10779971,20b1e,900371000,953423f4,03:13:20,369,1,36,231,0,32,2,0,11,1,14,0,3
17031,MainThread,127032251346944,133918,2503222260,60.0,11600197766680,10785301,20b1e,900377000,953423f4,03:13:20,375,1,36,231,0,32,2,0,11,1,14,0,3
17028,MainThread,127032251195392,572318,2503222260,28.0,11600197819122,10837743,8bb9e,900352000,953423f4,03:13:20,338,1,36,231,0,139,8,11,11,9,14,0,3
17027,MainThread,127032251322368,133918,2503222260,60.0,11600197840400,10859021,20b1e,900371000,953423f4,03:13:20,369,1,36,231,0,32,2,0,11,1,14,0,3
17031,MainThread,127032251260928,482083,2503222260,44.0,11600208795188,146517,75b23,900362000,953423f4,03:13:20,354,1,36,231,0,117,7,5,11,2,3,0,1
17028,MainThread,127032251260928,482083,2503222260,44.0,11600217716536,9067865,75b23,900362000,953423f4,03:13:20,354,1,36,231,0,117,7,5,11,2,3,0,3
17028,MainThread,127032251383808,558517,2503222260,65.0,11600217730138,9081467,885b5,900380000,953423f4,03:13:20,384,1,36,231,0,136,8,8,5,11,5,0,3
17028,MainThread,127032251404288,558517,2503222260,65.0,11600217735495,9086824,885b5,900385000,953423f4,03:13:20,389,1,36,231,0,136,8,8,5,11,5,0,3
17028,MainThread,127032251326464,133918,2503222260,60.0,11600217741720,9093049,20b1e,900372000,953423f4,03:13:20,370,1,36,231,0,32,2,0,11,1,14,0,3
17031,MainThread,127032251383808,558517,2503222260,65.0,11600217953458,10764,885b5,900380000,953423f4,03:13:20,384,1,36,231,0,136,8,8,5,11,5,0,0
17027,MainThread,127032251260928,482083,2503222260,44.0,11600219127004,108852,75b23,900362000,953423f4,03:13:20,354,1,36,231,0,117,7,5,11,2,3,0,1
17027,MainThread,127032251285504,482083,2503222260,44.0,11600219663738,645586,75b23,900368000,953423f4,03:13:20,360,1,36,231,0,117,7,5,11,2,3,0,2
17028,MainThread,127032251285504,482083,2503222260,44.0,11600219790891,772739,75b23,900368000,953423f4,03:13:20,360,1,36,231,0,117,7,5,11,2,3,0,2
17031,MainThread,127032251285504,482083,2503222260,44.0,11600219825501,807349,75b23,900368000,953423f4,03:13:20,360,1,36,231,0,117,7,5,11,2,3,0,2
17027,MainThread,127032251338752,133918,2503222260,60.0,11600227792049,30859,20b1e,900375000,953423f4,03:13:20,373,1,36,231,0,32,2,0,11,1,14,0,0
17027,MainThread,127032251277312,482083,2503222260,44.0,11600227798628,37438,75b23,900366000,953423f4,03:13:20,358,1,36,231,0,117,7,5,11,2,3,0,0
17027,MainThread,127032251305984,482083,2503222260,44.0,11600227800284,39094,75b23,90036d000,953423f4,03:13:20,365,1,36,231,0,117,7,5,11,2,3,0,0
17027,MainThread,127032251330560,133918,2503222260,60.0,11600227806480,45290,20b1e,900373000,953423f4,03:13:20,371,1,36,231,0,32,2,0,11,1,14,0,0
17027,MainThread,127032251387904,143767,2503222260,66.0,11600227812866,51676,23197,900381000,953423f4,03:13:20,385,1,36,231,0,35,2,3,1,9,7,0,0
17027,MainThread,127032251392000,143767,2503222260,66.0,11600227814775,53585,23197,900382000,953423f4,03:13:20,386,1,36,231,0,35,2,3,1,9,7,0,0
17027,MainThread,127032251396096,143767,2503222260,66.0,11600227818371,57181,23197,900383000,953423f4,03:13:20,387,1,36,231,0,35,2,3,1,9,7,0,0
17027,MainThread,127032251256832,482083,2503222260,44.0,11600227822716,61526,75b23,900361000,953423f4,03:13:20,353,1,36,231,0,117,7,5,11,2,3,0,0
17027,MainThread,127032251273216,482083,2503222260,44.0,11600227826903,65713,75b23,900365000,953423f4,03:13:20,357,1,36,231,0,117,7,5,11,2,3,0,0
17027,MainThread,127032251232256,572318,2503222260,28.0,11600227837697,76507,8bb9e,90035b000,953423f4,03:13:20,347,1,36,231,0,139,8,11,11,9,14,0,0
17027,MainThread,127032251252736,482083,2503222260,44.0,11600227839228,78038,75b23,900360000,953423f4,03:13:20,352,1,36,231,0,117,7,5,11,2,3,0,0
17031,MainThread,127032251338752,133918,2503222260,60.0,11600228729840,599171,20b1e,900375000,953423f4,03:13:20,373,1,36,231,0,32,2,0,11,1,14,0,2
17031,MainThread,127032251211776,572318,2503222260,28.0,11600228768060,637391,8bb9e,900356000,953423f4,03:13:20,342,1,36,231,0,139,8,11,11,9,14,0,2
17031,MainThread,127032251289600,482083,2503222260,44.0,11600228786113,655444,75b23,900369000,953423f4,03:13:20,361,1,36,231,0,117,7,5,11,2,3,0,2
17031,MainThread,127032251334656,133918,2503222260,60.0,11600228790624,659955,20b1e,900374000,953423f4,03:13:20,372,1,36,231,0,32,2,0,11,1,14,0,2
17031,MainThread,127032251203584,572318,2503222260,28.0,11600228803767,673098,8bb9e,900354000,953423f4,03:13:20,340,1,36,231,0,139,8,11,11,9,14,0,2
17031,MainThread,127032251191296,572318,2503222260,28.0,11600228810927,680258,8bb9e,900351000,953423f4,03:13:20,337,1,36,231,0,139,8,11,11,9,14,0,2
17027,MainThread,127032251211776,572318,2503222260,28.0,11600229016956,886287,8bb9e,900356000,953423f4,03:13:20,342,1,36,231,0,139,8,11,11,9,14,0,2
17028,MainThread,127032251338752,133918,2503222260,60.0,11600229150708,1020039,20b1e,900375000,953423f4,03:13:20,373,1,36,231,0,32,2,0,11,1,14,0,2
17031,MainThread,127032251158528,1226373,2503222260,15.0,11600249607711,10085159,12b685,900349000,953423f4,03:13:20,329,1,36,231,1,299,2,11,6,8,5,0,3
17031,MainThread,127032251170816,1226373,2503222260,15.0,11600249653256,10130704,12b685,90034c000,953423f4,03:13:20,332,1,36,231,1,299,2,11,6,8,5,0,3
17031,MainThread,127032251166720,1226373,2503222260,15.0,11600249654878,10132326,12b685,90034b000,953423f4,03:13:20,331,1,36,231,1,299,2,11,6,8,5,0,3
17031,MainThread,127032251174912,1226373,2503222260,15.0,11600249757141,10234589,12b685,90034d000,953423f4,03:13:20,333,1,36,231,1,299,2,11,6,8,5,0,3
17031,MainThread,127032251183104,1226373,2503222260,15.0,11600249829392,10306840,12b685,90034f000,953423f4,03:13:20,335,1,36,231,1,299,2,11,6,8,5,0,3
17027,MainThread,127032250908672,863395,124009549,15.0,11602453513394,1149045,d2ca3,90030c000,7643c4d,03:13:22,268,1,36,231,0,210,13,2,12,10,3,0,2
17027,MainThread,127032250912768,863395,124009549,15.0,11602453519874,1155525,d2ca3,90030d000,7643c4d,03:13:22,269,1,36,231,0,210,13,2,12,10,3,0,2
17027,MainThread,127032250916864,863395,124009549,15.0,11602453522432,1158083,d2ca3,90030e000,7643c4d,03:13:22,270,1,36,231,0,210,13,2,12,10,3,0,2
17031,MainThread,127032250920960,863395,124009549,15.0,11602453983550,1619201,d2ca3,90030f000,7643c4d,03:13:22,271,1,36,231,0,210,13,2,12,10,3,0,2
17031,MainThread,127032250925056,692609,124009549,19.0,11602453987084,1622735,a9181,900310000,7643c4d,03:13:22,272,1,36,231,0,169,10,9,1,8,1,0,2
17031,MainThread,127032250929152,692609,124009549,19.0,11602453989343,1624994,a9181,900311000,7643c4d,03:13:22,273,1,36,231,0,169,10,9,1,8,1,0,2
17031,MainThread,127032250933248,692609,124009549,19.0,11602453991597,1627248,a9181,900312000,7643c4d,03:13:22,274,1,36,231,0,169,10,9,1,8,1,0,2
17028,MainThread,127032250908672,863395,124009549,15.0,11602454218351,1854002,d2ca3,90030c000,7643c4d,03:13:22,268,1,36,231,0,210,13,2,12,10,3,0,2
17027,MainThread,127032250920960,863395,124009549,15.0,11602454234016,1869667,d2ca3,90030f000,7643c4d,03:13:22,271,1,36,231,0,210,13,2,12,10,3,0,2
17031,MainThread,127032250937344,692609,124009549,19.0,11602482882824,9896361,a9181,900313000,7643c4d,03:13:22,275,1,36,231,0,169,10,9,1,8,1,0,3
17031,MainThread,127032250941440,692609,124009549,19.0,11602482903647,9917184,a9181,900314000,7643c4d,03:13:22,276,1,36,231,0,169,10,9,1,8,1,0,3
17027,MainThread,127032250937344,692609,124009549,19.0,11602504302665,11491262,a9181,900313000,7643c4d,03:13:22,275,1,36,231,0,169,10,9,1,8,1,0,3
17027,MainThread,127032250966016,692609,124009549,19.0,11602504328069,11516666,a9181,90031a000,7643c4d,03:13:22,282,1,36,231,0,169,10,9,1,8,1,0,3
17031,MainThread,127032250966016,692609,124009549,19.0,11602504725230,11913827,a9181,90031a000,7643c4d,03:13:22,282,1,36,231,0,169,10,9,1,8,1,0,3
17031,MainThread,127032250990592,404139,124009549,32.0,11602504925013,12113610,62aab,900320000,7643c4d,03:13:22,288,1,36,231,0,98,6,2,10,10,11,0,3
17031,MainThread,127032250994688,404139,124009549,32.0,11602504929790,12118387,62aab,900321000,7643c4d,03:13:22,289,1,36,231,0,98,6,2,10,10,11,0,3
17028,MainThread,127032250937344,692609,124009549,19.0,11602505544887,81439,a9181,900313000,7643c4d,03:13:22,275,1,36,231,0,169,10,9,1,8,1,0,0
17028,MainThread,127032250998784,404139,124009549,32.0,11602505574043,110595,62aab,900322000,7643c4d,03:13:22,290,1,36,231,0,98,6,2,10,10,11,0,1
17028,MainThread,127032251002880,404139,124009549,32.0,11602505577518,114070,62aab,900323000,7643c4d,03:13:22,291,1,36,231,0,98,6,2,10,10,11,0,1
17028,MainThread,127032251019264,404139,124009549,32.0,11602505584416,120968,62aab,900327000,7643c4d,03:13:22,295,1,36,231,0,98,6,2,10,10,11,0,1
17028,MainThread,127032251023360,404139,124009549,32.0,11602505586904,123456,62aab,900328000,7643c4d,03:13:22,296,1,36,231,0,98,6,2,10,10,11,0,1
17028,MainThread,127032251043840,404139,124009549,32.0,11602505594235,130787,62aab,90032d000,7643c4d,03:13:22,301,1,36,231,0,98,6,2,10,10,11,0,1
17028,MainThread,127032251047936,404138,124009549,33.0,11602505596677,133229,62aaa,90032e000,7643c4d,03:13:22,302,1,36,231,0,98,6,2,10,10,10,0,1
17028,MainThread,127032251052032,404235,124009549,34.0,11602505599152,135704,62b0b,90032f000,7643c4d,03:13:22,303,1,36,231,0,98,6,2,11,0,11,0,1
17028,MainThread,127032251056128,635594,124009549,51.0,11602505601830,138382,9b2ca,900330000,7643c4d,03:13:22,304,1,36,231,0,155,9,11,2,12,10,0,1
17027,MainThread,127032250990592,404139,124009549,32.0,11602508134571,138393,62aab,900320000,7643c4d,03:13:22,288,1,36,231,0,98,6,2,10,10,11,0,1
17027,MainThread,127032251060224,635594,124009549,51.0,11602508163245,167067,9b2ca,900331000,7643c4d,03:13:22,305,1,36,231,0,155,9,11,2,12,10,0,1
17027,MainThread,127032251064320,635594,124009549,51.0,11602508165644,169466,9b2ca,900332000,7643c4d,03:13:22,306,1,36,231,0,155,9,11,2,12,10,0,1
17027,MainThread,127032251068416,635594,124009549,51.0,11602508167931,171753,9b2ca,900333000,7643c4d,03:13:22,307,1,36,231,0,155,9,11,2,12,10,0,1
17027,MainThread,127032251072512,635594,124009549,51.0,11602508170255,174077,9b2ca,900334000,7643c4d,03:13:22,308,1,36,231,0,155,9,11,2,12,10,0,1
17027,MainThread,127032251076608,635594,124009549,51.0,11602508172459,176281,9b2ca,900335000,7643c4d,03:13:22,309,1,36,231,0,155,9,11,2,12,10,0,1
17027,MainThread,127032251080704,635594,124009549,51.0,11602508174707,178529,9b2ca,900336000,7643c4d,03:13:22,310,1,36,231,0,155,9,11,2,12,10,0,1
17027,MainThread,127032251084800,635594,124009549,51.0,11602508177017,180839,9b2ca,900337000,7643c4d,03:13:22,311,1,36,231,0,155,9,11,2,12,10,0,1
17027,MainThread,127032251088896,635594,124009549,51.0,11602508179286,183108,9b2ca,900338000,7643c4d,03:13:22,312,1,36,231,0,155,9,11,2,12,10,0,1
17031,MainThread,127032250998784,404139,124009549,32.0,11602508230228,234050,62aab,900322000,7643c4d,03:13:22,290,1,36,231,0,98,6,2,10,10,11,0,2
17028,MainThread,127032251060224,635594,124009549,51.0,11602515991991,7995813,9b2ca,900331000,7643c4d,03:13:22,305,1,36,231,0,155,9,11,2,12,10,0,3
17028,MainThread,127032251101184,635594,124009549,51.0,11602516016338,8020160,9b2ca,90033b000,7643c4d,03:13:22,315,1,36,231,0,155,9,11,2,12,10,0,3
17028,MainThread,127032251105280,635594,124009549,51.0,11602516021229,8025051,9b2ca,90033c000,7643c4d,03:13:22,316,1,36,231,0,155,9,11,2,12,10,0,3
17028,MainThread,127032251129856,575797,124009549,53.0,11602516030615,8034437,8c935,900342000,7643c4d,03:13:22,322,1,36,231,0,140,8,12,9,3,5,0,3
17027,MainThread,127032251101184,635594,124009549,51.0,11602524587080,16590902,9b2ca,90033b000,7643c4d,03:13:22,315,1,36,231,0,155,9,11,2,12,10,0,4
17031,MainThread,127032251101184,635594,124009549,51.0,11602525743565,601576,9b2ca,90033b000,7643c4d,03:13:22,315,1,36,231,0,155,9,11,2,12,10,0,2
17028,MainThread,127032239923200,424080,829629532,1.0,11606828646170,4600286,67890,8ff892000,3173245c,03:13:26,146,508,35,231,0,103,6,7,8,9,0,0,3
17028,MainThread,127032239919104,433973,829629532,3.0,11606828652622,4606738,69f35,8ff891000,3173245c,03:13:26,145,508,35,231,0,105,6,9,15,3,5,0,3
17028,MainThread,127032240070656,560828,829629532,38.0,11606828690204,4644320,88ebc,8ff8b6000,3173245c,03:13:26,182,508,35,231,0,136,8,8,14,11,12,0,3
17031,MainThread,127032232230912,351530,2994035428,0.0,11608835643111,43687,55d2a,8ff13c000,b2755ae4,03:13:28,316,504,35,231,0,85,5,5,13,2,10,0,0
17028,MainThread,127032232230912,351530,2994035428,0.0,11608835920544,12764,55d2a,8ff13c000,b2755ae4,03:13:28,316,504,35,231,0,85,5,5,13,2,10,0,0
17031,MainThread,127032232390656,461173,2994035428,38.0,11608844911049,914392,70975,8ff163000,b2755ae4,03:13:28,355,504,35,231,0,112,7,0,9,7,5,0,2
17031,MainThread,127032232411136,1147049,2994035428,41.0,11608846577013,927679,1180a9,8ff168000,b2755ae4,03:13:28,360,504,35,231,1,280,1,8,0,10,9,0,2
17028,MainThread,127032232390656,461173,2994035428,38.0,11608856965076,11315742,70975,8ff163000,b2755ae4,03:13:28,355,504,35,231,0,112,7,0,9,7,5,0,3
17027,MainThread,127032232390656,461173,2994035428,38.0,11608857414171,11764837,70975,8ff163000,b2755ae4,03:13:28,355,504,35,231,0,112,7,0,9,7,5,0,3
17028,MainThread,127032232902656,1123195,2994035428,173.0,11608877606281,31956947,11237b,8ff1e0000,b2755ae4,03:13:28,480,504,35,231,1,274,1,2,3,7,11,0,4
17027,MainThread,127032232902656,1123195,2994035428,173.0,11608910518308,64868974,11237b,8ff1e0000,b2755ae4,03:13:28,480,504,35,231,1,274,1,2,3,7,11,0,4
17027,MainThread,127032232394752,1190094,2994035428,46.0,11608910623977,64974643,1228ce,8ff164000,b2755ae4,03:13:28,356,504,35,231,1,290,2,2,8,12,14,0,4
17028,MainThread,127032232394752,1190094,2994035428,46.0,11608911952945,66303611,1228ce,8ff164000,b2755ae4,03:13:28,356,504,35,231,1,290,2,2,8,12,14,0,4
17028,MainThread,127032232407040,1190094,2994035428,46.0,11608912157134,66507800,1228ce,8ff167000,b2755ae4,03:13:28,359,504,35,231,1,290,2,2,8,12,14,0,4
17027,MainThread,127032232386560,1190094,2994035428,46.0,11608912969836,269115,1228ce,8ff162000,b2755ae4,03:13:28,354,504,35,231,1,290,2,2,8,12,14,0,2
17027,MainThread,127032232402944,1190094,2994035428,46.0,11608913098619,397898,1228ce,8ff166000,b2755ae4,03:13:28,358,504,35,231,1,290,2,2,8,12,14,0,2
17027,MainThread,127032232382464,1190094,2994035428,46.0,11608913166901,466180,1228ce,8ff161000,b2755ae4,03:13:28,353,504,35,231,1,290,2,2,8,12,14,0,2
17027,MainThread,127032232935424,1123195,2994035428,173.0,11608913231194,530473,11237b,8ff1e8000,b2755ae4,03:13:28,488,504,35,231,1,274,1,2,3,7,11,0,2
17031,MainThread,127032232902656,1123195,2994035428,173.0,11608918132384,5431663,11237b,8ff1e0000,b2755ae4,03:13:28,480,504,35,231,1,274,1,2,3,7,11,0,3
17031,MainThread,127032232939520,1147784,2994035428,174.0,11608918572944,5872223,118388,8ff1e9000,b2755ae4,03:13:28,489,504,35,231,1,280,1,8,3,8,8,0,3
17031,MainThread,127032232943616,656256,2994035428,175.0,11608918576741,5876020,a0380,8ff1ea000,b2755ae4,03:13:28,490,504,35,231,0,160,10,0,3,8,0,0,3
17031,MainThread,127032232947712,656215,2994035428,176.0,11608918579572,5878851,a0357,8ff1eb000,b2755ae4,03:13:28,491,504,35,231,0,160,10,0,3,5,7,0,3
17031,MainThread,127032232951808,656224,2994035428,177.0,11608918581244,5880523,a0360,8ff1ec000,b2755ae4,03:13:28,492,504,35,231,0,160,10,0,3,6,0,0,3
17028,MainThread,127032232386560,1190094,2994035428,46.0,11608919699332,6998611,1228ce,8ff162000,b2755ae4,03:13:28,354,504,35,231,1,290,2,2,8,12,14,0,3
17028,MainThread,127032232955904,857359,2994035428,178.0,11608919995522,7294801,d150f,8ff1ed000,b2755ae4,03:13:28,493,504,35,231,0,209,13,1,5,0,15,0,3
17028,MainThread,127032232960000,452828,2994035428,179.0,11608919999103,7298382,6e8dc,8ff1ee000,b2755ae4,03:13:28,494,504,35,231,0,110,6,14,8,13,12,0,3
17028,MainThread,127032232964096,452829,2994035428,180.0,11608920001371,7300650,6e8dd,8ff1ef000,b2755ae4,03:13:28,495,504,35,231,0,110,6,14,8,13,13,0,3
17028,MainThread,127032232972288,452831,2994035428,182.0,11608920006154,7305433,6e8df,8ff1f1000,b2755ae4,03:13:28,497,504,35,231,0,110,6,14,8,13,15,0,3
17028,MainThread,127032232976384,520352,2994035428,183.0,11608920008512,7307791,7f0a0,8ff1f2000,b2755ae4,03:13:28,498,504,35,231,0,127,7,15,0,10,0,0,3
17028,MainThread,127032232980480,520353,2994035428,184.0,11608920010766,7310045,7f0a1,8ff1f3000,b2755ae4,03:13:28,499,504,35,231,0,127,7,15,0,10,1,0,3
17028,MainThread,127032232984576,520354,2994035428,185.0,11608920012852,7312131,7f0a2,8ff1f4000,b2755ae4,03:13:28,500,504,35,231,0,127,7,15,0,10,2,0,3
17027,MainThread,127032232939520,1147784,2994035428,174.0,11608920084174,7383453,118388,8ff1e9000,b2755ae4,03:13:28,489,504,35,231,1,280,1,8,3,8,8,0,3
17031,MainThread,127032232955904,857359,2994035428,178.0,11608929760052,17059331,d150f,8ff1ed000,b2755ae4,03:13:28,493,504,35,231,0,209,13,1,5,0,15,0,4
17031,MainThread,127032232988672,520355,2994035428,186.0,11608929811304,17110583,7f0a3,8ff1f5000,b2755ae4,03:13:28,501,504,35,231,0,127,7,15,0,10,3,0,4
17031,MainThread,127032232992768,597509,2994035428,187.0,11608929817303,17116582,91e05,8ff1f6000,b2755ae4,03:13:28,502,504,35,231,0,145,9,1,14,0,5,0,4
17031,MainThread,127032232996864,597510,2994035428,188.0,11608929820048,17119327,91e06,8ff1f7000,b2755ae4,03:13:28,503,504,35,231,0,145,9,1,14,0,6,0,4
17031,MainThread,127032233000960,597511,2994035428,189.0,11608929822981,17122260,91e07,8ff1f8000,b2755ae4,03:13:28,504,504,35,231,0,145,9,1,14,0,7,0,4
17031,MainThread,127032233005056,445756,2994035428,190.0,11608929825731,17125010,6cd3c,8ff1f9000,b2755ae4,03:13:28,505,504,35,231,0,108,6,12,13,3,12,0,4
17031,MainThread,127032233009152,445757,2994035428,191.0,11608929828172,17127451,6cd3d,8ff1fa000,b2755ae4,03:13:28,506,504,35,231,0,108,6,12,13,3,13,0,4
17031,MainThread,127032233013248,445758,2994035428,192.0,11608929830693,17129972,6cd3e,8ff1fb000,b2755ae4,03:13:28,507,504,35,231,0,108,6,12,13,3,14,0,4
17031,MainThread,127032233017344,445759,2994035428,193.0,11608929833609,17132888,6cd3f,8ff1fc000,b2755ae4,03:13:28,508,504,35,231,0,108,6,12,13,3,15,0,4
17028,MainThread,127032232988672,520355,2994035428,186.0,11608932945710,20244989,7f0a3,8ff1f5000,b2755ae4,03:13:28,501,504,35,231,0,127,7,15,0,10,3,0,4
17028,MainThread,127032233021440,621083,2994035428,194.0,11608932973528,20272807,97a1b,8ff1fd000,b2755ae4,03:13:28,509,504,35,231,0,151,9,7,10,1,11,0,4
17028,MainThread,127032233025536,808263,2994035428,195.0,11608932977603,20276882,c5547,8ff1fe000,b2755ae4,03:13:28,510,504,35,231,0,197,12,5,5,4,7,0,4
17028,MainThread,127032233029632,515897,2994035428,196.0,11608932980693,20279972,7df39,8ff1ff000,b2755ae4,03:13:28,511,504,35,231,0,125,7,13,15,3,9,0,4
17027,MainThread,127032232988672,520355,2994035428,186.0,11608933686768,20986047,7f0a3,8ff1f5000,b2755ae4,03:13:28,501,504,35,231,0,127,7,15,0,10,3,0,4
17031,MainThread,127032233021440,621083,2994035428,194.0,11608934820298,181786,97a1b,8ff1fd000,b2755ae4,03:13:28,509,504,35,231,0,151,9,7,10,1,11,0,1
12404,firefox,129072869085184,885556,2344523339,10.0,11660997108138,1018308,d8334,41e831000,8bbe964b,03:14:20,49,244,400,234,0,216,13,8,3,3,4,619739,2
12329,update-notifier,108391886327808,1171740,877971724,15.0,11684399635526,198225915,11e11c,4f3e19000,3454c90c,03:14:44,25,415,83,197,1,286,1,14,1,1,12,-28234,4
12834,Privileged Cont,129064203624448,546559,216359322,46.0,11763175705392,18033,856ff,21a02a000,ce5619a,03:16:03,42,208,392,234,0,133,8,5,6,15,15,0,0
12834,Privileged Cont,127032240435200,1204117,829629532,127.0,11763203201443,924041,125f95,8ff90f000,3173245c,03:16:03,271,508,35,231,1,293,2,5,15,9,5,0,2
12834,Privileged Cont,127032240443392,1171511,829629532,129.0,11763203210296,932894,11e037,8ff911000,3173245c,03:16:03,273,508,35,231,1,286,1,14,0,3,7,0,2
12834,Privileged Cont,127032240447488,1222734,829629532,130.0,11763203212683,935281,12a84e,8ff912000,3173245c,03:16:03,274,508,35,231,1,298,2,10,8,4,14,0,2
12834,Privileged Cont,127032240451584,1146897,829629532,131.0,11763204240339,1962937,118011,8ff913000,3173245c,03:16:03,275,508,35,231,1,280,1,8,0,1,1,0,2
12834,Privileged Cont,127032240455680,1142573,829629532,132.0,11763204248786,1971384,116f2d,8ff914000,3173245c,03:16:03,276,508,35,231,1,278,1,6,15,2,13,0,2
12834,Privileged Cont,127032240459776,1185545,829629532,133.0,11763204251520,1974118,121709,8ff915000,3173245c,03:16:03,277,508,35,231,1,289,2,1,7,0,9,0,2
12834,Privileged Cont,127032240463872,1166234,829629532,134.0,11763204253504,1976102,11cb9a,8ff916000,3173245c,03:16:03,278,508,35,231,1,284,1,12,11,9,10,0,2
12834,Privileged Cont,127032240074752,567016,829629532,39.0,11763204952446,52025,8a6e8,8ff8b7000,3173245c,03:16:03,183,508,35,231,0,138,8,10,6,14,8,0,0
12834,Privileged Cont,127032240078848,1192095,829629532,40.0,11763204960784,60363,12309f,8ff8b8000,3173245c,03:16:03,184,508,35,231,1,291,2,3,0,9,15,0,0
5970,pipewire-pulse,123325646331904,1160482,707942380,0.0,11768333778534,26246,11b522,9fd576000,2a3257ec,03:16:08,374,490,167,224,1,283,1,11,5,2,2,0,0
5970,pipewire-pulse,123325646336000,1131290,707942380,1.0,11768333787756,35468,11431a,9fd577000,2a3257ec,03:16:08,375,490,167,224,1,276,1,4,3,1,10,0,0
5970,pipewire-pulse,123325646340096,1140982,707942380,2.0,11768333789798,37510,1168f6,9fd578000,2a3257ec,03:16:08,376,490,167,224,1,278,1,6,8,15,6,0,0
5970,pipewire-pulse,123325646344192,1225883,707942380,3.0,11768333791518,39230,12b49b,9fd579000,2a3257ec,03:16:08,377,490,167,224,1,299,2,11,4,9,11,0,0
5970,pipewire-pulse,123325646348288,1204234,707942380,4.0,11768333793188,40900,12600a,9fd57a000,2a3257ec,03:16:08,378,490,167,224,1,294,2,6,0,0,10,0,0
5970,pipewire-pulse,123325646352384,1113741,707942380,5.0,11768333794924,42636,10fe8d,9fd57b000,2a3257ec,03:16:08,379,490,167,224,1,271,0,15,14,8,13,0,0
5970,pipewire-pulse,123325646356480,1146017,707942380,6.0,11768333796783,44495,117ca1,9fd57c000,2a3257ec,03:16:08,380,490,167,224,1,279,1,7,12,10,1,0,0
5970,pipewire-pulse,123325646360576,1166397,707942380,7.0,11768333798542,46254,11cc3d,9fd57d000,2a3257ec,03:16:08,381,490,167,224,1,284,1,12,12,3,13,0,0
5970,pipewire-pulse,123325602336768,1160235,820320007,0.0,11768333823620,71332,11b42b,9fab81000,30e51707,03:16:08,385,469,167,224,1,283,1,11,4,2,11,0,0
5970,pipewire-pulse,123325602340864,1220486,820320007,1.0,11768333825392,73104,129f86,9fab82000,30e51707,03:16:08,386,469,167,224,1,297,2,9,15,8,6,0,0
5970,pipewire-pulse,123325602344960,1188583,820320007,2.0,11768333827002,74714,1222e7,9fab83000,30e51707,03:16:08,387,469,167,224,1,290,2,2,2,14,7,0,0
5970,pipewire-pulse,123325602349056,1135289,820320007,3.0,11768333828095,75807,1152b9,9fab84000,30e51707,03:16:08,388,469,167,224,1,277,1,5,2,11,9,0,0
5970,pipewire-pulse,123325602353152,1123228,820320007,4.0,11768333829079,76791,11239c,9fab85000,30e51707,03:16:08,389,469,167,224,1,274,1,2,3,9,12,0,0
5970,pipewire-pulse,123325602357248,1123109,820320007,5.0,11768333830030,77742,112325,9fab86000,30e51707,03:16:08,390,469,167,224,1,274,1,2,3,2,5,0,0
5970,pipewire-pulse,123325602361344,1137721,820320007,6.0,11768333830910,78622,115c39,9fab87000,30e51707,03:16:08,391,469,167,224,1,277,1,5,12,3,9,0,0
5970,pipewire-pulse,123325602365440,1197985,820320007,7.0,11768333831951,79663,1247a1,9fab88000,30e51707,03:16:08,392,469,167,224,1,292,2,4,7,10,1,0,0
5970,pipewire-pulse,123325646331904,1198665,2782360401,0.0,11769548539602,2348150,124a49,9fd576000,a5d77351,03:16:09,374,490,167,224,1,292,2,4,10,4,9,867893,3
5970,pipewire-pulse,123325646336000,1199353,2782360401,1.0,11769548543209,2351757,124cf9,9fd577000,a5d77351,03:16:09,375,490,167,224,1,292,2,4,12,15,9,864289,3
5970,pipewire-pulse,123325646340096,1129292,2782360401,2.0,11769548544115,2352663,113b4c,9fd578000,a5d77351,03:16:09,376,490,167,224,1,275,1,3,11,4,12,798536,3
5970,pipewire-pulse,123325646344192,1153537,2782360401,3.0,11769548544975,2353523,119a01,9fd579000,a5d77351,03:16:09,377,490,167,224,1,281,1,9,10,0,1,822763,3
5970,pipewire-pulse,123325646348288,1186401,2782360401,4.0,11769548545877,2354425,121a61,9fd57a000,a5d77351,03:16:09,378,490,167,224,1,289,2,1,10,6,1,1106942,3
5970,pipewire-pulse,123325646352384,1156584,2782360401,5.0,11769548546761,2355309,11a5e8,9fd57b000,a5d77351,03:16:09,379,490,167,224,1,282,1,10,5,14,8,825799,3
5970,pipewire-pulse,123325646356480,1211222,2782360401,6.0,11769548547754,2356302,127b56,9fd57c000,a5d77351,03:16:09,380,490,167,224,1,295,2,7,11,5,6,1131768,3
5970,pipewire-pulse,123325646360576,1166760,2782360401,7.0,11769548548683,2357231,11cda8,9fd57d000,a5d77351,03:16:09,381,490,167,224,1,284,1,12,13,10,8,887216,3
5970,pipewire-pulse,123325602336768,1137929,2663115495,0.0,11769548567169,2375717,115d09,9fab81000,9ebbeae7,03:16:09,385,469,167,224,1,277,1,5,13,0,9,0,3
5970,pipewire-pulse,123325602340864,1198477,2663115495,1.0,11769548568075,2376623,12498d,9fab82000,9ebbeae7,03:16:09,386,469,167,224,1,292,2,4,9,8,13,0,3
5970,pipewire-pulse,123325602344960,1159537,2663115495,2.0,11769548569024,2377572,11b171,9fab83000,9ebbeae7,03:16:09,387,469,167,224,1,283,1,11,1,7,1,0,3
5970,pipewire-pulse,123325602349056,1179096,2663115495,3.0,11769548569971,2378519,11fdd8,9fab84000,9ebbeae7,03:16:09,388,469,167,224,1,287,1,15,13,13,8,0,3
5970,pipewire-pulse,123325602353152,1203421,2663115495,4.0,11769548570737,2379285,125cdd,9fab85000,9ebbeae7,03:16:09,389,469,167,224,1,293,2,5,12,13,13,0,3
5970,pipewire-pulse,123325602357248,1115187,2663115495,5.0,11769548571640,2380188,110433,9fab86000,9ebbeae7,03:16:09,390,469,167,224,1,272,1,0,4,3,3,0,3
5970,pipewire-pulse,123325602361344,1133745,2663115495,6.0,11769548572464,2381012,114cb1,9fab87000,9ebbeae7,03:16:09,391,469,167,224,1,276,1,4,12,11,1,0,3
5970,pipewire-pulse,123325602365440,1202851,2663115495,7.0,11769548573222,2381770,125aa3,9fab88000,9ebbeae7,03:16:09,392,469,167,224,1,293,2,5,10,10,3,0,3
12834,Privileged Cont,129064203575296,842945,216359322,29.0,11891190686885,381030,cdcc1,21a01e000,ce5619a,03:18:11,30,208,392,234,0,205,12,13,12,12,1,471151,2
12834,Privileged Cont,129064203579392,1163417,216359322,30.0,11891190961633,655778,11c099,21a01f000,ce5619a,03:18:11,31,208,392,234,1,284,1,12,0,9,9,599745,2
12834,Privileged Cont,129064203657216,834464,216359322,49.0,11891195624783,5318928,cbba0,21a032000,ce5619a,03:18:11,50,208,392,234,0,203,12,11,11,10,0,0,3
12834,Privileged Cont,129064203583488,837560,216359322,42.0,11891241627283,413173,cc7b8,21a020000,ce5619a,03:18:11,32,208,392,234,0,204,12,12,7,11,8,0,2
12834,Privileged Cont,129064203743232,844111,216359322,69.0,11891242450432,478847,ce14f,21a047000,ce5619a,03:18:11,71,208,392,234,0,206,12,14,1,4,15,475603,2
12834,Privileged Cont,129064203751424,1153159,216359322,71.0,11891243048251,1076666,119887,21a049000,ce5619a,03:18:11,73,208,392,234,1,281,1,9,8,8,7,1101208,2
12834,Privileged Cont,129064203755520,1221834,216359322,73.0,11891243690772,1719187,12a4ca,21a04a000,ce5619a,03:18:11,74,208,392,234,1,298,2,10,4,12,10,1170003,2
12834,Privileged Cont,129064203763712,1183010,216359322,74.0,11891244605829,373270,120d22,21a04c000,ce5619a,03:18:11,76,208,392,234,1,288,2,0,13,2,2,1131202,2
12834,Privileged Cont,129064203771904,1177185,216359322,76.0,11891244611526,378967,11f661,21a04e000,ce5619a,03:18:11,78,208,392,234,1,287,1,15,6,6,1,1126711,2
12834,Privileged Cont,129064203677696,1176970,216359322,50.0,11891245005222,772663,11f58a,21a037000,ce5619a,03:18:11,55,208,392,234,1,287,1,15,5,8,10,579163,2
12834,Privileged Cont,129064203534336,1167348,216359322,31.0,11891277140181,571484,11cff4,21a014000,ce5619a,03:18:11,20,208,392,234,1,284,1,12,15,15,4,622655,2
12834,Privileged Cont,129064203538432,1167348,216359322,31.0,11891277376031,807334,11cff4,21a015000,ce5619a,03:18:11,21,208,392,234,1,284,1,12,15,15,4,0,2
12834,Privileged Cont,129064203759616,1167153,216359322,78.0,11891293059076,422673,11cf31,21a04b000,ce5619a,03:18:11,75,208,392,234,1,284,1,12,15,3,1,1116585,2
12834,Privileged Cont,127032240197632,1171766,829629532,69.0,11891300347499,1411626,11e136,8ff8d5000,3173245c,03:18:11,213,508,35,231,1,286,1,14,1,3,6,998730,2
12834,Privileged Cont,127032240435200,1143204,829629532,127.0,11891303454789,984084,1171a4,8ff90f000,3173245c,03:18:11,271,508,35,231,1,279,1,7,1,10,4,-60913,2
12834,Privileged Cont,127032240443392,1130844,829629532,129.0,11891303734762,1264057,11415c,8ff911000,3173245c,03:18:11,273,508,35,231,1,276,1,4,1,5,12,-40667,2
12834,Privileged Cont,127032240447488,1130845,829629532,130.0,11891303737361,1266656,11415d,8ff912000,3173245c,03:18:11,274,508,35,231,1,276,1,4,1,5,13,-91889,2
12834,Privileged Cont,127032240451584,1175534,829629532,131.0,11891304006552,1535847,11efee,8ff913000,3173245c,03:18:11,275,508,35,231,1,286,1,14,15,14,14,28637,2
12834,Privileged Cont,127032240455680,1175535,829629532,132.0,11891304008919,1538214,11efef,8ff914000,3173245c,03:18:11,276,508,35,231,1,286,1,14,15,14,15,32962,2
12834,Privileged Cont,127032240459776,1224970,829629532,133.0,11891304010201,1539496,12b10a,8ff915000,3173245c,03:18:11,277,508,35,231,1,299,2,11,1,0,10,39425,2
12834,Privileged Cont,127032240463872,1224971,829629532,134.0,11891304011381,1540676,12b10b,8ff916000,3173245c,03:18:11,278,508,35,231,1,299,2,11,1,0,11,58737,2
8817,gsd-housekeepin,93837968756736,620266,4067791226,9.0,11897445885354,53487,976ea,85acb5000,f275917a,03:18:17,181,214,353,170,0,151,9,7,6,14,10,564473,0
12404,firefox,129072793894912,873037,2503222260,7.0,11899762386329,44236,d524d,41a07c000,953423f4,03:18:19,124,208,400,234,0,213,13,5,2,4,13,597340,0
12404,firefox,129072793976832,726615,2503222260,33.0,11899783750560,59215,b1657,41a090000,953423f4,03:18:19,144,208,400,234,0,177,11,1,6,5,7,0,0
12404,firefox,129072793899008,873037,2503222260,7.0,11899784362278,47616,d524d,41a07d000,953423f4,03:18:19,125,208,400,234,0,213,13,5,2,4,13,0,0
12404,firefox,129072793964544,533549,2503222260,20.0,11899790071697,43535,8242d,41a08d000,953423f4,03:18:19,141,208,400,234,0,130,8,2,4,2,13,0,0
12404,firefox,129072794058752,1196576,2503222260,45.0,11899805127269,209742,124220,41a0a4000,953423f4,03:18:19,164,208,400,234,1,292,2,4,2,2,0,0,2
12404,firefox,129072793985024,726615,2503222260,33.0,11899805137230,219703,b1657,41a092000,953423f4,03:18:19,146,208,400,234,0,177,11,1,6,5,7,0,2
12404,firefox,129072793993216,726615,2503222260,33.0,11899809822837,50383,b1657,41a094000,953423f4,03:18:19,148,208,400,234,0,177,11,1,6,5,7,0,0
12404,firefox,129072793935872,533549,2503222260,20.0,11912617125402,829201,8242d,41a086000,953423f4,03:18:32,134,208,400,234,0,130,8,2,4,2,13,0,2
12404,firefox,129072793980928,726615,2503222260,33.0,11912617137616,841415,b1657,41a091000,953423f4,03:18:32,145,208,400,234,0,177,11,1,6,5,7,0,2
12404,firefox,129072793944064,533549,2503222260,20.0,11912617141306,845105,8242d,41a088000,953423f4,03:18:32,136,208,400,234,0,130,8,2,4,2,13,0,2
12404,firefox,129072793939968,533549,2503222260,20.0,11912619051792,63307,8242d,41a087000,953423f4,03:18:32,135,208,400,234,0,130,8,2,4,2,13,0,0
12404,firefox,129072794034176,726615,2503222260,33.0,11912621124692,69864,b1657,41a09e000,953423f4,03:18:32,158,208,400,234,0,177,11,1,6,5,7,0,0
12404,firefox,129072794124288,624610,2503222260,58.0,11912621131960,77132,987e2,41a0b4000,953423f4,03:18:32,180,208,400,234,0,152,9,8,7,14,2,0,0
12404,firefox,129072794030080,32701,2503222260,35.0,11912621135901,81073,7fbd,41a09d000,953423f4,03:18:32,157,208,400,234,0,7,0,7,15,11,13,-1061686,0
12404,firefox,129072793960448,533549,2503222260,20.0,11912622108384,53614,8242d,41a08c000,953423f4,03:18:32,140,208,400,234,0,130,8,2,4,2,13,0,0
12404,firefox,129072793997312,888622,2503222260,35.0,11960230228825,22025017,d8f2e,41a095000,953423f4,03:19:20,149,208,400,234,0,216,13,8,15,2,14,855921,4
12404,firefox,129072794112000,624610,2503222260,58.0,11960230237890,22034082,987e2,41a0b1000,953423f4,03:19:20,177,208,400,234,0,152,9,8,7,14,2,0,4
12404,firefox,129072794116096,624610,2503222260,58.0,11960249827990,41624182,987e2,41a0b2000,953423f4,03:19:20,178,208,400,234,0,152,9,8,7,14,2,0,4
12404,firefox,129072794017792,888622,2503222260,35.0,11960270904329,62700521,d8f2e,41a09a000,953423f4,03:19:20,154,208,400,234,0,216,13,8,15,2,14,0,4
12404,firefox,129072794071040,1196576,2503222260,45.0,11960270919043,62715235,124220,41a0a7000,953423f4,03:19:20,167,208,400,234,1,292,2,4,2,2,0,0,4
12404,firefox,129072793968640,533549,2503222260,20.0,11960270934639,62730831,8242d,41a08e000,953423f4,03:19:20,142,208,400,234,0,130,8,2,4,2,13,0,4
12404,firefox,129072794107904,624610,2503222260,58.0,11960270937750,62733942,987e2,41a0b0000,953423f4,03:19:20,176,208,400,234,0,152,9,8,7,14,2,0,4
12404,firefox,129072794005504,888622,2503222260,35.0,11965780675660,101003,d8f2e,41a097000,953423f4,03:19:25,151,208,400,234,0,216,13,8,15,2,14,0,1
12404,firefox,129072794021888,888622,2503222260,35.0,11965780684397,109740,d8f2e,41a09b000,953423f4,03:19:25,155,208,400,234,0,216,13,8,15,2,14,0,1
12404,firefox,129072794042368,1196576,2503222260,45.0,11965780688181,113524,124220,41a0a0000,953423f4,03:19:25,160,208,400,234,1,292,2,4,2,2,0,0,1
12404,firefox,129072794103808,1196576,2503222260,45.0,11965780690743,116086,124220,41a0af000,953423f4,03:19:25,175,208,400,234,1,292,2,4,2,2,0,0,1
12404,firefox,129072794140672,624610,2503222260,58.0,11966134337869,43450,987e2,41a0b8000,953423f4,03:19:26,184,208,400,234,0,152,9,8,7,14,2,0,0
12404,firefox,129072794148864,1141464,2503222260,61.0,11966134356945,62526,116ad8,41a0ba000,953423f4,03:19:26,186,208,400,234,1,278,1,6,10,13,8,811092,0
12404,firefox,129072794058752,852011,2503222260,52.0,11966743683989,195575,d002b,41a0a4000,953423f4,03:19:26,164,208,400,234,0,208,13,0,0,2,11,-357497,1
12404,firefox,129072842313728,836077,124009549,31.0,11973304957963,50792,cc1ed,41cea9000,7643c4d,03:19:33,169,231,400,234,0,204,12,12,1,14,13,0,0
12404,firefox,129072793968640,533549,2503222260,20.0,11973842968113,64995,8242d,41a08e000,953423f4,03:19:33,142,208,400,234,0,130,8,2,4,2,13,0,0
12404,firefox,129072793997312,726615,2503222260,33.0,11973856002494,15674,b1657,41a095000,953423f4,03:19:33,149,208,400,234,0,177,11,1,6,5,7,0,0
12404,firefox,129072794112000,323947,2503222260,63.0,11973856010837,24017,4f16b,41a0b1000,953423f4,03:19:33,177,208,400,234,0,79,4,15,1,6,11,0,0
12404,firefox,129072794013696,726615,2503222260,33.0,11973856015917,29097,b1657,41a099000,953423f4,03:19:33,153,208,400,234,0,177,11,1,6,5,7,0,0
12834,Privileged Cont,127032251101184,635594,124009549,51.0,11974260449461,353132,9b2ca,90033b000,7643c4d,03:19:34,315,1,36,231,0,155,9,11,2,12,10,0,2
12834,Privileged Cont,127032251039744,836077,124009549,31.0,11974262421585,926541,cc1ed,90032c000,7643c4d,03:19:34,300,1,36,231,0,204,12,12,1,14,13,0,2
12834,Privileged Cont,129064203579392,433622,216359322,30.0,11975477051596,48304,69dd6,21a01f000,ce5619a,03:19:35,31,208,392,234,0,105,6,9,13,13,6,-729795,0
12834,Privileged Cont,129064203571200,433623,216359322,31.0,11975478765610,6250,69dd7,21a01d000,ce5619a,03:19:35,29,208,392,234,0,105,6,9,13,13,7,-733725,0
12834,Privileged Cont,129064203653120,458298,216359322,50.0,11975694461411,53057,6fe3a,21a031000,ce5619a,03:19:35,49,208,392,234,0,111,6,15,14,3,10,-718672,0
12404,firefox,129072794152960,323947,2503222260,63.0,11978991812851,7918,4f16b,41a0bb000,953423f4,03:19:38,187,208,400,234,0,79,4,15,1,6,11,0,0
12404,firefox,129072794157056,323948,2503222260,64.0,11978995834551,6595,4f16c,41a0bc000,953423f4,03:19:38,188,208,400,234,0,79,4,15,1,6,12,-884842,0
8817,gsd-housekeepin,93837968756736,1170991,4067791226,9.0,12017447060968,767,11de2f,85acb5000,f275917a,03:20:17,181,214,353,170,1,285,1,13,14,2,15,550725,0
12404,firefox,129072793935872,834683,2503222260,20.0,12019851005908,797559,cbc7b,41a086000,953423f4,03:20:19,134,208,400,234,0,203,12,11,12,7,11,301134,2
12404,firefox,129072793980928,726615,2503222260,33.0,12019851278499,1070150,b1657,41a091000,953423f4,03:20:19,145,208,400,234,0,177,11,1,6,5,7,0,2
12404,firefox,129072793944064,834683,2503222260,20.0,12019851648555,1440206,cbc7b,41a088000,953423f4,03:20:19,136,208,400,234,0,203,12,11,12,7,11,0,2
12404,firefox,129072794038272,726615,2503222260,33.0,12019851653647,1445298,b1657,41a09f000,953423f4,03:20:19,159,208,400,234,0,177,11,1,6,5,7,0,2
12404,firefox,129072793948160,834683,2503222260,20.0,12019854707181,2331158,cbc7b,41a089000,953423f4,03:20:19,137,208,400,234,0,203,12,11,12,7,11,0,3
12404,firefox,129072794124288,866267,2503222260,63.0,12019855311609,20273,d37db,41a0b4000,953423f4,03:20:19,180,208,400,234,0,211,13,3,7,13,11,542320,0
12404,firefox,129072793952256,834683,2503222260,20.0,12019856116645,825309,cbc7b,41a08a000,953423f4,03:20:19,138,208,400,234,0,203,12,11,12,7,11,0,2
12404,firefox,129072794095616,852011,2503222260,52.0,12019858472604,3181268,d002b,41a0ad000,953423f4,03:20:19,173,208,400,234,0,208,13,0,0,2,11,0,3
12404,firefox,129072794136576,866267,2503222260,63.0,12019859635352,4344016,d37db,41a0b7000,953423f4,03:20:19,183,208,400,234,0,211,13,3,7,13,11,0,3
12404,firefox,129072794140672,866267,2503222260,63.0,12019859640819,4349483,d37db,41a0b8000,953423f4,03:20:19,184,208,400,234,0,211,13,3,7,13,11,0,3
12404,firefox,129072794157056,866267,2503222260,63.0,12019859930657,4639321,d37db,41a0bc000,953423f4,03:20:19,188,208,400,234,0,211,13,3,7,13,11,0,3
12329,update-notifier,108391886327808,1225524,877971724,15.0,12044392091535,259,12b334,4f3e19000,3454c90c,03:20:44,25,415,83,197,1,299,2,11,3,3,4,53784,0
13942,Isolated Web Co,127032251015168,836077,124009549,31.0,12075919988557,2597423,cc1ed,900326000,7643c4d,03:21:15,294,1,36,231,0,204,12,12,1,14,13,105346,3
13942,Isolated Web Co,127032251019264,836077,124009549,31.0,12075920239891,2848757,cc1ed,900327000,7643c4d,03:21:15,295,1,36,231,0,204,12,12,1,14,13,0,3
13942,Isolated Web Co,127032251027456,836077,124009549,31.0,12075978967918,10864982,cc1ed,900329000,7643c4d,03:21:15,297,1,36,231,0,204,12,12,1,14,13,0,3
13942,Isolated Web Co,127032251101184,815203,124009549,51.0,12076240273006,1706335,c7063,90033b000,7643c4d,03:21:16,315,1,36,231,0,199,12,7,0,6,3,0,2
13942,Isolated Web Co,127032250966016,806799,124009549,19.0,12076240919295,2352624,c4f8f,90031a000,7643c4d,03:21:16,282,1,36,231,0,196,12,4,15,8,15,0,3
13942,Isolated Web Co,127032251129856,826393,124009549,53.0,12076241340236,2773565,c9c19,900342000,7643c4d,03:21:16,322,1,36,231,0,201,12,9,12,1,9,0,3
13942,Isolated Web Co,127032251064320,815203,124009549,51.0,12076245849912,7283241,c7063,900332000,7643c4d,03:21:16,306,1,36,231,0,199,12,7,0,6,3,0,3
13942,Isolated Web Co,127032251060224,815203,124009549,51.0,12076246687420,8120749,c7063,900331000,7643c4d,03:21:16,305,1,36,231,0,199,12,7,0,6,3,0,3
13942,Isolated Web Co,127032251056128,815203,124009549,51.0,12076247032771,8466100,c7063,900330000,7643c4d,03:21:16,304,1,36,231,0,199,12,7,0,6,3,0,3
13942,Isolated Web Co,127032251068416,815203,124009549,51.0,12076257884292,6201757,c7063,900333000,7643c4d,03:21:16,307,1,36,231,0,199,12,7,0,6,3,0,3
12404,firefox,129072869085184,1190866,2344523339,10.0,12076416623693,3650910,122bd2,41e831000,8bbe964b,03:21:16,49,244,400,234,1,290,2,2,11,13,2,305310,3
12404,firefox,129072794009600,726615,2503222260,33.0,12076512843647,722445,b1657,41a098000,953423f4,03:21:16,152,208,400,234,0,177,11,1,6,5,7,0,2
12404,firefox,129072794079232,1196576,2503222260,45.0,12076513237597,1116395,124220,41a0a9000,953423f4,03:21:16,169,208,400,234,1,292,2,4,2,2,0,0,2
12404,firefox,129072793968640,834683,2503222260,20.0,12076514002246,69935,cbc7b,41a08e000,953423f4,03:21:16,142,208,400,234,0,203,12,11,12,7,11,0,0
12404,firefox,129072794005504,726615,2503222260,33.0,12076514398305,53903,b1657,41a097000,953423f4,03:21:16,151,208,400,234,0,177,11,1,6,5,7,0,0
12404,firefox,129072794042368,1136975,2503222260,46.0,12076514760378,415976,11594f,41a0a0000,953423f4,03:21:16,160,208,400,234,1,277,1,5,9,4,15,-39677,2
12404,firefox,129072793935872,834683,2503222260,20.0,12076529744209,249972,cbc7b,41a086000,953423f4,03:21:16,134,208,400,234,0,203,12,11,12,7,11,0,2
12404,firefox,129072793980928,726615,2503222260,33.0,12076529960816,466579,b1657,41a091000,953423f4,03:21:16,145,208,400,234,0,177,11,1,6,5,7,0,2
12404,firefox,129072793944064,834683,2503222260,20.0,12076530199348,705111,cbc7b,41a088000,953423f4,03:21:16,136,208,400,234,0,203,12,11,12,7,11,0,2
12404,firefox,129072794038272,726615,2503222260,33.0,12076530415127,920890,b1657,41a09f000,953423f4,03:21:16,159,208,400,234,0,177,11,1,6,5,7,0,2
12404,firefox,129072794107904,818583,2503222260,58.0,12076530670951,1176714,c7d97,41a0b0000,953423f4,03:21:16,176,208,400,234,0,199,12,7,13,9,7,193973,2
12404,firefox,129072794120192,818583,2503222260,58.0,12076531040587,1546350,c7d97,41a0b3000,953423f4,03:21:16,179,208,400,234,0,199,12,7,13,9,7,0,2
12404,firefox,129072794021888,1205993,2503222260,36.0,12076531256190,1761953,1266e9,41a09b000,953423f4,03:21:16,155,208,400,234,1,294,2,6,6,14,9,1186274,2
12404,firefox,129072794116096,818583,2503222260,58.0,12076531468422,1974185,c7d97,41a0b2000,953423f4,03:21:16,178,208,400,234,0,199,12,7,13,9,7,0,2
12404,firefox,129072794157056,818583,2503222260,58.0,12076581927174,41577,c7d97,41a0bc000,953423f4,03:21:16,188,208,400,234,0,199,12,7,13,9,7,0,0
8817,gsd-housekeepin,93837968756736,1225648,4067791226,9.0,12077445203994,1306161,12b3b0,85acb5000,f275917a,03:21:17,181,214,353,170,1,299,2,11,3,11,0,54657,2
12404,firefox,129073215545344,185173,4219057439,347.0,12168305291735,97432,2d355,43329a000,fb79b51f,03:22:48,154,409,400,234,0,45,2,13,3,5,5,-106863,0
12329,update-notifier,108391886327808,407371,877971724,15.0,12224436092240,44821,6374b,4f3e19000,3454c90c,03:23:44,25,415,83,197,0,99,6,3,7,4,11,-818153,0
8817,gsd-housekeepin,93837968756736,131969,4067791226,9.0,12257446196797,891044,20381,85acb5000,f275917a,03:24:17,181,214,353,170,0,32,2,0,3,8,1,-1093679,2
12404,firefox,129072794071040,1196576,2503222260,45.0,12265130778120,41839,124220,41a0a7000,953423f4,03:24:25,167,208,400,234,1,292,2,4,2,2,0,0,0
12404,firefox,129072794005504,726615,2503222260,33.0,12265131174364,438083,b1657,41a097000,953423f4,03:24:25,151,208,400,234,0,177,11,1,6,5,7,0,2
12404,firefox,129072794021888,726615,2503222260,33.0,12265133269928,185042,b1657,41a09b000,953423f4,03:24:25,155,208,400,234,0,177,11,1,6,5,7,0,1
12404,firefox,129072793968640,834683,2503222260,20.0,12265133951677,112459,cbc7b,41a08e000,953423f4,03:24:25,142,208,400,234,0,203,12,11,12,7,11,0,1
12404,firefox,129072794042368,1196576,2503222260,45.0,12265134400096,41877,124220,41a0a0000,953423f4,03:24:25,160,208,400,234,1,292,2,4,2,2,0,0,0
12404,firefox,129072794103808,1196576,2503222260,45.0,12265134891586,533367,124220,41a0af000,953423f4,03:24:25,175,208,400,234,1,292,2,4,2,2,0,0,2
12404,firefox,129072842276864,836077,124009549,31.0,12265143853120,42810,cc1ed,41cea0000,7643c4d,03:24:25,160,231,400,234,0,204,12,12,1,14,13,0,0
12404,firefox,129072794140672,818583,2503222260,58.0,12265147808444,40821,c7d97,41a0b8000,953423f4,03:24:25,184,208,400,234,0,199,12,7,13,9,7,0,0
12404,firefox,129072794148864,1224507,2503222260,61.0,12265148221922,38900,12af3b,41a0ba000,953423f4,03:24:25,186,208,400,234,1,298,2,10,15,3,11,83043,0
12404,firefox,129072842317824,836077,124009549,31.0,12265157032484,48101,cc1ed,41ceaa000,7643c4d,03:24:25,170,231,400,234,0,204,12,12,1,14,13,0,0
12404,firefox,129072842309632,836077,124009549,31.0,12265337370676,1137041,cc1ed,41cea8000,7643c4d,03:24:25,168,231,400,234,0,204,12,12,1,14,13,0,2
12404,firefox,129072842313728,836077,124009549,31.0,12265338236309,2002674,cc1ed,41cea9000,7643c4d,03:24:25,169,231,400,234,0,204,12,12,1,14,13,0,3
12404,firefox,129072842305536,836077,124009549,31.0,12265353932135,2742658,cc1ed,41cea7000,7643c4d,03:24:25,167,231,400,234,0,204,12,12,1,14,13,0,3
12404,firefox,129072842289152,836077,124009549,31.0,12265458357976,250948,cc1ed,41cea3000,7643c4d,03:24:25,163,231,400,234,0,204,12,12,1,14,13,0,2
12404,firefox,129072793997312,726615,2503222260,33.0,12265547440178,153036,b1657,41a095000,953423f4,03:24:25,149,208,400,234,0,177,11,1,6,5,7,0,1
12404,firefox,129072794112000,1146441,2503222260,63.0,12265548984970,158290,117e49,41a0b1000,953423f4,03:24:25,177,208,400,234,1,279,1,7,14,4,9,280174,1
12404,firefox,129072794116096,1146441,2503222260,63.0,12265551171315,765080,117e49,41a0b2000,953423f4,03:24:25,178,208,400,234,1,279,1,7,14,4,9,0,2
12404,firefox,129072794017792,726615,2503222260,33.0,12265552714349,1372687,b1657,41a09a000,953423f4,03:24:25,154,208,400,234,0,177,11,1,6,5,7,0,2
12404,firefox,129072794013696,726615,2503222260,33.0,12265554397840,309574,b1657,41a099000,953423f4,03:24:25,153,208,400,234,0,177,11,1,6,5,7,0,2
12834,Privileged Cont,127032251101184,815203,124009549,51.0,12265938474125,158839,c7063,90033b000,7643c4d,03:24:25,315,1,36,231,0,199,12,7,0,6,3,179609,1
12834,Privileged Cont,127032251039744,836077,124009549,31.0,12265956976428,151482,cc1ed,90032c000,7643c4d,03:24:25,300,1,36,231,0,204,12,12,1,14,13,0,1
12404,firefox,129072794107904,1146441,2503222260,63.0,12268969030086,523696,117e49,41a0b0000,953423f4,03:24:28,176,208,400,234,1,279,1,7,14,4,9,0,2
12404,firefox,129072793960448,834683,2503222260,20.0,12268969394066,887676,cbc7b,41a08c000,953423f4,03:24:28,140,208,400,234,0,203,12,11,12,7,11,0,2
12404,firefox,129072793952256,834683,2503222260,20.0,12268969708837,1202447,cbc7b,41a08a000,953423f4,03:24:28,138,208,400,234,0,203,12,11,12,7,11,0,2
12404,firefox,129072794091520,1150770,2503222260,52.0,12268969970309,1463919,118f32,41a0ac000,953423f4,03:24:28,172,208,400,234,1,280,1,8,15,3,2,298759,2
12404,firefox,129072794136576,1146441,2503222260,63.0,12268969974032,1467642,117e49,41a0b7000,953423f4,03:24:28,183,208,400,234,1,279,1,7,14,4,9,0,2
12404,firefox,129072793935872,834683,2503222260,20.0,12268976849145,1401554,cbc7b,41a086000,953423f4,03:24:28,134,208,400,234,0,203,12,11,12,7,11,0,2
12404,firefox,129072793980928,726615,2503222260,33.0,12268976854767,1407176,b1657,41a091000,953423f4,03:24:28,145,208,400,234,0,177,11,1,6,5,7,0,2
12404,firefox,129072793944064,834683,2503222260,20.0,12268977230488,1782897,cbc7b,41a088000,953423f4,03:24:28,136,208,400,234,0,203,12,11,12,7,11,0,2
12404,firefox,129072794038272,726615,2503222260,33.0,12268977233216,1785625,b1657,41a09f000,953423f4,03:24:28,159,208,400,234,0,177,11,1,6,5,7,0,2
12404,firefox,129072794079232,1150770,2503222260,52.0,12268977476572,2028981,118f32,41a0a9000,953423f4,03:24:28,169,208,400,234,1,280,1,8,15,3,2,0,3
12404,firefox,129072794009600,1148867,2503222260,36.0,12268977721972,2274381,1187c3,41a098000,953423f4,03:24:28,152,208,400,234,1,280,1,8,7,12,3,-57126,3
12404,firefox,129072794120192,1146441,2503222260,63.0,12268979136821,453667,117e49,41a0b3000,953423f4,03:24:28,179,208,400,234,1,279,1,7,14,4,9,0,2
12404,firefox,129072869085184,1154583,2344523339,10.0,12269004345350,5926223,119e17,41e831000,8bbe964b,03:24:29,49,244,400,234,1,281,1,9,14,1,7,-36283,3
12404,firefox,129072793939968,834683,2503222260,20.0,12269288975149,342962,cbc7b,41a087000,953423f4,03:24:29,135,208,400,234,0,203,12,11,12,7,11,0,2
12404,firefox,129072794034176,1148867,2503222260,36.0,12269289331499,699312,1187c3,41a09e000,953423f4,03:24:29,158,208,400,234,1,280,1,8,7,12,3,0,2
12404,firefox,129072794099712,1150770,2503222260,52.0,12269873987928,1109627,118f32,41a0ae000,953423f4,03:24:29,174,208,400,234,1,280,1,8,15,3,2,0,2
12404,firefox,129072794062848,1150770,2503222260,52.0,12269875028303,2150002,118f32,41a0a5000,953423f4,03:24:29,165,208,400,234,1,280,1,8,15,3,2,0,3
12404,firefox,129072794095616,1150770,2503222260,52.0,12269876030234,3151933,118f32,41a0ad000,953423f4,03:24:29,173,208,400,234,1,280,1,8,15,3,2,0,3
12404,firefox,129072794124288,1146441,2503222260,63.0,12269876038143,3159842,117e49,41a0b4000,953423f4,03:24:29,180,208,400,234,1,279,1,7,14,4,9,0,3
12404,firefox,129072794030080,1148867,2503222260,36.0,12269877040110,4161809,1187c3,41a09d000,953423f4,03:24:29,157,208,400,234,1,280,1,8,7,12,3,0,3
12404,firefox,129072793989120,1148867,2503222260,36.0,12269877054610,4176309,1187c3,41a093000,953423f4,03:24:29,147,208,400,234,1,280,1,8,7,12,3,0,3
12404,firefox,129072794046464,1150770,2503222260,52.0,12269877058646,4180345,118f32,41a0a1000,953423f4,03:24:29,161,208,400,234,1,280,1,8,15,3,2,0,3
12404,firefox,129072794087424,1150770,2503222260,52.0,12269878026627,5148326,118f32,41a0ab000,953423f4,03:24:29,171,208,400,234,1,280,1,8,15,3,2,0,3
12404,firefox,129072794083328,1150770,2503222260,52.0,12269878035251,5156950,118f32,41a0aa000,953423f4,03:24:29,170,208,400,234,1,280,1,8,15,3,2,0,3
13942,Isolated Web Co,127032250966016,1175041,124009549,19.0,12385251772459,451280,11ee01,90031a000,7643c4d,03:26:25,282,1,36,231,1,286,1,14,14,0,1,368242,2
13942,Isolated Web Co,127032251129856,826393,124009549,53.0,12385252095743,774564,c9c19,900342000,7643c4d,03:26:25,322,1,36,231,0,201,12,9,12,1,9,0,2
13942,Isolated Web Co,127032251064320,815203,124009549,51.0,12385252297167,975988,c7063,900332000,7643c4d,03:26:25,306,1,36,231,0,199,12,7,0,6,3,0,2
13942,Isolated Web Co,127032251060224,815203,124009549,51.0,12385252308861,987682,c7063,900331000,7643c4d,03:26:25,305,1,36,231,0,199,12,7,0,6,3,0,2
13942,Isolated Web Co,127032251056128,815203,124009549,51.0,12385252504714,1183535,c7063,900330000,7643c4d,03:26:25,304,1,36,231,0,199,12,7,0,6,3,0,2
13942,Isolated Web Co,127032251068416,815203,124009549,51.0,12385252704821,1383642,c7063,900333000,7643c4d,03:26:25,307,1,36,231,0,199,12,7,0,6,3,0,2
12329,update-notifier,108391886327808,1170576,877971724,15.0,12404390508039,888,11dc90,4f3e19000,3454c90c,03:26:44,25,415,83,197,1,285,1,13,12,9,0,763205,0
13942,Isolated Web Co,127032251113472,815203,124009549,51.0,12435483607762,119282,c7063,90033e000,7643c4d,03:27:15,318,1,36,231,0,199,12,7,0,6,3,0,1
8817,gsd-housekeepin,93837968756736,530904,4067791226,9.0,12437446254830,193547,819d8,85acb5000,f275917a,03:27:17,181,214,353,170,0,129,8,1,9,13,8,398935,1
13942,Isolated Web Co,127032251125760,815202,124009549,52.0,12444419009048,1320787,c7062,900341000,7643c4d,03:27:24,321,1,36,231,0,199,12,7,0,6,2,683059,2
5970,pipewire-pulse,123325646331904,1164454,2663115495,0.0,12459853228378,31608,11c4a6,9fd576000,9ebbeae7,03:27:39,374,490,167,224,1,284,1,12,4,10,6,0,0
5970,pipewire-pulse,123325646336000,1164455,2663115495,1.0,12459853237692,40922,11c4a7,9fd577000,9ebbeae7,03:27:39,375,490,167,224,1,284,1,12,4,10,7,0,0
5970,pipewire-pulse,123325646340096,1145516,2663115495,2.0,12459853240010,43240,117aac,9fd578000,9ebbeae7,03:27:39,376,490,167,224,1,279,1,7,10,10,12,0,0
5970,pipewire-pulse,123325646344192,1145517,2663115495,3.0,12459853241872,45102,117aad,9fd579000,9ebbeae7,03:27:39,377,490,167,224,1,279,1,7,10,10,13,0,0
5970,pipewire-pulse,123325646348288,1147594,2663115495,4.0,12459853243512,46742,1182ca,9fd57a000,9ebbeae7,03:27:39,378,490,167,224,1,280,1,8,2,12,10,0,0
5970,pipewire-pulse,123325646352384,1147595,2663115495,5.0,12459853245230,48460,1182cb,9fd57b000,9ebbeae7,03:27:39,379,490,167,224,1,280,1,8,2,12,11,0,0
5970,pipewire-pulse,123325646356480,1142196,2663115495,6.0,12459853246898,50128,116db4,9fd57c000,9ebbeae7,03:27:39,380,490,167,224,1,278,1,6,13,11,4,0,0
5970,pipewire-pulse,123325646360576,1142197,2663115495,7.0,12459853248555,51785,116db5,9fd57d000,9ebbeae7,03:27:39,381,490,167,224,1,278,1,6,13,11,5,0,0
5970,pipewire-pulse,123325602336768,1189859,371268892,0.0,12459853310278,113508,1227e3,9fab81000,16211d1c,03:27:39,385,469,167,224,1,290,2,2,7,14,3,0,1
5970,pipewire-pulse,123325602340864,1160010,371268892,1.0,12459853312812,116042,11b34a,9fab82000,16211d1c,03:27:39,386,469,167,224,1,283,1,11,3,4,10,0,1
5970,pipewire-pulse,123325602344960,1160011,371268892,2.0,12459853314470,117700,11b34b,9fab83000,16211d1c,03:27:39,387,469,167,224,1,283,1,11,3,4,11,0,1
5970,pipewire-pulse,123325602349056,1143942,371268892,3.0,12459853315328,118558,117486,9fab84000,16211d1c,03:27:39,388,469,167,224,1,279,1,7,4,8,6,0,1
5970,pipewire-pulse,123325602353152,1143943,371268892,4.0,12459853316244,119474,117487,9fab85000,16211d1c,03:27:39,389,469,167,224,1,279,1,7,4,8,7,0,1
5970,pipewire-pulse,123325602357248,1212144,371268892,5.0,12459853317117,120347,127ef0,9fab86000,16211d1c,03:27:39,390,469,167,224,1,295,2,7,14,15,0,0,1
5970,pipewire-pulse,123325602361344,1212145,371268892,6.0,12459853318042,121272,127ef1,9fab87000,16211d1c,03:27:39,391,469,167,224,1,295,2,7,14,15,1,0,1
5970,pipewire-pulse,123325602365440,1202124,371268892,7.0,12459853319158,122388,1257cc,9fab88000,16211d1c,03:27:39,392,469,167,224,1,293,2,5,7,12,12,0,1
12834,Privileged Cont,127032251101184,815203,124009549,51.0,12565271298399,9559,c7063,90033b000,7643c4d,03:29:25,315,1,36,231,0,199,12,7,0,6,3,0,0
12834,Privileged Cont,127032251039744,836077,124009549,31.0,12565271307360,7006,cc1ed,90032c000,7643c4d,03:29:25,300,1,36,231,0,204,12,12,1,14,13,0,0
12834,Privileged Cont,129064203579392,1225995,216359322,30.0,12565853436488,20207,12b50b,21a01f000,ce5619a,03:29:25,31,208,392,234,1,299,2,11,5,0,11,792373,0
12834,Privileged Cont,129064203571200,703803,216359322,31.0,12565853446942,4751,abd3b,21a01d000,ce5619a,03:29:25,29,208,392,234,0,171,10,11,13,3,11,270180,0
12834,Privileged Cont,129064203653120,1142996,216359322,50.0,12565872133518,5936,1170d4,21a031000,ce5619a,03:29:25,49,208,392,234,1,279,1,7,0,13,4,684698,0
5970,pipewire-pulse,123325646331904,1212258,49980579,0.0,12646360580222,750942,127f62,9fd576000,2faa4a3,03:30:46,374,490,167,224,1,295,2,7,15,6,2,0,2
5970,pipewire-pulse,123325646336000,1212259,49980579,1.0,12646360588633,759353,127f63,9fd577000,2faa4a3,03:30:46,375,490,167,224,1,295,2,7,15,6,3,0,2
5970,pipewire-pulse,123325646340096,1212260,49980579,2.0,12646360590709,761429,127f64,9fd578000,2faa4a3,03:30:46,376,490,167,224,1,295,2,7,15,6,4,0,2
5970,pipewire-pulse,123325646344192,1212261,49980579,3.0,12646360592570,763290,127f65,9fd579000,2faa4a3,03:30:46,377,490,167,224,1,295,2,7,15,6,5,0,2
5970,pipewire-pulse,123325646348288,1212262,49980579,4.0,12646360594695,765415,127f66,9fd57a000,2faa4a3,03:30:46,378,490,167,224,1,295,2,7,15,6,6,0,2
5970,pipewire-pulse,123325646352384,1212263,49980579,5.0,12646360596642,767362,127f67,9fd57b000,2faa4a3,03:30:46,379,490,167,224,1,295,2,7,15,6,7,0,2
5970,pipewire-pulse,123325646356480,1129688,49980579,6.0,12646360598489,769209,113cd8,9fd57c000,2faa4a3,03:30:46,380,490,167,224,1,275,1,3,12,13,8,0,2
5970,pipewire-pulse,123325646360576,1129689,49980579,7.0,12646360600292,771012,113cd9,9fd57d000,2faa4a3,03:30:46,381,490,167,224,1,275,1,3,12,13,9,0,2
5970,pipewire-pulse,123325602336768,1129691,1907456830,0.0,12646360621449,792169,113cdb,9fab81000,71b17b3e,03:30:46,385,469,167,224,1,275,1,3,12,13,11,0,2
5970,pipewire-pulse,123325602340864,1129692,1907456830,1.0,12646360623595,794315,113cdc,9fab82000,71b17b3e,03:30:46,386,469,167,224,1,275,1,3,12,13,12,0,2
5970,pipewire-pulse,123325602344960,1129693,1907456830,2.0,12646360625430,796150,113cdd,9fab83000,71b17b3e,03:30:46,387,469,167,224,1,275,1,3,12,13,13,0,2
5970,pipewire-pulse,123325602349056,1129694,1907456830,3.0,12646360626547,797267,113cde,9fab84000,71b17b3e,03:30:46,388,469,167,224,1,275,1,3,12,13,14,0,2
5970,pipewire-pulse,123325602353152,1129695,1907456830,4.0,12646360627565,798285,113cdf,9fab85000,71b17b3e,03:30:46,389,469,167,224,1,275,1,3,12,13,15,0,2
5970,pipewire-pulse,123325602357248,1207976,1907456830,5.0,12646360628524,799244,126ea8,9fab86000,71b17b3e,03:30:46,390,469,167,224,1,294,2,6,14,10,8,0,2
5970,pipewire-pulse,123325602361344,1207977,1907456830,6.0,12646360629636,800356,126ea9,9fab87000,71b17b3e,03:30:46,391,469,167,224,1,294,2,6,14,10,9,0,2
5970,pipewire-pulse,123325602365440,1207978,1907456830,7.0,12646360630606,801326,126eaa,9fab88000,71b17b3e,03:30:46,392,469,167,224,1,294,2,6,14,10,10,0,2
13942,Isolated Web Co,127032250978304,1205205,124009549,19.0,12712599521681,12381,1263d5,90031d000,7643c4d,03:31:52,285,1,36,231,1,294,2,6,3,13,5,30164,0
13942,Isolated Web Co,127032251113472,815156,124009549,49.0,12712858054553,10671,c7034,90033e000,7643c4d,03:31:52,318,1,36,231,0,199,12,7,0,3,4,682980,0
13942,Isolated Web Co,127032250961920,1205205,124009549,19.0,12712858066155,22273,1263d5,900319000,7643c4d,03:31:52,281,1,36,231,1,294,2,6,3,13,5,0,0
13942,Isolated Web Co,127032251015168,836077,124009549,31.0,12712941043728,48279,cc1ed,900326000,7643c4d,03:31:52,294,1,36,231,0,204,12,12,1,14,13,0,0
13942,Isolated Web Co,127032251019264,836077,124009549,31.0,12712946977823,54014,cc1ed,900327000,7643c4d,03:31:52,295,1,36,231,0,204,12,12,1,14,13,0,0
13942,Isolated Web Co,127032251092992,691466,124009549,50.0,12715241378474,79214,a8d0a,900339000,7643c4d,03:31:55,313,1,36,231,0,168,10,8,13,0,10,0,0
13942,Isolated Web Co,127032250953728,1205205,124009549,19.0,12715241390561,91301,1263d5,900317000,7643c4d,03:31:55,279,1,36,231,1,294,2,6,3,13,5,0,0
13942,Isolated Web Co,127032251117568,691466,124009549,50.0,12715241401178,101918,a8d0a,90033f000,7643c4d,03:31:55,319,1,36,231,0,168,10,8,13,0,10,0,1
13942,Isolated Web Co,127032250970112,1205205,124009549,19.0,12715241456140,156880,1263d5,90031b000,7643c4d,03:31:55,283,1,36,231,1,294,2,6,3,13,5,0,1
13942,Isolated Web Co,127032251101184,463160,124009549,51.0,12715687829846,66534,71138,90033b000,7643c4d,03:31:55,315,1,36,231,0,113,7,1,1,3,8,-352043,0
13942,Isolated Web Co,127032250966016,1205205,124009549,19.0,12715687835945,72633,1263d5,90031a000,7643c4d,03:31:55,282,1,36,231,1,294,2,6,3,13,5,0,0
13942,Isolated Web Co,127032251129856,900833,124009549,53.0,12715687839906,76594,dbee1,900342000,7643c4d,03:31:55,322,1,36,231,0,219,13,11,14,14,1,74440,0
13942,Isolated Web Co,127032251064320,463160,124009549,51.0,12715687842574,79262,71138,900332000,7643c4d,03:31:55,306,1,36,231,0,113,7,1,1,3,8,0,0
13942,Isolated Web Co,127032251060224,463160,124009549,51.0,12715687854730,91418,71138,900331000,7643c4d,03:31:55,305,1,36,231,0,113,7,1,1,3,8,0,0
13942,Isolated Web Co,127032251056128,463160,124009549,51.0,12715688319794,43724,71138,900330000,7643c4d,03:31:55,304,1,36,231,0,113,7,1,1,3,8,0,0
13942,Isolated Web Co,127032251068416,463160,124009549,51.0,12715688400369,124299,71138,900333000,7643c4d,03:31:55,307,1,36,231,0,113,7,1,1,3,8,0,1
8817,gsd-housekeepin,93837968756736,43640,4067791226,9.0,12737486374991,1532711,aa78,85acb5000,f275917a,03:32:17,181,214,353,170,0,10,0,10,10,7,8,-487264,2
5970,pipewire-pulse,123325646331904,1232757,542309126,0.0,12750031823217,106559,12cf75,9fd576000,2052fb06,03:32:30,374,490,167,224,1,300,2,12,15,7,5,0,1
5970,pipewire-pulse,123325646336000,1232758,542309126,1.0,12750031831848,115190,12cf76,9fd577000,2052fb06,03:32:30,375,490,167,224,1,300,2,12,15,7,6,0,1
5970,pipewire-pulse,123325646340096,1232759,542309126,2.0,12750031834021,117363,12cf77,9fd578000,2052fb06,03:32:30,376,490,167,224,1,300,2,12,15,7,7,0,1
5970,pipewire-pulse,123325646344192,1136248,542309126,3.0,12750031835637,118979,115678,9fd579000,2052fb06,03:32:30,377,490,167,224,1,277,1,5,6,7,8,0,1
5970,pipewire-pulse,123325646348288,1136249,542309126,4.0,12750031837160,120502,115679,9fd57a000,2052fb06,03:32:30,378,490,167,224,1,277,1,5,6,7,9,0,1
5970,pipewire-pulse,123325646352384,1136250,542309126,5.0,12750031838792,122134,11567a,9fd57b000,2052fb06,03:32:30,379,490,167,224,1,277,1,5,6,7,10,0,1
5970,pipewire-pulse,123325646356480,1136251,542309126,6.0,12750031840492,123834,11567b,9fd57c000,2052fb06,03:32:30,380,490,167,224,1,277,1,5,6,7,11,0,1
5970,pipewire-pulse,123325646360576,1143960,542309126,7.0,12750031842020,125362,117498,9fd57d000,2052fb06,03:32:30,381,490,167,224,1,279,1,7,4,9,8,0,1
5970,pipewire-pulse,123325602336768,1143962,1907456830,0.0,12750031874075,157417,11749a,9fab81000,71b17b3e,03:32:30,385,469,167,224,1,279,1,7,4,9,10,14271,1
5970,pipewire-pulse,123325602340864,1143963,1907456830,1.0,12750031876607,159949,11749b,9fab82000,71b17b3e,03:32:30,386,469,167,224,1,279,1,7,4,9,11,14271,1
5970,pipewire-pulse,123325602344960,1194348,1907456830,2.0,12750031878139,161481,12396c,9fab83000,71b17b3e,03:32:30,387,469,167,224,1,291,2,3,9,6,12,64655,1
5970,pipewire-pulse,123325602349056,1194349,1907456830,3.0,12750031879009,162351,12396d,9fab84000,71b17b3e,03:32:30,388,469,167,224,1,291,2,3,9,6,13,64655,1
5970,pipewire-pulse,123325602353152,1194350,1907456830,4.0,12750031879902,163244,12396e,9fab85000,71b17b3e,03:32:30,389,469,167,224,1,291,2,3,9,6,14,64655,1
5970,pipewire-pulse,123325602357248,1194351,1907456830,5.0,12750031880850,164192,12396f,9fab86000,71b17b3e,03:32:30,390,469,167,224,1,291,2,3,9,6,15,-13625,1
5970,pipewire-pulse,123325602361344,1156672,1907456830,6.0,12750031881703,165045,11a640,9fab87000,71b17b3e,03:32:30,391,469,167,224,1,282,1,10,6,4,0,-51305,1
5970,pipewire-pulse,123325602365440,1156673,1907456830,7.0,12750031882564,165906,11a641,9fab88000,71b17b3e,03:32:30,392,469,167,224,1,282,1,10,6,4,1,-51305,1
12329,update-notifier,108391886327808,1223425,877971724,15.0,12764394980199,428,12ab01,4f3e19000,3454c90c,03:32:44,25,415,83,197,1,298,2,10,11,0,1,52849,0
5970,pipewire-pulse,123325646331904,1197166,4203747205,0.0,12818921136978,1789975,12446e,9fd576000,fa901785,03:33:38,374,490,167,224,1,292,2,4,4,6,14,0,2
5970,pipewire-pulse,123325646336000,1197167,4203747205,1.0,12818921143548,1796545,12446f,9fd577000,fa901785,03:33:38,375,490,167,224,1,292,2,4,4,6,15,0,2
5970,pipewire-pulse,123325646340096,1161824,4203747205,2.0,12818921145619,1798616,11ba60,9fd578000,fa901785,03:33:38,376,490,167,224,1,283,1,11,10,6,0,0,2
5970,pipewire-pulse,123325646344192,1161825,4203747205,3.0,12818921147250,1800247,11ba61,9fd579000,fa901785,03:33:38,377,490,167,224,1,283,1,11,10,6,1,0,2
5970,pipewire-pulse,123325646348288,1161826,4203747205,4.0,12818921148832,1801829,11ba62,9fd57a000,fa901785,03:33:38,378,490,167,224,1,283,1,11,10,6,2,0,2
5970,pipewire-pulse,123325646352384,1161827,4203747205,5.0,12818921150432,1803429,11ba63,9fd57b000,fa901785,03:33:38,379,490,167,224,1,283,1,11,10,6,3,0,2
5970,pipewire-pulse,123325646356480,1161828,4203747205,6.0,12818921151995,1804992,11ba64,9fd57c000,fa901785,03:33:38,380,490,167,224,1,283,1,11,10,6,4,0,2
5970,pipewire-pulse,123325646360576,1161829,4203747205,7.0,12818921153614,1806611,11ba65,9fd57d000,fa901785,03:33:38,381,490,167,224,1,283,1,11,10,6,5,0,2
5970,pipewire-pulse,123325602336768,1161831,4151778126,0.0,12818921171431,1824428,11ba67,9fab81000,f7771b4e,03:33:38,385,469,167,224,1,283,1,11,10,6,7,0,2
5970,pipewire-pulse,123325602340864,1189192,4151778126,1.0,12818921173154,1826151,122548,9fab82000,f7771b4e,03:33:38,386,469,167,224,1,290,2,2,5,4,8,0,2
5970,pipewire-pulse,123325602344960,1189193,4151778126,2.0,12818921174670,1827667,122549,9fab83000,f7771b4e,03:33:38,387,469,167,224,1,290,2,2,5,4,9,0,2
5970,pipewire-pulse,123325602349056,1189194,4151778126,3.0,12818921175654,1828651,12254a,9fab84000,f7771b4e,03:33:38,388,469,167,224,1,290,2,2,5,4,10,0,2
5970,pipewire-pulse,123325602353152,1189195,4151778126,4.0,12818921176686,1829683,12254b,9fab85000,f7771b4e,03:33:38,389,469,167,224,1,290,2,2,5,4,11,0,2
5970,pipewire-pulse,123325602357248,1189196,4151778126,5.0,12818921177542,1830539,12254c,9fab86000,f7771b4e,03:33:38,390,469,167,224,1,290,2,2,5,4,12,0,2
5970,pipewire-pulse,123325602361344,1189197,4151778126,6.0,12818921178435,1831432,12254d,9fab87000,f7771b4e,03:33:38,391,469,167,224,1,290,2,2,5,4,13,0,2
5970,pipewire-pulse,123325602365440,1189198,4151778126,7.0,12818921179452,1832449,12254e,9fab88000,f7771b4e,03:33:38,392,469,167,224,1,290,2,2,5,4,14,0,2
12834,Privileged Cont,127032251039744,836077,124009549,31.0,12865196438531,11879,cc1ed,90032c000,7643c4d,03:34:25,300,1,36,231,0,204,12,12,1,14,13,0,0
8817,gsd-housekeepin,93837968756736,642331,4067791226,9.0,13037564384186,45272,9cd1b,85acb5000,f275917a,03:37:17,181,214,353,170,0,156,9,12,13,1,11,598691,0
13942,Isolated Web Co,127032251101184,463160,124009549,51.0,13065129227751,330585,71138,90033b000,7643c4d,03:37:45,315,1,36,231,0,113,7,1,1,3,8,0,2
13942,Isolated Web Co,127032250966016,1205205,124009549,19.0,13065132873125,420171,1263d5,90031a000,7643c4d,03:37:45,282,1,36,231,1,294,2,6,3,13,5,0,2
13942,Isolated Web Co,127032251129856,900833,124009549,53.0,13065132888331,435377,dbee1,900342000,7643c4d,03:37:45,322,1,36,231,0,219,13,11,14,14,1,0,2
13942,Isolated Web Co,127032251064320,463160,124009549,51.0,13065132893484,440530,71138,900332000,7643c4d,03:37:45,306,1,36,231,0,113,7,1,1,3,8,0,2
13942,Isolated Web Co,127032251060224,463160,124009549,51.0,13065144345499,90694,71138,900331000,7643c4d,03:37:45,305,1,36,231,0,113,7,1,1,3,8,0,0
13942,Isolated Web Co,127032251056128,463160,124009549,51.0,13065156317520,50783,71138,900330000,7643c4d,03:37:45,304,1,36,231,0,113,7,1,1,3,8,0,0
13942,Isolated Web Co,127032251068416,463160,124009549,51.0,13065233161989,464970,71138,900333000,7643c4d,03:37:45,307,1,36,231,0,113,7,1,1,3,8,0,2
5970,pipewire-pulse,123325646331904,1137737,1907456830,0.0,13145164802144,249374,115c49,9fd576000,71b17b3e,03:39:05,374,490,167,224,1,277,1,5,12,4,9,0,2
5970,pipewire-pulse,123325646336000,1137738,1907456830,1.0,13145164995199,442429,115c4a,9fd577000,71b17b3e,03:39:05,375,490,167,224,1,277,1,5,12,4,10,0,2
5970,pipewire-pulse,123325646340096,1137739,1907456830,2.0,13145164998546,445776,115c4b,9fd578000,71b17b3e,03:39:05,376,490,167,224,1,277,1,5,12,4,11,0,2
5970,pipewire-pulse,123325646344192,1137740,1907456830,3.0,13145165000357,447587,115c4c,9fd579000,71b17b3e,03:39:05,377,490,167,224,1,277,1,5,12,4,12,0,2
5970,pipewire-pulse,123325646348288,1137741,1907456830,4.0,13145165002122,449352,115c4d,9fd57a000,71b17b3e,03:39:05,378,490,167,224,1,277,1,5,12,4,13,0,2
5970,pipewire-pulse,123325646352384,1137742,1907456830,5.0,13145165003838,451068,115c4e,9fd57b000,71b17b3e,03:39:05,379,490,167,224,1,277,1,5,12,4,14,0,2
5970,pipewire-pulse,123325646356480,1137743,1907456830,6.0,13145165005615,452845,115c4f,9fd57c000,71b17b3e,03:39:05,380,490,167,224,1,277,1,5,12,4,15,0,2
5970,pipewire-pulse,123325646360576,1202120,1907456830,7.0,13145165007251,454481,1257c8,9fd57d000,71b17b3e,03:39:05,381,490,167,224,1,293,2,5,7,12,8,0,2
5970,pipewire-pulse,123325598142464,1202123,542309126,1.0,13145165040562,487792,1257cb,9fa781000,2052fb06,03:39:05,385,467,167,224,1,293,2,5,7,12,11,0,2
5970,pipewire-pulse,123325598146560,1202124,542309126,2.0,13145165042426,489656,1257cc,9fa782000,2052fb06,03:39:05,386,467,167,224,1,293,2,5,7,12,12,0,2
5970,pipewire-pulse,123325598150656,1202125,542309126,3.0,13145165043336,490566,1257cd,9fa783000,2052fb06,03:39:05,387,467,167,224,1,293,2,5,7,12,13,0,2
5970,pipewire-pulse,123325598154752,1202126,542309126,4.0,13145165044293,491523,1257ce,9fa784000,2052fb06,03:39:05,388,467,167,224,1,293,2,5,7,12,14,0,2
5970,pipewire-pulse,123325598158848,1202127,542309126,5.0,13145165045240,492470,1257cf,9fa785000,2052fb06,03:39:05,389,467,167,224,1,293,2,5,7,12,15,0,2
5970,pipewire-pulse,123325598162944,1196712,542309126,6.0,13145165046231,493461,1242a8,9fa786000,2052fb06,03:39:05,390,467,167,224,1,292,2,4,2,10,8,0,2
5970,pipewire-pulse,123325598167040,1196713,542309126,7.0,13145165047131,494361,1242a9,9fa787000,2052fb06,03:39:05,391,467,167,224,1,292,2,4,2,10,9,0,2
13942,Isolated Web Co,127032251154432,528243,2503222260,7.0,13191103638292,40292,80f73,900348000,953423f4,03:39:51,328,1,36,231,0,128,8,0,15,7,3,252546,0
13942,Isolated Web Co,127032251244544,265598,2503222260,25.0,13191104091978,41143,40d7e,90035e000,953423f4,03:39:51,350,1,36,231,0,64,4,0,13,7,14,-829855,0
13942,Isolated Web Co,127032251150336,528243,2503222260,7.0,13191106830311,547645,80f73,900347000,953423f4,03:39:51,327,1,36,231,0,128,8,0,15,7,3,0,2
13942,Isolated Web Co,127032251371520,665878,2503222260,45.0,13191110027451,63028,a2916,90037d000,953423f4,03:39:51,381,1,36,231,0,162,10,2,9,1,6,-530698,0
13942,Isolated Web Co,127032251293696,517606,2503222260,43.0,13191116981979,85872,7e5e6,90036a000,953423f4,03:39:51,362,1,36,231,0,126,7,14,5,14,6,303375,0
13942,Isolated Web Co,127032251215872,899282,2503222260,27.0,13191118131810,49083,db8d2,900357000,953423f4,03:39:51,343,1,36,231,0,219,13,11,8,13,2,-293456,0
13942,Isolated Web Co,127032251092992,1147949,124009549,49.0,13194808078120,116695,11842d,900339000,7643c4d,03:39:54,313,1,36,231,1,280,1,8,4,2,13,332793,1
13942,Isolated Web Co,127032250953728,1210398,124009549,9.0,13194841877303,1259876,12781e,900317000,7643c4d,03:39:54,279,1,36,231,1,295,2,7,8,1,14,0,2
13942,Isolated Web Co,127032251117568,1147949,124009549,49.0,13194860688362,995892,11842d,90033f000,7643c4d,03:39:54,319,1,36,231,1,280,1,8,4,2,13,0,2
13942,Isolated Web Co,127032250978304,1098368,124009549,11.0,13194881772572,39801,10c280,90031d000,7643c4d,03:39:54,285,1,36,231,1,268,0,12,2,8,0,0,0
13942,Isolated Web Co,127032250970112,1110404,124009549,17.0,13194961169128,62892,10f184,90031b000,7643c4d,03:39:54,283,1,36,231,1,271,0,15,1,8,4,-986,0
13942,Isolated Web Co,127032251097088,1198262,124009549,51.0,13195039898945,55015,1248b6,90033a000,7643c4d,03:39:55,314,1,36,231,1,292,2,4,8,11,6,735102,0
13942,Isolated Web Co,127032250957824,1110404,124009549,17.0,13195042374214,46191,10f184,900318000,7643c4d,03:39:55,280,1,36,231,1,271,0,15,1,8,4,0,0
13942,Isolated Web Co,127032250982400,1110404,124009549,17.0,13195058629157,119174,10f184,90031e000,7643c4d,03:39:55,286,1,36,231,1,271,0,15,1,8,4,0,1
13942,Isolated Web Co,127032250949632,1113461,124009549,18.0,13195069766219,41450,10fd75,900316000,7643c4d,03:39:55,278,1,36,231,1,271,0,15,13,7,5,1011318,0
13942,Isolated Web Co,127032251011072,1113286,124009549,24.0,13197818698502,108249,10fcc6,900325000,7643c4d,03:39:57,293,1,36,231,1,271,0,15,12,12,6,1105569,1
13942,Isolated Web Co,127032250974208,1113461,124009549,18.0,13198827517783,63760,10fd75,90031c000,7643c4d,03:39:58,284,1,36,231,1,271,0,15,13,7,5,0,0
13942,Isolated Web Co,127032251031552,1239961,124009549,25.0,13199853198910,51868,12eb99,90032a000,7643c4d,03:39:59,298,1,36,231,1,302,2,14,11,9,9,887800,0
13942,Isolated Web Co,127032251035648,1193855,124009549,30.0,13199853973522,43078,12377f,90032b000,7643c4d,03:39:59,299,1,36,231,1,291,2,3,7,7,15,-53515,0
12834,Privileged Cont,127032251101184,1198262,124009549,51.0,13200619076885,40660,1248b6,90033b000,7643c4d,03:40:00,315,1,36,231,1,292,2,4,8,11,6,383059,0
12834,Privileged Cont,127032251125760,1113541,124009549,52.0,13200621657323,391617,10fdc5,900341000,7643c4d,03:40:00,321,1,36,231,1,271,0,15,13,12,5,0,2
12834,Privileged Cont,127032251039744,1197096,124009549,31.0,13200621668983,4656,124428,90032c000,7643c4d,03:40:00,300,1,36,231,1,292,2,4,4,2,8,361019,0
8817,gsd-housekeepin,93837968756736,1101294,4067791226,9.0,13277459594314,26334296,10cdee,85acb5000,f275917a,03:41:17,181,214,353,170,1,268,0,12,13,14,14,458963,4
12329,update-notifier,108391886327808,1197000,877971724,15.0,13304392414973,153030053,1243c8,4f3e19000,3454c90c,03:41:44,25,415,83,197,1,292,2,4,3,12,8,-26425,4
12673,Renderer,129072375435264,1140583,658517642,0.0,13306281235833,101335,116767,401169000,27402e8a,03:41:46,361,8,400,234,1,278,1,6,7,6,7,0,1
12673,Renderer,129072375439360,1184380,658517642,1.0,13306282110617,95527,12127c,40116a000,27402e8a,03:41:46,362,8,400,234,1,289,2,1,2,7,12,0,0
12673,Renderer,129072375443456,1184381,658517642,2.0,13306282119739,104649,12127d,40116b000,27402e8a,03:41:46,363,8,400,234,1,289,2,1,2,7,13,0,1
12673,Renderer,129072375447552,1184382,658517642,3.0,13306282122658,107568,12127e,40116c000,27402e8a,03:41:46,364,8,400,234,1,289,2,1,2,7,14,0,1
12673,Renderer,129072375451648,1184383,658517642,4.0,13306282126240,111150,12127f,40116d000,27402e8a,03:41:46,365,8,400,234,1,289,2,1,2,7,15,662715,1
12673,Renderer,129072375455744,1182220,658517642,5.0,13306282128799,113709,120a0c,40116e000,27402e8a,03:41:46,366,8,400,234,1,288,2,0,10,0,12,661351,1
12673,Renderer,129072375459840,1182221,658517642,6.0,13306282131306,116216,120a0d,40116f000,27402e8a,03:41:46,367,8,400,234,1,288,2,0,10,0,13,661353,1
12834,Privileged Cont,127032240197632,1198550,829629532,69.0,13307553708952,928268,1249d6,8ff8d5000,3173245c,03:41:47,213,508,35,231,1,292,2,4,9,13,6,26784,2
12673,Renderer,129072376983552,1132080,2526532631,4.0,13307975729803,40558,114630,4012e3000,9697d417,03:41:47,227,9,400,234,1,276,1,4,6,3,0,0,0
12673,Renderer,129072376987648,1132082,2526532631,5.0,13307976241431,461865,114632,4012e4000,9697d417,03:41:47,228,9,400,234,1,276,1,4,6,3,2,0,2
12673,Renderer,129072376991744,1207209,2526532631,6.0,13307977759691,302239,126ba9,4012e5000,9697d417,03:41:47,229,9,400,234,1,294,2,6,11,10,9,0,2
12673,Renderer,129072376995840,1207214,2526532631,7.0,13307978305449,453454,126bae,4012e6000,9697d417,03:41:47,230,9,400,234,1,294,2,6,11,10,14,0,2
12673,Renderer,129072376999936,1188879,2526532631,8.0,13307978313275,461280,12240f,4012e7000,9697d417,03:41:47,231,9,400,234,1,290,2,2,4,0,15,0,2
12673,Renderer,129072377004032,1221600,2526532631,9.0,13307978800266,381148,12a3e0,4012e8000,9697d417,03:41:47,232,9,400,234,1,298,2,10,3,14,0,0,2
12673,Renderer,129072377008128,1136241,2526532631,10.0,13307978807997,388879,115671,4012e9000,9697d417,03:41:47,233,9,400,234,1,277,1,5,6,7,1,0,2
12673,Renderer,129072377012224,1136242,2526532631,11.0,13307979315628,37199,115672,4012ea000,9697d417,03:41:47,234,9,400,234,1,277,1,5,6,7,2,0,0
12673,Renderer,129072377016320,1159723,2526532631,12.0,13307979322456,44027,11b22b,4012eb000,9697d417,03:41:47,235,9,400,234,1,283,1,11,2,2,11,0,0
12673,Renderer,129072377020416,1159724,2526532631,13.0,13307979327565,49136,11b22c,4012ec000,9697d417,03:41:47,236,9,400,234,1,283,1,11,2,2,12,0,0
12673,Renderer,129072377024512,1159725,2526532631,14.0,13307979331650,53221,11b22d,4012ed000,9697d417,03:41:47,237,9,400,234,1,283,1,11,2,2,13,0,0
12673,Renderer,129072377028608,1159726,2526532631,15.0,13307980277411,37877,11b22e,4012ee000,9697d417,03:41:47,238,9,400,234,1,283,1,11,2,2,14,0,0
12673,Renderer,129072377032704,1172985,2526532631,16.0,13307980284646,45112,11e5f9,4012ef000,9697d417,03:41:47,239,9,400,234,1,286,1,14,5,15,9,0,0
12673,Renderer,129072377040896,1225240,2526532631,18.0,13307980294942,55408,12b218,4012f1000,9697d417,03:41:47,241,9,400,234,1,299,2,11,2,1,8,0,0
12673,Renderer,129072377044992,1225241,2526532631,19.0,13307980719825,480291,12b219,4012f2000,9697d417,03:41:47,242,9,400,234,1,299,2,11,2,1,9,0,2
12673,Renderer,129072377049088,1229857,2526532631,20.0,13307980727455,487921,12c421,4012f3000,9697d417,03:41:47,243,9,400,234,1,300,2,12,4,2,1,0,2
12673,Renderer,129072377053184,1229858,2526532631,21.0,13307980731903,492369,12c422,4012f4000,9697d417,03:41:47,244,9,400,234,1,300,2,12,4,2,2,0,2
12673,Renderer,129072377057280,1229859,2526532631,22.0,13307980737277,497743,12c423,4012f5000,9697d417,03:41:47,245,9,400,234,1,300,2,12,4,2,3,0,2
12673,Renderer,129072377061376,1229860,2526532631,23.0,13307980741517,501983,12c424,4012f6000,9697d417,03:41:47,246,9,400,234,1,300,2,12,4,2,4,0,2
12673,Renderer,129072377065472,1229861,2526532631,24.0,13307980747413,507879,12c425,4012f7000,9697d417,03:41:47,247,9,400,234,1,300,2,12,4,2,5,0,2
12673,Renderer,129072377069568,1229862,2526532631,25.0,13307980751837,512303,12c426,4012f8000,9697d417,03:41:47,248,9,400,234,1,300,2,12,4,2,6,0,2
12673,Renderer,129072377073664,1229863,2526532631,26.0,13307980757395,517861,12c427,4012f9000,9697d417,03:41:47,249,9,400,234,1,300,2,12,4,2,7,0,2
12673,Renderer,129072377077760,1213696,2526532631,27.0,13307981252163,332616,128500,4012fa000,9697d417,03:41:47,250,9,400,234,1,296,2,8,5,0,0,0,2
12673,Renderer,129072377081856,1121197,2526532631,28.0,13307981261273,341726,111bad,4012fb000,9697d417,03:41:47,251,9,400,234,1,273,1,1,11,10,13,0,2
12673,Renderer,129072377085952,1121198,2526532631,29.0,13307981266039,346492,111bae,4012fc000,9697d417,03:41:47,252,9,400,234,1,273,1,1,11,10,14,0,2
12673,Renderer,129072377090048,1121199,2526532631,30.0,13307981270691,351144,111baf,4012fd000,9697d417,03:41:47,253,9,400,234,1,273,1,1,11,10,15,0,2
12673,Renderer,129072377094144,1219888,2526532631,31.0,13307981276348,356801,129d30,4012fe000,9697d417,03:41:47,254,9,400,234,1,297,2,9,13,3,0,0,2
12673,Renderer,129072377098240,1219889,2526532631,32.0,13307981280748,361201,129d31,4012ff000,9697d417,03:41:47,255,9,400,234,1,297,2,9,13,3,1,0,2
12673,Renderer,129072377106432,1219891,2526532631,34.0,13307981289792,370245,129d33,401301000,9697d417,03:41:47,257,9,400,234,1,297,2,9,13,3,3,0,2
12673,Renderer,129072377110528,1219892,2526532631,35.0,13307981901423,37874,129d34,401302000,9697d417,03:41:47,258,9,400,234,1,297,2,9,13,3,4,0,0
12673,Renderer,129072377114624,1115037,2526532631,36.0,13307982681005,45736,11039d,401303000,9697d417,03:41:47,259,9,400,234,1,272,1,0,3,9,13,0,0
12673,Renderer,129072377118720,1115038,2526532631,37.0,13307982687050,51781,11039e,401304000,9697d417,03:41:47,260,9,400,234,1,272,1,0,3,9,14,0,0
12673,Renderer,129072377122816,1115039,2526532631,38.0,13307982692010,56741,11039f,401305000,9697d417,03:41:47,261,9,400,234,1,272,1,0,3,9,15,0,0
12673,Renderer,129072377126912,1196584,2526532631,39.0,13307982698228,62959,124228,401306000,9697d417,03:41:47,262,9,400,234,1,292,2,4,2,2,8,0,0
12673,Renderer,129072377131008,1196585,2526532631,40.0,13307982703024,67755,124229,401307000,9697d417,03:41:47,263,9,400,234,1,292,2,4,2,2,9,0,0
12673,Renderer,129072377135104,1196586,2526532631,41.0,13307982707640,72371,12422a,401308000,9697d417,03:41:47,264,9,400,234,1,292,2,4,2,2,10,0,0
12673,Renderer,129072377139200,1196587,2526532631,42.0,13307982713376,78107,12422b,401309000,9697d417,03:41:47,265,9,400,234,1,292,2,4,2,2,11,0,0
12673,Renderer,129072377143296,1196588,2526532631,43.0,13307983243267,332246,12422c,40130a000,9697d417,03:41:47,266,9,400,234,1,292,2,4,2,2,12,0,2
12673,Renderer,129072377147392,1193639,2526532631,44.0,13307983251259,340238,1236a7,40130b000,9697d417,03:41:47,267,9,400,234,1,291,2,3,6,10,7,0,2
12673,Renderer,129072377151488,1139528,2526532631,45.0,13307983255695,344674,116348,40130c000,9697d417,03:41:47,268,9,400,234,1,278,1,6,3,4,8,0,2
12673,Renderer,129072376963072,1159726,2526532631,15.0,13307984287488,38495,11b22e,4012de000,9697d417,03:41:47,222,9,400,234,1,283,1,11,2,2,14,0,0
12673,Renderer,129072376967168,1159726,2526532631,15.0,13307984295308,46315,11b22e,4012df000,9697d417,03:41:47,223,9,400,234,1,283,1,11,2,2,14,0,0
12673,Renderer,129072376971264,1172991,2526532631,17.0,13307984299610,50617,11e5ff,4012e0000,9697d417,03:41:47,224,9,400,234,1,286,1,14,5,15,15,0,0
12673,Renderer,129072376975360,1172991,2526532631,17.0,13307984304658,55665,11e5ff,4012e1000,9697d417,03:41:47,225,9,400,234,1,286,1,14,5,15,15,0,0
12673,Renderer,129072376598528,1144010,1917559821,4.0,13307985018510,41133,1174ca,401285000,724ba40d,03:41:47,133,9,400,234,1,279,1,7,4,12,10,0,0
12673,Renderer,129072376602624,1144011,1917559821,5.0,13307985460368,482991,1174cb,401286000,724ba40d,03:41:47,134,9,400,234,1,279,1,7,4,12,11,0,2
12673,Renderer,129072376606720,1115464,1917559821,6.0,13307985462971,485594,110548,401287000,724ba40d,03:41:47,135,9,400,234,1,272,1,0,5,4,8,0,2
12673,Renderer,129072376610816,1115465,1917559821,7.0,13307985464284,486907,110549,401288000,724ba40d,03:41:47,136,9,400,234,1,272,1,0,5,4,9,0,2
12673,Renderer,129072376614912,1115466,1917559821,8.0,13307985465613,488236,11054a,401289000,724ba40d,03:41:47,137,9,400,234,1,272,1,0,5,4,10,0,2
12673,Renderer,129072376619008,1115467,1917559821,9.0,13307986186440,37945,11054b,40128a000,724ba40d,03:41:47,138,9,400,234,1,272,1,0,5,4,11,0,0
12673,Renderer,129072376623104,1115468,1917559821,10.0,13307986189776,41281,11054c,40128b000,724ba40d,03:41:47,139,9,400,234,1,272,1,0,5,4,12,0,0
12673,Renderer,129072376627200,1115469,1917559821,11.0,13307986191100,42605,11054d,40128c000,724ba40d,03:41:47,140,9,400,234,1,272,1,0,5,4,13,0,0
12673,Renderer,129072376631296,1115470,1917559821,12.0,13307986192405,43910,11054e,40128d000,724ba40d,03:41:47,141,9,400,234,1,272,1,0,5,4,14,0,0
12673,Renderer,129072376635392,1115471,1917559821,13.0,13307987487803,518391,11054f,40128e000,724ba40d,03:41:47,142,9,400,234,1,272,1,0,5,4,15,0,2
12673,Renderer,129072376639488,1226276,1917559821,14.0,13307987492451,523039,12b624,40128f000,724ba40d,03:41:47,143,9,400,234,1,299,2,11,6,2,4,0,2
12673,Renderer,129072376647680,1226278,1917559821,16.0,13307987495752,526340,12b626,401291000,724ba40d,03:41:47,145,9,400,234,1,299,2,11,6,2,6,0,2
12673,Renderer,129072376651776,1226279,1917559821,17.0,13307987497640,528228,12b627,401292000,724ba40d,03:41:47,146,9,400,234,1,299,2,11,6,2,7,0,2
12673,Renderer,129072376655872,1115832,1917559821,18.0,13307987499295,529883,1106b8,401293000,724ba40d,03:41:47,147,9,400,234,1,272,1,0,6,11,8,0,2
12673,Renderer,129072376659968,1115833,1917559821,19.0,13307987501342,531930,1106b9,401294000,724ba40d,03:41:47,148,9,400,234,1,272,1,0,6,11,9,0,2
12673,Renderer,129072376664064,1115834,1917559821,20.0,13307987502858,533446,1106ba,401295000,724ba40d,03:41:47,149,9,400,234,1,272,1,0,6,11,10,0,2
12673,Renderer,129072376668160,1115835,1917559821,21.0,13307988207143,72800,1106bb,401296000,724ba40d,03:41:47,150,9,400,234,1,272,1,0,6,11,11,0,0
12673,Renderer,129072376672256,1226778,1917559821,22.0,13307988210969,76626,12b81a,401297000,724ba40d,03:41:47,151,9,400,234,1,299,2,11,8,1,10,0,0
12673,Renderer,129072376676352,1226779,1917559821,23.0,13307988212469,78126,12b81b,401298000,724ba40d,03:41:47,152,9,400,234,1,299,2,11,8,1,11,0,0
12673,Renderer,129072376680448,1226780,1917559821,24.0,13307988213711,79368,12b81c,401299000,724ba40d,03:41:47,153,9,400,234,1,299,2,11,8,1,12,0,0
12673,Renderer,129072376684544,1226781,1917559821,25.0,13307988215212,80869,12b81d,40129a000,724ba40d,03:41:47,154,9,400,234,1,299,2,11,8,1,13,0,0
12673,Renderer,129072376688640,1226782,1917559821,26.0,13307988216488,82145,12b81e,40129b000,724ba40d,03:41:47,155,9,400,234,1,299,2,11,8,1,14,0,0
12673,Renderer,129072376692736,1226783,1917559821,27.0,13307988217707,83364,12b81f,40129c000,724ba40d,03:41:47,156,9,400,234,1,299,2,11,8,1,15,0,0
12673,Renderer,129072376696832,1145184,1917559821,28.0,13307988219248,84905,117960,40129d000,724ba40d,03:41:47,157,9,400,234,1,279,1,7,9,6,0,0,0
12673,Renderer,129072376700928,1145185,1917559821,29.0,13307988802554,45438,117961,40129e000,724ba40d,03:41:47,158,9,400,234,1,279,1,7,9,6,1,0,0
12673,Renderer,129072376705024,1172168,1917559821,30.0,13307988805447,48331,11e2c8,40129f000,724ba40d,03:41:47,159,9,400,234,1,286,1,14,2,12,8,0,0
12673,Renderer,129072376713216,1172170,1917559821,32.0,13307988807989,50873,11e2ca,4012a1000,724ba40d,03:41:47,161,9,400,234,1,286,1,14,2,12,10,0,0
12673,Renderer,129072376717312,1172171,1917559821,33.0,13307988809138,52022,11e2cb,4012a2000,724ba40d,03:41:47,162,9,400,234,1,286,1,14,2,12,11,0,0
12673,Renderer,129072376721408,1172172,1917559821,34.0,13307988810416,53300,11e2cc,4012a3000,724ba40d,03:41:47,163,9,400,234,1,286,1,14,2,12,12,0,0
12673,Renderer,129072376725504,1172173,1917559821,35.0,13307988811589,54473,11e2cd,4012a4000,724ba40d,03:41:47,164,9,400,234,1,286,1,14,2,12,13,0,0
12673,Renderer,129072376729600,1172174,1917559821,36.0,13307988813150,56034,11e2ce,4012a5000,724ba40d,03:41:47,165,9,400,234,1,286,1,14,2,12,14,0,0
12673,Renderer,129072376733696,1172175,1917559821,37.0,13307989429999,369937,11e2cf,4012a6000,724ba40d,03:41:47,166,9,400,234,1,286,1,14,2,12,15,0,2
12673,Renderer,129072376737792,1205322,1917559821,38.0,13307989433441,373379,12644a,4012a7000,724ba40d,03:41:47,167,9,400,234,1,294,2,6,4,4,10,0,2
12673,Renderer,129072376741888,1205323,1917559821,39.0,13307989435019,374957,12644b,4012a8000,724ba40d,03:41:47,168,9,400,234,1,294,2,6,4,4,11,0,2
12673,Renderer,129072376745984,1205324,1917559821,40.0,13307989436376,376314,12644c,4012a9000,724ba40d,03:41:47,169,9,400,234,1,294,2,6,4,4,12,0,2
12673,Renderer,129072376750080,1205325,1917559821,41.0,13307989437714,377652,12644d,4012aa000,724ba40d,03:41:47,170,9,400,234,1,294,2,6,4,4,13,0,2
12673,Renderer,129072376754176,1205326,1917559821,42.0,13307989438965,378903,12644e,4012ab000,724ba40d,03:41:47,171,9,400,234,1,294,2,6,4,4,14,0,2
12673,Renderer,129072376758272,1205327,1917559821,43.0,13307989440429,380367,12644f,4012ac000,724ba40d,03:41:47,172,9,400,234,1,294,2,6,4,4,15,0,2
12673,Renderer,129072376762368,1152128,1917559821,44.0,13307989441910,381848,119480,4012ad000,724ba40d,03:41:47,173,9,400,234,1,281,1,9,4,8,0,0,2
12673,Renderer,129072376766464,1152129,1917559821,45.0,13307989881777,385822,119481,4012ae000,724ba40d,03:41:47,174,9,400,234,1,281,1,9,4,8,1,0,2
12673,Renderer,129072376578048,1226277,1917559821,15.0,13307989908609,412654,12b625,401280000,724ba40d,03:41:47,128,9,400,234,1,299,2,11,6,2,5,0,2
12673,Renderer,129072376582144,1226277,1917559821,15.0,13307989910507,414552,12b625,401281000,724ba40d,03:41:47,129,9,400,234,1,299,2,11,6,2,5,0,2
12673,Renderer,129072376586240,1226277,1917559821,15.0,13307989912266,416311,12b625,401282000,724ba40d,03:41:47,130,9,400,234,1,299,2,11,6,2,5,0,2
12673,Renderer,129072376590336,1226277,1917559821,15.0,13307989913810,417855,12b625,401283000,724ba40d,03:41:47,131,9,400,234,1,299,2,11,6,2,5,0,2
12673,Renderer,129072530276352,1217862,1130733967,4.0,13307990610539,640620,129546,40a514000,4365a18f,03:41:47,276,82,400,234,1,297,2,9,5,4,6,0,2
12673,Renderer,129072530280448,1217863,1130733967,5.0,13307990612140,642221,129547,40a515000,4365a18f,03:41:47,277,82,400,234,1,297,2,9,5,4,7,0,2
12673,Renderer,129072530284544,1212480,1130733967,6.0,13307990613346,643427,128040,40a516000,4365a18f,03:41:47,278,82,400,234,1,296,2,8,0,4,0,0,2
12673,Renderer,129072530288640,1212481,1130733967,7.0,13307990614668,644749,128041,40a517000,4365a18f,03:41:47,279,82,400,234,1,296,2,8,0,4,1,0,2
12673,Renderer,129072530292736,1212482,1130733967,8.0,13307991239856,427578,128042,40a518000,4365a18f,03:41:47,280,82,400,234,1,296,2,8,0,4,2,0,2
12673,Renderer,129072530296832,1230129,1130733967,9.0,13307991243627,431349,12c531,40a519000,4365a18f,03:41:47,281,82,400,234,1,300,2,12,5,3,1,0,2
12673,Renderer,129072530300928,1230130,1130733967,10.0,13307991245072,432794,12c532,40a51a000,4365a18f,03:41:47,282,82,400,234,1,300,2,12,5,3,2,0,2
12673,Renderer,129072530305024,1230131,1130733967,11.0,13307991246421,434143,12c533,40a51b000,4365a18f,03:41:47,283,82,400,234,1,300,2,12,5,3,3,0,2
12673,Renderer,129072530309120,1230132,1130733967,12.0,13307991247633,435355,12c534,40a51c000,4365a18f,03:41:47,284,82,400,234,1,300,2,12,5,3,4,0,2
12673,Renderer,129072530313216,1230133,1130733967,13.0,13307991248912,436634,12c535,40a51d000,4365a18f,03:41:47,285,82,400,234,1,300,2,12,5,3,5,0,2
12673,Renderer,129072530317312,1230134,1130733967,14.0,13307991250182,437904,12c536,40a51e000,4365a18f,03:41:47,286,82,400,234,1,300,2,12,5,3,6,0,2
12673,Renderer,129072530321408,1230135,1130733967,15.0,13307991251750,439472,12c537,40a51f000,4365a18f,03:41:47,287,82,400,234,1,300,2,12,5,3,7,0,2
12673,Renderer,129072530329600,1129601,1130733967,17.0,13307991715198,409813,113c81,40a521000,4365a18f,03:41:47,289,82,400,234,1,275,1,3,12,8,1,0,2
12673,Renderer,129072530333696,1129602,1130733967,18.0,13307991716777,411392,113c82,40a522000,4365a18f,03:41:47,290,82,400,234,1,275,1,3,12,8,2,0,2
12673,Renderer,129072530337792,1129603,1130733967,19.0,13307991718529,413144,113c83,40a523000,4365a18f,03:41:47,291,82,400,234,1,275,1,3,12,8,3,0,2
12673,Renderer,129072530341888,1129604,1130733967,20.0,13307991720221,414836,113c84,40a524000,4365a18f,03:41:47,292,82,400,234,1,275,1,3,12,8,4,0,2
12673,Renderer,129072530345984,1129605,1130733967,21.0,13307991721920,416535,113c85,40a525000,4365a18f,03:41:47,293,82,400,234,1,275,1,3,12,8,5,0,2
12673,Renderer,129072530350080,1129606,1130733967,22.0,13307991723698,418313,113c86,40a526000,4365a18f,03:41:47,294,82,400,234,1,275,1,3,12,8,6,0,2
12673,Renderer,129072530354176,1129607,1130733967,23.0,13307991725342,419957,113c87,40a527000,4365a18f,03:41:47,295,82,400,234,1,275,1,3,12,8,7,0,2
12673,Renderer,129072530358272,1215768,1130733967,24.0,13307992828318,1054904,128d18,40a528000,4365a18f,03:41:47,296,82,400,234,1,296,2,8,13,1,8,0,2
12673,Renderer,129072530362368,1215772,1130733967,25.0,13307992833702,1060288,128d1c,40a529000,4365a18f,03:41:47,297,82,400,234,1,296,2,8,13,1,12,0,2
12673,Renderer,129072530366464,1215773,1130733967,26.0,13307992835241,1061827,128d1d,40a52a000,4365a18f,03:41:47,298,82,400,234,1,296,2,8,13,1,13,0,2
12673,Renderer,129072530370560,1215774,1130733967,27.0,13307992836641,1063227,128d1e,40a52b000,4365a18f,03:41:47,299,82,400,234,1,296,2,8,13,1,14,0,2
12673,Renderer,129072530374656,1215775,1130733967,28.0,13307992837972,1064558,128d1f,40a52c000,4365a18f,03:41:47,300,82,400,234,1,296,2,8,13,1,15,0,2
12673,Renderer,129072530378752,1125816,1130733967,29.0,13307992839305,1065891,112db8,40a52d000,4365a18f,03:41:47,301,82,400,234,1,274,1,2,13,11,8,0,2
12673,Renderer,129072530382848,1125817,1130733967,30.0,13307992840573,1067159,112db9,40a52e000,4365a18f,03:41:47,302,82,400,234,1,274,1,2,13,11,9,0,2
12673,Renderer,129072530386944,1125818,1130733967,31.0,13307992842303,1068889,112dba,40a52f000,4365a18f,03:41:47,303,82,400,234,1,274,1,2,13,11,10,0,2
12673,Renderer,129072530395136,1158895,1130733967,33.0,13307993482867,322213,11aeef,40a531000,4365a18f,03:41:47,305,82,400,234,1,282,1,10,14,14,15,0,2
12673,Renderer,129072530399232,1173648,1130733967,34.0,13307993484389,323735,11e890,40a532000,4365a18f,03:41:47,306,82,400,234,1,286,1,14,8,9,0,0,2
12673,Renderer,129072530403328,1173649,1130733967,35.0,13307993485617,324963,11e891,40a533000,4365a18f,03:41:47,307,82,400,234,1,286,1,14,8,9,1,0,2
12673,Renderer,129072530407424,1173650,1130733967,36.0,13307993486860,326206,11e892,40a534000,4365a18f,03:41:47,308,82,400,234,1,286,1,14,8,9,2,0,2
12673,Renderer,129072530411520,1173651,1130733967,37.0,13307993488077,327423,11e893,40a535000,4365a18f,03:41:47,309,82,400,234,1,286,1,14,8,9,3,0,2
12673,Renderer,129072530415616,1173652,1130733967,38.0,13307993489264,328610,11e894,40a536000,4365a18f,03:41:47,310,82,400,234,1,286,1,14,8,9,4,0,2
12673,Renderer,129072530419712,1173653,1130733967,39.0,13307993490791,330137,11e895,40a537000,4365a18f,03:41:47,311,82,400,234,1,286,1,14,8,9,5,0,2
12673,Renderer,129072530423808,1173654,1130733967,40.0,13307993928645,312064,11e896,40a538000,4365a18f,03:41:47,312,82,400,234,1,286,1,14,8,9,6,0,2
12673,Renderer,129072530427904,1134004,1130733967,41.0,13307993932429,315848,114db4,40a539000,4365a18f,03:41:47,313,82,400,234,1,276,1,4,13,11,4,0,2
12673,Renderer,129072530432000,1134005,1130733967,42.0,13307993933910,317329,114db5,40a53a000,4365a18f,03:41:47,314,82,400,234,1,276,1,4,13,11,5,0,2
12673,Renderer,129072530436096,1134006,1130733967,43.0,13307993935372,318791,114db6,40a53b000,4365a18f,03:41:47,315,82,400,234,1,276,1,4,13,11,6,0,2
12673,Renderer,129072530440192,1134007,1130733967,44.0,13307993936668,320087,114db7,40a53c000,4365a18f,03:41:47,316,82,400,234,1,276,1,4,13,11,7,0,2
12673,Renderer,129072530444288,1220624,1130733967,45.0,13307993938011,321430,12a010,40a53d000,4365a18f,03:41:47,317,82,400,234,1,298,2,10,0,1,0,0,2
12673,Renderer,129072530255872,1230135,1130733967,15.0,13307995835769,44422,12c537,40a50f000,4365a18f,03:41:47,271,82,400,234,1,300,2,12,5,3,7,0,0
12673,Renderer,129072530259968,1189176,1130733967,16.0,13307995839942,48595,122538,40a510000,4365a18f,03:41:47,272,82,400,234,1,290,2,2,5,3,8,0,0
12673,Renderer,129072530264064,1189176,1130733967,16.0,13307995841800,50453,122538,40a511000,4365a18f,03:41:47,273,82,400,234,1,290,2,2,5,3,8,0,0
12673,Renderer,129072530268160,1189176,1130733967,16.0,13307995843822,52475,122538,40a512000,4365a18f,03:41:47,274,82,400,234,1,290,2,2,5,3,8,0,0
12673,Renderer,129072771428352,1202883,1391968596,0.0,13307998262104,193102,125ac3,418b0f000,52f7c154,03:41:47,271,197,400,234,1,293,2,5,10,12,3,0,1
12673,Renderer,129072785002496,1219195,2284464885,0.0,13307999685238,41767,129a7b,419801000,882a2af5,03:41:47,1,204,400,234,1,297,2,9,10,7,11,0,0
12673,Renderer,129072785006592,1219196,2284464885,1.0,13308000142270,368495,129a7c,419802000,882a2af5,03:41:48,2,204,400,234,1,297,2,9,10,7,12,0,2
12673,Renderer,129072771465216,1137387,1907871366,0.0,13308002209489,465844,115aeb,418b18000,71b7ce86,03:41:48,280,197,400,234,1,277,1,5,10,14,11,0,2
12673,Renderer,129072507170816,1122335,3434275497,4.0,13308003818552,521774,11201f,408f0b000,ccb2e2a9,03:41:48,267,71,400,234,1,274,1,2,0,1,15,0,2
12673,Renderer,129072507174912,1218065,3434275497,5.0,13308004177985,42578,129611,408f0c000,ccb2e2a9,03:41:48,268,71,400,234,1,297,2,9,6,1,1,0,0
12673,Renderer,129072507179008,1214544,3434275497,6.0,13308005017317,769545,128850,408f0d000,ccb2e2a9,03:41:48,269,71,400,234,1,296,2,8,8,5,0,0,2
12673,Renderer,129072507183104,1147208,3434275497,7.0,13308005027061,779289,118148,408f0e000,ccb2e2a9,03:41:48,270,71,400,234,1,280,1,8,1,4,8,0,2
12673,Renderer,129072507187200,1147209,3434275497,8.0,13308005629326,119574,118149,408f0f000,ccb2e2a9,03:41:48,271,71,400,234,1,280,1,8,1,4,9,0,1
12673,Renderer,129072507195392,1193144,3434275497,10.0,13308005959522,449770,1234b8,408f11000,ccb2e2a9,03:41:48,273,71,400,234,1,291,2,3,4,11,8,0,2
12673,Renderer,129072507199488,1124713,3434275497,11.0,13308005965965,456213,112969,408f12000,ccb2e2a9,03:41:48,274,71,400,234,1,274,1,2,9,6,9,0,2
12673,Renderer,129072507203584,1124714,3434275497,12.0,13308005969940,460188,11296a,408f13000,ccb2e2a9,03:41:48,275,71,400,234,1,274,1,2,9,6,10,0,2
12673,Renderer,129072507207680,1124715,3434275497,13.0,13308005976187,466435,11296b,408f14000,ccb2e2a9,03:41:48,276,71,400,234,1,274,1,2,9,6,11,0,2
12673,Renderer,129072507211776,1124716,3434275497,14.0,13308006249045,217119,11296c,408f15000,ccb2e2a9,03:41:48,277,71,400,234,1,274,1,2,9,6,12,0,2
12673,Renderer,129072507215872,1224672,3434275497,15.0,13308006256201,224275,12afe0,408f16000,ccb2e2a9,03:41:48,278,71,400,234,1,298,2,10,15,14,0,0,2
12673,Renderer,129072507219968,1224673,3434275497,16.0,13308006261248,229322,12afe1,408f17000,ccb2e2a9,03:41:48,279,71,400,234,1,298,2,10,15,14,1,0,2
12673,Renderer,129072507224064,1224674,3434275497,17.0,13308006401057,369131,12afe2,408f18000,ccb2e2a9,03:41:48,280,71,400,234,1,298,2,10,15,14,2,0,2
12673,Renderer,129072507228160,1224675,3434275497,18.0,13308006929899,41646,12afe3,408f19000,ccb2e2a9,03:41:48,281,71,400,234,1,298,2,10,15,14,3,0,0
12673,Renderer,129072507232256,1129314,3434275497,19.0,13308006938260,50007,113b62,408f1a000,ccb2e2a9,03:41:48,282,71,400,234,1,275,1,3,11,6,2,0,0
12673,Renderer,129072507236352,1129315,3434275497,20.0,13308006944145,55892,113b63,408f1b000,ccb2e2a9,03:41:48,283,71,400,234,1,275,1,3,11,6,3,0,0
12673,Renderer,129072507240448,1129316,3434275497,21.0,13308006949288,61035,113b64,408f1c000,ccb2e2a9,03:41:48,284,71,400,234,1,275,1,3,11,6,4,0,0
12673,Renderer,129072507244544,1129317,3434275497,22.0,13308006954403,66150,113b65,408f1d000,ccb2e2a9,03:41:48,285,71,400,234,1,275,1,3,11,6,5,0,0
12673,Renderer,129072507248640,1129318,3434275497,23.0,13308006959103,70850,113b66,408f1e000,ccb2e2a9,03:41:48,286,71,400,234,1,275,1,3,11,6,6,0,0
12673,Renderer,129072507252736,1129319,3434275497,24.0,13308006962668,74415,113b67,408f1f000,ccb2e2a9,03:41:48,287,71,400,234,1,275,1,3,11,6,7,0,0
12673,Renderer,129072507260928,1198785,3434275497,26.0,13308007509601,45865,124ac1,408f21000,ccb2e2a9,03:41:48,289,71,400,234,1,292,2,4,10,12,1,0,0
12673,Renderer,129072507265024,1187112,3434275497,27.0,13308007516853,53117,121d28,408f22000,ccb2e2a9,03:41:48,290,71,400,234,1,289,2,1,13,2,8,0,0
12673,Renderer,129072507269120,1187113,3434275497,28.0,13308007522544,58808,121d29,408f23000,ccb2e2a9,03:41:48,291,71,400,234,1,289,2,1,13,2,9,0,0
12673,Renderer,129072507273216,1187114,3434275497,29.0,13308007525900,62164,121d2a,408f24000,ccb2e2a9,03:41:48,292,71,400,234,1,289,2,1,13,2,10,0,0
12673,Renderer,129072507277312,1187115,3434275497,30.0,13308007530157,66421,121d2b,408f25000,ccb2e2a9,03:41:48,293,71,400,234,1,289,2,1,13,2,11,0,0
12673,Renderer,129072507281408,1187116,3434275497,31.0,13308007534256,70520,121d2c,408f26000,ccb2e2a9,03:41:48,294,71,400,234,1,289,2,1,13,2,12,0,0
12673,Renderer,129072507285504,1187117,3434275497,32.0,13308007538758,75022,121d2d,408f27000,ccb2e2a9,03:41:48,295,71,400,234,1,289,2,1,13,2,13,0,0
12673,Renderer,129072507289600,1187118,3434275497,33.0,13308007542551,78815,121d2e,408f28000,ccb2e2a9,03:41:48,296,71,400,234,1,289,2,1,13,2,14,0,0
12673,Renderer,129072507293696,1187119,3434275497,34.0,13308008216261,69361,121d2f,408f29000,ccb2e2a9,03:41:48,297,71,400,234,1,289,2,1,13,2,15,0,0
12673,Renderer,129072507297792,1070741,3434275497,35.0,13308008222009,75109,105695,408f2a000,ccb2e2a9,03:41:48,298,71,400,234,1,261,0,5,6,9,5,0,0
12673,Renderer,129072507301888,1070742,3434275497,36.0,13308008226692,79792,105696,408f2b000,ccb2e2a9,03:41:48,299,71,400,234,1,261,0,5,6,9,6,0,0
12673,Renderer,129072507305984,1070743,3434275497,37.0,13308008231166,84266,105697,408f2c000,ccb2e2a9,03:41:48,300,71,400,234,1,261,0,5,6,9,7,0,0
12673,Renderer,129072507310080,1184960,3434275497,38.0,13308008234742,87842,1214c0,408f2d000,ccb2e2a9,03:41:48,301,71,400,234,1,289,2,1,4,12,0,0,0
12673,Renderer,129072507314176,1184961,3434275497,39.0,13308008239712,92812,1214c1,408f2e000,ccb2e2a9,03:41:48,302,71,400,234,1,289,2,1,4,12,1,0,0
12673,Renderer,129072507318272,1184962,3434275497,40.0,13308008244571,97671,1214c2,408f2f000,ccb2e2a9,03:41:48,303,71,400,234,1,289,2,1,4,12,2,0,0
12673,Renderer,129072507326464,1184964,3434275497,42.0,13308008832010,685110,1214c4,408f31000,ccb2e2a9,03:41:48,305,71,400,234,1,289,2,1,4,12,4,0,2
12673,Renderer,129072507330560,1214602,3434275497,43.0,13308008840058,693158,12888a,408f32000,ccb2e2a9,03:41:48,306,71,400,234,1,296,2,8,8,8,10,0,2
12673,Renderer,129072507334656,1214603,3434275497,44.0,13308008843629,696729,12888b,408f33000,ccb2e2a9,03:41:48,307,71,400,234,1,296,2,8,8,8,11,0,2
12673,Renderer,129072507338752,1214604,3434275497,45.0,13308008849207,702307,12888c,408f34000,ccb2e2a9,03:41:48,308,71,400,234,1,296,2,8,8,8,12,0,2
12673,Renderer,129072507150336,1224672,3434275497,15.0,13308009489575,41653,12afe0,408f06000,ccb2e2a9,03:41:48,262,71,400,234,1,298,2,10,15,14,0,0,0
12673,Renderer,129072507154432,1224672,3434275497,15.0,13308009496696,48774,12afe0,408f07000,ccb2e2a9,03:41:48,263,71,400,234,1,298,2,10,15,14,0,0,0
12673,Renderer,129072507158528,1224672,3434275497,15.0,13308009500489,52567,12afe0,408f08000,ccb2e2a9,03:41:48,264,71,400,234,1,298,2,10,15,14,0,0,0
12673,Renderer,129072507162624,1224672,3434275497,15.0,13308009820406,372484,12afe0,408f09000,ccb2e2a9,03:41:48,265,71,400,234,1,298,2,10,15,14,0,0,2
12673,Renderer,129072510316544,1193475,3210313170,4.0,13308010276852,828930,123603,40920b000,bf597dd2,03:41:48,11,73,400,234,1,291,2,3,6,0,3,0,2
12673,Renderer,129072510320640,1193476,3210313170,5.0,13308011181264,679586,123604,40920c000,bf597dd2,03:41:48,12,73,400,234,1,291,2,3,6,0,4,0,2
12673,Renderer,129072510324736,1193478,3210313170,6.0,13308011187987,686309,123606,40920d000,bf597dd2,03:41:48,13,73,400,234,1,291,2,3,6,0,6,0,2
12834,Privileged Cont,129064203722752,1187203,216359322,79.0,13308101916099,13888,121d83,21a042000,ce5619a,03:41:48,66,208,392,234,1,289,2,1,13,8,3,0,0
12834,Privileged Cont,129064203718656,1187203,216359322,79.0,13308101922599,20388,121d83,21a041000,ce5619a,03:41:48,65,208,392,234,1,289,2,1,13,8,3,0,0
12834,Privileged Cont,127032239919104,1198548,829629532,1.0,13308122804441,48308,1249d4,8ff891000,3173245c,03:41:48,145,508,35,231,1,292,2,4,9,13,4,0,0
12834,Privileged Cont,127032240435200,1151831,829629532,127.0,13308127197446,103924,119357,8ff90f000,3173245c,03:41:48,271,508,35,231,1,281,1,9,3,5,7,8627,1
12834,Privileged Cont,127032240443392,1206862,829629532,129.0,13308128571079,573472,126a4e,8ff911000,3173245c,03:41:48,273,508,35,231,1,294,2,6,10,4,14,76018,2
12834,Privileged Cont,127032240447488,1175826,829629532,130.0,13308128575012,577405,11f112,8ff912000,3173245c,03:41:48,274,508,35,231,1,287,1,15,1,1,2,44981,2
12834,Privileged Cont,127032240451584,1175827,829629532,131.0,13308128579539,581932,11f113,8ff913000,3173245c,03:41:48,275,508,35,231,1,287,1,15,1,1,3,293,2
12834,Privileged Cont,127032240455680,1175828,829629532,132.0,13308128580845,583238,11f114,8ff914000,3173245c,03:41:48,276,508,35,231,1,287,1,15,1,1,4,293,2
12834,Privileged Cont,127032240459776,1175829,829629532,133.0,13308129438428,750195,11f115,8ff915000,3173245c,03:41:48,277,508,35,231,1,287,1,15,1,1,5,-49141,2
12834,Privileged Cont,127032240463872,1173818,829629532,134.0,13308129444053,755820,11e93a,8ff916000,3173245c,03:41:48,278,508,35,231,1,286,1,14,9,3,10,-51153,2
12834,Privileged Cont,127032240070656,1145834,829629532,38.0,13308129449962,761729,117bea,8ff8b6000,3173245c,03:41:48,182,508,35,231,1,279,1,7,11,14,10,0,2
12834,Privileged Cont,127032240074752,1218745,829629532,39.0,13308130188984,437603,1298b9,8ff8b7000,3173245c,03:41:48,183,508,35,231,1,297,2,9,8,11,9,651729,2
12834,Privileged Cont,127032240078848,1229524,829629532,40.0,13308130192504,441123,12c2d4,8ff8b8000,3173245c,03:41:48,184,508,35,231,1,300,2,12,2,13,4,37429,2
13942,Isolated Web Co,127032228888576,1070731,3308302204,0.0,13309537550779,909915,10568b,8fee0c000,c530af7c,03:41:49,12,503,35,231,1,261,0,5,6,8,11,0,2
13942,Isolated Web Co,127032228884480,1070730,3308302204,2.0,13309540828328,4187464,10568a,8fee0b000,c530af7c,03:41:49,11,503,35,231,1,261,0,5,6,8,10,0,3
13942,Isolated Web Co,127032228892672,1070730,3308302204,2.0,13309541697537,5056673,10568a,8fee0d000,c530af7c,03:41:49,13,503,35,231,1,261,0,5,6,8,10,0,3
13942,Isolated Web Co,127032251158528,1191882,2503222260,13.0,13309543027530,1266643,122fca,900349000,953423f4,03:41:49,329,1,36,231,1,290,2,2,15,12,10,871966,2
13942,Isolated Web Co,127032251232256,1218439,2503222260,28.0,13309543804790,2043903,129787,90035b000,953423f4,03:41:49,347,1,36,231,1,297,2,9,7,8,7,89408,3
13942,Isolated Web Co,127032228904960,1070723,3308302204,15.0,13309547727034,524134,105683,8fee10000,c530af7c,03:41:49,16,503,35,231,1,261,0,5,6,8,3,0,2
13942,Isolated Web Co,127032251305984,1218433,2503222260,44.0,13310147802812,2117087,129781,90036d000,953423f4,03:41:50,365,1,36,231,1,297,2,9,7,8,1,339320,3
12834,Privileged Cont,127032251387904,1223882,2503222260,63.0,13314099857025,382303,12acca,900381000,953423f4,03:41:54,385,1,36,231,1,298,2,10,12,12,10,0,2
12834,Privileged Cont,127032251166720,1191882,2503222260,13.0,13314101739318,577987,122fca,90034b000,953423f4,03:41:54,331,1,36,231,1,290,2,2,15,12,10,0,2
12834,Privileged Cont,127032251342848,1201446,2503222260,60.0,13314101745790,584459,125526,900376000,953423f4,03:41:54,374,1,36,231,1,293,2,5,5,2,6,0,2
12834,Privileged Cont,127032251326464,1201446,2503222260,60.0,13314101748132,586801,125526,900372000,953423f4,03:41:54,370,1,36,231,1,293,2,5,5,2,6,0,2
12834,Privileged Cont,127032251396096,1223882,2503222260,63.0,13314101771564,610233,12acca,900383000,953423f4,03:41:54,387,1,36,231,1,298,2,10,12,12,10,0,2
12834,Privileged Cont,127032251404288,1099570,2503222260,64.0,13314179726982,593612,10c732,900385000,953423f4,03:41:54,389,1,36,231,1,268,0,12,7,3,2,0,2
5970,pipewire-pulse,123325646331904,727791,1060613445,0.0,13326602250545,93095,b1aef,9fd576000,3f37ad45,03:42:06,374,490,167,224,0,177,11,1,10,14,15,0,0
5970,pipewire-pulse,123325646336000,812380,1060613445,1.0,13326602254228,96778,c655c,9fd577000,3f37ad45,03:42:06,375,490,167,224,0,198,12,6,5,5,12,0,0
5970,pipewire-pulse,123325646340096,812381,1060613445,2.0,13326602255086,97636,c655d,9fd578000,3f37ad45,03:42:06,376,490,167,224,0,198,12,6,5,5,13,0,0
5970,pipewire-pulse,123325646344192,812382,1060613445,3.0,13326602255928,98478,c655e,9fd579000,3f37ad45,03:42:06,377,490,167,224,0,198,12,6,5,5,14,0,0
5970,pipewire-pulse,123325646348288,812383,1060613445,4.0,13326602256875,99425,c655f,9fd57a000,3f37ad45,03:42:06,378,490,167,224,0,198,12,6,5,5,15,0,0
5970,pipewire-pulse,123325646352384,495076,1060613445,5.0,13326602257763,100313,78de4,9fd57b000,3f37ad45,03:42:06,379,490,167,224,0,120,7,8,13,14,4,0,1
5970,pipewire-pulse,123325646356480,495077,1060613445,6.0,13326602258689,101239,78de5,9fd57c000,3f37ad45,03:42:06,380,490,167,224,0,120,7,8,13,14,5,0,1
5970,pipewire-pulse,123325646360576,495078,1060613445,7.0,13326602259637,102187,78de6,9fd57d000,3f37ad45,03:42:06,381,490,167,224,0,120,7,8,13,14,6,0,1
5970,pipewire-pulse,123325598142464,829497,190228609,1.0,13326602339308,181858,ca839,9fa781000,b56a881,03:42:06,385,467,167,224,0,202,12,10,8,3,9,0,1
5970,pipewire-pulse,123325598146560,829498,190228609,2.0,13326602340261,182811,ca83a,9fa782000,b56a881,03:42:06,386,467,167,224,0,202,12,10,8,3,10,0,1
13942,Isolated Web Co,127032251006976,1197096,124009549,31.0,13452240258857,378711,124428,900324000,7643c4d,03:44:12,292,1,36,231,1,292,2,4,4,2,8,361019,2
13942,Isolated Web Co,127032251031552,1197096,124009549,31.0,13467125394891,43159,124428,90032a000,7643c4d,03:44:27,298,1,36,231,1,292,2,4,4,2,8,0,0
13942,Isolated Web Co,127032251215872,607693,2503222260,28.0,13473701122091,39788,945cd,900357000,953423f4,03:44:33,343,1,36,231,0,148,9,4,5,12,13,-610746,0
13942,Isolated Web Co,127032250982400,1171737,124009549,19.0,13483425549076,9930925,11e119,90031e000,7643c4d,03:44:43,286,1,36,231,1,286,1,14,1,1,9,-33468,3
12329,update-notifier,108391886327808,1103587,877971724,15.0,13484393360587,2094607,10d6e3,4f3e19000,3454c90c,03:44:44,25,415,83,197,1,269,0,13,6,14,3,-93413,3
13942,Isolated Web Co,127032251035648,1197602,124009549,22.0,13487218661456,39453,124622,90032b000,7643c4d,03:44:47,299,1,36,231,1,292,2,4,6,2,2,990350,0
13942,Isolated Web Co,127032251011072,1231089,124009549,31.0,13487450993475,9538,12c8f1,900325000,7643c4d,03:44:47,293,1,36,231,1,300,2,12,8,15,1,33993,0
13942,Isolated Web Co,127032250970112,1167209,124009549,16.0,13493480145347,306110,11cf69,90031b000,7643c4d,03:44:53,283,1,36,231,1,284,1,12,15,6,9,815039,2
13942,Isolated Web Co,127032251011072,1231089,124009549,31.0,13493559343902,43298,12c8f1,900325000,7643c4d,03:44:53,293,1,36,231,1,300,2,12,8,15,1,0,0
13942,Isolated Web Co,127032251162624,1142664,2503222260,0.0,13493623208933,39389,116f88,90034a000,953423f4,03:44:53,330,1,36,231,1,278,1,6,15,8,8,-40781,0
13942,Isolated Web Co,127032251146240,1200746,2503222260,7.0,13493625357357,501113,12526a,900346000,953423f4,03:44:53,326,1,36,231,1,293,2,5,2,6,10,672503,2
13942,Isolated Web Co,127032251310080,1244587,2503222260,33.0,13493627319450,39975,12fdab,90036e000,953423f4,03:44:53,366,1,36,231,1,303,2,15,13,10,11,90473,0
13942,Isolated Web Co,127032251154432,1200746,2503222260,7.0,13493627326752,47277,12526a,900348000,953423f4,03:44:53,328,1,36,231,1,293,2,5,2,6,10,0,0
13942,Isolated Web Co,127032251150336,1200746,2503222260,7.0,13493630280612,40971,12526a,900347000,953423f4,03:44:53,327,1,36,231,1,293,2,5,2,6,10,0,0
13942,Isolated Web Co,127032251318272,1155436,2503222260,58.0,13493630286813,47172,11a16c,900370000,953423f4,03:44:53,368,1,36,231,1,282,1,10,1,6,12,-78863,0
13942,Isolated Web Co,127032251199488,1139335,2503222260,27.0,13493631033181,39299,116287,900353000,953423f4,03:44:53,339,1,36,231,1,278,1,6,2,8,7,240053,0
13942,Isolated Web Co,127032251297792,1237197,2503222260,43.0,13493631039251,45369,12e0cd,90036b000,953423f4,03:44:53,363,1,36,231,1,302,2,14,0,12,13,719591,0
13942,Isolated Web Co,127032251293696,1237197,2503222260,43.0,13493632923406,79430,12e0cd,90036a000,953423f4,03:44:53,362,1,36,231,1,302,2,14,0,12,13,0,0
13942,Isolated Web Co,127032251215872,1139335,2503222260,27.0,13493635355417,41717,116287,900357000,953423f4,03:44:53,343,1,36,231,1,278,1,6,2,8,7,0,0
8817,gsd-housekeepin,93837968756736,777040,4067791226,9.0,13517454893490,401827,bdb50,85acb5000,f275917a,03:45:17,181,214,353,170,0,189,11,13,11,5,0,-324254,2
13942,Isolated Web Co,127032250974208,722611,124009549,17.0,13530164460528,628845,b06b3,90031c000,7643c4d,03:45:30,284,1,36,231,0,176,11,0,6,11,3,-387793,2
13942,Isolated Web Co,127032250970112,1103257,124009549,19.0,13539811160012,336789,10d599,90031b000,7643c4d,03:45:39,283,1,36,231,1,269,0,13,5,9,9,-68480,2
13942,Isolated Web Co,127032251154432,1206544,2503222260,15.0,13558903385255,102534,126910,900348000,953423f4,03:45:58,328,1,36,231,1,294,2,6,9,1,0,0,1
13942,Isolated Web Co,127032251244544,1174723,2503222260,26.0,13558907594104,144506,11ecc3,90035e000,953423f4,03:45:58,350,1,36,231,1,286,1,14,12,12,3,0,1
13942,Isolated Web Co,127032251150336,1206544,2503222260,15.0,13558908795657,50231,126910,900347000,953423f4,03:45:58,327,1,36,231,1,294,2,6,9,1,0,0,0
13942,Isolated Web Co,127032251371520,1241837,2503222260,60.0,13558909945528,63842,12f2ed,90037d000,953423f4,03:45:58,381,1,36,231,1,303,2,15,2,14,13,0,0
13942,Isolated Web Co,127032251318272,1241837,2503222260,60.0,13558910889363,1007677,12f2ed,900370000,953423f4,03:45:58,368,1,36,231,1,303,2,15,2,14,13,0,2
13942,Isolated Web Co,127032251215872,1144091,2503222260,27.0,13558913739942,134244,11751b,900357000,953423f4,03:45:58,343,1,36,231,1,279,1,7,5,1,11,4756,1
13942,Isolated Web Co,127032251006976,1168497,124009549,31.0,13565494613547,43668,11d471,900324000,7643c4d,03:46:05,292,1,36,231,1,285,1,13,4,7,1,-62592,0
13942,Isolated Web Co,127032250978304,1229668,124009549,16.0,13565548794329,67843,12c364,90031d000,7643c4d,03:46:05,285,1,36,231,1,300,2,12,3,6,4,62459,0
8817,gsd-housekeepin,93837968756736,1081058,4067791226,9.0,13577662343236,2291862,107ee2,85acb5000,f275917a,03:46:17,181,214,353,170,1,263,0,7,14,14,2,304018,3
13942,Isolated Web Co,127032250974208,803218,124009549,18.0,13594890581037,41044,c4192,90031c000,7643c4d,03:46:34,284,1,36,231,0,196,12,4,1,9,2,-310243,0
13942,Isolated Web Co,127032250978304,803218,124009549,18.0,13594999812156,39582,c4192,90031d000,7643c4d,03:46:34,285,1,36,231,0,196,12,4,1,9,2,0,0
13942,Isolated Web Co,127032251035648,1240192,124009549,22.0,13595381049722,43192,12ec80,90032b000,7643c4d,03:46:35,299,1,36,231,1,302,2,14,12,8,0,42590,0
13942,Isolated Web Co,127032251011072,591336,124009549,31.0,13595528286190,42872,905e8,900325000,7643c4d,03:46:35,293,1,36,231,0,144,9,0,5,14,8,-577161,0
13942,Isolated Web Co,127032251162624,1213789,2503222260,0.0,13606996777627,64136,12855d,90034a000,953423f4,03:46:46,330,1,36,231,1,296,2,8,5,5,13,71125,0
13942,Isolated Web Co,127032251146240,1181414,2503222260,7.0,13606998213297,39632,1206e6,900346000,953423f4,03:46:46,326,1,36,231,1,288,2,0,6,14,6,-19332,0
13942,Isolated Web Co,127032251310080,1245934,2503222260,33.0,13607006925414,3191206,1302ee,90036e000,953423f4,03:46:47,366,1,36,231,1,304,3,0,2,14,14,1347,3
13942,Isolated Web Co,127032251154432,1181414,2503222260,7.0,13607012653071,41091,1206e6,900348000,953423f4,03:46:47,328,1,36,231,1,288,2,0,6,14,6,0,0
13942,Isolated Web Co,127032251150336,1181414,2503222260,7.0,13607014158648,80675,1206e6,900347000,953423f4,03:46:47,327,1,36,231,1,288,2,0,6,14,6,0,0
13942,Isolated Web Co,127032251318272,1185359,2503222260,58.0,13607025085472,85601,12164f,900370000,953423f4,03:46:47,368,1,36,231,1,289,2,1,6,4,15,29923,0
13942,Isolated Web Co,127032251199488,1128006,2503222260,27.0,13607025459346,38875,113646,900353000,953423f4,03:46:47,339,1,36,231,1,275,1,3,6,4,6,-16085,0
13942,Isolated Web Co,127032251297792,1137772,2503222260,43.0,13607033722897,40704,115c6c,90036b000,953423f4,03:46:47,363,1,36,231,1,277,1,5,12,6,12,-99425,0
13942,Isolated Web Co,127032251293696,1137772,2503222260,43.0,13607034872165,57269,115c6c,90036a000,953423f4,03:46:47,362,1,36,231,1,277,1,5,12,6,12,0,0
13942,Isolated Web Co,127032251215872,1128006,2503222260,27.0,13607035363125,43389,113646,900357000,953423f4,03:46:47,343,1,36,231,1,275,1,3,6,4,6,0,0
8817,gsd-housekeepin,93837968756736,1147645,4067791226,9.0,13637444756228,254657,1182fd,85acb5000,f275917a,03:47:17,181,214,353,170,1,280,1,8,2,15,13,66587,2
12834,Privileged Cont,127032250982400,707248,124009549,16.0,13647626110310,40989,acab0,90031e000,7643c4d,03:47:27,286,1,36,231,0,172,10,12,10,11,0,0,0
12834,Privileged Cont,127032251101184,1195705,124009549,50.0,13647637720521,37651,123eb9,90033b000,7643c4d,03:47:27,315,1,36,231,1,291,2,3,14,11,9,0,0
12834,Privileged Cont,127032250949632,1165382,124009549,18.0,13647638363633,55050,11c846,900316000,7643c4d,03:47:27,278,1,36,231,1,284,1,12,8,4,6,1063239,0
12834,Privileged Cont,127032250961920,1165382,124009549,18.0,13647644500537,45705,11c846,900319000,7643c4d,03:47:27,281,1,36,231,1,284,1,12,8,4,6,0,0
12834,Privileged Cont,127032250970112,1165382,124009549,18.0,13647673783631,40169,11c846,90031b000,7643c4d,03:47:27,283,1,36,231,1,284,1,12,8,4,6,0,0
12834,Privileged Cont,127032251039744,1224174,124009549,22.0,13647694904333,39228,12adee,90032c000,7643c4d,03:47:27,300,1,36,231,1,298,2,10,13,14,14,0,0
12834,Privileged Cont,127032251109376,1195705,124009549,50.0,13648004744598,37206,123eb9,90033d000,7643c4d,03:47:28,317,1,36,231,1,291,2,3,14,11,9,0,0
12834,Privileged Cont,127032251097088,1195705,124009549,50.0,13648005174698,84284,123eb9,90033a000,7643c4d,03:47:28,314,1,36,231,1,291,2,3,14,11,9,0,0
12834,Privileged Cont,127032250957824,1165382,124009549,18.0,13648008642474,37035,11c846,900318000,7643c4d,03:47:28,280,1,36,231,1,284,1,12,8,4,6,0,0
12834,Privileged Cont,127032251121664,1147643,124009549,53.0,13648023750283,39770,1182fb,900340000,7643c4d,03:47:28,320,1,36,231,1,280,1,8,2,15,11,0,0
12834,Privileged Cont,127032251011072,1141556,124009549,32.0,13648026351366,36904,116b34,900325000,7643c4d,03:47:28,293,1,36,231,1,278,1,6,11,3,4,0,0
12834,Privileged Cont,127032251092992,1195705,124009549,50.0,13648176205366,55679,123eb9,900339000,7643c4d,03:47:28,313,1,36,231,1,291,2,3,14,11,9,0,0
12834,Privileged Cont,127032250945536,1165382,124009549,18.0,13648181800716,59835,11c846,900315000,7643c4d,03:47:28,277,1,36,231,1,284,1,12,8,4,6,0,0
12834,Privileged Cont,127032250953728,1165382,124009549,18.0,13648183182781,37575,11c846,900317000,7643c4d,03:47:28,279,1,36,231,1,284,1,12,8,4,6,0,0
12834,Privileged Cont,127032251117568,1195705,124009549,50.0,13648195852571,37161,123eb9,90033f000,7643c4d,03:47:28,319,1,36,231,1,291,2,3,14,11,9,0,0
12834,Privileged Cont,127032250978304,1237721,124009549,19.0,13649734290720,37412,12e2d9,90031d000,7643c4d,03:47:29,285,1,36,231,1,302,2,14,2,13,9,0,0
12834,Privileged Cont,127032251006976,1141556,124009549,32.0,13649954797106,37482,116b34,900324000,7643c4d,03:47:29,292,1,36,231,1,278,1,6,11,3,4,0,0
12834,Privileged Cont,129064203579392,1225469,216359322,30.0,13650194171890,40271,12b2fd,21a01f000,ce5619a,03:47:30,31,208,392,234,1,299,2,11,2,15,13,-526,0
12834,Privileged Cont,129064203571200,1205420,216359322,31.0,13650195654042,38747,1264ac,21a01d000,ce5619a,03:47:30,29,208,392,234,1,294,2,6,4,10,12,501617,0
12834,Privileged Cont,129064203653120,1157362,216359322,50.0,13650327013207,177606,11a8f2,21a031000,ce5619a,03:47:30,49,208,392,234,1,282,1,10,8,15,2,14366,1
12834,Privileged Cont,127032251035648,1141556,124009549,32.0,13650796348829,39603,116b34,90032b000,7643c4d,03:47:30,299,1,36,231,1,278,1,6,11,3,4,0,0
12329,update-notifier,108391886327808,827662,877971724,15.0,13664403894360,27257926,ca10e,4f3e19000,3454c90c,03:47:44,25,415,83,197,0,202,12,10,1,0,14,-275925,4
13942,Isolated Web Co,127032250974208,1242678,124009549,18.0,13925275282136,43170,12f636,90031c000,7643c4d,03:52:05,284,1,36,231,1,303,2,15,6,3,6,439460,0
13942,Isolated Web Co,127032251011072,1191538,124009549,31.0,13926018496572,278691,122e72,900325000,7643c4d,03:52:06,293,1,36,231,1,290,2,2,14,7,2,600202,2
13942,Isolated Web Co,127032251162624,1159411,2503222260,0.0,13932224352149,196116,11b0f3,90034a000,953423f4,03:52:12,330,1,36,231,1,283,1,11,0,15,3,-54378,1
13942,Isolated Web Co,127032251146240,1232807,2503222260,7.0,13932225314945,90281,12cfa7,900346000,953423f4,03:52:12,326,1,36,231,1,300,2,12,15,10,7,51393,0
13942,Isolated Web Co,127032251310080,1228776,2503222260,33.0,13932226062394,101800,12bfe8,90036e000,953423f4,03:52:12,366,1,36,231,1,299,2,11,15,14,8,-17158,1
13942,Isolated Web Co,127032251154432,1232807,2503222260,7.0,13932226435284,474690,12cfa7,900348000,953423f4,03:52:12,328,1,36,231,1,300,2,12,15,10,7,0,2
13942,Isolated Web Co,127032251150336,1232807,2503222260,7.0,13932227172172,234734,12cfa7,900347000,953423f4,03:52:12,327,1,36,231,1,300,2,12,15,10,7,0,2
13942,Isolated Web Co,127032251318272,1210002,2503222260,58.0,13932227738024,104933,127692,900370000,953423f4,03:52:12,368,1,36,231,1,295,2,7,6,9,2,24643,1
13942,Isolated Web Co,127032251199488,1168171,2503222260,27.0,13932228115436,40156,11d32b,900353000,953423f4,03:52:12,339,1,36,231,1,285,1,13,3,2,11,40165,0
13942,Isolated Web Co,127032251297792,1185260,2503222260,43.0,13932229027836,587240,1215ec,90036b000,953423f4,03:52:12,363,1,36,231,1,289,2,1,5,14,12,47488,2
13942,Isolated Web Co,127032251293696,1185260,2503222260,43.0,13932229435349,348900,1215ec,90036a000,953423f4,03:52:12,362,1,36,231,1,289,2,1,5,14,12,0,2
13942,Isolated Web Co,127032251215872,1168171,2503222260,27.0,13932229875731,389110,11d32b,900357000,953423f4,03:52:12,343,1,36,231,1,285,1,13,3,2,11,0,2
8817,gsd-housekeepin,93837968756736,1222768,4067791226,9.0,13937453913926,489259,12a870,85acb5000,f275917a,03:52:17,181,214,353,170,1,298,2,10,8,7,0,75123,2
13942,Isolated Web Co,127032251162624,1216803,2503222260,0.0,13942003256742,473761,129123,90034a000,953423f4,03:52:22,330,1,36,231,1,297,2,9,1,2,3,57392,2
13942,Isolated Web Co,127032251146240,1216802,2503222260,7.0,13942004704026,1921045,129122,900346000,953423f4,03:52:22,326,1,36,231,1,297,2,9,1,2,2,-16005,2
13942,Isolated Web Co,127032251310080,1216801,2503222260,33.0,13942006811287,97047,129121,90036e000,953423f4,03:52:22,366,1,36,231,1,297,2,9,1,2,1,-11975,0
13942,Isolated Web Co,127032251154432,1216802,2503222260,7.0,13942008712317,1531568,129122,900348000,953423f4,03:52:22,328,1,36,231,1,297,2,9,1,2,2,0,2
13942,Isolated Web Co,127032251150336,1216802,2503222260,7.0,13942010850300,3669551,129122,900347000,953423f4,03:52:22,327,1,36,231,1,297,2,9,1,2,2,0,3
13942,Isolated Web Co,127032251318272,1229013,2503222260,58.0,13942011229413,4048664,12c0d5,900370000,953423f4,03:52:22,368,1,36,231,1,300,2,12,0,13,5,19011,3
13942,Isolated Web Co,127032251199488,1247253,2503222260,27.0,13942012671761,5491012,130815,900353000,953423f4,03:52:22,339,1,36,231,1,304,3,0,8,1,5,79082,3
13942,Isolated Web Co,127032251297792,1205795,2503222260,43.0,13942014831865,7651116,126623,90036b000,953423f4,03:52:22,363,1,36,231,1,294,2,6,6,2,3,20535,3
13942,Isolated Web Co,127032251293696,1205795,2503222260,43.0,13942014841732,7660983,126623,90036a000,953423f4,03:52:22,362,1,36,231,1,294,2,6,6,2,3,0,3
13942,Isolated Web Co,127032251215872,1247253,2503222260,27.0,13942015872912,8692163,130815,900357000,953423f4,03:52:22,343,1,36,231,1,304,3,0,8,1,5,0,3
13942,Isolated Web Co,127032251162624,1242507,2503222260,0.0,13953166705618,380732,12f58b,90034a000,953423f4,03:52:33,330,1,36,231,1,303,2,15,5,8,11,25704,2
13942,Isolated Web Co,127032251146240,1165264,2503222260,7.0,13953166973019,180330,11c7d0,900346000,953423f4,03:52:33,326,1,36,231,1,284,1,12,7,13,0,-51538,1
13942,Isolated Web Co,127032251310080,1236817,2503222260,33.0,13953167486895,38345,12df51,90036e000,953423f4,03:52:33,366,1,36,231,1,301,2,13,15,5,1,20016,0
13942,Isolated Web Co,127032251154432,1165264,2503222260,7.0,13953173352584,1789039,11c7d0,900348000,953423f4,03:52:33,328,1,36,231,1,284,1,12,7,13,0,0,2
13942,Isolated Web Co,127032251150336,1165264,2503222260,7.0,13953192181728,159577,11c7d0,900347000,953423f4,03:52:33,327,1,36,231,1,284,1,12,7,13,0,0,1
13942,Isolated Web Co,127032251318272,1085178,2503222260,58.0,13953193417628,54830,108efa,900370000,953423f4,03:52:33,368,1,36,231,1,264,0,8,14,15,10,-143835,0
13942,Isolated Web Co,127032251199488,1234582,2503222260,27.0,13953193988273,475328,12d696,900353000,953423f4,03:52:33,339,1,36,231,1,301,2,13,6,9,6,-12671,2
13942,Isolated Web Co,127032251297792,1183626,2503222260,43.0,13953194882171,186465,120f8a,90036b000,953423f4,03:52:33,363,1,36,231,1,288,2,0,15,8,10,-22169,1
13942,Isolated Web Co,127032251293696,1183626,2503222260,43.0,13953195319819,624113,120f8a,90036a000,953423f4,03:52:33,362,1,36,231,1,288,2,0,15,8,10,0,2
13942,Isolated Web Co,127032251215872,1234582,2503222260,27.0,13953197297973,37022,12d696,900357000,953423f4,03:52:33,343,1,36,231,1,301,2,13,6,9,6,0,0
13942,Isolated Web Co,127032250974208,1162258,124009549,17.0,13975754271862,540022,11bc12,90031c000,7643c4d,03:52:55,284,1,36,231,1,283,1,11,12,1,2,439647,2
13942,Isolated Web Co,127032250970112,1162258,124009549,17.0,13975831710392,316278,11bc12,90031b000,7643c4d,03:52:55,283,1,36,231,1,283,1,11,12,1,2,0,2
13942,Isolated Web Co,127032251162624,1207745,2503222260,0.0,13975854928113,864655,126dc1,90034a000,953423f4,03:52:55,330,1,36,231,1,294,2,6,13,12,1,-34762,2
13942,Isolated Web Co,127032251146240,1230708,2503222260,7.0,13975855764991,1701533,12c774,900346000,953423f4,03:52:55,326,1,36,231,1,300,2,12,7,7,4,65444,2
13942,Isolated Web Co,127032251310080,1248313,2503222260,33.0,13975856169347,2105889,130c39,90036e000,953423f4,03:52:55,366,1,36,231,1,304,3,0,12,3,9,11496,3
13942,Isolated Web Co,127032251154432,1230708,2503222260,7.0,13975856634333,2570875,12c774,900348000,953423f4,03:52:55,328,1,36,231,1,300,2,12,7,7,4,0,3
13942,Isolated Web Co,127032251150336,1230708,2503222260,7.0,13975857211643,3148185,12c774,900347000,953423f4,03:52:55,327,1,36,231,1,300,2,12,7,7,4,0,3
13942,Isolated Web Co,127032251318272,1155326,2503222260,58.0,13975858162418,4098960,11a0fe,900370000,953423f4,03:52:55,368,1,36,231,1,282,1,10,0,15,14,70148,3
13942,Isolated Web Co,127032251199488,1157044,2503222260,27.0,13975858167373,4103915,11a7b4,900353000,953423f4,03:52:55,339,1,36,231,1,282,1,10,7,11,4,-77538,3
13942,Isolated Web Co,127032251297792,1233240,2503222260,43.0,13975859197161,5133703,12d158,90036b000,953423f4,03:52:55,363,1,36,231,1,301,2,13,1,5,8,49614,3
13942,Isolated Web Co,127032251293696,1233240,2503222260,43.0,13975859201966,5138508,12d158,90036a000,953423f4,03:52:55,362,1,36,231,1,301,2,13,1,5,8,0,3
13942,Isolated Web Co,127032251215872,1157044,2503222260,27.0,13975859203443,5139985,11a7b4,900357000,953423f4,03:52:55,343,1,36,231,1,282,1,10,7,11,4,0,3
13942,Isolated Web Co,127032251162624,1154973,2503222260,0.0,13980559196904,43433,119f9d,90034a000,953423f4,03:53:00,330,1,36,231,1,281,1,9,15,9,13,-52772,0
13942,Isolated Web Co,127032251146240,1107626,2503222260,7.0,13980560674727,46758,10e6aa,900346000,953423f4,03:53:00,326,1,36,231,1,270,0,14,6,10,10,-123082,0
13942,Isolated Web Co,127032251310080,1132634,2503222260,33.0,13980561286840,658871,11485a,90036e000,953423f4,03:53:00,366,1,36,231,1,276,1,4,8,5,10,-115679,2
13942,Isolated Web Co,127032251154432,1107626,2503222260,7.0,13980562331999,361892,10e6aa,900348000,953423f4,03:53:00,328,1,36,231,1,270,0,14,6,10,10,0,2
13942,Isolated Web Co,127032251150336,1107626,2503222260,7.0,13980563172142,41974,10e6aa,900347000,953423f4,03:53:00,327,1,36,231,1,270,0,14,6,10,10,0,0
13942,Isolated Web Co,127032251318272,1093366,2503222260,58.0,13980564472071,340133,10aef6,900370000,953423f4,03:53:00,368,1,36,231,1,266,0,10,14,15,6,-61960,2
13942,Isolated Web Co,127032251199488,1103056,2503222260,27.0,13980566643506,41334,10d4d0,900353000,953423f4,03:53:00,339,1,36,231,1,269,0,13,4,13,0,-53988,0
13942,Isolated Web Co,127032251297792,1132619,2503222260,43.0,13980566647042,44870,11484b,90036b000,953423f4,03:53:00,363,1,36,231,1,276,1,4,8,4,11,-100621,0
13942,Isolated Web Co,127032251293696,1132619,2503222260,43.0,13980567364781,36429,11484b,90036a000,953423f4,03:53:00,362,1,36,231,1,276,1,4,8,4,11,0,0
13942,Isolated Web Co,127032251215872,1103056,2503222260,27.0,13980567367422,39070,10d4d0,900357000,953423f4,03:53:00,343,1,36,231,1,269,0,13,4,13,0,0,0
13942,Isolated Web Co,127032250974208,1190308,124009549,17.0,13986029255972,229992,1229a4,90031c000,7643c4d,03:53:06,284,1,36,231,1,290,2,2,9,10,4,28050,2
8817,gsd-housekeepin,93837968756736,1197690,4067791226,9.0,13997448682550,5570791,12467a,85acb5000,f275917a,03:53:17,181,214,353,170,1,292,2,4,6,7,10,-25078,3
13942,Isolated Web Co,127032251035648,1110132,124009549,24.0,14005523956954,57578,10f074,90032b000,7643c4d,03:53:25,299,1,36,231,1,271,0,15,0,7,4,-3154,0
13942,Isolated Web Co,127032251162624,862202,2503222260,0.0,14015208767588,45604,d27fa,90034a000,953423f4,03:53:35,330,1,36,231,0,210,13,2,7,15,10,-292771,0
13942,Isolated Web Co,127032251146240,862206,2503222260,7.0,14015211954016,41745,d27fe,900346000,953423f4,03:53:35,326,1,36,231,0,210,13,2,7,15,14,-245420,0
13942,Isolated Web Co,127032251310080,862207,2503222260,33.0,14015211963473,51202,d27ff,90036e000,953423f4,03:53:35,366,1,36,231,0,210,13,2,7,15,15,-270427,0
13942,Isolated Web Co,127032251154432,862206,2503222260,7.0,14015211965989,53718,d27fe,900348000,953423f4,03:53:35,328,1,36,231,0,210,13,2,7,15,14,0,0
13942,Isolated Web Co,127032251150336,862206,2503222260,7.0,14015217386147,44523,d27fe,900347000,953423f4,03:53:35,327,1,36,231,0,210,13,2,7,15,14,0,0
13942,Isolated Web Co,127032251318272,262296,2503222260,58.0,14015217394925,53301,40098,900370000,953423f4,03:53:35,368,1,36,231,0,64,4,0,0,9,8,-831070,0
13942,Isolated Web Co,127032251199488,800312,2503222260,27.0,14015217397180,55556,c3638,900353000,953423f4,03:53:35,339,1,36,231,0,195,12,3,6,3,8,-302744,0
13942,Isolated Web Co,127032251297792,800310,2503222260,43.0,14015217399564,57940,c3636,90036b000,953423f4,03:53:35,363,1,36,231,0,195,12,3,6,3,6,-332309,0
13942,Isolated Web Co,127032251293696,800310,2503222260,43.0,14015217401321,59697,c3636,90036a000,953423f4,03:53:35,362,1,36,231,0,195,12,3,6,3,6,0,0
13942,Isolated Web Co,127032251215872,800312,2503222260,27.0,14015217403656,62032,c3638,900357000,953423f4,03:53:35,343,1,36,231,0,195,12,3,6,3,8,0,0
12329,update-notifier,108391886327808,1234582,877971724,15.0,14024394190393,41444,12d696,4f3e19000,3454c90c,03:53:44,25,415,83,197,1,301,2,13,6,9,6,406920,0
13942,Isolated Web Co,127032251162624,1190187,2503222260,0.0,14040678623007,110601,12292b,90034a000,953423f4,03:54:00,330,1,36,231,1,290,2,2,9,2,11,327985,1
13942,Isolated Web Co,127032251146240,1241506,2503222260,7.0,14040680638083,129074,12f1a2,900346000,953423f4,03:54:00,326,1,36,231,1,303,2,15,1,10,2,379300,1
13942,Isolated Web Co,127032251310080,1244902,2503222260,33.0,14040681925171,419863,12fee6,90036e000,953423f4,03:54:00,366,1,36,231,1,303,2,15,14,14,6,382695,2
13942,Isolated Web Co,127032251154432,1241506,2503222260,7.0,14040683013035,39666,12f1a2,900348000,953423f4,03:54:00,328,1,36,231,1,303,2,15,1,10,2,0,0
13942,Isolated Web Co,127032251150336,1241506,2503222260,7.0,14040684678066,882233,12f1a2,900347000,953423f4,03:54:00,327,1,36,231,1,303,2,15,1,10,2,0,2
13942,Isolated Web Co,127032251318272,1194239,2503222260,58.0,14040686791963,513067,1238ff,900370000,953423f4,03:54:00,368,1,36,231,1,291,2,3,8,15,15,931943,2
13942,Isolated Web Co,127032251199488,1173831,2503222260,27.0,14040687107215,828319,11e947,900353000,953423f4,03:54:00,339,1,36,231,1,286,1,14,9,4,7,373519,2
8817,gsd-housekeepin,93837968756736,1158225,4067791226,9.0,14057453888865,405279,11ac51,85acb5000,f275917a,03:54:17,181,214,353,170,1,282,1,10,12,5,1,-39465,2
8817,gsd-housekeepin,93837968756736,1197417,4067791226,9.0,14117444420083,41216,124569,85acb5000,f275917a,03:55:17,181,214,353,170,1,292,2,4,5,6,9,39192,0
12834,Privileged Cont,127032251039744,1196909,124009549,31.0,14123424789484,37638,12436d,90032c000,7643c4d,03:55:23,300,1,36,231,1,292,2,4,3,6,13,-187,0
8817,gsd-housekeepin,93837968756736,1152139,4067791226,9.0,14178937841237,43421,11948b,85acb5000,f275917a,03:56:18,181,214,353,170,1,281,1,9,4,8,11,-45278,0
12329,update-notifier,108391886327808,1217605,877971724,15.0,14204404490594,70512391,129445,4f3e19000,3454c90c,03:56:44,25,415,83,197,1,297,2,9,4,4,5,-16977,4
8817,gsd-housekeepin,93837968756736,1142076,4067791226,9.0,14549444682005,47255,116d3c,85acb5000,f275917a,04:02:29,181,214,353,170,1,278,1,6,13,3,12,-10063,0
12329,update-notifier,108391886327808,1130143,877971724,15.0,14564953933218,4722122,113e9f,4f3e19000,3454c90c,04:02:44,25,415,83,197,1,275,1,3,14,9,15,-87462,3
12690,Privileged Cont,140583407083520,439895,914832755,1.0,14564953933218,109158,6b657,c200a6000,36873d73,04:02:44,166,256,368,255,0,107,6,11,6,5,7,0,1
12326,firefox,136529347358720,491375,3940577950,2.0,14569976171654,114180,77f6f,c37403000,eae0729e,04:02:49,3,442,176,248,0,119,7,7,15,6,15,0,1
12326,firefox,136529347362816,491374,3940577950,3.0,14569976183491,114180,77f6e,c37404000,eae0729e,04:02:49,4,442,176,248,0,119,7,7,15,6,14,0,1
12596,Renderer,136529347346432,491373,3940577950,4.0,14569998083104,114202,77f6d,c37400000,eae0729e,04:02:49,0,442,176,248,0,119,7,7,15,6,13,0,1
12596,Renderer,136529347350528,491373,3940577950,4.0,14569998097187,114202,77f6d,c37401000,eae0729e,04:02:49,1,442,176,248,0,119,7,7,15,6,13,0,1
12596,Renderer,136529347366912,491373,3940577950,4.0,14569998100713,114202,77f6d,c37405000,eae0729e,04:02:49,5,442,176,248,0,119,7,7,15,6,13,0,1
12596,Renderer,136529347371008,491369,3940577950,5.0,14569998102874,114202,77f69,c37406000,eae0729e,04:02:49,6,442,176,248,0,119,7,7,15,6,9,0,1
12596,Renderer,136529347375104,491368,3940577950,6.0,14569998105147,114202,77f68,c37407000,eae0729e,04:02:49,7,442,176,248,0,119,7,7,15,6,8,0,1
6240,pipewire-pulse,124462395449344,526669,1163492683,0.0,14574023281379,118227,8094d,2a8de6000,45597d4b,04:02:54,486,326,202,226,0,128,8,0,9,4,13,0,1
6240,pipewire-pulse,124462395453440,526670,1163492683,1.0,14574023297457,118227,8094e,2a8de7000,45597d4b,04:02:54,487,326,202,226,0,128,8,0,9,4,14,0,1
6240,pipewire-pulse,124462395457536,526671,1163492683,2.0,14574023315934,118227,8094f,2a8de8000,45597d4b,04:02:54,488,326,202,226,0,128,8,0,9,4,15,0,1
6240,pipewire-pulse,124462395461632,526672,1163492683,3.0,14574023324772,118227,80950,2a8de9000,45597d4b,04:02:54,489,326,202,226,0,128,8,0,9,5,0,0,1
6240,pipewire-pulse,124462395465728,526673,1163492683,4.0,14574023332526,118227,80951,2a8dea000,45597d4b,04:02:54,490,326,202,226,0,128,8,0,9,5,1,0,1
6240,pipewire-pulse,124462395469824,526674,1163492683,5.0,14574023340124,118227,80952,2a8deb000,45597d4b,04:02:54,491,326,202,226,0,128,8,0,9,5,2,0,1
6240,pipewire-pulse,124462395473920,526675,1163492683,6.0,14574023348062,118227,80953,2a8dec000,45597d4b,04:02:54,492,326,202,226,0,128,8,0,9,5,3,0,1
6240,pipewire-pulse,124462395478016,526676,1163492683,7.0,14574023355810,118227,80954,2a8ded000,45597d4b,04:02:54,493,326,202,226,0,128,8,0,9,5,4,0,1
6240,pipewire-pulse,124462383800320,526679,2163419574,0.0,14574025403195,118229,80957,2a82ca000,80f329b6,04:02:54,202,321,202,226,0,128,8,0,9,5,7,0,1
6240,pipewire-pulse,124462383804416,526680,2163419574,1.0,14574025412186,118229,80958,2a82cb000,80f329b6,04:02:54,203,321,202,226,0,128,8,0,9,5,8,0,1
6240,pipewire-pulse,124462383808512,526681,2163419574,2.0,14574025421303,118229,80959,2a82cc000,80f329b6,04:02:54,204,321,202,226,0,128,8,0,9,5,9,0,1
6240,pipewire-pulse,124462383812608,526682,2163419574,3.0,14574025429312,118229,8095a,2a82cd000,80f329b6,04:02:54,205,321,202,226,0,128,8,0,9,5,10,0,1
6240,pipewire-pulse,124462383816704,526683,2163419574,4.0,14574025437232,118229,8095b,2a82ce000,80f329b6,04:02:54,206,321,202,226,0,128,8,0,9,5,11,0,1
6240,pipewire-pulse,124462383820800,526684,2163419574,5.0,14574025445038,118229,8095c,2a82cf000,80f329b6,04:02:54,207,321,202,226,0,128,8,0,9,5,12,0,1
6240,pipewire-pulse,124462383828992,526686,2163419574,7.0,14574025460325,118229,8095e,2a82d1000,80f329b6,04:02:54,209,321,202,226,0,128,8,0,9,5,14,0,1
6240,pipewire-pulse,124462395449344,530258,1163492683,0.0,14575090602225,119295,81752,2a8de6000,45597d4b,04:02:55,486,326,202,226,0,129,8,1,7,5,2,3589,1
6240,pipewire-pulse,124462395453440,530259,1163492683,1.0,14575090619420,119295,81753,2a8de7000,45597d4b,04:02:55,487,326,202,226,0,129,8,1,7,5,3,3589,1
6240,pipewire-pulse,124462395457536,530260,1163492683,2.0,14575090628991,119295,81754,2a8de8000,45597d4b,04:02:55,488,326,202,226,0,129,8,1,7,5,4,3589,1
6240,pipewire-pulse,124462395461632,530261,1163492683,3.0,14575090637979,119295,81755,2a8de9000,45597d4b,04:02:55,489,326,202,226,0,129,8,1,7,5,5,3589,1
6240,pipewire-pulse,124462395465728,530262,1163492683,4.0,14575090647028,119295,81756,2a8dea000,45597d4b,04:02:55,490,326,202,226,0,129,8,1,7,5,6,3589,1
6240,pipewire-pulse,124462395469824,530263,1163492683,5.0,14575090656101,119295,81757,2a8deb000,45597d4b,04:02:55,491,326,202,226,0,129,8,1,7,5,7,3589,1
6240,pipewire-pulse,124462395473920,530264,1163492683,6.0,14575090666372,119295,81758,2a8dec000,45597d4b,04:02:55,492,326,202,226,0,129,8,1,7,5,8,3589,1
6240,pipewire-pulse,124462395478016,530265,1163492683,7.0,14575090674883,119295,81759,2a8ded000,45597d4b,04:02:55,493,326,202,226,0,129,8,1,7,5,9,3589,1
6240,pipewire-pulse,124462383800320,530267,3914482966,0.0,14575091615940,119296,8175b,2a82ca000,e9524516,04:02:55,202,321,202,226,0,129,8,1,7,5,11,0,1
6240,pipewire-pulse,124462383804416,530268,3914482966,1.0,14575091627993,119296,8175c,2a82cb000,e9524516,04:02:55,203,321,202,226,0,129,8,1,7,5,12,0,1
6240,pipewire-pulse,124462383808512,530269,3914482966,2.0,14575091636983,119296,8175d,2a82cc000,e9524516,04:02:55,204,321,202,226,0,129,8,1,7,5,13,0,1
6240,pipewire-pulse,124462383812608,530270,3914482966,3.0,14575091644626,119296,8175e,2a82cd000,e9524516,04:02:55,205,321,202,226,0,129,8,1,7,5,14,0,1
6240,pipewire-pulse,124462383816704,530271,3914482966,4.0,14575091660430,119296,8175f,2a82ce000,e9524516,04:02:55,206,321,202,226,0,129,8,1,7,5,15,0,1
6240,pipewire-pulse,124462383820800,530272,3914482966,5.0,14575091669445,119296,81760,2a82cf000,e9524516,04:02:55,207,321,202,226,0,129,8,1,7,6,0,0,1
6240,pipewire-pulse,124462383828992,530274,3914482966,7.0,14575091684147,119296,81762,2a82d1000,e9524516,04:02:55,209,321,202,226,0,129,8,1,7,6,2,0,1
6240,pipewire-pulse,124462395449344,538037,1347845564,0.0,14576467609478,120672,835b5,2a8de6000,50567dbc,04:02:56,486,326,202,226,0,131,8,3,5,11,5,0,1
6240,pipewire-pulse,124462395453440,538033,1347845564,1.0,14576467612525,120672,835b1,2a8de7000,50567dbc,04:02:56,487,326,202,226,0,131,8,3,5,11,1,0,1
6240,pipewire-pulse,124462395457536,538032,1347845564,2.0,14576467613679,120672,835b0,2a8de8000,50567dbc,04:02:56,488,326,202,226,0,131,8,3,5,11,0,0,1
6240,pipewire-pulse,124462395461632,538031,1347845564,3.0,14576467614583,120672,835af,2a8de9000,50567dbc,04:02:56,489,326,202,226,0,131,8,3,5,10,15,0,1
6240,pipewire-pulse,124462395465728,538029,1347845564,4.0,14576467615473,120672,835ad,2a8dea000,50567dbc,04:02:56,490,326,202,226,0,131,8,3,5,10,13,0,1
6240,pipewire-pulse,124462395469824,538028,1347845564,5.0,14576467616329,120672,835ac,2a8deb000,50567dbc,04:02:56,491,326,202,226,0,131,8,3,5,10,12,0,1
6240,pipewire-pulse,124462395473920,538027,1347845564,6.0,14576467617340,120672,835ab,2a8dec000,50567dbc,04:02:56,492,326,202,226,0,131,8,3,5,10,11,0,1
6240,pipewire-pulse,124462395478016,538026,1347845564,7.0,14576467618275,120672,835aa,2a8ded000,50567dbc,04:02:56,493,326,202,226,0,131,8,3,5,10,10,0,1
6240,pipewire-pulse,124462383800320,538024,3362338542,0.0,14576467946179,120672,835a8,2a82ca000,c86936ee,04:02:56,202,321,202,226,0,131,8,3,5,10,8,0,1
6240,pipewire-pulse,124462383804416,538022,3362338542,1.0,14576467948034,120672,835a6,2a82cb000,c86936ee,04:02:56,203,321,202,226,0,131,8,3,5,10,6,0,1
6240,pipewire-pulse,124462383808512,538021,3362338542,2.0,14576467949004,120672,835a5,2a82cc000,c86936ee,04:02:56,204,321,202,226,0,131,8,3,5,10,5,0,1
6240,pipewire-pulse,124462383812608,538020,3362338542,3.0,14576467949932,120672,835a4,2a82cd000,c86936ee,04:02:56,205,321,202,226,0,131,8,3,5,10,4,0,1
6240,pipewire-pulse,124462383816704,538018,3362338542,4.0,14576467951028,120672,835a2,2a82ce000,c86936ee,04:02:56,206,321,202,226,0,131,8,3,5,10,2,0,1
6240,pipewire-pulse,124462383820800,538017,3362338542,5.0,14576467951948,120672,835a1,2a82cf000,c86936ee,04:02:56,207,321,202,226,0,131,8,3,5,10,1,0,1
6240,pipewire-pulse,124462383828992,538015,3362338542,7.0,14576467953567,120672,8359f,2a82d1000,c86936ee,04:02:56,209,321,202,226,0,131,8,3,5,9,15,0,1
12326,firefox,136529315999744,419888,1999419770,7.0,14578456384230,122660,66830,c3561b000,772cb97a,04:02:58,27,427,176,248,0,102,6,6,8,3,0,0,1
12326,firefox,136529315999744,543096,2249593134,7.0,14578461794012,122666,84978,c3561b000,8616112e,04:02:58,27,427,176,248,0,132,8,4,9,7,8,0,1
12326,firefox,136529459548160,554432,436230829,7.0,14580443342895,124647,875c0,c3df01000,1a005aad,04:03:00,257,495,176,248,0,135,8,7,5,12,0,0,1
12326,firefox,136529459548160,554510,2525785754,7.0,14580451186055,124655,8760e,c3df01000,968c6e9a,04:03:00,257,495,176,248,0,135,8,7,6,0,14,0,1
12326,firefox,136529315999744,559907,900437281,7.0,14580951122363,125155,88b23,c3561b000,35ab9521,04:03:00,27,427,176,248,0,136,8,8,11,2,3,0,1
12326,firefox,136529315999744,560689,2149165710,7.0,14580996629146,125201,88e31,c3561b000,8019aa8e,04:03:00,27,427,176,248,0,136,8,8,14,3,1,0,1
12326,firefox,136529315999744,560700,2379602937,7.0,14580997788109,125202,88e3c,c3561b000,8dd5dbf9,04:03:00,27,427,176,248,0,136,8,8,14,3,12,0,1
12326,firefox,136529315999744,555930,871916858,7.0,14581106866547,125311,87b9a,c3561b000,33f8653a,04:03:01,27,427,176,248,0,135,8,7,11,9,10,0,1
12326,firefox,136529315999744,560839,1201715997,7.0,14581128458708,125332,88ec7,c3561b000,47a0bb1d,04:03:01,27,427,176,248,0,136,8,8,14,12,7,0,1
12326,firefox,136529315999744,523670,2947412038,7.0,14581195799161,125400,7fd96,c3561b000,afadf046,04:03:01,27,427,176,248,0,127,7,15,13,9,6,0,1
12326,firefox,136529315999744,541540,677344474,7.0,14581197439004,125401,84364,c3561b000,285f74da,04:03:01,27,427,176,248,0,132,8,4,3,6,4,0,1
12326,firefox,136529103618048,571883,672762915,160.0,14581906216909,126110,8b9eb,c28b90000,28198c23,04:03:01,400,325,176,248,0,139,8,11,9,14,11,0,1
12326,firefox,136529297092608,573964,2145512754,7.0,14581923741016,126128,8c20c,c34413000,7fe1ed32,04:03:01,19,418,176,248,0,140,8,12,2,0,12,0,1
12326,firefox,136529315966976,574943,2198110446,7.0,14582112265791,126316,8c5df,c35613000,830480ee,04:03:02,19,427,176,248,0,140,8,12,5,13,15,0,1
12326,firefox,136529315966976,574951,2974724273,7.0,14582121297416,126325,8c5e7,c35613000,b14eb0b1,04:03:02,19,427,176,248,0,140,8,12,5,14,7,0,1
12326,firefox,136529459580928,581017,406071684,7.0,14582445977030,126650,8dd99,c3df09000,18342984,04:03:02,265,495,176,248,0,141,8,13,13,9,9,0,1
12326,firefox,136529459580928,581025,444423601,7.0,14582446838677,126651,8dda1,c3df09000,1a7d5db1,04:03:02,265,495,176,248,0,141,8,13,13,10,1,0,1
12326,firefox,136529459580928,585900,1858456415,7.0,14582823620777,127028,8f0ac,c3df09000,6ec5cb5f,04:03:02,265,495,176,248,0,143,8,15,0,10,12,0,1
12326,firefox,136529459580928,585912,647540258,7.0,14582827836159,127032,8f0b8,c3df09000,2698ae22,04:03:02,265,495,176,248,0,143,8,15,0,11,8,0,1
6240,pipewire-pulse,124462383763456,436644,1313870372,0.0,14585812669063,130017,6a9a4,2a82c1000,4e501224,04:03:05,193,321,202,226,0,106,6,10,9,10,4,0,1
6240,pipewire-pulse,124462383767552,429283,1313870372,1.0,14585812677930,130017,68ce3,2a82c2000,4e501224,04:03:05,194,321,202,226,0,104,6,8,12,14,3,0,1
6240,pipewire-pulse,124462383771648,436677,1313870372,2.0,14585812679935,130017,6a9c5,2a82c3000,4e501224,04:03:05,195,321,202,226,0,106,6,10,9,12,5,0,1
6240,pipewire-pulse,124462383775744,436617,1313870372,3.0,14585812681729,130017,6a989,2a82c4000,4e501224,04:03:05,196,321,202,226,0,106,6,10,9,8,9,0,1
6240,pipewire-pulse,124462383779840,436564,1313870372,4.0,14585812683435,130017,6a954,2a82c5000,4e501224,04:03:05,197,321,202,226,0,106,6,10,9,5,4,0,1
6240,pipewire-pulse,124462383783936,437277,1313870372,5.0,14585812685309,130017,6ac1d,2a82c6000,4e501224,04:03:05,198,321,202,226,0,106,6,10,12,1,13,0,1
6240,pipewire-pulse,124462383788032,437183,1313870372,6.0,14585812687133,130017,6abbf,2a82c7000,4e501224,04:03:05,199,321,202,226,0,106,6,10,11,11,15,0,1
6240,pipewire-pulse,124462383792128,437428,1313870372,7.0,14585812688949,130017,6acb4,2a82c8000,4e501224,04:03:05,200,321,202,226,0,106,6,10,12,11,4,0,1
6240,pipewire-pulse,124462383726592,437355,797393760,0.0,14585812764448,130017,6ac6b,2a82b8000,2f874360,04:03:05,184,321,202,226,0,106,6,10,12,6,11,0,1
6240,pipewire-pulse,124462383730688,542994,797393760,1.0,14585812766535,130017,84912,2a82b9000,2f874360,04:03:05,185,321,202,226,0,132,8,4,9,1,2,0,1
6240,pipewire-pulse,124462383734784,542995,797393760,2.0,14585812768341,130017,84913,2a82ba000,2f874360,04:03:05,186,321,202,226,0,132,8,4,9,1,3,0,1
6240,pipewire-pulse,124462383738880,542996,797393760,3.0,14585812769436,130017,84914,2a82bb000,2f874360,04:03:05,187,321,202,226,0,132,8,4,9,1,4,0,1
6240,pipewire-pulse,124462383742976,542997,797393760,4.0,14585812770343,130017,84915,2a82bc000,2f874360,04:03:05,188,321,202,226,0,132,8,4,9,1,5,0,1
6240,pipewire-pulse,124462383747072,543003,797393760,5.0,14585812771205,130017,8491b,2a82bd000,2f874360,04:03:05,189,321,202,226,0,132,8,4,9,1,11,0,1
6240,pipewire-pulse,124462383751168,542998,797393760,6.0,14585812772209,130017,84916,2a82be000,2f874360,04:03:05,190,321,202,226,0,132,8,4,9,1,6,0,1
6240,pipewire-pulse,124462383755264,543000,797393760,7.0,14585812773162,130017,84918,2a82bf000,2f874360,04:03:05,191,321,202,226,0,132,8,4,9,1,8,0,1
6240,pipewire-pulse,124462383763456,486697,2977251253,0.0,14587008638611,131213,76d29,2a82c1000,b1753fb5,04:03:07,193,321,202,226,0,118,7,6,13,2,9,0,1
6240,pipewire-pulse,124462383767552,486694,2977251253,1.0,14587008640869,131213,76d26,2a82c2000,b1753fb5,04:03:07,194,321,202,226,0,118,7,6,13,2,6,0,1
6240,pipewire-pulse,124462383771648,486695,2977251253,2.0,14587008641819,131213,76d27,2a82c3000,b1753fb5,04:03:07,195,321,202,226,0,118,7,6,13,2,7,0,1
6240,pipewire-pulse,124462383775744,486692,2977251253,3.0,14587008642684,131213,76d24,2a82c4000,b1753fb5,04:03:07,196,321,202,226,0,118,7,6,13,2,4,0,1
6240,pipewire-pulse,124462383779840,486693,2977251253,4.0,14587008643502,131213,76d25,2a82c5000,b1753fb5,04:03:07,197,321,202,226,0,118,7,6,13,2,5,0,1
6240,pipewire-pulse,124462383783936,486690,2977251253,5.0,14587008644379,131213,76d22,2a82c6000,b1753fb5,04:03:07,198,321,202,226,0,118,7,6,13,2,2,0,1
6240,pipewire-pulse,124462383788032,486691,2977251253,6.0,14587008645353,131213,76d23,2a82c7000,b1753fb5,04:03:07,199,321,202,226,0,118,7,6,13,2,3,0,1
6240,pipewire-pulse,124462383792128,486688,2977251253,7.0,14587008646260,131213,76d20,2a82c8000,b1753fb5,04:03:07,200,321,202,226,0,118,7,6,13,2,0,0,1
6240,pipewire-pulse,124462383726592,486686,3478800532,0.0,14587008674128,131213,76d1e,2a82b8000,cf5a4894,04:03:07,184,321,202,226,0,118,7,6,13,1,14,0,1
6240,pipewire-pulse,124462383730688,486687,3478800532,1.0,14587008675058,131213,76d1f,2a82b9000,cf5a4894,04:03:07,185,321,202,226,0,118,7,6,13,1,15,0,1
6240,pipewire-pulse,124462383734784,486685,3478800532,2.0,14587008675911,131213,76d1d,2a82ba000,cf5a4894,04:03:07,186,321,202,226,0,118,7,6,13,1,13,0,1
6240,pipewire-pulse,124462383738880,486683,3478800532,3.0,14587008676801,131213,76d1b,2a82bb000,cf5a4894,04:03:07,187,321,202,226,0,118,7,6,13,1,11,0,1
6240,pipewire-pulse,124462383742976,486684,3478800532,4.0,14587008677675,131213,76d1c,2a82bc000,cf5a4894,04:03:07,188,321,202,226,0,118,7,6,13,1,12,0,1
6240,pipewire-pulse,124462383747072,486680,3478800532,5.0,14587008678557,131213,76d18,2a82bd000,cf5a4894,04:03:07,189,321,202,226,0,118,7,6,13,1,8,0,1
6240,pipewire-pulse,124462383751168,486681,3478800532,6.0,14587008679405,131213,76d19,2a82be000,cf5a4894,04:03:07,190,321,202,226,0,118,7,6,13,1,9,0,1
6240,pipewire-pulse,124462383755264,486677,3478800532,7.0,14587008680267,131213,76d15,2a82bf000,cf5a4894,04:03:07,191,321,202,226,0,118,7,6,13,1,5,0,1
5376,upowerd,131283344551936,508404,416938137,48.0,14617197831727,686651,7c1f4,6c91df000,18d9f899,04:03:37,479,72,411,238,0,124,7,12,1,15,4,0,2
9012,gsd-housekeepin,104179586142208,409374,936251515,9.0,14620811036338,782779,63f1e,33399000,37ce107b,04:03:40,409,409,256,189,0,99,6,3,15,1,14,0,2
12326,firefox,136530002518016,1176013,3570161126,352.0,14622877338313,3071665,11f1cd,c5e4d2000,d4cc55e6,04:03:42,210,242,177,248,1,287,1,15,1,12,13,0,3
9012,gsd-housekeepin,138084458430464,5580,557847574,10.0,14625744758871,1103552,15cc,64b180000,21401416,04:03:45,384,88,89,251,0,1,0,1,5,12,12,0,2
14353,Isolated Web Co,140583411453952,1202980,2514891851,139.0,14700651602948,3876229,125b24,c204d1000,95e6344b,04:05:00,209,258,368,255,1,293,2,5,11,2,4,0,3
14353,Isolated Web Co,140583411458048,1202979,2514891851,140.0,14700651620109,3893390,125b23,c204d2000,95e6344b,04:05:00,210,258,368,255,1,293,2,5,11,2,3,0,3
14353,Isolated Web Co,140583411462144,1202978,2514891851,141.0,14700651622647,3895928,125b22,c204d3000,95e6344b,04:05:00,211,258,368,255,1,293,2,5,11,2,2,0,3
14353,Isolated Web Co,140583695319040,335606,2590855200,1.0,14738270851922,91411,51ef6,c31388000,9a6d5020,04:05:38,392,393,368,255,0,81,5,1,14,15,6,0,0
14353,Isolated Web Co,140583402409984,1136981,1999419770,7.0,14756212218750,900110,115955,c1fc31000,772cb97a,04:05:56,49,254,368,255,1,277,1,5,9,5,5,0,2
14353,Isolated Web Co,140583411580928,661113,2514891851,180.0,14756270972964,27542052,a1679,c204f0000,95e6344b,04:05:56,240,258,368,255,0,161,10,1,6,7,9,0,4
14353,Isolated Web Co,140583411585024,661113,2514891851,180.0,14756272096203,28665291,a1679,c204f1000,95e6344b,04:05:56,241,258,368,255,0,161,10,1,6,7,9,0,4
14353,Isolated Web Co,140583411589120,661113,2514891851,180.0,14756273192863,442885,a1679,c204f2000,95e6344b,04:05:56,242,258,368,255,0,161,10,1,6,7,9,0,2
14353,Isolated Web Co,140583411593216,661113,2514891851,180.0,14756273661195,45896,a1679,c204f3000,95e6344b,04:05:56,243,258,368,255,0,161,10,1,6,7,9,0,0
14353,Isolated Web Co,140583411597312,661113,2514891851,180.0,14756273668166,52867,a1679,c204f4000,95e6344b,04:05:56,244,258,368,255,0,161,10,1,6,7,9,0,0
14353,Isolated Web Co,140583411601408,661113,2514891851,180.0,14756274797807,727120,a1679,c204f5000,95e6344b,04:05:56,245,258,368,255,0,161,10,1,6,7,9,0,2
14353,Isolated Web Co,140583411605504,661113,2514891851,180.0,14756274806425,735738,a1679,c204f6000,95e6344b,04:05:56,246,258,368,255,0,161,10,1,6,7,9,0,2
14353,Isolated Web Co,140583411609600,661113,2514891851,180.0,14756275424455,44171,a1679,c204f7000,95e6344b,04:05:56,247,258,368,255,0,161,10,1,6,7,9,0,0
14353,Isolated Web Co,140583411613696,661113,2514891851,180.0,14756275928565,548281,a1679,c204f8000,95e6344b,04:05:56,248,258,368,255,0,161,10,1,6,7,9,0,2
14353,Isolated Web Co,140583411621888,661113,2514891851,180.0,14756303859689,796309,a1679,c204fa000,95e6344b,04:05:56,250,258,368,255,0,161,10,1,6,7,9,0,2
14353,Isolated Web Co,140583411625984,1219249,2514891851,181.0,14756304152776,1089396,129ab1,c204fb000,95e6344b,04:05:56,251,258,368,255,1,297,2,9,10,11,1,0,2
12326,firefox,136529634697216,1221026,2117948174,7.0,14756333876179,5931234,12a1a2,c4860a000,7e3d530e,04:05:56,10,67,177,248,1,298,2,10,1,10,2,0,3
14353,Isolated Web Co,140583411650560,1102404,2514891851,201.0,14756794658289,45289246,10d244,c20501000,95e6344b,04:05:56,257,258,368,255,1,269,0,13,2,4,4,0,4
14353,Isolated Web Co,140583411630080,1219248,2514891851,182.0,14758814836611,47425960,129ab0,c204fc000,95e6344b,04:05:58,252,258,368,255,1,297,2,9,10,11,0,0,4
14353,Isolated Web Co,140583316807680,64605,3162700296,4751.0,14759074626846,20482773,fc5d,c1aa8e000,bc82fa08,04:05:59,142,213,368,255,0,15,0,15,12,5,13,0,4
14353,Isolated Web Co,140583237550080,601538,672762915,160.0,14759479837876,197527670,92dc2,c15ef8000,28198c23,04:05:59,248,175,368,255,0,146,9,2,13,12,2,0,4
14353,Isolated Web Co,140583690518528,383371,205285745,1.0,14776223742886,140897,5d98b,c30ef4000,c3c6971,04:06:16,244,391,368,255,0,93,5,13,9,8,11,0,1
12326,firefox,136529652752384,10657,529335196,10.0,14784291969398,113999950,29a1,c49742000,1f8d039c,04:06:24,322,75,177,248,0,2,0,2,9,10,1,0,4
12550,Socket Thread,136530002518016,349059,3570161126,352.0,14788057276407,228,55383,c5e4d2000,d4cc55e6,04:06:28,210,242,177,248,0,85,5,5,3,8,3,0,0
12326,firefox,136529652752384,1230146,529335196,10.0,14841755050529,6911816,12c542,c49742000,1f8d039c,04:07:21,322,75,177,248,1,300,2,12,5,4,2,1219489,3
8773,gnome-shell,130163615150080,1087387,2173146232,39.0,16583550748267,5278737,10979b,2140b3000,81879478,04:36:23,179,160,392,236,1,265,0,9,7,9,11,0,3
8773,gnome-shell,130163438342144,251242,2431900669,7.0,18111906977934,2653178,3d56a,209815000,90f3dbfd,05:01:51,21,76,392,236,0,61,3,13,5,6,10,0,3
8773,gnome-shell,130163439484928,284319,371281811,7.0,18111934527588,432150,4569f,20992c000,16214f93,05:01:51,300,76,392,236,0,69,4,5,6,9,15,0,2
14353,Isolated Web Co,140583403679744,314729,4270421756,0.0,18112106741117,48491,4cd69,c1fd67000,fe8976fc,05:01:52,359,254,368,255,0,76,4,12,13,6,9,0,0
8773,gnome-shell,130163211317248,223406,1203427901,7.0,18112507370495,377117,368ae,1fbf93000,47bada3d,05:01:52,403,479,391,236,0,54,3,6,8,10,14,0,2
12326,firefox,136529652707328,55372,3206163800,10.0,20579633732160,807,d84c,c49737000,bf1a2d58,05:42:59,311,75,177,248,0,13,0,13,8,4,12,0,0
8773,gnome-shell,130163438342144,366929,2431900669,7.0,21756105740893,4823350,59951,209815000,90f3dbfd,06:02:36,21,76,392,236,0,89,5,9,9,5,1,115687,3
8773,gnome-shell,130163615150080,649747,2173146232,39.0,21756315327127,4928473,9ea13,2140b3000,81879478,06:02:36,179,160,392,236,0,158,9,14,10,1,3,-437640,3
12326,firefox,136520982097920,1193678,4158971349,79.0,21791364375587,1219094,1236ce,a44a47000,f7e4ddd5,06:03:11,71,37,169,248,1,291,2,3,6,12,14,0,2
12326,firefox,136520982102016,1193678,4158971349,79.0,21791365101374,1944881,1236ce,a44a48000,f7e4ddd5,06:03:11,72,37,169,248,1,291,2,3,6,12,14,0,2
12326,firefox,136520982106112,1193678,4158971349,79.0,21791365721497,2565004,1236ce,a44a49000,f7e4ddd5,06:03:11,73,37,169,248,1,291,2,3,6,12,14,0,3
12326,firefox,136520982110208,1193678,4158971349,79.0,21791366134347,52444,1236ce,a44a4a000,f7e4ddd5,06:03:11,74,37,169,248,1,291,2,3,6,12,14,0,0
12326,firefox,136520982114304,1193678,4158971349,79.0,21791367148418,326012,1236ce,a44a4b000,f7e4ddd5,06:03:11,75,37,169,248,1,291,2,3,6,12,14,0,2
12326,firefox,136520982118400,1193678,4158971349,79.0,21791367865347,1042941,1236ce,a44a4c000,f7e4ddd5,06:03:11,76,37,169,248,1,291,2,3,6,12,14,0,2
12326,firefox,136520982122496,1193678,4158971349,79.0,21791368907710,398733,1236ce,a44a4d000,f7e4ddd5,06:03:11,77,37,169,248,1,291,2,3,6,12,14,0,2
12326,firefox,136520982126592,1193678,4158971349,79.0,21791369270654,761677,1236ce,a44a4e000,f7e4ddd5,06:03:11,78,37,169,248,1,291,2,3,6,12,14,0,2
12326,firefox,136520982032384,1164654,4158971349,60.0,21791370466978,1958001,11c56e,a44a37000,f7e4ddd5,06:03:11,55,37,169,248,1,284,1,12,5,6,14,0,2
12326,firefox,136520982036480,1164654,4158971349,60.0,21791370870635,2361658,11c56e,a44a38000,f7e4ddd5,06:03:11,56,37,169,248,1,284,1,12,5,6,14,0,3
12326,firefox,136520982040576,1164654,4158971349,60.0,21791371224049,2715072,11c56e,a44a39000,f7e4ddd5,06:03:11,57,37,169,248,1,284,1,12,5,6,14,0,3
12326,firefox,136520982044672,1164654,4158971349,60.0,21791371227370,2718393,11c56e,a44a3a000,f7e4ddd5,06:03:11,58,37,169,248,1,284,1,12,5,6,14,0,3
12326,firefox,136520982048768,1164654,4158971349,60.0,21791371701648,3192671,11c56e,a44a3b000,f7e4ddd5,06:03:11,59,37,169,248,1,284,1,12,5,6,14,0,3
12326,firefox,136520982089728,1193678,4158971349,79.0,21791371994584,3485607,1236ce,a44a45000,f7e4ddd5,06:03:11,69,37,169,248,1,291,2,3,6,12,14,0,3
12326,firefox,136520982093824,1193678,4158971349,79.0,21791372384660,329720,1236ce,a44a46000,f7e4ddd5,06:03:11,70,37,169,248,1,291,2,3,6,12,14,0,2
12326,firefox,136520981921792,778348,4158971349,31.0,21791372928919,40762,be06c,a44a1c000,f7e4ddd5,06:03:11,28,37,169,248,0,190,11,14,0,6,12,0,0
12326,firefox,136520981942272,1202211,4158971349,32.0,21791374226372,52753,125823,a44a21000,f7e4ddd5,06:03:11,33,37,169,248,1,293,2,5,8,2,3,0,0
12326,firefox,136520981946368,1236349,4158971349,33.0,21791374232975,59356,12dd7d,a44a22000,f7e4ddd5,06:03:11,34,37,169,248,1,301,2,13,13,7,13,0,0
12326,firefox,136520981950464,1170306,4158971349,34.0,21791374234269,60650,11db82,a44a23000,f7e4ddd5,06:03:11,35,37,169,248,1,285,1,13,11,8,2,0,0
12326,firefox,136520981954560,1170307,4158971349,35.0,21791374235348,61729,11db83,a44a24000,f7e4ddd5,06:03:11,36,37,169,248,1,285,1,13,11,8,3,0,0
12326,firefox,136520981958656,1185438,4158971349,36.0,21791374718803,72868,12169e,a44a25000,f7e4ddd5,06:03:11,37,37,169,248,1,289,2,1,6,9,14,0,0
12326,firefox,136520981962752,1165559,4158971349,37.0,21791374721369,75434,11c8f7,a44a26000,f7e4ddd5,06:03:11,38,37,169,248,1,284,1,12,8,15,7,0,0
12326,firefox,136520981966848,1224340,4158971349,38.0,21791374723115,77180,12ae94,a44a27000,f7e4ddd5,06:03:11,39,37,169,248,1,298,2,10,14,9,4,0,0
12326,firefox,136520981970944,1224341,4158971349,39.0,21791374724683,78748,12ae95,a44a28000,f7e4ddd5,06:03:11,40,37,169,248,1,298,2,10,14,9,5,0,0
12326,firefox,136520981975040,1195782,4158971349,40.0,21791374726585,80650,123f06,a44a29000,f7e4ddd5,06:03:11,41,37,169,248,1,291,2,3,15,0,6,0,0
12326,firefox,136520981979136,1191542,4158971349,41.0,21791374727691,81756,122e76,a44a2a000,f7e4ddd5,06:03:11,42,37,169,248,1,290,2,2,14,7,6,0,0
12326,firefox,136520981983232,1195783,4158971349,42.0,21791374728839,82904,123f07,a44a2b000,f7e4ddd5,06:03:11,43,37,169,248,1,291,2,3,15,0,7,0,0
12326,firefox,136520981987328,1173500,4158971349,43.0,21791375187690,40084,11e7fc,a44a2c000,f7e4ddd5,06:03:11,44,37,169,248,1,286,1,14,7,15,12,0,0
12326,firefox,136520981991424,1218591,4158971349,44.0,21791375190055,42449,12981f,a44a2d000,f7e4ddd5,06:03:11,45,37,169,248,1,297,2,9,8,1,15,0,0
12326,firefox,136520981995520,1143248,4158971349,45.0,21791375191456,43850,1171d0,a44a2e000,f7e4ddd5,06:03:11,46,37,169,248,1,279,1,7,1,13,0,0,0
12326,firefox,136520981999616,1173501,4158971349,46.0,21791375192706,45100,11e7fd,a44a2f000,f7e4ddd5,06:03:11,47,37,169,248,1,286,1,14,7,15,13,0,0
12326,firefox,136520982003712,1164654,4158971349,60.0,21791375864058,3961,11c56e,a44a30000,f7e4ddd5,06:03:11,48,37,169,248,1,284,1,12,5,6,14,0,0
12326,firefox,136520982007808,1164654,4158971349,60.0,21791375866810,6713,11c56e,a44a31000,f7e4ddd5,06:03:11,49,37,169,248,1,284,1,12,5,6,14,0,0
12326,firefox,136520982011904,1164654,4158971349,60.0,21791375876663,16566,11c56e,a44a32000,f7e4ddd5,06:03:11,50,37,169,248,1,284,1,12,5,6,14,0,0
12326,firefox,136520982016000,1164654,4158971349,60.0,21791375878081,17984,11c56e,a44a33000,f7e4ddd5,06:03:11,51,37,169,248,1,284,1,12,5,6,14,0,0
12326,firefox,136520982020096,1164654,4158971349,60.0,21791375879243,19146,11c56e,a44a34000,f7e4ddd5,06:03:11,52,37,169,248,1,284,1,12,5,6,14,0,0
12326,firefox,136520982024192,1164654,4158971349,60.0,21791375880411,20314,11c56e,a44a35000,f7e4ddd5,06:03:11,53,37,169,248,1,284,1,12,5,6,14,0,0
12326,firefox,136520982028288,1164654,4158971349,60.0,21791375881651,21554,11c56e,a44a36000,f7e4ddd5,06:03:11,54,37,169,248,1,284,1,12,5,6,14,0,0
12326,firefox,136520981807104,1164313,4158971349,10.0,21791377268781,42143,11c419,a44a00000,f7e4ddd5,06:03:11,0,37,169,248,1,284,1,12,4,1,9,0,0
12326,firefox,136520981852160,1164313,4158971349,10.0,21791380558204,40807,11c419,a44a0b000,f7e4ddd5,06:03:11,11,37,169,248,1,284,1,12,4,1,9,0,0
12326,firefox,136520981856256,1178341,4158971349,11.0,21791380863965,37537,11fae5,a44a0c000,f7e4ddd5,06:03:11,12,37,169,248,1,287,1,15,10,14,5,0,0
12326,firefox,136520981860352,1242162,4158971349,12.0,21791381372775,37007,12f432,a44a0d000,f7e4ddd5,06:03:11,13,37,169,248,1,303,2,15,4,3,2,0,0
12326,firefox,136520981864448,1237618,4158971349,13.0,21791381774576,438808,12e272,a44a0e000,f7e4ddd5,06:03:11,14,37,169,248,1,302,2,14,2,7,2,0,2
12326,firefox,136520981868544,1226266,4158971349,14.0,21791382174543,326182,12b61a,a44a0f000,f7e4ddd5,06:03:11,15,37,169,248,1,299,2,11,6,1,10,0,2
12326,firefox,136520981872640,778348,4158971349,31.0,21791382177098,328737,be06c,a44a10000,f7e4ddd5,06:03:11,16,37,169,248,0,190,11,14,0,6,12,0,2
12326,firefox,136520981876736,778348,4158971349,31.0,21791382910799,47892,be06c,a44a11000,f7e4ddd5,06:03:11,17,37,169,248,0,190,11,14,0,6,12,0,0
12326,firefox,136520981880832,778348,4158971349,31.0,21791384144502,66052,be06c,a44a12000,f7e4ddd5,06:03:11,18,37,169,248,0,190,11,14,0,6,12,0,0
12326,firefox,136520981884928,778348,4158971349,31.0,21791384909440,50242,be06c,a44a13000,f7e4ddd5,06:03:11,19,37,169,248,0,190,11,14,0,6,12,0,0
12326,firefox,136520981889024,778348,4158971349,31.0,21791385275334,416136,be06c,a44a14000,f7e4ddd5,06:03:11,20,37,169,248,0,190,11,14,0,6,12,0,2
12326,firefox,136520981893120,778348,4158971349,31.0,21791385863635,524836,be06c,a44a15000,f7e4ddd5,06:03:11,21,37,169,248,0,190,11,14,0,6,12,0,2
12326,firefox,136520981897216,778348,4158971349,31.0,21791385867118,528319,be06c,a44a16000,f7e4ddd5,06:03:11,22,37,169,248,0,190,11,14,0,6,12,0,2
12326,firefox,136520981901312,778348,4158971349,31.0,21791386332789,345778,be06c,a44a17000,f7e4ddd5,06:03:11,23,37,169,248,0,190,11,14,0,6,12,0,2
12326,firefox,136520981905408,778348,4158971349,31.0,21791386335961,348950,be06c,a44a18000,f7e4ddd5,06:03:11,24,37,169,248,0,190,11,14,0,6,12,0,2
12326,firefox,136520981909504,778348,4158971349,31.0,21791386337157,350146,be06c,a44a19000,f7e4ddd5,06:03:11,25,37,169,248,0,190,11,14,0,6,12,0,2
12326,firefox,136520981913600,778348,4158971349,31.0,21791386338432,351421,be06c,a44a1a000,f7e4ddd5,06:03:11,26,37,169,248,0,190,11,14,0,6,12,0,2
12326,firefox,136520981917696,778348,4158971349,31.0,21791386339609,352598,be06c,a44a1b000,f7e4ddd5,06:03:11,27,37,169,248,0,190,11,14,0,6,12,0,2
12326,firefox,136520982065152,1164654,4158971349,60.0,21791386788865,398796,11c56e,a44a3f000,f7e4ddd5,06:03:11,63,37,169,248,1,284,1,12,5,6,14,0,2
12326,firefox,136520982081536,1193678,4158971349,79.0,21791387291409,38462,1236ce,a44a43000,f7e4ddd5,06:03:11,67,37,169,248,1,291,2,3,6,12,14,0,0
12326,firefox,136520982069248,1193678,4158971349,79.0,21791387747601,38284,1236ce,a44a40000,f7e4ddd5,06:03:11,64,37,169,248,1,291,2,3,6,12,14,0,0
12326,firefox,136520982085632,1193678,4158971349,79.0,21791387776240,66923,1236ce,a44a44000,f7e4ddd5,06:03:11,68,37,169,248,1,291,2,3,6,12,14,0,0
12596,Renderer,136529347350528,1120464,3940577950,0.0,21791502916411,118343,1118d0,c37401000,eae0729e,06:03:11,1,442,176,248,1,273,1,1,8,13,0,0,1
12596,Renderer,136529347354624,1120465,3940577950,1.0,21791503475121,337618,1118d1,c37402000,eae0729e,06:03:11,2,442,176,248,1,273,1,1,8,13,1,0,2
12596,Renderer,136529347358720,1168368,3940577950,2.0,21791504115722,46040,11d3f0,c37403000,eae0729e,06:03:11,3,442,176,248,1,285,1,13,3,15,0,0,0
12596,Renderer,136529347362816,1246644,3940577950,3.0,21791504824330,57768,1305b4,c37404000,eae0729e,06:03:11,4,442,176,248,1,304,3,0,5,11,4,0,0
12596,Renderer,136529347366912,1238863,3940577950,4.0,21791504830578,64016,12e74f,c37405000,eae0729e,06:03:11,5,442,176,248,1,302,2,14,7,4,15,747490,0
12596,Renderer,136529347371008,1185346,3940577950,5.0,21791504832240,65678,121642,c37406000,eae0729e,06:03:11,6,442,176,248,1,289,2,1,6,4,2,693977,0
12596,Renderer,136529347375104,1185347,3940577950,6.0,21791504833875,67313,121643,c37407000,eae0729e,06:03:11,7,442,176,248,1,289,2,1,6,4,3,693979,0
12690,Privileged Cont,136520982077440,1193678,4158971349,79.0,21792265950224,445175,1236ce,a44a42000,f7e4ddd5,06:03:12,66,37,169,248,1,291,2,3,6,12,14,0,2
12690,Privileged Cont,136520982073344,1193678,4158971349,79.0,21792266986991,344938,1236ce,a44a41000,f7e4ddd5,06:03:12,65,37,169,248,1,291,2,3,6,12,14,0,2
14353,Isolated Web Co,140583410884608,775493,2514891851,0.0,21794956250786,46059,bd545,c20446000,95e6344b,06:03:14,70,258,368,255,0,189,11,13,5,4,5,0,0
14353,Isolated Web Co,140583411167232,1100108,2514891851,69.0,21794957293192,55607,10c94c,c2048b000,95e6344b,06:03:14,139,258,368,255,1,268,0,12,9,4,12,0,0
14353,Isolated Web Co,140583410601984,1154916,266889298,0.0,21795017014880,67345,119f64,c20401000,fe86852,06:03:15,1,258,368,255,1,281,1,9,15,6,4,0,0
14353,Isolated Web Co,140583403671552,1154936,1877542630,0.0,21795019937208,97470,119f78,c1fd65000,6fe906e6,06:03:15,357,254,368,255,1,281,1,9,15,7,8,0,0
14353,Isolated Web Co,140583403663360,1138839,3744804380,0.0,21795025018038,146058,116097,c1fd63000,df352e1c,06:03:15,355,254,368,255,1,278,1,6,0,9,7,0,1
14353,Isolated Web Co,140583410892800,1100106,2514891851,1.0,21795147924125,73633,10c94a,c20448000,95e6344b,06:03:15,72,258,368,255,1,268,0,12,9,4,10,0,0
14353,Isolated Web Co,140583410888704,1105398,2514891851,3.0,21795147932467,81975,10ddf6,c20447000,95e6344b,06:03:15,71,258,368,255,1,269,0,13,13,15,6,0,0
14353,Isolated Web Co,140583411523584,1224489,2514891851,156.0,21795149906777,52826,12af29,c204e2000,95e6344b,06:03:15,226,258,368,255,1,298,2,10,15,2,9,0,0
12326,firefox,136529581285376,1124893,2437986302,0.0,21795252671971,792322,112a1d,c4531a000,9150b7fe,06:03:15,282,41,177,248,1,274,1,2,10,1,13,0,2
12326,firefox,136529581289472,1124894,2437986302,1.0,21795252679984,800335,112a1e,c4531b000,9150b7fe,06:03:15,283,41,177,248,1,274,1,2,10,1,14,0,2
12326,firefox,136529581293568,1124895,2437986302,2.0,21795258811843,181242,112a1f,c4531c000,9150b7fe,06:03:15,284,41,177,248,1,274,1,2,10,1,15,0,1
14353,Isolated Web Co,140583403515904,1158718,593626282,0.0,21795341247677,1146634,11ae3e,c1fd3f000,236204aa,06:03:15,319,254,368,255,1,282,1,10,14,3,14,0,2
14353,Isolated Web Co,140583410601984,1110683,3139077999,0.0,21795349648063,638777,10f29b,c20401000,bb1a876f,06:03:15,1,258,368,255,1,271,0,15,2,9,11,0,2
14353,Isolated Web Co,140583403671552,1208737,2253346253,0.0,21795364773085,96372,1271a1,c1fd65000,864f55cd,06:03:15,357,254,368,255,1,295,2,7,1,10,1,0,0
14353,Isolated Web Co,140583410896896,1105398,2514891851,3.0,21795979996474,152153,10ddf6,c20449000,95e6344b,06:03:15,73,258,368,255,1,269,0,13,13,15,6,0,1
14353,Isolated Web Co,140583411175424,1100110,2514891851,70.0,21795992922210,110003,10c94e,c2048d000,95e6344b,06:03:15,141,258,368,255,1,268,0,12,9,4,14,0,1
14353,Isolated Web Co,140583411634176,1154426,2514891851,183.0,21796033254120,606161,119d7a,c204fd000,95e6344b,06:03:16,253,258,368,255,1,281,1,9,13,7,10,0,2
12596,Renderer,136529130967040,1136815,2389408805,4.0,21796139337031,352486,1158af,c2a5a5000,8e6b7c25,06:03:16,421,338,176,248,1,277,1,5,8,10,15,0,2
12596,Renderer,136529130971136,1136818,2389408805,5.0,21796139864570,475539,1158b2,c2a5a6000,8e6b7c25,06:03:16,422,338,176,248,1,277,1,5,8,11,2,0,2
12596,Renderer,136529130975232,1136820,2389408805,6.0,21796140418792,40661,1158b4,c2a5a7000,8e6b7c25,06:03:16,423,338,176,248,1,277,1,5,8,11,4,0,0
12596,Renderer,136529130979328,1136822,2389408805,7.0,21796140814857,436726,1158b6,c2a5a8000,8e6b7c25,06:03:16,424,338,176,248,1,277,1,5,8,11,6,0,2
12596,Renderer,136529130983424,1136825,2389408805,8.0,21796141396033,39436,1158b9,c2a5a9000,8e6b7c25,06:03:16,425,338,176,248,1,277,1,5,8,11,9,0,0
12596,Renderer,136529130987520,1136826,2389408805,9.0,21796141400601,44004,1158ba,c2a5aa000,8e6b7c25,06:03:16,426,338,176,248,1,277,1,5,8,11,10,0,0
12596,Renderer,136529130991616,1136827,2389408805,10.0,21796142070757,307887,1158bb,c2a5ab000,8e6b7c25,06:03:16,427,338,176,248,1,277,1,5,8,11,11,0,2
12596,Renderer,136529130995712,1136830,2389408805,11.0,21796142074987,312117,1158be,c2a5ac000,8e6b7c25,06:03:16,428,338,176,248,1,277,1,5,8,11,14,0,2
12596,Renderer,136529130999808,1136831,2389408805,12.0,21796142633172,507833,1158bf,c2a5ad000,8e6b7c25,06:03:16,429,338,176,248,1,277,1,5,8,11,15,0,2
12596,Renderer,136529131003904,1098657,2389408805,13.0,21796142637478,512139,10c3a1,c2a5ae000,8e6b7c25,06:03:16,430,338,176,248,1,268,0,12,3,10,1,0,2
12596,Renderer,136529131008000,1098658,2389408805,14.0,21796142639721,514382,10c3a2,c2a5af000,8e6b7c25,06:03:16,431,338,176,248,1,268,0,12,3,10,2,0,2
12596,Renderer,136529131016192,1098660,2389408805,16.0,21796143257025,61762,10c3a4,c2a5b1000,8e6b7c25,06:03:16,433,338,176,248,1,268,0,12,3,10,4,0,0
12596,Renderer,136529131020288,1098663,2389408805,17.0,21796143262251,66988,10c3a7,c2a5b2000,8e6b7c25,06:03:16,434,338,176,248,1,268,0,12,3,10,7,0,0
12596,Renderer,136529131024384,1098664,2389408805,18.0,21796143264810,69547,10c3a8,c2a5b3000,8e6b7c25,06:03:16,435,338,176,248,1,268,0,12,3,10,8,0,0
12596,Renderer,136529131028480,1098665,2389408805,19.0,21796143266973,71710,10c3a9,c2a5b4000,8e6b7c25,06:03:16,436,338,176,248,1,268,0,12,3,10,9,0,0
12596,Renderer,136529131032576,1098666,2389408805,20.0,21796143975767,312440,10c3aa,c2a5b5000,8e6b7c25,06:03:16,437,338,176,248,1,268,0,12,3,10,10,0,2
12596,Renderer,136529131036672,1098669,2389408805,21.0,21796143979958,316631,10c3ad,c2a5b6000,8e6b7c25,06:03:16,438,338,176,248,1,268,0,12,3,10,13,0,2
12596,Renderer,136529131040768,1098670,2389408805,22.0,21796143982517,319190,10c3ae,c2a5b7000,8e6b7c25,06:03:16,439,338,176,248,1,268,0,12,3,10,14,0,2
12596,Renderer,136529131044864,1098671,2389408805,23.0,21796143984501,321174,10c3af,c2a5b8000,8e6b7c25,06:03:16,440,338,176,248,1,268,0,12,3,10,15,0,2
12596,Renderer,136529131048960,1098672,2389408805,24.0,21796143987115,323788,10c3b0,c2a5b9000,8e6b7c25,06:03:16,441,338,176,248,1,268,0,12,3,11,0,0,2
12596,Renderer,136529131053056,1098673,2389408805,25.0,21796143989131,325804,10c3b1,c2a5ba000,8e6b7c25,06:03:16,442,338,176,248,1,268,0,12,3,11,1,0,2
12596,Renderer,136529131057152,1098674,2389408805,26.0,21796143991720,328393,10c3b2,c2a5bb000,8e6b7c25,06:03:16,443,338,176,248,1,268,0,12,3,11,2,0,2
12596,Renderer,136529131061248,1098675,2389408805,27.0,21796143993664,330337,10c3b3,c2a5bc000,8e6b7c25,06:03:16,444,338,176,248,1,268,0,12,3,11,3,0,2
12596,Renderer,136529131065344,1098676,2389408805,28.0,21796144455524,417380,10c3b4,c2a5bd000,8e6b7c25,06:03:16,445,338,176,248,1,268,0,12,3,11,4,0,2
12596,Renderer,136529131069440,1098678,2389408805,29.0,21796144461136,422992,10c3b6,c2a5be000,8e6b7c25,06:03:16,446,338,176,248,1,268,0,12,3,11,6,0,2
12596,Renderer,136529131073536,1098679,2389408805,30.0,21796144463454,425310,10c3b7,c2a5bf000,8e6b7c25,06:03:16,447,338,176,248,1,268,0,12,3,11,7,0,2
12596,Renderer,136529131081728,1098681,2389408805,32.0,21796144467711,429567,10c3b9,c2a5c1000,8e6b7c25,06:03:16,449,338,176,248,1,268,0,12,3,11,9,0,2
12596,Renderer,136529131085824,1098682,2389408805,33.0,21796144470000,431856,10c3ba,c2a5c2000,8e6b7c25,06:03:16,450,338,176,248,1,268,0,12,3,11,10,0,2
12596,Renderer,136529131089920,1098683,2389408805,34.0,21796144471957,433813,10c3bb,c2a5c3000,8e6b7c25,06:03:16,451,338,176,248,1,268,0,12,3,11,11,0,2
12596,Renderer,136529131094016,1098684,2389408805,35.0,21796144474530,436386,10c3bc,c2a5c4000,8e6b7c25,06:03:16,452,338,176,248,1,268,0,12,3,11,12,0,2
12596,Renderer,136529131098112,1098685,2389408805,36.0,21796145425997,1387853,10c3bd,c2a5c5000,8e6b7c25,06:03:16,453,338,176,248,1,268,0,12,3,11,13,0,2
12596,Renderer,136529131102208,1098686,2389408805,37.0,21796145433058,1394914,10c3be,c2a5c6000,8e6b7c25,06:03:16,454,338,176,248,1,268,0,12,3,11,14,0,2
12596,Renderer,136529131106304,1098687,2389408805,38.0,21796145435421,1397277,10c3bf,c2a5c7000,8e6b7c25,06:03:16,455,338,176,248,1,268,0,12,3,11,15,0,2
12596,Renderer,136529131110400,1106048,2389408805,39.0,21796145438204,1400060,10e080,c2a5c8000,8e6b7c25,06:03:16,456,338,176,248,1,270,0,14,0,8,0,0,2
12596,Renderer,136529131114496,1106049,2389408805,40.0,21796145440576,1402432,10e081,c2a5c9000,8e6b7c25,06:03:16,457,338,176,248,1,270,0,14,0,8,1,0,2
12596,Renderer,136529131118592,1106050,2389408805,41.0,21796145442645,1404501,10e082,c2a5ca000,8e6b7c25,06:03:16,458,338,176,248,1,270,0,14,0,8,2,0,2
12596,Renderer,136529131122688,1106051,2389408805,42.0,21796145444915,1406771,10e083,c2a5cb000,8e6b7c25,06:03:16,459,338,176,248,1,270,0,14,0,8,3,0,2
12596,Renderer,136529131126784,1106052,2389408805,43.0,21796145447031,1408887,10e084,c2a5cc000,8e6b7c25,06:03:16,460,338,176,248,1,270,0,14,0,8,4,0,2
12596,Renderer,136529131130880,1106053,2389408805,44.0,21796146135838,2097694,10e085,c2a5cd000,8e6b7c25,06:03:16,461,338,176,248,1,270,0,14,0,8,5,0,3
12596,Renderer,136529131134976,1106054,2389408805,45.0,21796146142988,2104844,10e086,c2a5ce000,8e6b7c25,06:03:16,462,338,176,248,1,270,0,14,0,8,6,0,3
12596,Renderer,136529130946560,1098659,2389408805,15.0,21796147571025,3532881,10c3a3,c2a5a0000,8e6b7c25,06:03:16,416,338,176,248,1,268,0,12,3,10,3,0,3
12596,Renderer,136529130950656,1098659,2389408805,15.0,21796148171743,4133599,10c3a3,c2a5a1000,8e6b7c25,06:03:16,417,338,176,248,1,268,0,12,3,10,3,0,3
12596,Renderer,136529130954752,1098659,2389408805,15.0,21796148177828,4139684,10c3a3,c2a5a2000,8e6b7c25,06:03:16,418,338,176,248,1,268,0,12,3,10,3,0,3
12596,Renderer,136529130958848,1098659,2389408805,15.0,21796148703060,4664916,10c3a3,c2a5a3000,8e6b7c25,06:03:16,419,338,176,248,1,268,0,12,3,10,3,0,3
12596,Renderer,136529446223872,1106069,98411625,4.0,21796149004431,4966287,10e095,c3d24c000,5dda469,06:03:16,76,489,176,248,1,270,0,14,0,9,5,0,3
12596,Renderer,136529446227968,1106070,98411625,5.0,21796149410998,336178,10e096,c3d24d000,5dda469,06:03:16,77,489,176,248,1,270,0,14,0,9,6,0,2
12596,Renderer,136529446232064,1106071,98411625,6.0,21796149414178,339358,10e097,c3d24e000,5dda469,06:03:16,78,489,176,248,1,270,0,14,0,9,7,0,2
12596,Renderer,136529446236160,1106072,98411625,7.0,21796149415467,340647,10e098,c3d24f000,5dda469,06:03:16,79,489,176,248,1,270,0,14,0,9,8,0,2
12596,Renderer,136529446244352,1106074,98411625,9.0,21796149872901,401739,10e09a,c3d251000,5dda469,06:03:16,81,489,176,248,1,270,0,14,0,9,10,0,2
12596,Renderer,136529446248448,1106076,98411625,10.0,21796149875970,404808,10e09c,c3d252000,5dda469,06:03:16,82,489,176,248,1,270,0,14,0,9,12,0,2
12596,Renderer,136529446252544,1106077,98411625,11.0,21796149877276,406114,10e09d,c3d253000,5dda469,06:03:16,83,489,176,248,1,270,0,14,0,9,13,0,2
12596,Renderer,136529446256640,1106078,98411625,12.0,21796149878546,407384,10e09e,c3d254000,5dda469,06:03:16,84,489,176,248,1,270,0,14,0,9,14,0,2
12596,Renderer,136529446260736,1106079,98411625,13.0,21796150148952,218271,10e09f,c3d255000,5dda469,06:03:16,85,489,176,248,1,270,0,14,0,9,15,0,2
12596,Renderer,136529446264832,1113633,98411625,14.0,21796150151826,221145,10fe21,c3d256000,5dda469,06:03:16,86,489,176,248,1,271,0,15,14,2,1,0,2
12596,Renderer,136529446268928,1113634,98411625,15.0,21796150153311,222630,10fe22,c3d257000,5dda469,06:03:16,87,489,176,248,1,271,0,15,14,2,2,0,2
12596,Renderer,136529446273024,1113635,98411625,16.0,21796150154577,223896,10fe23,c3d258000,5dda469,06:03:16,88,489,176,248,1,271,0,15,14,2,3,0,2
12596,Renderer,136529446277120,1113636,98411625,17.0,21796150155846,225165,10fe24,c3d259000,5dda469,06:03:16,89,489,176,248,1,271,0,15,14,2,4,0,2
12596,Renderer,136529446281216,1113637,98411625,18.0,21796150157098,226417,10fe25,c3d25a000,5dda469,06:03:16,90,489,176,248,1,271,0,15,14,2,5,0,2
12596,Renderer,136529446285312,1113638,98411625,19.0,21796150158446,227765,10fe26,c3d25b000,5dda469,06:03:16,91,489,176,248,1,271,0,15,14,2,6,0,2
12596,Renderer,136529446289408,1113639,98411625,20.0,21796150159733,229052,10fe27,c3d25c000,5dda469,06:03:16,92,489,176,248,1,271,0,15,14,2,7,0,2
12596,Renderer,136529446293504,1113640,98411625,21.0,21796150771638,118416,10fe28,c3d25d000,5dda469,06:03:16,93,489,176,248,1,271,0,15,14,2,8,0,1
12596,Renderer,136529446297600,1113642,98411625,22.0,21796151655575,1002353,10fe2a,c3d25e000,5dda469,06:03:16,94,489,176,248,1,271,0,15,14,2,10,0,2
12596,Renderer,136529446301696,1146814,98411625,23.0,21796151660318,1007096,117fbe,c3d25f000,5dda469,06:03:16,95,489,176,248,1,279,1,7,15,11,14,0,2
12596,Renderer,136529446309888,1115087,98411625,25.0,21796151998377,1345155,1103cf,c3d261000,5dda469,06:03:16,97,489,176,248,1,272,1,0,3,12,15,0,2
12596,Renderer,136529446313984,1115088,98411625,26.0,21796151999958,1346736,1103d0,c3d262000,5dda469,06:03:16,98,489,176,248,1,272,1,0,3,13,0,0,2
12596,Renderer,136529446318080,1115089,98411625,27.0,21796152001359,1348137,1103d1,c3d263000,5dda469,06:03:16,99,489,176,248,1,272,1,0,3,13,1,0,2
12596,Renderer,136529446322176,1115090,98411625,28.0,21796152880763,58673,1103d2,c3d264000,5dda469,06:03:16,100,489,176,248,1,272,1,0,3,13,2,0,0
12596,Renderer,136529446326272,1115091,98411625,29.0,21796152885214,63124,1103d3,c3d265000,5dda469,06:03:16,101,489,176,248,1,272,1,0,3,13,3,0,0
12596,Renderer,136529446330368,1115092,98411625,30.0,21796152887139,65049,1103d4,c3d266000,5dda469,06:03:16,102,489,176,248,1,272,1,0,3,13,4,0,0
12596,Renderer,136529446334464,1115093,98411625,31.0,21796152888670,66580,1103d5,c3d267000,5dda469,06:03:16,103,489,176,248,1,272,1,0,3,13,5,0,0
12596,Renderer,136529446338560,1115094,98411625,32.0,21796152890223,68133,1103d6,c3d268000,5dda469,06:03:16,104,489,176,248,1,272,1,0,3,13,6,0,0
12596,Renderer,136529446342656,1115095,98411625,33.0,21796152891640,69550,1103d7,c3d269000,5dda469,06:03:16,105,489,176,248,1,272,1,0,3,13,7,0,0
12596,Renderer,136529446346752,1115096,98411625,34.0,21796152893391,71301,1103d8,c3d26a000,5dda469,06:03:16,106,489,176,248,1,272,1,0,3,13,8,0,0
12596,Renderer,136529446350848,1115097,98411625,35.0,21796152919314,97224,1103d9,c3d26b000,5dda469,06:03:16,107,489,176,248,1,272,1,0,3,13,9,0,0
12596,Renderer,136529446354944,1115098,98411625,36.0,21796153293836,42248,1103da,c3d26c000,5dda469,06:03:16,108,489,176,248,1,272,1,0,3,13,10,0,0
12596,Renderer,136529446359040,1115103,98411625,37.0,21796153296979,45391,1103df,c3d26d000,5dda469,06:03:16,109,489,176,248,1,272,1,0,3,13,15,0,0
12596,Renderer,136529446363136,1152352,98411625,38.0,21796153298463,46875,119560,c3d26e000,5dda469,06:03:16,110,489,176,248,1,281,1,9,5,6,0,0,0
12596,Renderer,136529446367232,1152353,98411625,39.0,21796153299799,48211,119561,c3d26f000,5dda469,06:03:16,111,489,176,248,1,281,1,9,5,6,1,0,0
12596,Renderer,136529446375424,1152355,98411625,41.0,21796153302380,50792,119563,c3d271000,5dda469,06:03:16,113,489,176,248,1,281,1,9,5,6,3,0,0
12596,Renderer,136529446379520,1152356,98411625,42.0,21796153303638,52050,119564,c3d272000,5dda469,06:03:16,114,489,176,248,1,281,1,9,5,6,4,0,0
12596,Renderer,136529446383616,1152357,98411625,43.0,21796153305007,53419,119565,c3d273000,5dda469,06:03:16,115,489,176,248,1,281,1,9,5,6,5,0,0
12596,Renderer,136529446387712,1152358,98411625,44.0,21796153876294,624706,119566,c3d274000,5dda469,06:03:16,116,489,176,248,1,281,1,9,5,6,6,0,2
12596,Renderer,136529446391808,1152361,98411625,45.0,21796153881184,629596,119569,c3d275000,5dda469,06:03:16,117,489,176,248,1,281,1,9,5,6,9,0,2
12596,Renderer,136529446203392,1113634,98411625,15.0,21796153913314,661726,10fe22,c3d247000,5dda469,06:03:16,71,489,176,248,1,271,0,15,14,2,2,0,2
12596,Renderer,136529446207488,1113634,98411625,15.0,21796153915900,664312,10fe22,c3d248000,5dda469,06:03:16,72,489,176,248,1,271,0,15,14,2,2,0,2
12596,Renderer,136529446211584,1113634,98411625,15.0,21796153918644,667056,10fe22,c3d249000,5dda469,06:03:16,73,489,176,248,1,271,0,15,14,2,2,0,2
12596,Renderer,136529446215680,1113634,98411625,15.0,21796153921600,670012,10fe22,c3d24a000,5dda469,06:03:16,74,489,176,248,1,271,0,15,14,2,2,0,2
12596,Renderer,136529131159552,1152370,1784411580,4.0,21796154535953,76294,119572,c2a5d4000,6a5bf5bc,06:03:16,468,338,176,248,1,281,1,9,5,7,2,0,0
12596,Renderer,136529131163648,1152371,1784411580,5.0,21796154537662,78003,119573,c2a5d5000,6a5bf5bc,06:03:16,469,338,176,248,1,281,1,9,5,7,3,0,0
12596,Renderer,136529131167744,1152372,1784411580,6.0,21796154539005,79346,119574,c2a5d6000,6a5bf5bc,06:03:16,470,338,176,248,1,281,1,9,5,7,4,0,0
12596,Renderer,136529131171840,1152373,1784411580,7.0,21796154540187,80528,119575,c2a5d7000,6a5bf5bc,06:03:16,471,338,176,248,1,281,1,9,5,7,5,0,0
12596,Renderer,136529131175936,1152374,1784411580,8.0,21796155127528,409057,119576,c2a5d8000,6a5bf5bc,06:03:16,472,338,176,248,1,281,1,9,5,7,6,0,2
12596,Renderer,136529131180032,1152379,1784411580,9.0,21796155131615,413144,11957b,c2a5d9000,6a5bf5bc,06:03:16,473,338,176,248,1,281,1,9,5,7,11,0,2
12596,Renderer,136529131184128,1152380,1784411580,10.0,21796155133408,414937,11957c,c2a5da000,6a5bf5bc,06:03:16,474,338,176,248,1,281,1,9,5,7,12,0,2
12596,Renderer,136529131188224,1152381,1784411580,11.0,21796155135167,416696,11957d,c2a5db000,6a5bf5bc,06:03:16,475,338,176,248,1,281,1,9,5,7,13,0,2
12596,Renderer,136529131192320,1152382,1784411580,12.0,21796155137031,418560,11957e,c2a5dc000,6a5bf5bc,06:03:16,476,338,176,248,1,281,1,9,5,7,14,0,2
12596,Renderer,136529131196416,1152383,1784411580,13.0,21796155138877,420406,11957f,c2a5dd000,6a5bf5bc,06:03:16,477,338,176,248,1,281,1,9,5,7,15,0,2
12596,Renderer,136529131200512,1111328,1784411580,14.0,21796155140574,422103,10f520,c2a5de000,6a5bf5bc,06:03:16,478,338,176,248,1,271,0,15,5,2,0,0,2
12596,Renderer,136529131204608,1111329,1784411580,15.0,21796155142365,423894,10f521,c2a5df000,6a5bf5bc,06:03:16,479,338,176,248,1,271,0,15,5,2,1,0,2
12596,Renderer,136529131212800,1111332,1784411580,17.0,21796155731122,160436,10f524,c2a5e1000,6a5bf5bc,06:03:16,481,338,176,248,1,271,0,15,5,2,4,0,1
12596,Renderer,136529131216896,1111333,1784411580,18.0,21796155732713,162027,10f525,c2a5e2000,6a5bf5bc,06:03:16,482,338,176,248,1,271,0,15,5,2,5,0,1
12596,Renderer,136529131220992,1111334,1784411580,19.0,21796155734061,163375,10f526,c2a5e3000,6a5bf5bc,06:03:16,483,338,176,248,1,271,0,15,5,2,6,0,1
12596,Renderer,136529131225088,1111335,1784411580,20.0,21796155735284,164598,10f527,c2a5e4000,6a5bf5bc,06:03:16,484,338,176,248,1,271,0,15,5,2,7,0,1
12596,Renderer,136529131229184,1111336,1784411580,21.0,21796155736568,165882,10f528,c2a5e5000,6a5bf5bc,06:03:16,485,338,176,248,1,271,0,15,5,2,8,0,1
12596,Renderer,136529131233280,1111337,1784411580,22.0,21796155737906,167220,10f529,c2a5e6000,6a5bf5bc,06:03:16,486,338,176,248,1,271,0,15,5,2,9,0,1
12596,Renderer,136529131237376,1111338,1784411580,23.0,21796155739242,168556,10f52a,c2a5e7000,6a5bf5bc,06:03:16,487,338,176,248,1,271,0,15,5,2,10,0,1
12596,Renderer,136529131241472,1111339,1784411580,24.0,21796156220035,372940,10f52b,c2a5e8000,6a5bf5bc,06:03:16,488,338,176,248,1,271,0,15,5,2,11,0,2
12596,Renderer,136529131245568,1111350,1784411580,25.0,21796156223540,376445,10f536,c2a5e9000,6a5bf5bc,06:03:16,489,338,176,248,1,271,0,15,5,3,6,0,2
12596,Renderer,136529131249664,1111351,1784411580,26.0,21796156225051,377956,10f537,c2a5ea000,6a5bf5bc,06:03:16,490,338,176,248,1,271,0,15,5,3,7,0,2
12596,Renderer,136529131253760,1111352,1784411580,27.0,21796156226390,379295,10f538,c2a5eb000,6a5bf5bc,06:03:16,491,338,176,248,1,271,0,15,5,3,8,0,2
12596,Renderer,136529131257856,1111353,1784411580,28.0,21796156227716,380621,10f539,c2a5ec000,6a5bf5bc,06:03:16,492,338,176,248,1,271,0,15,5,3,9,0,2
12596,Renderer,136529131261952,1111354,1784411580,29.0,21796156229082,381987,10f53a,c2a5ed000,6a5bf5bc,06:03:16,493,338,176,248,1,271,0,15,5,3,10,0,2
12596,Renderer,136529131266048,1111355,1784411580,30.0,21796156230369,383274,10f53b,c2a5ee000,6a5bf5bc,06:03:16,494,338,176,248,1,271,0,15,5,3,11,0,2
12596,Renderer,136529131270144,1111356,1784411580,31.0,21796156231811,384716,10f53c,c2a5ef000,6a5bf5bc,06:03:16,495,338,176,248,1,271,0,15,5,3,12,0,2
12596,Renderer,136529131278336,1101504,1784411580,33.0,21796156560290,713195,10cec0,c2a5f1000,6a5bf5bc,06:03:16,497,338,176,248,1,268,0,12,14,12,0,0,2
12596,Renderer,136529131282432,1101505,1784411580,34.0,21796156561806,714711,10cec1,c2a5f2000,6a5bf5bc,06:03:16,498,338,176,248,1,268,0,12,14,12,1,0,2
12596,Renderer,136529131286528,1101506,1784411580,35.0,21796156563017,715922,10cec2,c2a5f3000,6a5bf5bc,06:03:16,499,338,176,248,1,268,0,12,14,12,2,0,2
12596,Renderer,136529131290624,1101507,1784411580,36.0,21796156564243,717148,10cec3,c2a5f4000,6a5bf5bc,06:03:16,500,338,176,248,1,268,0,12,14,12,3,0,2
12596,Renderer,136529131294720,1101508,1784411580,37.0,21796156565448,718353,10cec4,c2a5f5000,6a5bf5bc,06:03:16,501,338,176,248,1,268,0,12,14,12,4,0,2
12596,Renderer,136529131298816,1101509,1784411580,38.0,21796156566669,719574,10cec5,c2a5f6000,6a5bf5bc,06:03:16,502,338,176,248,1,268,0,12,14,12,5,0,2
12596,Renderer,136529131302912,1101510,1784411580,39.0,21796156567935,720840,10cec6,c2a5f7000,6a5bf5bc,06:03:16,503,338,176,248,1,268,0,12,14,12,6,0,2
12596,Renderer,136529131307008,1101511,1784411580,40.0,21796157525296,1678201,10cec7,c2a5f8000,6a5bf5bc,06:03:16,504,338,176,248,1,268,0,12,14,12,7,0,2
12596,Renderer,136529131311104,1101512,1784411580,41.0,21796157532935,1685840,10cec8,c2a5f9000,6a5bf5bc,06:03:16,505,338,176,248,1,268,0,12,14,12,8,0,2
12596,Renderer,136529131315200,1101513,1784411580,42.0,21796157534533,1687438,10cec9,c2a5fa000,6a5bf5bc,06:03:16,506,338,176,248,1,268,0,12,14,12,9,0,2
12596,Renderer,136529131319296,1101514,1784411580,43.0,21796157535943,1688848,10ceca,c2a5fb000,6a5bf5bc,06:03:16,507,338,176,248,1,268,0,12,14,12,10,0,2
12596,Renderer,136529131323392,1101515,1784411580,44.0,21796157537344,1690249,10cecb,c2a5fc000,6a5bf5bc,06:03:16,508,338,176,248,1,268,0,12,14,12,11,0,2
12596,Renderer,136529131327488,1101516,1784411580,45.0,21796157539159,1692064,10cecc,c2a5fd000,6a5bf5bc,06:03:16,509,338,176,248,1,268,0,12,14,12,12,0,2
12596,Renderer,136529131139072,1111329,1784411580,15.0,21796158112582,2265487,10f521,c2a5cf000,6a5bf5bc,06:03:16,463,338,176,248,1,271,0,15,5,2,1,0,3
12596,Renderer,136529131143168,1111330,1784411580,16.0,21796158117859,2270764,10f522,c2a5d0000,6a5bf5bc,06:03:16,464,338,176,248,1,271,0,15,5,2,2,0,3
12596,Renderer,136529131147264,1111330,1784411580,16.0,21796158119408,2272313,10f522,c2a5d1000,6a5bf5bc,06:03:16,465,338,176,248,1,271,0,15,5,2,2,0,3
12596,Renderer,136529131151360,1111330,1784411580,16.0,21796158120947,2273852,10f522,c2a5d2000,6a5bf5bc,06:03:16,466,338,176,248,1,271,0,15,5,2,2,0,3
12596,Renderer,136529575940096,1101526,2780942485,0.0,21796158931421,3084326,10ced6,c44e01000,a5c1d095,06:03:16,1,39,177,248,1,268,0,12,14,13,6,0,3
12596,Renderer,136529575944192,1101522,2780942485,1.0,21796159848261,24052,10ced2,c44e02000,a5c1d095,06:03:16,2,39,177,248,1,268,0,12,14,13,2,0,0
12596,Renderer,136529589571584,1123488,914832755,0.0,21796159862803,38594,1124a0,c45b01000,36873d73,06:03:16,257,45,177,248,1,274,1,2,4,10,0,0,0
12596,Renderer,136529589575680,1101525,914832755,1.0,21796159865620,41411,10ced5,c45b02000,36873d73,06:03:16,258,45,177,248,1,268,0,12,14,13,5,0,0
12596,Renderer,136529553014784,1116873,959403537,0.0,21796166010942,158776,110ac9,c43824000,392f5611,06:03:16,36,28,177,248,1,272,1,0,10,12,9,0,1
12596,Renderer,136529553006592,1116875,452360915,0.0,21796166542210,690044,110acb,c43822000,1af67ad3,06:03:16,34,28,177,248,1,272,1,0,10,12,11,0,2
12596,Renderer,136529552908288,1116888,2234178826,0.0,21796167528068,764270,110ad8,c4380a000,852add0a,06:03:16,10,28,177,248,1,272,1,0,10,13,8,0,2
12596,Renderer,136529103863808,1126721,1163492683,4.0,21796168976199,106403,113141,c28bcc000,45597d4b,06:03:16,460,325,176,248,1,275,1,3,1,4,1,0,1
12596,Renderer,136529103867904,1126723,1163492683,5.0,21796169406620,49741,113143,c28bcd000,45597d4b,06:03:16,461,325,176,248,1,275,1,3,1,4,3,0,0
12596,Renderer,136529103872000,1126726,1163492683,6.0,21796169940615,50919,113146,c28bce000,45597d4b,06:03:16,462,325,176,248,1,275,1,3,1,4,6,0,0
12596,Renderer,136529103876096,1126728,1163492683,7.0,21796170331719,442023,113148,c28bcf000,45597d4b,06:03:16,463,325,176,248,1,275,1,3,1,4,8,0,2
12596,Renderer,136529103884288,1126731,1163492683,9.0,21796170741728,852032,11314b,c28bd1000,45597d4b,06:03:16,465,325,176,248,1,275,1,3,1,4,11,0,2
12596,Renderer,136529103888384,1126732,1163492683,10.0,21796171030606,1140910,11314c,c28bd2000,45597d4b,06:03:16,466,325,176,248,1,275,1,3,1,4,12,0,2
12596,Renderer,136529103892480,1126734,1163492683,11.0,21796171035596,1145900,11314e,c28bd3000,45597d4b,06:03:16,467,325,176,248,1,275,1,3,1,4,14,0,2
12596,Renderer,136529103896576,1126735,1163492683,12.0,21796171505085,406696,11314f,c28bd4000,45597d4b,06:03:16,468,325,176,248,1,275,1,3,1,4,15,0,2
12596,Renderer,136529103900672,1126736,1163492683,13.0,21796171509641,411252,113150,c28bd5000,45597d4b,06:03:16,469,325,176,248,1,275,1,3,1,5,0,0,2
12596,Renderer,136529103904768,1126737,1163492683,14.0,21796171511670,413281,113151,c28bd6000,45597d4b,06:03:16,470,325,176,248,1,275,1,3,1,5,1,0,2
12596,Renderer,136529103908864,1126738,1163492683,15.0,21796171513649,415260,113152,c28bd7000,45597d4b,06:03:16,471,325,176,248,1,275,1,3,1,5,2,0,2
12596,Renderer,136529103912960,1126739,1163492683,16.0,21796171902777,41016,113153,c28bd8000,45597d4b,06:03:16,472,325,176,248,1,275,1,3,1,5,3,0,0
12596,Renderer,136529103917056,1126742,1163492683,17.0,21796171907106,45345,113156,c28bd9000,45597d4b,06:03:16,473,325,176,248,1,275,1,3,1,5,6,0,0
12596,Renderer,136529103921152,1126743,1163492683,18.0,21796171909040,47279,113157,c28bda000,45597d4b,06:03:16,474,325,176,248,1,275,1,3,1,5,7,0,0
12596,Renderer,136529103925248,1126744,1163492683,19.0,21796171911174,49413,113158,c28bdb000,45597d4b,06:03:16,475,325,176,248,1,275,1,3,1,5,8,0,0
12596,Renderer,136529103929344,1126745,1163492683,20.0,21796171913063,51302,113159,c28bdc000,45597d4b,06:03:16,476,325,176,248,1,275,1,3,1,5,9,0,0
12596,Renderer,136529103933440,1126746,1163492683,21.0,21796171915538,53777,11315a,c28bdd000,45597d4b,06:03:16,477,325,176,248,1,275,1,3,1,5,10,0,0
12596,Renderer,136529103937536,1126747,1163492683,22.0,21796171917799,56038,11315b,c28bde000,45597d4b,06:03:16,478,325,176,248,1,275,1,3,1,5,11,0,0
12596,Renderer,136529103941632,1126748,1163492683,23.0,21796171919969,58208,11315c,c28bdf000,45597d4b,06:03:16,479,325,176,248,1,275,1,3,1,5,12,0,0
12596,Renderer,136529103949824,1140866,1163492683,25.0,21796173932960,343214,116882,c28be1000,45597d4b,06:03:16,481,325,176,248,1,278,1,6,8,8,2,0,2
12596,Renderer,136529103953920,1140867,1163492683,26.0,21796173935402,345656,116883,c28be2000,45597d4b,06:03:16,482,325,176,248,1,278,1,6,8,8,3,0,2
12596,Renderer,136529103958016,1140868,1163492683,27.0,21796173937678,347932,116884,c28be3000,45597d4b,06:03:16,483,325,176,248,1,278,1,6,8,8,4,0,2
12596,Renderer,136529103962112,1140869,1163492683,28.0,21796173940042,350296,116885,c28be4000,45597d4b,06:03:16,484,325,176,248,1,278,1,6,8,8,5,0,2
12596,Renderer,136529103966208,1140870,1163492683,29.0,21796173941924,352178,116886,c28be5000,45597d4b,06:03:16,485,325,176,248,1,278,1,6,8,8,6,0,2
12596,Renderer,136529103970304,1140871,1163492683,30.0,21796173944271,354525,116887,c28be6000,45597d4b,06:03:16,486,325,176,248,1,278,1,6,8,8,7,0,2
12596,Renderer,136529103974400,1140872,1163492683,31.0,21796173946227,356481,116888,c28be7000,45597d4b,06:03:16,487,325,176,248,1,278,1,6,8,8,8,0,2
12596,Renderer,136529103978496,1140873,1163492683,32.0,21796175908693,556139,116889,c28be8000,45597d4b,06:03:16,488,325,176,248,1,278,1,6,8,8,9,0,2
12596,Renderer,136529103982592,1140879,1163492683,33.0,21796175914960,562406,11688f,c28be9000,45597d4b,06:03:16,489,325,176,248,1,278,1,6,8,8,15,0,2
12596,Renderer,136529103986688,1140880,1163492683,34.0,21796175917769,565215,116890,c28bea000,45597d4b,06:03:16,490,325,176,248,1,278,1,6,8,9,0,0,2
12596,Renderer,136529103990784,1140881,1163492683,35.0,21796175919818,567264,116891,c28beb000,45597d4b,06:03:16,491,325,176,248,1,278,1,6,8,9,1,0,2
12596,Renderer,136529103994880,1140882,1163492683,36.0,21796175922289,569735,116892,c28bec000,45597d4b,06:03:16,492,325,176,248,1,278,1,6,8,9,2,0,2
12596,Renderer,136529103998976,1140883,1163492683,37.0,21796175924363,571809,116893,c28bed000,45597d4b,06:03:16,493,325,176,248,1,278,1,6,8,9,3,0,2
12596,Renderer,136529104003072,1140884,1163492683,38.0,21796175926715,574161,116894,c28bee000,45597d4b,06:03:16,494,325,176,248,1,278,1,6,8,9,4,0,2
12596,Renderer,136529104007168,1140885,1163492683,39.0,21796175929039,576485,116895,c28bef000,45597d4b,06:03:16,495,325,176,248,1,278,1,6,8,9,5,0,2
12596,Renderer,136529104015360,1140894,1163492683,41.0,21796176446078,1093524,11689e,c28bf1000,45597d4b,06:03:16,497,325,176,248,1,278,1,6,8,9,14,0,2
12596,Renderer,136529104019456,1140895,1163492683,42.0,21796176448412,1095858,11689f,c28bf2000,45597d4b,06:03:16,498,325,176,248,1,278,1,6,8,9,15,0,2
12596,Renderer,136529104023552,1151360,1163492683,43.0,21796176450937,1098383,119180,c28bf3000,45597d4b,06:03:16,499,325,176,248,1,281,1,9,1,8,0,0,2
12596,Renderer,136529104027648,1151361,1163492683,44.0,21796176452865,1100311,119181,c28bf4000,45597d4b,06:03:16,500,325,176,248,1,281,1,9,1,8,1,0,2
12596,Renderer,136529104031744,1151362,1163492683,45.0,21796176454909,1102355,119182,c28bf5000,45597d4b,06:03:16,501,325,176,248,1,281,1,9,1,8,2,0,2
12596,Renderer,136529103843328,1126738,1163492683,15.0,21796176825473,1472919,113152,c28bc7000,45597d4b,06:03:16,455,325,176,248,1,275,1,3,1,5,2,0,2
12596,Renderer,136529103847424,1126738,1163492683,15.0,21796176830287,1477733,113152,c28bc8000,45597d4b,06:03:16,456,325,176,248,1,275,1,3,1,5,2,0,2
12596,Renderer,136529103851520,1126738,1163492683,15.0,21796176832636,1480082,113152,c28bc9000,45597d4b,06:03:16,457,325,176,248,1,275,1,3,1,5,2,0,2
12596,Renderer,136529103855616,1126738,1163492683,15.0,21796176835467,1482913,113152,c28bca000,45597d4b,06:03:16,458,325,176,248,1,275,1,3,1,5,2,0,2
12596,Renderer,136529104056320,1151383,1083725503,4.0,21796177173950,1821396,119197,c28bfb000,409856bf,06:03:16,507,325,176,248,1,281,1,9,1,9,7,0,2
12596,Renderer,136529104060416,1151384,1083725503,5.0,21796177175300,1822746,119198,c28bfc000,409856bf,06:03:16,508,325,176,248,1,281,1,9,1,9,8,0,2
12596,Renderer,136529104064512,1151385,1083725503,6.0,21796177176761,1824207,119199,c28bfd000,409856bf,06:03:16,509,325,176,248,1,281,1,9,1,9,9,0,2
12596,Renderer,136529104068608,1151386,1083725503,7.0,21796177617836,2265282,11919a,c28bfe000,409856bf,06:03:16,510,325,176,248,1,281,1,9,1,9,10,0,3
12596,Renderer,136529104072704,1151391,1083725503,8.0,21796177620946,2268392,11919f,c28bff000,409856bf,06:03:16,511,325,176,248,1,281,1,9,1,9,15,0,3
12596,Renderer,136529104080896,1139361,1083725503,10.0,21796177623934,2271380,1162a1,c28c01000,409856bf,06:03:16,1,326,176,248,1,278,1,6,2,10,1,0,3
12596,Renderer,136529104084992,1139362,1083725503,11.0,21796177625498,2272944,1162a2,c28c02000,409856bf,06:03:16,2,326,176,248,1,278,1,6,2,10,2,0,3
12690,Privileged Cont,140583418953728,774200,3489390787,53.0,21796462533298,503918,bd038,c20bf8000,cffbe0c3,06:03:16,504,261,368,255,0,189,11,13,0,3,8,0,2
12690,Privileged Cont,140583418978304,774200,3489390787,53.0,21796463178455,65210,bd038,c20bfe000,cffbe0c3,06:03:16,510,261,368,255,0,189,11,13,0,3,8,0,0
12690,Privileged Cont,140583411404800,1113855,2514891851,127.0,21796631165898,1078369,10feff,c204c5000,95e6344b,06:03:16,197,258,368,255,1,271,0,15,14,15,15,0,2
12690,Privileged Cont,140583411408896,1116288,2514891851,128.0,21796631176826,1089297,110880,c204c6000,95e6344b,06:03:16,198,258,368,255,1,272,1,0,8,8,0,0,2
12690,Privileged Cont,140583411412992,1116289,2514891851,129.0,21796631426760,1339231,110881,c204c7000,95e6344b,06:03:16,199,258,368,255,1,272,1,0,8,8,1,0,2
12690,Privileged Cont,140583411417088,1116290,2514891851,130.0,21796631431676,1344147,110882,c204c8000,95e6344b,06:03:16,200,258,368,255,1,272,1,0,8,8,2,0,2
12690,Privileged Cont,140583411421184,1116291,2514891851,131.0,21796631928858,1841329,110883,c204c9000,95e6344b,06:03:16,201,258,368,255,1,272,1,0,8,8,3,0,2
12690,Privileged Cont,140583411425280,1116292,2514891851,132.0,21796631959990,1872461,110884,c204ca000,95e6344b,06:03:16,202,258,368,255,1,272,1,0,8,8,4,0,2
12690,Privileged Cont,140583411429376,1116293,2514891851,133.0,21796631963288,1875759,110885,c204cb000,95e6344b,06:03:16,203,258,368,255,1,272,1,0,8,8,5,0,2
12690,Privileged Cont,140583411433472,1116294,2514891851,134.0,21796631965702,1878173,110886,c204cc000,95e6344b,06:03:16,204,258,368,255,1,272,1,0,8,8,6,0,2
12690,Privileged Cont,140583411040256,1149232,2514891851,38.0,21796632332313,2244784,118930,c2046c000,95e6344b,06:03:16,108,258,368,255,1,280,1,8,9,3,0,0,3
12690,Privileged Cont,140583411044352,1116301,2514891851,39.0,21796632337272,2249743,11088d,c2046d000,95e6344b,06:03:16,109,258,368,255,1,272,1,0,8,8,13,0,3
12690,Privileged Cont,140583411048448,1116302,2514891851,40.0,21796632338761,2251232,11088e,c2046e000,95e6344b,06:03:16,110,258,368,255,1,272,1,0,8,8,14,0,3
12326,firefox,136529549307904,1122028,1490902642,0.0,21796979391689,107726,111eec,c4349b000,58dd5e72,06:03:16,155,26,177,248,1,273,1,1,14,14,12,0,1
12326,firefox,136529563541504,425553,1039025389,0.0,21798086205256,407383,67e51,c4422e000,3dee44ed,06:03:18,46,33,177,248,0,103,6,7,14,5,1,0,2
12326,firefox,136529563545600,425554,1039025389,1.0,21798086208593,410720,67e52,c4422f000,3dee44ed,06:03:18,47,33,177,248,0,103,6,7,14,5,2,0,2
12326,firefox,136529563553792,425556,1039025389,3.0,21798086214285,416412,67e54,c44231000,3dee44ed,06:03:18,49,33,177,248,0,103,6,7,14,5,4,0,2
12326,firefox,136529630978048,592265,266889298,2.0,21801043842531,27188,90989,c4827e000,fe86852,06:03:21,126,65,177,248,0,144,9,0,9,8,9,0,0
12326,firefox,136529630982144,592266,266889298,3.0,21801043844610,29267,9098a,c4827f000,fe86852,06:03:21,127,65,177,248,0,144,9,0,9,8,10,0,0
12326,firefox,136529104027648,543473,4090710383,0.0,21801551493681,945470,84af1,c28bf4000,f3d3496f,06:03:21,500,325,176,248,0,132,8,4,10,15,1,0,2
12326,firefox,136529104031744,543472,4090710383,1.0,21801551504300,956089,84af0,c28bf5000,f3d3496f,06:03:21,501,325,176,248,0,132,8,4,10,15,0,0,2
12326,firefox,136529104035840,543471,4090710383,2.0,21801551507518,959307,84aef,c28bf6000,f3d3496f,06:03:21,502,325,176,248,0,132,8,4,10,14,15,0,2
12326,firefox,136529104039936,543470,4090710383,3.0,21801551510208,961997,84aee,c28bf7000,f3d3496f,06:03:21,503,325,176,248,0,132,8,4,10,14,14,0,2
12326,firefox,136529104048128,543468,4090710383,5.0,21801551515092,966881,84aec,c28bf9000,f3d3496f,06:03:21,505,325,176,248,0,132,8,4,10,14,12,0,2
12326,firefox,136529104052224,543467,4090710383,6.0,21801551517844,969633,84aeb,c28bfa000,f3d3496f,06:03:21,506,325,176,248,0,132,8,4,10,14,11,0,2
12326,firefox,136529104060416,543465,4090710383,8.0,21801551522041,973830,84ae9,c28bfc000,f3d3496f,06:03:21,508,325,176,248,0,132,8,4,10,14,9,0,2
12326,firefox,136529104064512,543464,4090710383,9.0,21801551524653,976442,84ae8,c28bfd000,f3d3496f,06:03:21,509,325,176,248,0,132,8,4,10,14,8,0,2
12326,firefox,136529104072704,543462,4090710383,11.0,21801551528940,980729,84ae6,c28bff000,f3d3496f,06:03:21,511,325,176,248,0,132,8,4,10,14,6,0,2
12326,firefox,136529104089088,543458,4090710383,15.0,21801551536476,988265,84ae2,c28c03000,f3d3496f,06:03:21,3,326,176,248,0,132,8,4,10,14,2,0,2
12326,firefox,136529104101376,543455,4090710383,18.0,21801551542251,994040,84adf,c28c06000,f3d3496f,06:03:21,6,326,176,248,0,132,8,4,10,13,15,0,2
12326,firefox,136529104113664,543452,4090710383,21.0,21801551547258,999047,84adc,c28c09000,f3d3496f,06:03:21,9,326,176,248,0,132,8,4,10,13,12,0,2
12326,firefox,136529104125952,543449,4090710383,24.0,21801551551835,1003624,84ad9,c28c0c000,f3d3496f,06:03:21,12,326,176,248,0,132,8,4,10,13,9,0,2
12326,firefox,136529104138240,543446,4090710383,27.0,21801551556346,1008135,84ad6,c28c0f000,f3d3496f,06:03:21,15,326,176,248,0,132,8,4,10,13,6,0,2
12326,firefox,136529104166912,543439,4090710383,34.0,21801551568276,1020065,84acf,c28c16000,f3d3496f,06:03:21,22,326,176,248,0,132,8,4,10,12,15,0,2
12326,firefox,136529104179200,543436,4090710383,37.0,21801551572800,1024589,84acc,c28c19000,f3d3496f,06:03:21,25,326,176,248,0,132,8,4,10,12,12,0,2
12326,firefox,136529104191488,543433,4090710383,40.0,21801551577632,1029421,84ac9,c28c1c000,f3d3496f,06:03:21,28,326,176,248,0,132,8,4,10,12,9,0,2
12326,firefox,136529104203776,543430,4090710383,43.0,21801551582363,1034152,84ac6,c28c1f000,f3d3496f,06:03:21,31,326,176,248,0,132,8,4,10,12,6,0,2
12326,firefox,136529104269312,543414,4090710383,59.0,21801551605025,1056814,84ab6,c28c2f000,f3d3496f,06:03:21,47,326,176,248,0,132,8,4,10,11,6,0,2
12326,firefox,136529104515072,543354,4090710383,119.0,21801551691747,1143536,84a7a,c28c6b000,f3d3496f,06:03:21,107,326,176,248,0,132,8,4,10,7,10,0,2
12326,firefox,136529104592896,543335,4090710383,138.0,21801551719834,1171623,84a67,c28c7e000,f3d3496f,06:03:21,126,326,176,248,0,132,8,4,10,6,7,0,2
12326,firefox,136529104605184,543332,4090710383,141.0,21801551724496,1176285,84a64,c28c81000,f3d3496f,06:03:21,129,326,176,248,0,132,8,4,10,6,4,0,2
12326,firefox,136529104617472,543329,4090710383,144.0,21801551729047,1180836,84a61,c28c84000,f3d3496f,06:03:21,132,326,176,248,0,132,8,4,10,6,1,0,2
12326,firefox,136529104658432,543319,4090710383,154.0,21801551744551,1196340,84a57,c28c8e000,f3d3496f,06:03:21,142,326,176,248,0,132,8,4,10,5,7,0,2
12326,firefox,136529104670720,543316,4090710383,157.0,21801551749165,1200954,84a54,c28c91000,f3d3496f,06:03:21,145,326,176,248,0,132,8,4,10,5,4,0,2
12326,firefox,136529104683008,543313,4090710383,160.0,21801551753671,1205460,84a51,c28c94000,f3d3496f,06:03:21,148,326,176,248,0,132,8,4,10,5,1,0,2
12326,firefox,136529104695296,543310,4090710383,163.0,21801551758330,1210119,84a4e,c28c97000,f3d3496f,06:03:21,151,326,176,248,0,132,8,4,10,4,14,0,2
12326,firefox,136529104707584,543307,4090710383,166.0,21801551763277,1215066,84a4b,c28c9a000,f3d3496f,06:03:21,154,326,176,248,0,132,8,4,10,4,11,0,2
12326,firefox,136529104719872,543304,4090710383,169.0,21801551767778,1219567,84a48,c28c9d000,f3d3496f,06:03:21,157,326,176,248,0,132,8,4,10,4,8,0,2
12326,firefox,136529104723968,543303,4090710383,170.0,21801551769613,1221402,84a47,c28c9e000,f3d3496f,06:03:21,158,326,176,248,0,132,8,4,10,4,7,0,2
12326,firefox,136529104736256,543300,4090710383,173.0,21801551774674,1226463,84a44,c28ca1000,f3d3496f,06:03:21,161,326,176,248,0,132,8,4,10,4,4,0,2
12326,firefox,136529104748544,543297,4090710383,176.0,21801551779664,1231453,84a41,c28ca4000,f3d3496f,06:03:21,164,326,176,248,0,132,8,4,10,4,1,0,2
12326,firefox,136529104760832,543294,4090710383,179.0,21801551784469,1236258,84a3e,c28ca7000,f3d3496f,06:03:21,167,326,176,248,0,132,8,4,10,3,14,0,2
12326,firefox,136529104773120,543291,4090710383,182.0,21801551789513,1241302,84a3b,c28caa000,f3d3496f,06:03:21,170,326,176,248,0,132,8,4,10,3,11,0,2
12326,firefox,136529104777216,543290,4090710383,183.0,21801551791337,1243126,84a3a,c28cab000,f3d3496f,06:03:21,171,326,176,248,0,132,8,4,10,3,10,0,2
12326,firefox,136529104785408,543288,4090710383,185.0,21801551796111,1247900,84a38,c28cad000,f3d3496f,06:03:21,173,326,176,248,0,132,8,4,10,3,8,0,2
12326,firefox,136529104789504,543287,4090710383,186.0,21801551797978,1249767,84a37,c28cae000,f3d3496f,06:03:21,174,326,176,248,0,132,8,4,10,3,7,0,2
12326,firefox,136529104801792,543284,4090710383,189.0,21801551804821,1256610,84a34,c28cb1000,f3d3496f,06:03:21,177,326,176,248,0,132,8,4,10,3,4,0,2
12326,firefox,136529630949376,277711,3885371256,1.0,21801579664714,142954,43ccf,c48277000,e7960f78,06:03:21,119,65,177,248,0,67,4,3,12,12,15,0,1
12326,firefox,136529630953472,277710,3885371256,2.0,21801579667861,146101,43cce,c48278000,e7960f78,06:03:21,120,65,177,248,0,67,4,3,12,12,14,0,1
12326,firefox,136529630957568,277709,3885371256,3.0,21801579669699,147939,43ccd,c48279000,e7960f78,06:03:21,121,65,177,248,0,67,4,3,12,12,13,0,1
12326,firefox,136529630961664,277708,3885371256,4.0,21801579906633,384873,43ccc,c4827a000,e7960f78,06:03:21,122,65,177,248,0,67,4,3,12,12,12,0,2
12326,firefox,136529630941184,277707,3885371256,5.0,21801580071413,549653,43ccb,c48275000,e7960f78,06:03:21,117,65,177,248,0,67,4,3,12,12,11,0,2
12326,firefox,136529549312000,1150826,1490902642,1.0,21858755144825,6236233,118f6a,c4349c000,58dd5e72,06:04:18,156,26,177,248,1,280,1,8,15,6,10,0,3
12326,firefox,136528701329408,219279,2689298679,0.0,21865787588017,54563483,3588f,c10be9000,a04b70f7,06:04:25,489,133,176,248,0,53,3,5,8,8,15,0,4
12326,firefox,136528701333504,219278,2689298679,1.0,21865787590831,54566297,3588e,c10bea000,a04b70f7,06:04:25,490,133,176,248,0,53,3,5,8,8,14,0,4
12326,firefox,136528701337600,219277,2689298679,2.0,21865787592569,54568035,3588d,c10beb000,a04b70f7,06:04:25,491,133,176,248,0,53,3,5,8,8,13,0,4
12326,firefox,136528701345792,219275,2689298679,4.0,21865787596505,54571971,3588b,c10bed000,a04b70f7,06:04:25,493,133,176,248,0,53,3,5,8,8,11,0,4
12326,firefox,136528701349888,219274,2689298679,5.0,21865787598133,54573599,3588a,c10bee000,a04b70f7,06:04:25,494,133,176,248,0,53,3,5,8,8,10,0,4
12326,firefox,136528701362176,219271,2689298679,8.0,21865787602619,54578085,35887,c10bf1000,a04b70f7,06:04:25,497,133,176,248,0,53,3,5,8,8,7,0,4
12326,firefox,136528701370368,219269,2689298679,10.0,21865787605316,54580782,35885,c10bf3000,a04b70f7,06:04:25,499,133,176,248,0,53,3,5,8,8,5,0,4
12326,firefox,136528701374464,219268,2689298679,11.0,21865787606871,54582337,35884,c10bf4000,a04b70f7,06:04:25,500,133,176,248,0,53,3,5,8,8,4,0,4
12326,firefox,136528701382656,219266,2689298679,13.0,21865787609482,54584948,35882,c10bf6000,a04b70f7,06:04:25,502,133,176,248,0,53,3,5,8,8,2,0,4
12326,firefox,136528701394944,251519,2689298679,16.0,21865787615230,54590696,3d67f,c10bf9000,a04b70f7,06:04:25,505,133,176,248,0,61,3,13,6,7,15,0,4
12326,firefox,136528701407232,251516,2689298679,19.0,21865787618865,54594331,3d67c,c10bfc000,a04b70f7,06:04:25,508,133,176,248,0,61,3,13,6,7,12,0,4
12326,firefox,136528701419520,251513,2689298679,22.0,21865787622399,54597865,3d679,c10bff000,a04b70f7,06:04:25,511,133,176,248,0,61,3,13,6,7,9,0,4
12326,firefox,136528701431808,251510,2689298679,25.0,21865787626522,54601988,3d676,c10c02000,a04b70f7,06:04:25,2,134,176,248,0,61,3,13,6,7,6,0,4
12326,firefox,136528701444096,251507,2689298679,28.0,21865787630277,54605743,3d673,c10c05000,a04b70f7,06:04:25,5,134,176,248,0,61,3,13,6,7,3,0,4
12326,firefox,136528701513728,257890,2689298679,45.0,21865787648694,54624160,3ef62,c10c16000,a04b70f7,06:04:25,22,134,176,248,0,62,3,14,15,6,2,0,4
12326,firefox,136528701526016,551663,2689298679,48.0,21865787653575,54629041,86aef,c10c19000,a04b70f7,06:04:25,25,134,176,248,0,134,8,6,10,14,15,0,4
12326,firefox,136528701714432,624679,2689298679,94.0,21865787707371,54682837,98827,c10c47000,a04b70f7,06:04:25,71,134,176,248,0,152,9,8,8,2,7,0,4
12326,firefox,136528701726720,624676,2689298679,97.0,21865787710907,54686373,98824,c10c4a000,a04b70f7,06:04:25,74,134,176,248,0,152,9,8,8,2,4,0,4
12326,firefox,136528701796352,399913,2689298679,114.0,21865787731716,54707182,61a29,c10c5b000,a04b70f7,06:04:25,91,134,176,248,0,97,6,1,10,2,9,0,4
12326,firefox,136528701808640,399916,2689298679,117.0,21865787735534,54711000,61a2c,c10c5e000,a04b70f7,06:04:25,94,134,176,248,0,97,6,1,10,2,12,0,4
12326,firefox,136528701820928,399919,2689298679,120.0,21865787739521,54714987,61a2f,c10c61000,a04b70f7,06:04:25,97,134,176,248,0,97,6,1,10,2,15,0,4
12326,firefox,136528701833216,532146,2689298679,123.0,21865787743009,54718475,81eb2,c10c64000,a04b70f7,06:04:25,100,134,176,248,0,129,8,1,14,11,2,0,4
12326,firefox,136528701845504,532149,2689298679,126.0,21865787746687,54722153,81eb5,c10c67000,a04b70f7,06:04:25,103,134,176,248,0,129,8,1,14,11,5,0,4
12326,firefox,136528701857792,532152,2689298679,129.0,21865787750482,54725948,81eb8,c10c6a000,a04b70f7,06:04:25,106,134,176,248,0,129,8,1,14,11,8,0,4
12326,firefox,136528701865984,532154,2689298679,131.0,21865787753359,54728825,81eba,c10c6c000,a04b70f7,06:04:25,108,134,176,248,0,129,8,1,14,11,10,0,4
12326,firefox,136528701870080,532155,2689298679,132.0,21865787755149,54730615,81ebb,c10c6d000,a04b70f7,06:04:25,109,134,176,248,0,129,8,1,14,11,11,0,4
12326,firefox,136528701878272,532157,2689298679,134.0,21865787757728,54733194,81ebd,c10c6f000,a04b70f7,06:04:25,111,134,176,248,0,129,8,1,14,11,13,0,4
12326,firefox,136528701890560,577104,2689298679,137.0,21865787762044,54737510,8ce50,c10c72000,a04b70f7,06:04:25,114,134,176,248,0,140,8,12,14,5,0,0,4
12326,firefox,136528701894656,577105,2689298679,138.0,21865787763461,54738927,8ce51,c10c73000,a04b70f7,06:04:25,115,134,176,248,0,140,8,12,14,5,1,0,4
12326,firefox,136528701902848,577107,2689298679,140.0,21865787767467,54742933,8ce53,c10c75000,a04b70f7,06:04:25,117,134,176,248,0,140,8,12,14,5,3,0,4
12326,firefox,136528701906944,577108,2689298679,141.0,21865787769307,54744773,8ce54,c10c76000,a04b70f7,06:04:25,118,134,176,248,0,140,8,12,14,5,4,0,4
12326,firefox,136528701911040,577109,2689298679,142.0,21865787770947,54746413,8ce55,c10c77000,a04b70f7,06:04:25,119,134,176,248,0,140,8,12,14,5,5,0,4
12326,firefox,136528701915136,577110,2689298679,143.0,21865787772974,54748440,8ce56,c10c78000,a04b70f7,06:04:25,120,134,176,248,0,140,8,12,14,5,6,0,4
12326,firefox,136528701919232,577111,2689298679,144.0,21865787776149,54751615,8ce57,c10c79000,a04b70f7,06:04:25,121,134,176,248,0,140,8,12,14,5,7,0,4
12326,firefox,136529652752384,623558,529335196,10.0,21905178729600,166300,983c6,c49742000,1f8d039c,06:05:05,322,75,177,248,0,152,9,8,3,12,6,-606588,1
12690,Privileged Cont,140583418834944,774265,3489390787,18.0,21919618072302,38618,bd079,c20bdb000,cffbe0c3,06:05:19,475,261,368,255,0,189,11,13,0,7,9,0,0
12326,firefox,136529636368384,1187280,3489390787,36.0,21926707759711,46928,121dd0,c487a2000,cffbe0c3,06:05:26,418,67,177,248,1,289,2,1,13,13,0,0,0
14353,Isolated Web Co,140583410892800,1100106,2514891851,1.0,21930896890089,122214443,10c94a,c20448000,95e6344b,06:05:30,72,258,368,255,1,268,0,12,9,4,10,0,4
14353,Isolated Web Co,140583410888704,1134650,2514891851,3.0,21931341442548,417308,11503a,c20447000,95e6344b,06:05:31,71,258,368,255,1,277,1,5,0,3,10,29252,2
14353,Isolated Web Co,140583411167232,1158448,2514891851,69.0,21935975763394,52302,11ad30,c2048b000,95e6344b,06:05:35,139,258,368,255,1,282,1,10,13,3,0,58340,0
14353,Isolated Web Co,140583411523584,1246144,2514891851,156.0,21936560119411,148436,1303c0,c204e2000,95e6344b,06:05:36,226,258,368,255,1,304,3,0,3,12,0,21655,1
12690,Privileged Cont,140583418826752,1247542,3489390787,15.0,21946453663517,73104346,130936,c20bd9000,cffbe0c3,06:05:46,473,261,368,255,1,304,3,0,9,3,6,0,4
12690,Privileged Cont,136520981929984,778333,4158971349,29.0,21954535835043,40848,be05d,a44a1e000,f7e4ddd5,06:05:54,30,37,169,248,0,190,11,14,0,5,13,0,0
12690,Privileged Cont,136520981934080,1238776,4158971349,30.0,21954537201932,37724,12e6f8,a44a1f000,f7e4ddd5,06:05:54,31,37,169,248,1,302,2,14,6,15,8,0,0
12690,Privileged Cont,136520981975040,1154696,4158971349,45.0,21955396306946,325470,119e88,a44a29000,f7e4ddd5,06:05:55,41,37,169,248,1,281,1,9,14,8,8,0,2
12690,Privileged Cont,136520982097920,1127845,4158971349,69.0,21955397213308,306729,1135a5,a44a47000,f7e4ddd5,06:05:55,71,37,169,248,1,275,1,3,5,10,5,0,2
12690,Privileged Cont,136520982106112,1163120,4158971349,71.0,21955405059031,38282,11bf70,a44a49000,f7e4ddd5,06:05:55,73,37,169,248,1,283,1,11,15,7,0,0,0
12690,Privileged Cont,136520982110208,1161901,4158971349,73.0,21955405775319,63597,11baad,a44a4a000,f7e4ddd5,06:05:55,74,37,169,248,1,283,1,11,10,10,13,0,0
12690,Privileged Cont,136520982118400,1238740,4158971349,74.0,21955406204560,41722,12e6d4,a44a4c000,f7e4ddd5,06:05:55,76,37,169,248,1,302,2,14,6,13,4,0,0
12690,Privileged Cont,136520982126592,1186577,4158971349,76.0,21955406434102,187879,121b11,a44a4e000,f7e4ddd5,06:05:55,78,37,169,248,1,289,2,1,11,1,1,0,1
12690,Privileged Cont,136520982032384,1183805,4158971349,50.0,21955406822215,347115,12103d,a44a37000,f7e4ddd5,06:05:55,55,37,169,248,1,289,2,1,0,3,13,0,2
12690,Privileged Cont,136520981938176,1231357,4158971349,46.0,21955692242483,39878,12c9fd,a44a20000,f7e4ddd5,06:05:55,32,37,169,248,1,300,2,12,9,15,13,0,0
12690,Privileged Cont,136520981856256,1201759,4158971349,13.0,21955768894928,45246,12565f,a44a0c000,f7e4ddd5,06:05:55,12,37,169,248,1,293,2,5,6,5,15,0,0
12690,Privileged Cont,136520981852160,1201759,4158971349,13.0,21956106348309,6749,12565f,a44a0b000,f7e4ddd5,06:05:56,11,37,169,248,1,293,2,5,6,5,15,0,0
12690,Privileged Cont,136520982007808,1223606,4158971349,55.0,21956114434274,43707,12abb6,a44a31000,f7e4ddd5,06:05:56,49,37,169,248,1,298,2,10,11,11,6,0,0
12690,Privileged Cont,140583410888704,1213405,2514891851,1.0,21956874878621,378071,1283dd,c20447000,95e6344b,06:05:56,71,258,368,255,1,296,2,8,3,13,13,0,2
12326,firefox,136530002518016,634831,3570161126,352.0,21958744172917,5202957,9afcf,c5e4d2000,d4cc55e6,06:05:58,210,242,177,248,0,154,9,10,15,12,15,-541182,3
9012,gsd-housekeepin,104179586142208,717633,936251515,9.0,21958796227488,5737,af341,33399000,37ce107b,06:05:58,409,409,256,189,0,175,10,15,3,4,1,308259,0
12690,Privileged Cont,140583418834944,744672,3489390787,17.0,21966098000472,10481,b5ce0,c20bdb000,cffbe0c3,06:06:06,475,261,368,255,0,181,11,5,12,14,0,0,0
12326,firefox,136529652752384,808198,529335196,10.0,21968071757880,94252,c5506,c49742000,1f8d039c,06:06:08,322,75,177,248,0,197,12,5,5,0,6,184640,0
12326,firefox,136529636368384,583757,3489390787,25.0,21969497502500,345740,8e84d,c487a2000,cffbe0c3,06:06:09,418,67,177,248,0,142,8,14,8,4,13,0,2
12550,Socket Thread,136530002518016,831171,3570161126,352.0,21970246664854,424059,caec3,c5e4d2000,d4cc55e6,06:06:10,210,242,177,248,0,202,12,10,14,12,3,482112,2
12326,firefox,136529576411136,865762,4090414856,63.0,21978481982909,46501,d35e2,c44e74000,f3cec708,06:06:18,116,39,177,248,0,211,13,3,5,14,2,0,0
12326,firefox,136529576329216,662502,4090414856,52.0,21978481993537,57129,a1be6,c44e60000,f3cec708,06:06:18,96,39,177,248,0,161,10,1,11,14,6,0,0
12326,firefox,136529576288256,1232898,4090414856,33.0,21978482563055,36416,12d002,c44e56000,f3cec708,06:06:18,86,39,177,248,1,301,2,13,0,0,2,0,0
12326,firefox,136529576390656,662502,4090414856,52.0,21978488900593,39352,a1be6,c44e6f000,f3cec708,06:06:18,111,39,177,248,0,161,10,1,11,14,6,0,0
12326,firefox,136529576361984,880454,4090414856,53.0,21978502112824,211831,d6f46,c44e68000,f3cec708,06:06:18,104,39,177,248,0,214,13,6,15,4,6,0,2
12326,firefox,136529576443904,451193,4090414856,65.0,21985892878321,40314,6e279,c44e7c000,f3cec708,06:06:25,124,39,177,248,0,110,6,14,2,7,9,0,0
12550,Socket Thread,136530002518016,884909,3570161126,352.0,21989366864983,23397528,d80ad,c5e4d2000,d4cc55e6,06:06:29,210,242,177,248,0,216,13,8,0,10,13,53738,4
12326,firefox,136529576415232,85068,4090414856,66.0,21989372482933,175467,14c4c,c44e75000,f3cec708,06:06:29,117,39,177,248,0,20,1,4,12,4,12,0,1
14353,Isolated Web Co,140583418867712,844243,3489390787,31.0,21989532221707,45974,ce1d3,c20be3000,cffbe0c3,06:06:29,483,261,368,255,0,206,12,14,1,13,3,0,0
14353,Isolated Web Co,140583418871808,844243,3489390787,31.0,21990538122100,936056,ce1d3,c20be4000,cffbe0c3,06:06:30,484,261,368,255,0,206,12,14,1,13,3,0,2
12550,Socket Thread,136530013138944,1191976,2265375813,49.0,21991614305363,255711,123028,c5eef3000,8706e445,06:06:31,243,247,177,248,1,291,2,3,0,2,8,0,2
12326,firefox,136529652752384,465649,529335196,10.0,21991660896632,90237,71af1,c49742000,1f8d039c,06:06:31,322,75,177,248,0,113,7,1,10,15,1,-342549,0
9012,gsd-housekeepin,104179586142208,1197433,936251515,9.0,22019025469290,1456236,124579,33399000,37ce107b,06:06:59,409,409,256,189,1,292,2,4,5,7,9,479800,2
14353,Isolated Web Co,140583411167232,475392,2514891851,69.0,22056983933501,43632,74100,c2048b000,95e6344b,06:07:36,139,258,368,255,0,116,7,4,1,0,0,-683056,0
12326,firefox,136529652752384,1106037,529335196,10.0,22058282386796,485188,10e075,c49742000,1f8d039c,06:07:38,322,75,177,248,1,270,0,14,0,7,5,640388,2
12690,Privileged Cont,136520982130688,1247377,4158971349,70.0,22059369104621,39455,130891,a44a4f000,f7e4ddd5,06:07:39,79,37,169,248,1,304,3,0,8,9,1,0,0
12690,Privileged Cont,136520982097920,515821,4158971349,79.0,22059369683722,618556,7deed,a44a47000,f7e4ddd5,06:07:39,71,37,169,248,0,125,7,13,14,14,13,-677857,2
12690,Privileged Cont,136520982102016,515821,4158971349,79.0,22059373157962,775472,7deed,a44a48000,f7e4ddd5,06:07:39,72,37,169,248,0,125,7,13,14,14,13,0,2
12690,Privileged Cont,140583422414848,340431,4090414856,65.0,22059398048326,9344584,531cf,c20f45000,f3cec708,06:07:39,325,263,368,255,0,83,5,3,1,12,15,0,3
12690,Privileged Cont,136520982106112,515821,4158971349,79.0,22059884923652,34247,7deed,a44a49000,f7e4ddd5,06:07:39,73,37,169,248,0,125,7,13,14,14,13,0,0
12690,Privileged Cont,136520982110208,515821,4158971349,79.0,22059886196613,370614,7deed,a44a4a000,f7e4ddd5,06:07:39,74,37,169,248,0,125,7,13,14,14,13,0,2
12690,Privileged Cont,136520982114304,515821,4158971349,79.0,22059891844873,406833,7deed,a44a4b000,f7e4ddd5,06:07:39,75,37,169,248,0,125,7,13,14,14,13,0,2
12690,Privileged Cont,136520982118400,515821,4158971349,79.0,22059891846911,408871,7deed,a44a4c000,f7e4ddd5,06:07:39,76,37,169,248,0,125,7,13,14,14,13,0,2
12690,Privileged Cont,136520982122496,515821,4158971349,79.0,22059907598458,16874,7deed,a44a4d000,f7e4ddd5,06:07:39,77,37,169,248,0,125,7,13,14,14,13,0,0
12690,Privileged Cont,136520982126592,515821,4158971349,79.0,22059908042237,460653,7deed,a44a4e000,f7e4ddd5,06:07:39,78,37,169,248,0,125,7,13,14,14,13,0,2
12690,Privileged Cont,136520982052864,1183805,4158971349,50.0,22059911261831,40200,12103d,a44a3c000,f7e4ddd5,06:07:39,60,37,169,248,1,289,2,1,0,3,13,0,0
12690,Privileged Cont,136520982032384,1098402,4158971349,60.0,22059915859412,40065,10c2a2,a44a37000,f7e4ddd5,06:07:39,55,37,169,248,1,268,0,12,2,10,2,0,0
12690,Privileged Cont,136520982036480,1098402,4158971349,60.0,22059917134026,43930,10c2a2,a44a38000,f7e4ddd5,06:07:39,56,37,169,248,1,268,0,12,2,10,2,0,0
12690,Privileged Cont,136520982040576,1098402,4158971349,60.0,22059918935214,40715,10c2a2,a44a39000,f7e4ddd5,06:07:39,57,37,169,248,1,268,0,12,2,10,2,0,0
12690,Privileged Cont,136520982044672,1098402,4158971349,60.0,22059925839951,40437,10c2a2,a44a3a000,f7e4ddd5,06:07:39,58,37,169,248,1,268,0,12,2,10,2,0,0
12690,Privileged Cont,136520982048768,1098402,4158971349,60.0,22059925843415,43901,10c2a2,a44a3b000,f7e4ddd5,06:07:39,59,37,169,248,1,268,0,12,2,10,2,0,0
12690,Privileged Cont,136520981921792,1238776,4158971349,30.0,22059928879251,38194,12e6f8,a44a1c000,f7e4ddd5,06:07:39,28,37,169,248,1,302,2,14,6,15,8,0,0
12690,Privileged Cont,136520981934080,1238776,4158971349,30.0,22059928883041,41984,12e6f8,a44a1f000,f7e4ddd5,06:07:39,31,37,169,248,1,302,2,14,6,15,8,0,0
12690,Privileged Cont,136520981938176,1159162,4158971349,44.0,22059928884298,43241,11affa,a44a20000,f7e4ddd5,06:07:39,32,37,169,248,1,282,1,10,15,15,10,0,0
12690,Privileged Cont,136520981942272,1159162,4158971349,44.0,22059928886353,45296,11affa,a44a21000,f7e4ddd5,06:07:39,33,37,169,248,1,282,1,10,15,15,10,0,0
12690,Privileged Cont,136520981946368,1159162,4158971349,44.0,22059930031962,38892,11affa,a44a22000,f7e4ddd5,06:07:39,34,37,169,248,1,282,1,10,15,15,10,0,0
12690,Privileged Cont,136520981950464,1159162,4158971349,44.0,22059930034647,41577,11affa,a44a23000,f7e4ddd5,06:07:39,35,37,169,248,1,282,1,10,15,15,10,0,0
12690,Privileged Cont,136520981954560,1159162,4158971349,44.0,22059930035876,42806,11affa,a44a24000,f7e4ddd5,06:07:39,36,37,169,248,1,282,1,10,15,15,10,0,0
12690,Privileged Cont,136520981958656,1159162,4158971349,44.0,22059930637632,553878,11affa,a44a25000,f7e4ddd5,06:07:39,37,37,169,248,1,282,1,10,15,15,10,0,2
12690,Privileged Cont,136520981962752,1159162,4158971349,44.0,22059946979855,98234,11affa,a44a26000,f7e4ddd5,06:07:39,38,37,169,248,1,282,1,10,15,15,10,0,0
12690,Privileged Cont,136520981966848,1159162,4158971349,44.0,22059958077729,79877,11affa,a44a27000,f7e4ddd5,06:07:39,39,37,169,248,1,282,1,10,15,15,10,0,0
12690,Privileged Cont,136520981970944,1159162,4158971349,44.0,22059978697860,128751,11affa,a44a28000,f7e4ddd5,06:07:39,40,37,169,248,1,282,1,10,15,15,10,0,1
12690,Privileged Cont,136520981975040,1159162,4158971349,44.0,22059990387473,39678,11affa,a44a29000,f7e4ddd5,06:07:39,41,37,169,248,1,282,1,10,15,15,10,0,0
12690,Privileged Cont,136520981979136,1159162,4158971349,44.0,22060010848551,40529,11affa,a44a2a000,f7e4ddd5,06:07:40,42,37,169,248,1,282,1,10,15,15,10,0,0
12690,Privileged Cont,136520981983232,1159162,4158971349,44.0,22060011156329,348307,11affa,a44a2b000,f7e4ddd5,06:07:40,43,37,169,248,1,282,1,10,15,15,10,0,2
12690,Privileged Cont,136520981991424,1159162,4158971349,44.0,22060020227344,40942,11affa,a44a2d000,f7e4ddd5,06:07:40,45,37,169,248,1,282,1,10,15,15,10,0,0
12690,Privileged Cont,136520981995520,1152326,4158971349,45.0,22060022774003,41692,119546,a44a2e000,f7e4ddd5,06:07:40,46,37,169,248,1,281,1,9,5,4,6,-2370,0
12690,Privileged Cont,136520981999616,1156450,4158971349,46.0,22060025857622,38337,11a562,a44a2f000,f7e4ddd5,06:07:40,47,37,169,248,1,282,1,10,5,6,2,-74907,0
12690,Privileged Cont,136520982003712,1098402,4158971349,60.0,22060025861504,42219,10c2a2,a44a30000,f7e4ddd5,06:07:40,48,37,169,248,1,268,0,12,2,10,2,0,0
12690,Privileged Cont,136520982007808,1098402,4158971349,60.0,22060026784685,35897,10c2a2,a44a31000,f7e4ddd5,06:07:40,49,37,169,248,1,268,0,12,2,10,2,0,0
12690,Privileged Cont,136520982016000,1098402,4158971349,60.0,22060026796288,47500,10c2a2,a44a33000,f7e4ddd5,06:07:40,51,37,169,248,1,268,0,12,2,10,2,0,0
12690,Privileged Cont,136520982020096,1098402,4158971349,60.0,22060026797910,49122,10c2a2,a44a34000,f7e4ddd5,06:07:40,52,37,169,248,1,268,0,12,2,10,2,0,0
12690,Privileged Cont,136520982024192,1098402,4158971349,60.0,22060026799154,50366,10c2a2,a44a35000,f7e4ddd5,06:07:40,53,37,169,248,1,268,0,12,2,10,2,0,0
12690,Privileged Cont,136520982028288,1098402,4158971349,60.0,22060026801786,52998,10c2a2,a44a36000,f7e4ddd5,06:07:40,54,37,169,248,1,268,0,12,2,10,2,0,0
12690,Privileged Cont,136520981807104,1207247,4158971349,10.0,22060027126481,377693,126bcf,a44a00000,f7e4ddd5,06:07:40,0,37,169,248,1,294,2,6,11,12,15,0,2
12690,Privileged Cont,136520981852160,1207247,4158971349,10.0,22060027129080,380292,126bcf,a44a0b000,f7e4ddd5,06:07:40,11,37,169,248,1,294,2,6,11,12,15,0,2
12690,Privileged Cont,136520981856256,1175092,4158971349,11.0,22060027130311,381523,11ee34,a44a0c000,f7e4ddd5,06:07:40,12,37,169,248,1,286,1,14,14,3,4,0,2
12690,Privileged Cont,136520981860352,1175093,4158971349,12.0,22060027131446,382658,11ee35,a44a0d000,f7e4ddd5,06:07:40,13,37,169,248,1,286,1,14,14,3,5,0,2
12690,Privileged Cont,136520981864448,1175094,4158971349,13.0,22060027132687,383899,11ee36,a44a0e000,f7e4ddd5,06:07:40,14,37,169,248,1,286,1,14,14,3,6,-26665,2
12690,Privileged Cont,136520981868544,1175095,4158971349,14.0,22060027135769,386981,11ee37,a44a0f000,f7e4ddd5,06:07:40,15,37,169,248,1,286,1,14,14,3,7,0,2
12690,Privileged Cont,136520981872640,1234704,4158971349,31.0,22060031759434,41796,12d710,a44a10000,f7e4ddd5,06:07:40,16,37,169,248,1,301,2,13,7,1,0,0,0
12690,Privileged Cont,136520981876736,1234704,4158971349,31.0,22060032386792,52174,12d710,a44a11000,f7e4ddd5,06:07:40,17,37,169,248,1,301,2,13,7,1,0,0,0
12690,Privileged Cont,136520981880832,1234704,4158971349,31.0,22060032854101,38926,12d710,a44a12000,f7e4ddd5,06:07:40,18,37,169,248,1,301,2,13,7,1,0,0,0
12690,Privileged Cont,136520981884928,1234704,4158971349,31.0,22060033848445,185901,12d710,a44a13000,f7e4ddd5,06:07:40,19,37,169,248,1,301,2,13,7,1,0,0,1
12690,Privileged Cont,136520981889024,1234704,4158971349,31.0,22060034413816,35256,12d710,a44a14000,f7e4ddd5,06:07:40,20,37,169,248,1,301,2,13,7,1,0,0,0
12690,Privileged Cont,136520981893120,1234704,4158971349,31.0,22060035857362,35714,12d710,a44a15000,f7e4ddd5,06:07:40,21,37,169,248,1,301,2,13,7,1,0,0,0
12690,Privileged Cont,136520981897216,1234704,4158971349,31.0,22060036238724,36378,12d710,a44a16000,f7e4ddd5,06:07:40,22,37,169,248,1,301,2,13,7,1,0,0,0
12690,Privileged Cont,136520981901312,1234704,4158971349,31.0,22060036272946,70600,12d710,a44a17000,f7e4ddd5,06:07:40,23,37,169,248,1,301,2,13,7,1,0,0,0
12690,Privileged Cont,136520981905408,1234704,4158971349,31.0,22060036643819,441473,12d710,a44a18000,f7e4ddd5,06:07:40,24,37,169,248,1,301,2,13,7,1,0,0,2
12690,Privileged Cont,136520981909504,1234704,4158971349,31.0,22060036645838,443492,12d710,a44a19000,f7e4ddd5,06:07:40,25,37,169,248,1,301,2,13,7,1,0,0,2
12690,Privileged Cont,136520981913600,1234704,4158971349,31.0,22060036647302,444956,12d710,a44a1a000,f7e4ddd5,06:07:40,26,37,169,248,1,301,2,13,7,1,0,0,2
12690,Privileged Cont,136520981917696,1234704,4158971349,31.0,22060051182127,69438,12d710,a44a1b000,f7e4ddd5,06:07:40,27,37,169,248,1,301,2,13,7,1,0,0,0
12690,Privileged Cont,136520982065152,1098402,4158971349,60.0,22060051213248,100559,10c2a2,a44a3f000,f7e4ddd5,06:07:40,63,37,169,248,1,268,0,12,2,10,2,0,1
12326,firefox,136529652752384,1234178,529335196,10.0,22077008482918,116840,12d502,c49742000,1f8d039c,06:07:57,322,75,177,248,1,301,2,13,5,0,2,128141,1
9012,gsd-housekeepin,104179586142208,1137130,936251515,9.0,22079880542527,546500,1159ea,33399000,37ce107b,06:07:59,409,409,256,189,1,277,1,5,9,14,10,-60303,2
5376,upowerd,131283344551936,843978,416938137,48.0,22081373216492,529317,ce0ca,6c91df000,18d9f899,06:08:01,479,72,411,238,0,206,12,14,0,12,10,335574,2
12326,firefox,136529576390656,1239740,4090414856,52.0,22099168884616,45243,12eabc,c44e6f000,f3cec708,06:08:19,111,39,177,248,1,302,2,14,10,11,12,577238,0
12326,firefox,136529652752384,1154768,529335196,10.0,22100537645693,610403,119ed0,c49742000,1f8d039c,06:08:20,322,75,177,248,1,281,1,9,14,13,0,-79410,2
12326,firefox,136529576411136,340434,4090414856,66.0,22114813170233,38938,531d2,c44e74000,f3cec708,06:08:34,116,39,177,248,0,83,5,3,1,13,2,255366,0
12326,firefox,136529576288256,1155134,4090414856,33.0,22114813176617,45322,11a03e,c44e56000,f3cec708,06:08:34,86,39,177,248,1,282,1,10,0,3,14,-77764,0
12326,firefox,136529576390656,1220664,4090414856,45.0,22114813497387,366092,12a038,c44e6f000,f3cec708,06:08:34,111,39,177,248,1,298,2,10,0,3,8,0,2
12326,firefox,136529576361984,266903,4090414856,53.0,22114813729044,597749,41297,c44e68000,f3cec708,06:08:34,104,39,177,248,0,65,4,1,2,9,7,-613551,2
12326,firefox,136529576423424,340434,4090414856,66.0,22114845543843,504351,531d2,c44e77000,f3cec708,06:08:34,119,39,177,248,0,83,5,3,1,13,2,0,2
12326,firefox,136529576218624,1150544,4090414856,20.0,22115314457455,45127,118e50,c44e45000,f3cec708,06:08:35,69,39,177,248,1,280,1,8,14,5,0,0,0
12326,firefox,136529576374272,266903,4090414856,53.0,22115317067559,40471,41297,c44e6b000,f3cec708,06:08:35,107,39,177,248,0,65,4,1,2,9,7,0,0
12326,firefox,136529576226816,1150544,4090414856,20.0,22115318458825,539765,118e50,c44e47000,f3cec708,06:08:35,71,39,177,248,1,280,1,8,14,5,0,0,2
12326,firefox,136529576230912,1150544,4090414856,20.0,22115319800390,656017,118e50,c44e48000,f3cec708,06:08:35,72,39,177,248,1,280,1,8,14,5,0,0,2
12326,firefox,136529576341504,266903,4090414856,53.0,22115320833006,160432,41297,c44e63000,f3cec708,06:08:35,99,39,177,248,0,65,4,1,2,9,7,0,1
9012,gsd-housekeepin,104179586142208,7703,936251515,9.0,22139796725983,694031,1e17,33399000,37ce107b,06:08:59,409,409,256,189,0,1,0,1,14,1,7,-1129427,2
9012,gsd-housekeepin,104179586142208,823897,936251515,9.0,22199796322773,375643,c9259,33399000,37ce107b,06:09:59,409,409,256,189,0,201,12,9,2,5,9,816194,2
5376,upowerd,131283344551936,1198738,416938137,48.0,22231954851555,4351956,124a92,6c91df000,18d9f899,06:10:31,479,72,411,238,1,292,2,4,10,9,2,354760,3
9012,gsd-housekeepin,104179586142208,624103,936251515,9.0,22259841126558,70270,985e7,33399000,37ce107b,06:10:59,409,409,256,189,0,152,9,8,5,14,7,-199794,0
12550,Socket Thread,136530003456000,1225739,3318933479,173.0,22285338340083,106093,12b40b,c5e5b7000,c5d2e7e7,06:11:25,439,242,177,248,1,299,2,11,4,0,11,0,1
5376,upowerd,131283344551936,873705,416938137,48.0,22292035308855,197300,d54e9,6c91df000,18d9f899,06:11:32,479,72,411,238,0,213,13,5,4,14,9,-325033,1
12550,Socket Thread,136530002518016,1177398,3570161126,352.0,22294808747713,2068398,11f736,c5e4d2000,d4cc55e6,06:11:34,210,242,177,248,1,287,1,15,7,3,6,292489,3
12550,Socket Thread,136530003456000,1141582,3318933479,173.0,22306019136054,1044489,116b4e,c5e5b7000,c5d2e7e7,06:11:46,439,242,177,248,1,278,1,6,11,4,14,-84157,2
14353,Isolated Web Co,140583410884608,1176678,2514891851,0.0,22312613204249,4229,11f466,c20446000,95e6344b,06:11:52,70,258,368,255,1,287,1,15,4,6,6,401185,0
14353,Isolated Web Co,140583410892800,1122038,2514891851,1.0,22312616433945,298661,111ef6,c20448000,95e6344b,06:11:52,72,258,368,255,1,273,1,1,14,15,6,21932,2
14353,Isolated Web Co,140583410888704,1089372,2514891851,3.0,22312617040826,36400,109f5c,c20447000,95e6344b,06:11:52,71,258,368,255,1,265,0,9,15,5,12,-45278,0
14353,Isolated Web Co,140583410896896,1089372,2514891851,3.0,22312617368365,363939,109f5c,c20449000,95e6344b,06:11:52,73,258,368,255,1,265,0,9,15,5,12,0,2
14353,Isolated Web Co,140583411167232,1050165,2514891851,69.0,22312665495206,300706,100635,c2048b000,95e6344b,06:11:52,139,258,368,255,1,256,0,0,6,3,5,574773,2
9012,gsd-housekeepin,104179586142208,1164704,936251515,9.0,22321585854583,892719,11c5a0,33399000,37ce107b,06:12:01,409,409,256,189,1,284,1,12,5,10,0,540601,2
5376,upowerd,131283344551936,1242514,416938137,48.0,22322077275510,471376,12f592,6c91df000,18d9f899,06:12:02,479,72,411,238,1,303,2,15,5,9,2,368809,2
12550,Socket Thread,136530002518016,1228716,3570161126,352.0,22377565009958,162506,12bfac,c5e4d2000,d4cc55e6,06:12:57,210,242,177,248,1,299,2,11,15,10,12,51318,1
14353,Isolated Web Co,140583418867712,705408,3489390787,32.0,22377810827362,64172,ac380,c20be3000,cffbe0c3,06:12:57,483,261,368,255,0,172,10,12,3,8,0,0,0
12550,Socket Thread,136530013138944,1241253,2265375813,49.0,22378191219966,284838,12f0a5,c5eef3000,8706e445,06:12:58,243,247,177,248,1,303,2,15,0,10,5,49277,2
9012,gsd-housekeepin,104179586142208,159500,936251515,9.0,22380796898834,42339,26f0c,33399000,37ce107b,06:13:00,409,409,256,189,0,38,2,6,15,0,12,-1005204,0
12550,Socket Thread,136530001027072,1230070,3285656337,95.0,22396025047622,60068,12c4f6,c5e366000,c3d72311,06:13:16,358,241,177,248,1,300,2,12,4,15,6,0,0
5376,upowerd,131283344551936,1198303,416938137,48.0,22412172189042,363160,1248df,6c91df000,18d9f899,06:13:32,479,72,411,238,1,292,2,4,8,13,15,-44211,2
12550,Socket Thread,136530001027072,1230070,3285656337,95.0,22424037195198,59361,12c4f6,c5e366000,c3d72311,06:13:44,358,241,177,248,1,300,2,12,4,15,6,0,0
9012,gsd-housekeepin,104179586142208,1196382,936251515,9.0,22440827924430,62790,12415e,33399000,37ce107b,06:14:00,409,409,256,189,1,292,2,4,1,5,14,1036882,0
12550,Socket Thread,136530002518016,28837,3570161126,352.0,22444474613043,757767,70a5,c5e4d2000,d4cc55e6,06:14:04,210,242,177,248,0,7,0,7,0,10,5,-1199879,2
14353,Isolated Web Co,140583418826752,737526,3489390787,22.0,22465964715725,476294,b40f6,c20bd9000,cffbe0c3,06:14:25,473,261,368,255,0,180,11,4,0,15,6,0,2
12550,Socket Thread,136529532887040,1129229,672506030,269.0,22475583138977,1174822,113b0d,c424f2000,2815a0ae,06:14:35,242,18,177,248,1,275,1,3,11,0,13,0,2
5376,upowerd,131283344551936,1145886,416938137,48.0,22502267299405,48138,117c1e,6c91df000,18d9f899,06:15:02,479,72,411,238,1,279,1,7,12,1,14,-52417,0
12550,Socket Thread,136530002518016,1218209,3570161126,352.0,22539977797770,64628,1296a1,c5e4d2000,d4cc55e6,06:15:39,210,242,177,248,1,297,2,9,6,10,1,1189372,0
8773,gnome-shell,130163438342144,1197246,2431900669,7.0,22556816420383,851384,1244be,209815000,90f3dbfd,06:15:56,21,76,392,236,1,292,2,4,4,11,14,830317,2
8773,gnome-shell,130163439484928,1197972,371281811,7.0,22556827568186,494494,124794,20992c000,16214f93,06:15:56,300,76,392,236,1,292,2,4,7,9,4,913653,2
8773,gnome-shell,130163211317248,1126561,1203427901,7.0,22557111784196,358470,1130a1,1fbf93000,47bada3d,06:15:57,403,479,391,236,1,275,1,3,0,10,1,903155,2
8773,gnome-shell,130163615150080,331798,2173146232,39.0,22557532985288,485192,51016,2140b3000,81879478,06:15:57,179,160,392,236,0,81,5,1,0,1,6,-317949,2
12690,Privileged Cont,140583411404800,742041,2514891851,127.0,22579476064738,909972,b5299,c204c5000,95e6344b,06:16:19,197,258,368,255,0,181,11,5,2,9,9,-371814,2
12690,Privileged Cont,140583411408896,742022,2514891851,128.0,22579476975477,708090,b5286,c204c6000,95e6344b,06:16:19,198,258,368,255,0,181,11,5,2,8,6,-374266,2
12690,Privileged Cont,140583411412992,604750,2514891851,129.0,22579478632983,614832,93a4e,c204c7000,95e6344b,06:16:19,199,258,368,255,0,147,9,3,10,4,14,-511539,2
12690,Privileged Cont,140583411417088,775908,2514891851,130.0,22579479315345,43911,bd6e4,c204c8000,95e6344b,06:16:19,200,258,368,255,0,189,11,13,6,14,4,-340382,0
12690,Privileged Cont,140583411421184,512662,2514891851,131.0,22579480137572,50545,7d296,c204c9000,95e6344b,06:16:19,201,258,368,255,0,125,7,13,2,9,6,-603629,0
12690,Privileged Cont,140583411425280,847344,2514891851,132.0,22579480870237,43405,cedf0,c204ca000,95e6344b,06:16:19,202,258,368,255,0,206,12,14,13,15,0,-268948,0
12690,Privileged Cont,140583411429376,641290,2514891851,133.0,22579481450634,68705,9c90a,c204cb000,95e6344b,06:16:19,203,258,368,255,0,156,9,12,9,0,10,-475003,0
12690,Privileged Cont,140583411433472,689170,2514891851,134.0,22579482198123,44155,a8412,c204cc000,95e6344b,06:16:19,204,258,368,255,0,168,10,8,4,1,2,-427124,0
12690,Privileged Cont,136520982114304,1106363,4158971349,79.0,22616875064562,328814,10e1bb,a44a4b000,f7e4ddd5,06:16:56,75,37,169,248,1,270,0,14,1,11,11,590542,2
12690,Privileged Cont,136520982110208,1106363,4158971349,79.0,22616886349197,55625,10e1bb,a44a4a000,f7e4ddd5,06:16:56,74,37,169,248,1,270,0,14,1,11,11,0,0
12690,Privileged Cont,136520982122496,1106363,4158971349,79.0,22616907738035,75181,10e1bb,a44a4d000,f7e4ddd5,06:16:56,77,37,169,248,1,270,0,14,1,11,11,0,0
12690,Privileged Cont,136520982093824,1106363,4158971349,79.0,22616910024996,38588,10e1bb,a44a46000,f7e4ddd5,06:16:56,70,37,169,248,1,270,0,14,1,11,11,0,0
12550,Socket Thread,136530002518016,706259,3570161126,352.0,22617417653672,265312,ac6d3,c5e4d2000,d4cc55e6,06:16:57,210,242,177,248,0,172,10,12,6,13,3,-511950,2
9012,gsd-housekeepin,104179586142208,1154645,936251515,9.0,22680797389682,510015,119e55,33399000,37ce107b,06:18:00,409,409,256,189,1,281,1,9,14,5,5,-41737,2
12550,Socket Thread,136530002518016,698870,3570161126,352.0,22753983456023,369189,aa9f6,c5e4d2000,d4cc55e6,06:19:13,210,242,177,248,0,170,10,10,9,15,6,-7389,2
12550,Socket Thread,136531098628096,869630,2927634355,282.0,22754869279736,11264843,d44fe,c9fa27000,ae8027b3,06:19:14,39,253,178,248,0,212,13,4,4,15,14,0,3
14353,Isolated Web Co,140583410892800,1203410,2514891851,1.0,22828608936667,49421,125cd2,c20448000,95e6344b,06:20:28,72,258,368,255,1,293,2,5,12,13,2,81372,0
14353,Isolated Web Co,140583410888704,1111380,2514891851,3.0,22828612291905,172269,10f554,c20447000,95e6344b,06:20:28,71,258,368,255,1,271,0,15,5,5,4,22008,1
12550,Socket Thread,136530001027072,1235487,3285656337,95.0,22917186677969,126868,12da1f,c5e366000,c3d72311,06:21:57,358,241,177,248,1,301,2,13,10,1,15,5417,1
12550,Socket Thread,136530013138944,1241253,2265375813,49.0,22918389365625,3730121,12f0a5,c5eef3000,8706e445,06:21:58,243,247,177,248,1,303,2,15,0,10,5,0,3
9012,gsd-housekeepin,104179586142208,69580,936251515,9.0,22920804870814,419928,10fcc,33399000,37ce107b,06:22:00,409,409,256,189,0,16,1,0,15,12,12,-1085065,2
5376,upowerd,131283344551936,1242749,416938137,48.0,22922836524959,324257,12f67d,6c91df000,18d9f899,06:22:02,479,72,411,238,1,303,2,15,6,7,13,96863,2
12690,Privileged Cont,140583411404800,885464,2514891851,127.0,22943354321904,99409,d82d8,c204c5000,95e6344b,06:22:23,197,258,368,255,0,216,13,8,2,13,8,143423,0
12690,Privileged Cont,140583411408896,885465,2514891851,128.0,22943357792114,64559,d82d9,c204c6000,95e6344b,06:22:23,198,258,368,255,0,216,13,8,2,13,9,143443,0
12690,Privileged Cont,140583411412992,370145,2514891851,129.0,22943358754133,61055,5a5e1,c204c7000,95e6344b,06:22:23,199,258,368,255,0,90,5,10,5,14,1,-234605,0
12690,Privileged Cont,140583411417088,898310,2514891851,130.0,22943359285810,40165,db506,c204c8000,95e6344b,06:22:23,200,258,368,255,0,219,13,11,5,0,6,122402,0
12690,Privileged Cont,140583411421184,874266,2514891851,131.0,22943360161615,51966,d571a,c204c9000,95e6344b,06:22:23,201,258,368,255,0,213,13,5,7,1,10,361604,0
12690,Privileged Cont,140583411425280,874268,2514891851,132.0,22943361107111,997462,d571c,c204ca000,95e6344b,06:22:23,202,258,368,255,0,213,13,5,7,1,12,26924,2
12690,Privileged Cont,140583411429376,662828,2514891851,133.0,22943362234400,971680,a1d2c,c204cb000,95e6344b,06:22:23,203,258,368,255,0,161,10,1,13,2,12,21538,2
12690,Privileged Cont,140583411433472,662830,2514891851,134.0,22943362787501,459955,a1d2e,c204cc000,95e6344b,06:22:23,204,258,368,255,0,161,10,1,13,2,14,-26340,2
12690,Privileged Cont,140583411044352,416304,2514891851,39.0,22943468898255,68497,65a30,c2046d000,95e6344b,06:22:23,109,258,368,255,0,101,6,5,10,3,0,-699997,0
12690,Privileged Cont,140583411048448,838112,2514891851,40.0,22943469527028,38124,cc9e0,c2046e000,95e6344b,06:22:23,110,258,368,255,0,204,12,12,9,14,0,-278190,0
12690,Privileged Cont,140583411519488,274672,2514891851,170.0,22943487693641,368004,430f0,c204e1000,95e6344b,06:22:23,225,258,368,255,0,67,4,3,0,15,0,0,2
9012,gsd-housekeepin,104179586142208,556998,936251515,9.0,22980805732951,877926,87fc6,33399000,37ce107b,06:23:00,409,409,256,189,0,135,8,7,15,12,6,487418,2
5376,upowerd,131283344551936,1112769,416938137,48.0,23042990985711,40019,10fac1,6c91df000,18d9f899,06:24:02,479,72,411,238,1,271,0,15,10,12,1,-129980,0
12690,Privileged Cont,136520982085632,1174390,4158971349,69.0,23071174791843,475302,11eb76,a44a44000,f7e4ddd5,06:24:31,68,37,169,248,1,286,1,14,11,7,6,46545,2
12690,Privileged Cont,136520982081536,1174390,4158971349,69.0,23071175297337,980796,11eb76,a44a43000,f7e4ddd5,06:24:31,67,37,169,248,1,286,1,14,11,7,6,0,2
12690,Privileged Cont,136520982069248,1174390,4158971349,69.0,23071176085804,1769263,11eb76,a44a40000,f7e4ddd5,06:24:31,64,37,169,248,1,286,1,14,11,7,6,0,2
12690,Privileged Cont,136520982077440,1174390,4158971349,69.0,23071177356027,3039486,11eb76,a44a42000,f7e4ddd5,06:24:31,66,37,169,248,1,286,1,14,11,7,6,0,3
12690,Privileged Cont,136520982073344,1174390,4158971349,69.0,23071181594908,538569,11eb76,a44a41000,f7e4ddd5,06:24:31,65,37,169,248,1,286,1,14,11,7,6,0,2
9012,gsd-housekeepin,104179586142208,518402,936251515,9.0,23100796669940,54679129,7e902,33399000,37ce107b,06:25:00,409,409,256,189,0,126,7,14,9,0,2,-38596,4
9012,gsd-housekeepin,104179586142208,1236292,936251515,9.0,23220799110411,58900,12dd44,33399000,37ce107b,06:27:00,409,409,256,189,1,301,2,13,13,4,4,717890,0
12550,Socket Thread,136530001027072,1222319,3285656337,95.0,23362379400862,4159170,12a6af,c5e366000,c3d72311,06:29:22,358,241,177,248,1,298,2,10,6,10,15,-13168,3
12550,Socket Thread,136530013138944,1241253,2265375813,49.0,23432115150111,54601,12f0a5,c5eef3000,8706e445,06:30:32,243,247,177,248,1,303,2,15,0,10,5,0,0
12550,Socket Thread,136530013138944,1217214,2265375813,49.0,23513868562395,992275,1292be,c5eef3000,8706e445,06:31:53,243,247,177,248,1,297,2,9,2,11,14,-24039,2
9012,gsd-housekeepin,104179586142208,1111253,936251515,9.0,23520799401442,804427,10f4d5,33399000,37ce107b,06:32:00,409,409,256,189,1,271,0,15,4,13,5,-125039,2
12550,Socket Thread,136530013138944,1217214,2265375813,49.0,23561610372747,52046,1292be,c5eef3000,8706e445,06:32:41,243,247,177,248,1,297,2,9,2,11,14,0,0
8773,gnome-shell,130163691044864,861969,557847574,10.0,23601036224969,59099,d2711,218914000,21401416,06:33:21,276,196,392,236,0,210,13,2,7,1,1,0,0
8773,gnome-shell,130163438276608,282750,1601961094,8.0,23607044037934,32572,4507e,209805000,5f7bfc86,06:33:27,5,76,392,236,0,69,4,5,0,7,14,0,0
8773,gnome-shell,94390288027648,1197309,154065361,2.0,23607113642293,388600,1244fd,8f3969000,92ed9d1,06:33:27,361,412,355,171,1,292,2,4,4,15,13,0,2
8773,gnome-shell,130163613081600,1167556,3829668971,2.0,23607246316574,316266,11d0c4,213eba000,e4441c6b,06:33:27,186,159,392,236,1,285,1,13,0,12,4,0,2
8773,gnome-shell,130163607269376,1057621,4083473290,1.0,23607265310034,309328,102355,21392f000,f364db8a,06:33:27,303,156,392,236,1,258,0,2,3,5,5,0,2
9012,gsd-housekeepin,104179586142208,281247,936251515,9.0,23640816805529,509935,44a9f,33399000,37ce107b,06:34:00,409,409,256,189,0,68,4,4,10,9,15,-830006,2
8773,gnome-shell,130163691044864,1270327,557847574,10.0,23660986175819,380993,136237,218914000,21401416,06:34:20,276,196,392,236,1,310,3,6,2,3,7,408358,2
12550,Socket Thread,136530003456000,1200742,3318933479,173.0,23663559381244,128671,125266,c5e5b7000,c5d2e7e7,06:34:23,439,242,177,248,1,293,2,5,2,6,6,59160,1
5376,upowerd,131283344551936,1188737,416938137,48.0,23673692187804,767058,122381,6c91df000,18d9f899,06:34:33,479,72,411,238,1,290,2,2,3,8,1,75968,2
12550,Socket Thread,136530003456000,1059047,3318933479,173.0,23690789927712,479080,1028e7,c5e5b7000,c5d2e7e7,06:34:50,439,242,177,248,1,258,0,2,8,14,7,-141695,2
9012,gsd-housekeepin,104179586142208,1227260,936251515,9.0,23700808229962,330464,12b9fc,33399000,37ce107b,06:35:00,409,409,256,189,1,299,2,11,9,15,12,946013,2
12550,Socket Thread,136530003456000,1240103,3318933479,173.0,23701009206271,404062,12ec27,c5e5b7000,c5d2e7e7,06:35:01,439,242,177,248,1,302,2,14,12,2,7,181056,2
5376,upowerd,131283344551936,1247280,416938137,48.0,23703819491784,6677144,130830,6c91df000,18d9f899,06:35:03,479,72,411,238,1,304,3,0,8,3,0,58543,3
8773,gnome-shell,130163691044864,1238580,557847574,10.0,23720991722161,485853,12e634,218914000,21401416,06:35:20,276,196,392,236,1,302,2,14,6,3,4,-31747,2
12550,Socket Thread,136530002518016,1168696,3570161126,352.0,23721083760074,61538,11d538,c5e4d2000,d4cc55e6,06:35:21,210,242,177,248,1,285,1,13,5,3,8,469826,0
12550,Socket Thread,136530003456000,1108033,3318933479,173.0,23723610803085,107930,10e841,c5e5b7000,c5d2e7e7,06:35:23,439,242,177,248,1,270,0,14,8,4,1,-132070,1
5376,upowerd,131283344551936,1239948,416938137,48.0,23733956937659,662262,12eb8c,6c91df000,18d9f899,06:35:33,479,72,411,238,1,302,2,14,11,8,12,-7332,2
12550,Socket Thread,136530001027072,1245900,3285656337,95.0,23737497471080,52104,1302cc,c5e366000,c3d72311,06:35:37,358,241,177,248,1,304,3,0,2,12,12,23581,0
9012,gsd-housekeepin,104179586142208,619788,936251515,9.0,23760802668474,471989,9750c,33399000,37ce107b,06:36:00,409,409,256,189,0,151,9,7,5,0,12,-607472,2
5376,upowerd,131283344551936,1085875,416938137,48.0,23764082857096,340878,1091b3,6c91df000,18d9f899,06:36:04,479,72,411,238,1,265,0,9,1,11,3,-154073,2
12550,Socket Thread,136530002518016,1180062,3570161126,352.0,23775415702276,38053,12019e,c5e4d2000,d4cc55e6,06:36:15,210,242,177,248,1,288,2,0,1,9,14,11366,0
8773,gnome-shell,130163691044864,23361,557847574,10.0,23780990468083,312121,5b41,218914000,21401416,06:36:20,276,196,392,236,0,5,0,5,11,4,1,-1215219,2
12690,Privileged Cont,140583418888192,1163969,3489390787,25.0,23790149282801,43806,11c2c1,c20be8000,cffbe0c3,06:36:30,488,261,368,255,1,284,1,12,2,12,1,0,0
5376,upowerd,131283344551936,1148341,416938137,48.0,23794338883933,494792,1185b5,6c91df000,18d9f899,06:36:34,479,72,411,238,1,280,1,8,5,11,5,62466,2
12690,Privileged Cont,140583418863616,1222525,3489390787,32.0,23797070319064,42247,12a77d,c20be2000,cffbe0c3,06:36:37,482,261,368,255,1,298,2,10,7,7,13,0,0
9012,gsd-housekeepin,104179586142208,1089068,936251515,9.0,23820805343320,445058,109e2c,33399000,37ce107b,06:37:00,409,409,256,189,1,265,0,9,14,2,12,469280,2
12550,Socket Thread,136530003456000,1110843,3318933479,173.0,23838317556405,2801963,10f33b,c5e5b7000,c5d2e7e7,06:37:18,439,242,177,248,1,271,0,15,3,3,11,2810,3
12550,Socket Thread,136530002518016,1205627,3570161126,352.0,23839389928059,61510,12657b,c5e4d2000,d4cc55e6,06:37:19,210,242,177,248,1,294,2,6,5,7,11,25565,0
8773,gnome-shell,130163691044864,1201683,557847574,10.0,23841222162360,415605,125613,218914000,21401416,06:37:21,276,196,392,236,1,293,2,5,6,1,3,1178322,2
12550,Socket Thread,136530002518016,1235477,3570161126,352.0,23842106355597,1135459,12da15,c5e4d2000,d4cc55e6,06:37:22,210,242,177,248,1,301,2,13,10,1,5,29850,2
5376,upowerd,131283344551936,1177016,416938137,48.0,23854468796042,608473,11f5b8,6c91df000,18d9f899,06:37:34,479,72,411,238,1,287,1,15,5,11,8,28675,2
12550,Socket Thread,136530003456000,1142584,3318933479,173.0,23864304876036,125088,116f38,c5e5b7000,c5d2e7e7,06:37:44,439,242,177,248,1,278,1,6,15,3,8,31741,1
12550,Socket Thread,136530013138944,1223879,2265375813,49.0,23870051315367,405807,12acc7,c5eef3000,8706e445,06:37:50,243,247,177,248,1,298,2,10,12,12,7,6665,2
9012,gsd-housekeepin,104179586142208,1151485,936251515,9.0,23880804792082,262726,1191fd,33399000,37ce107b,06:38:00,409,409,256,189,1,281,1,9,1,15,13,62417,2
12550,Socket Thread,136530003456000,1113266,3318933479,173.0,23883432916805,102508,10fcb2,c5e5b7000,c5d2e7e7,06:38:03,439,242,177,248,1,271,0,15,12,11,2,-29318,1
5376,upowerd,131283344551936,1151639,416938137,48.0,23884534470314,807526,119297,6c91df000,18d9f899,06:38:04,479,72,411,238,1,281,1,9,2,9,7,-25377,2
12550,Socket Thread,136530003456000,1171012,3318933479,173.0,23894202866514,404477,11de44,c5e5b7000,c5d2e7e7,06:38:14,439,242,177,248,1,285,1,13,14,4,4,57746,2
8773,gnome-shell,130163691044864,1209530,557847574,10.0,23900994425963,440796,1274ba,218914000,21401416,06:38:20,276,196,392,236,1,295,2,7,4,11,10,7847,2
5376,upowerd,131283344551936,1236453,416938137,48.0,23914605398859,447245,12dde5,6c91df000,18d9f899,06:38:34,479,72,411,238,1,301,2,13,13,14,5,84814,2
9012,gsd-housekeepin,104179586142208,1098498,936251515,9.0,23940800570143,379735,10c302,33399000,37ce107b,06:39:00,409,409,256,189,1,268,0,12,3,0,2,-52987,2
12550,Socket Thread,136530013138944,1178127,2265375813,49.0,23944200838924,43433,11fa0f,c5eef3000,8706e445,06:39:04,243,247,177,248,1,287,1,15,10,0,15,-45752,0
5376,upowerd,131283344551936,1240456,416938137,48.0,23944669707325,610549,12ed88,6c91df000,18d9f899,06:39:04,479,72,411,238,1,302,2,14,13,8,8,4003,2
12550,Socket Thread,136530013138944,1178127,2265375813,49.0,23947174942811,189915,11fa0f,c5eef3000,8706e445,06:39:07,243,247,177,248,1,287,1,15,10,0,15,0,1
12550,Socket Thread,136530002518016,1125909,3570161126,352.0,23955141130430,184165,112e15,c5e4d2000,d4cc55e6,06:39:15,210,242,177,248,1,274,1,2,14,1,5,-109568,1
8773,gnome-shell,130163691044864,1149471,557847574,10.0,23961008495833,201247,118a1f,218914000,21401416,06:39:21,276,196,392,236,1,280,1,8,10,1,15,-60059,2
5376,upowerd,131283344551936,1147863,416938137,48.0,23974762300816,6821240,1183d7,6c91df000,18d9f899,06:39:34,479,72,411,238,1,280,1,8,3,13,7,-92593,3
9012,gsd-housekeepin,104179586142208,258784,936251515,9.0,24000803352684,424718,3f2e0,33399000,37ce107b,06:40:00,409,409,256,189,0,63,3,15,2,14,0,-839714,2
5376,upowerd,131283344551936,1135754,416938137,48.0,24004907443151,1629660,11548a,6c91df000,18d9f899,06:40:04,479,72,411,238,1,277,1,5,4,8,10,-12109,2
12550,Socket Thread,136530002518016,1142220,3570161126,352.0,24005596547947,393804,116dcc,c5e4d2000,d4cc55e6,06:40:05,210,242,177,248,1,278,1,6,13,12,12,16311,2
12550,Socket Thread,136530001027072,1155077,3285656337,95.0,24011904104860,65036,11a005,c5e366000,c3d72311,06:40:11,358,241,177,248,1,282,1,10,0,0,5,-90823,0
12550,Socket Thread,136530002518016,1172518,3570161126,352.0,24012934236261,60635,11e426,c5e4d2000,d4cc55e6,06:40:12,210,242,177,248,1,286,1,14,4,2,6,30298,0
8773,gnome-shell,130163691044864,855978,557847574,10.0,24021006613162,544103,d0faa,218914000,21401416,06:40:21,276,196,392,236,0,208,13,0,15,10,10,-293493,2
12550,Socket Thread,136530002518016,847220,3570161126,352.0,24021031179243,108783,ced74,c5e4d2000,d4cc55e6,06:40:21,210,242,177,248,0,206,12,14,13,7,4,-325298,1
12550,Socket Thread,136530003456000,1225100,3318933479,173.0,24029480964625,109385,12b18c,c5e5b7000,c5d2e7e7,06:40:29,439,242,177,248,1,299,2,11,1,8,12,54088,1
5376,upowerd,131283344551936,1168173,416938137,48.0,24035091496018,26592152,11d32d,6c91df000,18d9f899,06:40:35,479,72,411,238,1,285,1,13,3,2,13,32419,4
12690,Privileged Cont,140583418888192,1240764,3489390787,31.0,24043373883470,343662,12eebc,c20be8000,cffbe0c3,06:40:43,488,261,368,255,1,302,2,14,14,11,12,0,2
12690,Privileged Cont,140583418888192,1227845,3489390787,30.0,24053232814975,37846,12bc45,c20be8000,cffbe0c3,06:40:53,488,261,368,255,1,299,2,11,12,4,5,0,0
12550,Socket Thread,136530003456000,1120612,3318933479,173.0,24056217823673,388011,111964,c5e5b7000,c5d2e7e7,06:40:56,439,242,177,248,1,273,1,1,9,6,4,-104488,2
9012,gsd-housekeepin,104179586142208,595574,936251515,9.0,24060803523801,346486,91676,33399000,37ce107b,06:41:00,409,409,256,189,0,145,9,1,6,7,6,336790,2
5376,upowerd,131283344551936,1232541,416938137,48.0,24065807966805,3967254,12ce9d,6c91df000,18d9f899,06:41:05,479,72,411,238,1,300,2,12,14,9,13,64368,3
12550,Socket Thread,136530013138944,1243429,2265375813,49.0,24071671043901,115088,12f925,c5eef3000,8706e445,06:41:11,243,247,177,248,1,303,2,15,9,2,5,65302,1
8773,gnome-shell,130163691044864,1244895,557847574,10.0,24080997431914,348794,12fedf,218914000,21401416,06:41:20,276,196,392,236,1,303,2,15,14,13,15,388917,2
12690,Privileged Cont,140583418863616,1238165,3489390787,32.0,24095253189494,37265,12e495,c20be2000,cffbe0c3,06:41:35,482,261,368,255,1,302,2,14,4,9,5,15640,0
12550,Socket Thread,136530001027072,1244537,3285656337,95.0,24095549364729,516592,12fd79,c5e366000,c3d72311,06:41:35,358,241,177,248,1,303,2,15,13,7,9,89460,2
5376,upowerd,131283344551936,843923,416938137,48.0,24096035972190,573242,ce093,6c91df000,18d9f899,06:41:36,479,72,411,238,0,206,12,14,0,9,3,-388618,2
12690,Privileged Cont,140583418888192,1180545,3489390787,31.0,24106184245968,433496,120381,c20be8000,cffbe0c3,06:41:46,488,261,368,255,1,288,2,0,3,8,1,-60219,2
12690,Privileged Cont,140583418863616,1139079,3489390787,32.0,24106354829267,407660,116187,c20be2000,cffbe0c3,06:41:46,482,261,368,255,1,278,1,6,1,8,7,-99086,2
9012,gsd-housekeepin,104179586142208,477592,936251515,9.0,24120804755098,619943,74998,33399000,37ce107b,06:42:00,409,409,256,189,0,116,7,4,9,9,8,-117982,2
5376,upowerd,131283344551936,1226568,416938137,48.0,24126091097700,323513,12b748,6c91df000,18d9f899,06:42:06,479,72,411,238,1,299,2,11,7,4,8,382645,2
12690,Privileged Cont,140583418863616,1237960,3489390787,25.0,24151697971471,476000,12e3c8,c20be2000,cffbe0c3,06:42:31,482,261,368,255,1,302,2,14,3,12,8,73991,2
12690,Privileged Cont,140583418818560,1121734,3489390787,22.0,24151702800326,243553,111dc6,c20bd7000,cffbe0c3,06:42:31,471,261,368,255,1,273,1,1,13,12,6,0,2
12690,Privileged Cont,140583418834944,1121734,3489390787,22.0,24151765445982,43446,111dc6,c20bdb000,cffbe0c3,06:42:31,475,261,368,255,1,273,1,1,13,12,6,0,0
12550,Socket Thread,136530013138944,1149218,2265375813,49.0,24166796187747,197231,118922,c5eef3000,8706e445,06:42:46,243,247,177,248,1,280,1,8,9,2,2,-94211,1
12550,Socket Thread,136530001027072,1105939,3285656337,95.0,24168287913878,102414161,10e013,c5e366000,c3d72311,06:42:48,358,241,177,248,1,270,0,14,0,1,3,-138598,4
12550,Socket Thread,136530013138944,1149218,2265375813,49.0,24175817207870,38492,118922,c5eef3000,8706e445,06:42:55,243,247,177,248,1,280,1,8,9,2,2,0,0
9012,gsd-housekeepin,104179586142208,1170655,936251515,9.0,24180810468536,4454204,11dcdf,33399000,37ce107b,06:43:00,409,409,256,189,1,285,1,13,12,13,15,693063,3
12550,Socket Thread,136530013138944,1149218,2265375813,49.0,24185691063045,258881,118922,c5eef3000,8706e445,06:43:05,243,247,177,248,1,280,1,8,9,2,2,0,2
5376,upowerd,131283344551936,1142245,416938137,48.0,24186158067390,529314,116de5,6c91df000,18d9f899,06:43:06,479,72,411,238,1,278,1,6,13,14,5,-84323,2
12550,Socket Thread,136530001027072,1116072,3285656337,95.0,24195616214808,1003218,1107a8,c5e366000,c3d72311,06:43:15,358,241,177,248,1,272,1,0,7,10,8,10133,2
12550,Socket Thread,136530002518016,1222064,3570161126,352.0,24195640571893,2812271,12a5b0,c5e4d2000,d4cc55e6,06:43:15,210,242,177,248,1,298,2,10,5,11,0,374844,3
12550,Socket Thread,136530013138944,1149218,2265375813,49.0,24207222725765,326594,118922,c5eef3000,8706e445,06:43:27,243,247,177,248,1,280,1,8,9,2,2,0,2
5376,upowerd,131283344551936,435937,416938137,48.0,24216215959223,498663,6a6e1,6c91df000,18d9f899,06:43:36,479,72,411,238,0,106,6,10,6,14,1,-706308,2
12550,Socket Thread,136530003456000,338736,3318933479,173.0,24221828010732,93666,52b30,c5e5b7000,c5d2e7e7,06:43:41,439,242,177,248,0,82,5,2,11,3,0,-781876,0
12550,Socket Thread,136529934536704,1226960,3888308074,32669.0,24232154806856,77723,12b8d0,c5a3fd000,e7c2df6a,06:43:52,509,209,177,248,1,299,2,11,8,13,0,0,0
9012,gsd-housekeepin,104179586142208,1101180,936251515,9.0,24240816196551,443950,10cd7c,33399000,37ce107b,06:44:00,409,409,256,189,1,268,0,12,13,7,12,-69475,2
5376,upowerd,131283344551936,1148711,416938137,48.0,24246287046102,311797,118727,6c91df000,18d9f899,06:44:06,479,72,411,238,1,280,1,8,7,2,7,712774,2
12550,Socket Thread,136530002518016,1220293,3570161126,352.0,24256176962265,514559,129ec5,c5e4d2000,d4cc55e6,06:44:16,210,242,177,248,1,297,2,9,14,12,5,-1771,2
12550,Socket Thread,136530001027072,1170063,3285656337,95.0,24259656923440,95909,11da8f,c5e366000,c3d72311,06:44:19,358,241,177,248,1,285,1,13,10,8,15,53991,0
8773,gnome-shell,130163691044864,101089,557847574,10.0,24260999722370,419554,18ae1,218914000,21401416,06:44:20,276,196,392,236,0,24,1,8,10,14,1,-1143806,2
5376,upowerd,131283344551936,1192860,416938137,48.0,24276354012166,357891,12339c,6c91df000,18d9f899,06:44:36,479,72,411,238,1,291,2,3,3,9,12,44149,2
12550,Socket Thread,136530013138944,1248050,2265375813,49.0,24288240219923,40846,130b32,c5eef3000,8706e445,06:44:48,243,247,177,248,1,304,3,0,11,3,2,98832,0
12550,Socket Thread,136530003456000,1128661,3318933479,173.0,24291340761321,529555,1138d5,c5e5b7000,c5d2e7e7,06:44:51,439,242,177,248,1,275,1,3,8,13,5,789925,2
9012,gsd-housekeepin,104179586142208,175748,936251515,9.0,24300808802960,398415,2ae84,33399000,37ce107b,06:45:00,409,409,256,189,0,42,2,10,14,8,4,-925432,2
5376,upowerd,131283344551936,1222216,416938137,48.0,24306416685503,612696,12a648,6c91df000,18d9f899,06:45:06,479,72,411,238,1,298,2,10,6,4,8,29356,2
8773,gnome-shell,130163691044864,683393,557847574,10.0,24321006760561,12291845,a6d81,218914000,21401416,06:45:21,276,196,392,236,0,166,10,6,13,8,1,582304,3
5376,upowerd,131283344551936,1192177,416938137,48.0,24336469154490,37432,1230f1,6c91df000,18d9f899,06:45:36,479,72,411,238,1,291,2,3,0,15,1,-30039,0
12690,Privileged Cont,140583418888192,1206233,3489390787,31.0,24342821891456,367010,1267d9,c20be8000,cffbe0c3,06:45:42,488,261,368,255,1,294,2,6,7,13,9,25688,2
12690,Privileged Cont,140583418863616,1165604,3489390787,32.0,24350278720353,417152,11c924,c20be2000,cffbe0c3,06:45:50,482,261,368,255,1,284,1,12,9,2,4,26525,2
12690,Privileged Cont,140583418863616,1199100,3489390787,31.0,24354118269290,40520981,124bfc,c20be2000,cffbe0c3,06:45:54,482,261,368,255,1,292,2,4,11,15,12,-7133,4
12690,Privileged Cont,140583418847232,1238717,3489390787,19.0,24354805293601,2867333,12e6bd,c20bde000,cffbe0c3,06:45:54,478,261,368,255,1,302,2,14,6,11,13,0,3
12550,Socket Thread,136530003456000,1101745,3318933479,173.0,24356253509657,252050,10cfb1,c5e5b7000,c5d2e7e7,06:45:56,439,242,177,248,1,268,0,12,15,11,1,-26916,2
9012,gsd-housekeepin,104179586142208,1220145,936251515,9.0,24360808412369,471040,129e31,33399000,37ce107b,06:46:00,409,409,256,189,1,297,2,9,14,3,1,1044397,2
5376,upowerd,131283344551936,1216178,416938137,48.0,24366540085075,721453,128eb2,6c91df000,18d9f899,06:46:06,479,72,411,238,1,296,2,8,14,11,2,24001,2
12550,Socket Thread,136530003456000,1095987,3318933479,173.0,24373787828001,111398,10b933,c5e5b7000,c5d2e7e7,06:46:13,439,242,177,248,1,267,0,11,9,3,3,-5758,1
8773,gnome-shell,130163691044864,1105339,557847574,10.0,24381034127884,420860,10ddbb,218914000,21401416,06:46:21,276,196,392,236,1,269,0,13,13,11,11,421946,2
12550,Socket Thread,136530003456000,76793,3318933479,173.0,24382170992265,251242,12bf9,c5e5b7000,c5d2e7e7,06:46:22,439,242,177,248,0,18,1,2,11,15,9,-1019194,2
5376,upowerd,131283344551936,1241901,416938137,48.0,24396667672226,737467,12f32d,6c91df000,18d9f899,06:46:36,479,72,411,238,1,303,2,15,3,2,13,25723,2
12550,Socket Thread,136530003456000,1209991,3318933479,173.0,24403126032516,684441,127687,c5e5b7000,c5d2e7e7,06:46:43,439,242,177,248,1,295,2,7,6,8,7,1133198,2
12550,Socket Thread,136530002518016,1154265,3570161126,352.0,24413227767529,60834,119cd9,c5e4d2000,d4cc55e6,06:46:53,210,242,177,248,1,281,1,9,12,13,9,-66028,0
9012,gsd-housekeepin,104179586142208,1207462,936251515,9.0,24420807132410,332852,126ca6,33399000,37ce107b,06:47:00,409,409,256,189,1,294,2,6,12,10,6,-12683,2
5376,upowerd,131283344551936,1159501,416938137,48.0,24426728118201,43879,11b14d,6c91df000,18d9f899,06:47:06,479,72,411,238,1,283,1,11,1,4,13,-82400,0
12550,Socket Thread,136530003456000,1184900,3318933479,173.0,24441968255203,112970,121484,c5e5b7000,c5d2e7e7,06:47:21,439,242,177,248,1,289,2,1,4,8,4,-25091,1
5376,upowerd,131283344551936,138645,416938137,48.0,24456776185195,1295199,21d95,6c91df000,18d9f899,06:47:36,479,72,411,238,0,33,2,1,13,9,5,-1020856,2
12550,Socket Thread,136530003456000,1148643,3318933479,173.0,24473377306121,263951,1186e3,c5e5b7000,c5d2e7e7,06:47:53,439,242,177,248,1,280,1,8,6,14,3,-36257,2
9012,gsd-housekeepin,104179586142208,1209890,936251515,9.0,24480808357621,331907,127622,33399000,37ce107b,06:48:00,409,409,256,189,1,295,2,7,6,2,2,2428,2
5376,upowerd,131283344551936,1196018,416938137,48.0,24486858764883,11897941,123ff2,6c91df000,18d9f899,06:48:06,479,72,411,238,1,291,2,3,15,15,2,1057373,3
12550,Socket Thread,136530013138944,1144484,2265375813,49.0,24493043332624,247,1176a4,c5eef3000,8706e445,06:48:13,243,247,177,248,1,279,1,7,6,10,4,-103566,0
8773,gnome-shell,130163691044864,1154827,557847574,10.0,24500988273731,462830,119f0b,218914000,21401416,06:48:20,276,196,392,236,1,281,1,9,15,0,11,49488,2
5376,upowerd,131283344551936,1201415,416938137,48.0,24516970743089,1375740,125507,6c91df000,18d9f899,06:48:36,479,72,411,238,1,293,2,5,5,0,7,5397,2
12550,Socket Thread,136530003456000,1104920,3318933479,173.0,24534475754397,511651,10dc18,c5e5b7000,c5d2e7e7,06:48:54,439,242,177,248,1,269,0,13,12,1,8,-43723,2
12550,Socket Thread,136530001027072,1151406,3285656337,95.0,24534529496872,2170447,1191ae,c5e366000,c3d72311,06:48:54,358,241,177,248,1,281,1,9,1,10,14,-18657,3
12550,Socket Thread,136530003456000,1235693,3318933479,173.0,24538173069397,393198,12daed,c5e5b7000,c5d2e7e7,06:48:58,439,242,177,248,1,301,2,13,10,14,13,130773,2
9012,gsd-housekeepin,104179586142208,1176584,936251515,9.0,24540864090322,441390,11f408,33399000,37ce107b,06:49:00,409,409,256,189,1,287,1,15,4,0,8,-33306,2
5376,upowerd,131283344551936,1108638,416938137,48.0,24547010719117,2494122,10ea9e,6c91df000,18d9f899,06:49:07,479,72,411,238,1,270,0,14,10,9,14,-92777,3
8773,gnome-shell,130163691044864,1204971,557847574,10.0,24561020979644,2961379,1262eb,218914000,21401416,06:49:21,276,196,392,236,1,294,2,6,2,14,11,50144,3
12550,Socket Thread,136530002518016,1171249,3570161126,352.0,24565275138947,81251,11df31,c5e4d2000,d4cc55e6,06:49:25,210,242,177,248,1,285,1,13,15,3,1,16984,0
5376,upowerd,131283344551936,183247,416938137,48.0,24577062461097,986272,2cbcf,6c91df000,18d9f899,06:49:37,479,72,411,238,0,44,2,12,11,12,15,-925391,2
12550,Socket Thread,136530001027072,1219399,3285656337,95.0,24585661133053,204635,129b47,c5e366000,c3d72311,06:49:45,358,241,177,248,1,297,2,9,11,4,7,67993,2
12550,Socket Thread,136530002518016,1207392,3570161126,352.0,24586578041393,553790,126c60,c5e4d2000,d4cc55e6,06:49:46,210,242,177,248,1,294,2,6,12,6,0,36143,2
12550,Socket Thread,136530001027072,1219399,3285656337,95.0,24595776772280,256404,129b47,c5e366000,c3d72311,06:49:55,358,241,177,248,1,297,2,9,11,4,7,0,2
9012,gsd-housekeepin,104179586142208,789159,936251515,9.0,24600806459037,426148,c0aa7,33399000,37ce107b,06:50:00,409,409,256,189,0,192,12,0,10,10,7,-387425,2
12550,Socket Thread,136530002518016,1204473,3570161126,352.0,24602621365224,228681,1260f9,c5e4d2000,d4cc55e6,06:50:02,210,242,177,248,1,294,2,6,0,15,9,-2919,2
12550,Socket Thread,136530001027072,1219399,3285656337,95.0,24606036122150,70911,129b47,c5e366000,c3d72311,06:50:06,358,241,177,248,1,297,2,9,11,4,7,0,0
12550,Socket Thread,136530002518016,1221078,3570161126,352.0,24606273441417,60030,12a1d6,c5e4d2000,d4cc55e6,06:50:06,210,242,177,248,1,298,2,10,1,13,6,16605,0
5376,upowerd,131283344551936,1144970,416938137,48.0,24607147238748,1460984,11788a,6c91df000,18d9f899,06:50:07,479,72,411,238,1,279,1,7,8,8,10,961723,2
12550,Socket Thread,136530013138944,1121018,2265375813,49.0,24611616706181,795736,111afa,c5eef3000,8706e445,06:50:11,243,247,177,248,1,273,1,1,10,15,10,-23466,2
12550,Socket Thread,136530001027072,1219399,3285656337,95.0,24612370621834,435978,129b47,c5e366000,c3d72311,06:50:12,358,241,177,248,1,297,2,9,11,4,7,0,2
5376,upowerd,131283344551936,1195831,416938137,48.0,24637200028118,616519,123f37,6c91df000,18d9f899,06:50:37,479,72,411,238,1,291,2,3,15,3,7,50861,2
12690,Privileged Cont,140583418863616,1201332,3489390787,32.0,24647050694894,43715,1254b4,c20be2000,cffbe0c3,06:50:47,482,261,368,255,1,293,2,5,4,11,4,35728,0
12690,Privileged Cont,140583418834944,1167670,3489390787,15.0,24647102877404,47103,11d136,c20bdb000,cffbe0c3,06:50:47,475,261,368,255,1,285,1,13,1,3,6,-79872,0
12690,Privileged Cont,140583418863616,1221384,3489390787,31.0,24650535389939,331838,12a308,c20be2000,cffbe0c3,06:50:50,482,261,368,255,1,298,2,10,3,0,8,22284,2
12690,Privileged Cont,140583418847232,1215827,3489390787,19.0,24650554453608,304541,128d53,c20bde000,cffbe0c3,06:50:50,478,261,368,255,1,296,2,8,13,5,3,-22890,2
9012,gsd-housekeepin,104179586142208,1133133,936251515,9.0,24660807534358,356044,114a4d,33399000,37ce107b,06:51:00,409,409,256,189,1,276,1,4,10,4,13,343974,2
5376,upowerd,131283344551936,1210407,416938137,48.0,24667272018860,41920,127827,6c91df000,18d9f899,06:51:07,479,72,411,238,1,295,2,7,8,2,7,14576,0
8773,gnome-shell,130163691044864,1211005,557847574,10.0,24680987674849,380703,127a7d,218914000,21401416,06:51:20,276,196,392,236,1,295,2,7,10,7,13,6034,2
12550,Socket Thread,136530002518016,1248717,3570161126,352.0,24680997859026,66511,130dcd,c5e4d2000,d4cc55e6,06:51:20,210,242,177,248,1,304,3,0,13,12,13,27639,0
12550,Socket Thread,136530013138944,1170920,2265375813,49.0,24689124948235,9149228,11dde8,c5eef3000,8706e445,06:51:29,243,247,177,248,1,285,1,13,13,14,8,49902,3
5376,upowerd,131283344551936,1246285,416938137,48.0,24697337904156,715595,13044d,6c91df000,18d9f899,06:51:37,479,72,411,238,1,304,3,0,4,4,13,35878,2
12550,Socket Thread,136530002518016,1185812,3570161126,352.0,24704455289555,74108,121814,c5e4d2000,d4cc55e6,06:51:44,210,242,177,248,1,289,2,1,8,1,4,-62905,0
12550,Socket Thread,136530003456000,1181275,3318933479,173.0,24720698845809,44241,12065b,c5e5b7000,c5d2e7e7,06:52:00,439,242,177,248,1,288,2,0,6,5,11,-54418,0
9012,gsd-housekeepin,104179586142208,1191010,936251515,9.0,24720799967031,445873,122c62,33399000,37ce107b,06:52:00,409,409,256,189,1,290,2,2,12,6,2,57877,2
12550,Socket Thread,136530002518016,1245291,3570161126,352.0,24721360754271,276566,13006b,c5e4d2000,d4cc55e6,06:52:01,210,242,177,248,1,304,3,0,0,6,11,59479,2
5376,upowerd,131283344551936,1208751,416938137,48.0,24727447297956,6511588,1271af,6c91df000,18d9f899,06:52:07,479,72,411,238,1,295,2,7,1,10,15,-37534,3
8773,gnome-shell,130163691044864,1232631,557847574,10.0,24740985193176,425707,12cef7,218914000,21401416,06:52:20,276,196,392,236,1,300,2,12,14,15,7,21626,2
12550,Socket Thread,136530003456000,225235,3318933479,173.0,24742348836503,20092884,36fd3,c5e5b7000,c5d2e7e7,06:52:22,439,242,177,248,0,54,3,6,15,13,3,-956040,4
5376,upowerd,131283344551936,1187760,416938137,48.0,24757602957951,349508,121fb0,6c91df000,18d9f899,06:52:37,479,72,411,238,1,289,2,1,15,11,0,-20991,2
12550,Socket Thread,136530013138944,1105674,2265375813,49.0,24771133440170,322433,10df0a,c5eef3000,8706e445,06:52:51,243,247,177,248,1,269,0,13,15,0,10,-65246,2
9012,gsd-housekeepin,104179586142208,1099384,936251515,9.0,24780814895790,664662,10c678,33399000,37ce107b,06:53:00,409,409,256,189,1,268,0,12,6,7,8,-91626,2
5376,upowerd,131283344551936,701796,416938137,48.0,24787659642949,1000117,ab564,6c91df000,18d9f899,06:53:07,479,72,411,238,0,171,10,11,5,6,4,-485964,2
12550,Socket Thread,136530001027072,1230658,3285656337,95.0,24795195257831,512434,12c742,c5e366000,c3d72311,06:53:15,358,241,177,248,1,300,2,12,7,4,2,11259,2
8773,gnome-shell,130163691044864,749676,557847574,10.0,24800996406098,519759,b706c,218914000,21401416,06:53:20,276,196,392,236,0,183,11,7,0,6,12,-482955,2
12550,Socket Thread,136530001027072,1230658,3285656337,95.0,24810640471296,59086,12c742,c5e366000,c3d72311,06:53:30,358,241,177,248,1,300,2,12,7,4,2,0,0
5376,upowerd,131283344551936,1190899,416938137,48.0,24817728405509,558547,122bf3,6c91df000,18d9f899,06:53:37,479,72,411,238,1,290,2,2,11,15,3,489103,2
12550,Socket Thread,136530003456000,1192508,3318933479,173.0,24835565422177,37405,12323c,c5e5b7000,c5d2e7e7,06:53:55,439,242,177,248,1,291,2,3,2,3,12,967273,0
9012,gsd-housekeepin,104179586142208,308497,936251515,9.0,24840810195075,418976,4b511,33399000,37ce107b,06:54:00,409,409,256,189,0,75,4,11,5,1,1,-790887,2
5376,upowerd,131283344551936,537715,416938137,48.0,24847815708892,417986,83473,6c91df000,18d9f899,06:54:07,479,72,411,238,0,131,8,3,4,7,3,-653184,2
8773,gnome-shell,130163691044864,280771,557847574,10.0,24860987251188,457211,448c3,218914000,21401416,06:54:20,276,196,392,236,0,68,4,4,8,12,3,-468905,2
5376,upowerd,131283344551936,1150450,416938137,48.0,24877900706487,1085820,118df2,6c91df000,18d9f899,06:54:37,479,72,411,238,1,280,1,8,13,15,2,612735,2
12550,Socket Thread,136530003456000,1111604,3318933479,173.0,24893468576939,118961,10f634,c5e5b7000,c5d2e7e7,06:54:53,439,242,177,248,1,271,0,15,6,3,4,-80904,1
12550,Socket Thread,136530002518016,1196821,3570161126,352.0,24896676040432,360016,124315,c5e4d2000,d4cc55e6,06:54:56,210,242,177,248,1,292,2,4,3,1,5,-48470,2
12550,Socket Thread,136530013138944,1121099,2265375813,49.0,24897570866107,41754,111b4b,c5eef3000,8706e445,06:54:57,243,247,177,248,1,273,1,1,11,4,11,15425,0
12550,Socket Thread,136530003456000,1206425,3318933479,173.0,24900138954290,607337,126899,c5e5b7000,c5d2e7e7,06:55:00,439,242,177,248,1,294,2,6,8,9,9,94821,2
9012,gsd-housekeepin,104179586142208,1246096,936251515,9.0,24900805376524,324212,130390,33399000,37ce107b,06:55:00,409,409,256,189,1,304,3,0,3,9,0,937599,2
5376,upowerd,131283344551936,1105090,416938137,48.0,24907957904313,503249,10dcc2,6c91df000,18d9f899,06:55:07,479,72,411,238,1,269,0,13,12,12,2,-45360,2
8773,gnome-shell,130163691044864,1225219,557847574,10.0,24921034821574,546813,12b203,218914000,21401416,06:55:21,276,196,392,236,1,299,2,11,2,0,3,944448,2
12550,Socket Thread,136530001027072,1170377,3285656337,95.0,24929671884407,443613,11dbc9,c5e366000,c3d72311,06:55:29,358,241,177,248,1,285,1,13,11,12,9,-60281,2
5376,upowerd,131283344551936,310064,416938137,48.0,24938023437387,1058720,4bb30,6c91df000,18d9f899,06:55:38,479,72,411,238,0,75,4,11,11,3,0,-795026,2
12690,Privileged Cont,140583418863616,1217179,3489390787,32.0,24953243119464,38166,12929b,c20be2000,cffbe0c3,06:55:53,482,261,368,255,1,297,2,9,2,9,11,15847,0
9012,gsd-housekeepin,104179586142208,168487,936251515,9.0,24960805806863,503302,29227,33399000,37ce107b,06:56:00,409,409,256,189,0,41,2,9,2,2,7,-1077609,2
5376,upowerd,131283344551936,560648,416938137,48.0,24968087973074,535692,88e08,6c91df000,18d9f899,06:56:08,479,72,411,238,0,136,8,8,14,0,8,250584,2
12550,Socket Thread,136530002518016,1101174,3570161126,352.0,24986170273871,79853,10cd76,c5e4d2000,d4cc55e6,06:56:26,210,242,177,248,1,268,0,12,13,7,6,-95647,0
5376,upowerd,131283344551936,1238248,416938137,48.0,24998163121920,714006,12e4e8,6c91df000,18d9f899,06:56:38,479,72,411,238,1,302,2,14,4,14,8,677600,2
9012,gsd-housekeepin,104179586142208,1108476,936251515,9.0,25021312554392,758465,10e9fc,33399000,37ce107b,06:57:01,409,409,256,189,1,270,0,14,9,15,12,939989,2
12550,Socket Thread,136530001027072,1181037,3285656337,95.0,25025892474946,95937,12056d,c5e366000,c3d72311,06:57:05,358,241,177,248,1,288,2,0,5,6,13,10660,0
5376,upowerd,131283344551936,1105684,416938137,48.0,25028216163059,1358441,10df14,6c91df000,18d9f899,06:57:08,479,72,411,238,1,269,0,13,15,1,4,-132564,2
12550,Socket Thread,136530003456000,1154157,3318933479,173.0,25034962134648,433499,119c6d,c5e5b7000,c5d2e7e7,06:57:14,439,242,177,248,1,281,1,9,12,6,13,-52268,2
12550,Socket Thread,136530013138944,1120983,2265375813,49.0,25069200402550,43892,111ad7,c5eef3000,8706e445,06:57:49,243,247,177,248,1,273,1,1,10,13,7,-116,0
9012,gsd-housekeepin,104179586142208,1077140,936251515,9.0,25081807295808,460842,106f94,33399000,37ce107b,06:58:01,409,409,256,189,1,262,0,6,15,9,4,-31336,2
12550,Socket Thread,136530003456000,1135770,3318933479,173.0,25097140273414,98865,11549a,c5e5b7000,c5d2e7e7,06:58:17,439,242,177,248,1,277,1,5,4,9,10,-18387,0
12550,Socket Thread,136530002518016,1100921,3570161126,352.0,25097392453958,67464,10cc79,c5e4d2000,d4cc55e6,06:58:17,210,242,177,248,1,268,0,12,12,7,9,-253,0
8773,gnome-shell,130163691044864,1160311,557847574,10.0,25101017692443,296447,11b477,218914000,21401416,06:58:21,276,196,392,236,1,283,1,11,4,7,7,-64908,2
12550,Socket Thread,136530013138944,1102139,2265375813,49.0,25110664532388,917462,10d13b,c5eef3000,8706e445,06:58:30,243,247,177,248,1,269,0,13,1,3,11,-18844,2
5376,upowerd,131283344551936,1126215,416938137,48.0,25118322654547,1204971,112f47,6c91df000,18d9f899,06:58:38,479,72,411,238,1,274,1,2,15,4,7,20531,2
12550,Socket Thread,136530003456000,1206713,3318933479,173.0,25131710788619,42104,1269b9,c5e5b7000,c5d2e7e7,06:58:51,439,242,177,248,1,294,2,6,9,11,9,70943,0
12550,Socket Thread,136530013138944,1102139,2265375813,49.0,25138269049482,44733,10d13b,c5eef3000,8706e445,06:58:58,243,247,177,248,1,269,0,13,1,3,11,0,0
9012,gsd-housekeepin,104179586142208,1172397,936251515,9.0,25141806730448,396512,11e3ad,33399000,37ce107b,06:59:01,409,409,256,189,1,286,1,14,3,10,13,95257,2
5376,upowerd,131283344551936,1108617,416938137,48.0,25148369198639,476410,10ea89,6c91df000,18d9f899,06:59:08,479,72,411,238,1,270,0,14,10,8,9,-17598,2
12550,Socket Thread,136530013138944,1244346,2265375813,49.0,25152761470846,38943,12fcba,c5eef3000,8706e445,06:59:12,243,247,177,248,1,303,2,15,12,11,10,142207,0
12550,Socket Thread,136530003456000,1152988,3318933479,173.0,25154941235848,883838,1197dc,c5e5b7000,c5d2e7e7,06:59:14,439,242,177,248,1,281,1,9,7,13,12,-53725,2
12550,Socket Thread,136530003456000,1181299,3318933479,173.0,25169604707030,47301,120673,c5e5b7000,c5d2e7e7,06:59:29,439,242,177,248,1,288,2,0,6,7,3,28311,0
9012,gsd-housekeepin,104179586142208,767813,936251515,9.0,25201811182320,426989,bb745,33399000,37ce107b,07:00:01,409,409,256,189,0,187,11,11,7,4,5,-404584,2
12550,Socket Thread,136530002518016,1087016,3570161126,352.0,25213763986243,57464,109628,c5e4d2000,d4cc55e6,07:00:13,210,242,177,248,1,265,0,9,6,2,8,-13905,0
12550,Socket Thread,136530002518016,1203027,3570161126,352.0,25216719162375,112339,125b53,c5e4d2000,d4cc55e6,07:00:16,210,242,177,248,1,293,2,5,11,5,3,116011,1
8773,gnome-shell,130163691044864,1139296,557847574,10.0,25220993338801,754741,116260,218914000,21401416,07:00:20,276,196,392,236,1,278,1,6,2,6,0,-21015,2
14353,Isolated Web Co,140583418826752,1125251,3489390787,18.0,25223444460209,303246,112b83,c20bd9000,cffbe0c3,07:00:23,473,261,368,255,1,274,1,2,11,8,3,0,2
14353,Isolated Web Co,140583422169088,1212210,4090414856,13.0,25230611790119,241584,127f32,c20f09000,f3cec708,07:00:30,265,263,368,255,1,295,2,7,15,3,2,0,2
14353,Isolated Web Co,140583422275584,1186203,4090414856,39.0,25230612261241,80922,12199b,c20f23000,f3cec708,07:00:30,291,263,368,255,1,289,2,1,9,9,11,0,0
14353,Isolated Web Co,140583422177280,1212210,4090414856,13.0,25230614166600,62209,127f32,c20f0b000,f3cec708,07:00:30,267,263,368,255,1,295,2,7,15,3,2,0,0
14353,Isolated Web Co,140583422173184,1212210,4090414856,13.0,25230614841264,42270,127f32,c20f0a000,f3cec708,07:00:30,266,263,368,255,1,295,2,7,15,3,2,0,0
14353,Isolated Web Co,140583422234624,1187220,4090414856,24.0,25230615346226,460148,121d94,c20f19000,f3cec708,07:00:30,281,263,368,255,1,289,2,1,13,9,4,0,2
14353,Isolated Web Co,140583422377984,1115179,4090414856,56.0,25230616239923,426497,11042b,c20f3c000,f3cec708,07:00:30,316,263,368,255,1,272,1,0,4,2,11,0,2
14353,Isolated Web Co,140583422382080,1115179,4090414856,56.0,25230616895825,37377,11042b,c20f3d000,f3cec708,07:00:30,317,263,368,255,1,272,1,0,4,2,11,0,0
14353,Isolated Web Co,140583422263296,1186203,4090414856,39.0,25230617784216,846961,12199b,c20f20000,f3cec708,07:00:30,288,263,368,255,1,289,2,1,9,9,11,0,2
14353,Isolated Web Co,140583422337024,1115179,4090414856,56.0,25230618912355,40344,11042b,c20f32000,f3cec708,07:00:30,306,263,368,255,1,272,1,0,4,2,11,0,0
14353,Isolated Web Co,140583422238720,1187220,4090414856,24.0,25230620465384,36683,121d94,c20f1a000,f3cec708,07:00:30,282,263,368,255,1,289,2,1,13,9,4,0,0
14353,Isolated Web Co,140583422341120,1115179,4090414856,56.0,25230620868883,440182,11042b,c20f33000,f3cec708,07:00:30,307,263,368,255,1,272,1,0,4,2,11,0,2
12550,Socket Thread,136530003456000,1214089,3318933479,173.0,25235637361575,1203325,128689,c5e5b7000,c5d2e7e7,07:00:35,439,242,177,248,1,296,2,8,6,8,9,32790,2
5376,upowerd,131283344551936,586890,416938137,48.0,25238498995841,532362,8f48a,6c91df000,18d9f899,07:00:38,479,72,411,238,0,143,8,15,4,8,10,-521727,2
9012,gsd-housekeepin,104179586142208,1150293,936251515,9.0,25262737843997,499536,118d55,33399000,37ce107b,07:01:02,409,409,256,189,1,280,1,8,13,5,5,382480,2
12690,Privileged Cont,140583418888192,1130366,3489390787,25.0,25263102963957,48992,113f7e,c20be8000,cffbe0c3,07:01:03,488,261,368,255,1,275,1,3,15,7,14,-107594,0
5376,upowerd,131283344551936,736209,416938137,48.0,25268583111786,743737,b3bd1,6c91df000,18d9f899,07:01:08,479,72,411,238,0,179,11,3,11,13,1,149319,2
12690,Privileged Cont,140583418863616,1188668,3489390787,32.0,25272021693538,155912,12233c,c20be2000,cffbe0c3,07:01:12,482,261,368,255,1,290,2,2,3,3,12,-28511,1
12690,Privileged Cont,140583418847232,1141180,3489390787,19.0,25272629317546,43544,1169bc,c20bde000,cffbe0c3,07:01:12,478,261,368,255,1,278,1,6,9,11,12,-74647,0
12550,Socket Thread,136530003456000,1209472,3318933479,173.0,25277646053976,35635,127480,c5e5b7000,c5d2e7e7,07:01:17,439,242,177,248,1,295,2,7,4,8,0,-4617,0
8773,gnome-shell,130163691044864,1236892,557847574,10.0,25280991194306,340017,12df9c,218914000,21401416,07:01:20,276,196,392,236,1,301,2,13,15,9,12,97596,2
12550,Socket Thread,136530003456000,1171896,3318933479,173.0,25294632335606,43935,11e1b8,c5e5b7000,c5d2e7e7,07:01:34,439,242,177,248,1,286,1,14,1,11,8,-37576,0
9012,gsd-housekeepin,104179586142208,839919,936251515,9.0,25322759788610,625034,cd0ef,33399000,37ce107b,07:02:02,409,409,256,189,0,205,12,13,0,14,15,-310374,2
5376,upowerd,131283344551936,1103284,416938137,48.0,25328709301626,425341,10d5b4,6c91df000,18d9f899,07:02:08,479,72,411,238,1,269,0,13,5,11,4,367075,2
8773,gnome-shell,130163691044864,518704,557847574,10.0,25342200035786,559734,7ea30,218914000,21401416,07:02:22,276,196,392,236,0,126,7,14,10,3,0,-718188,2
12550,Socket Thread,136530003456000,1205996,3318933479,173.0,25364207206665,283688,1266ec,c5e5b7000,c5d2e7e7,07:02:44,439,242,177,248,1,294,2,6,6,14,12,34100,2
12550,Socket Thread,136530013138944,1229769,2265375813,49.0,25374516874383,111267,12c3c9,c5eef3000,8706e445,07:02:54,243,247,177,248,1,300,2,12,3,12,9,-14577,1
9012,gsd-housekeepin,104179586142208,682730,936251515,9.0,25382801225245,552397,a6aea,33399000,37ce107b,07:03:02,409,409,256,189,0,166,10,6,10,14,10,-157189,2
12550,Socket Thread,136530003456000,1183889,3318933479,173.0,25384218839231,4162343,121091,c5e5b7000,c5d2e7e7,07:03:04,439,242,177,248,1,289,2,1,0,9,1,-22107,3
5376,upowerd,131283344551936,1193205,416938137,48.0,25388830993776,436004,1234f5,6c91df000,18d9f899,07:03:08,479,72,411,238,1,291,2,3,4,15,5,89921,2
12550,Socket Thread,136530001027072,1215932,3285656337,95.0,25428285054314,400551,128dbc,c5e366000,c3d72311,07:03:48,358,241,177,248,1,296,2,8,13,11,12,34895,2
12550,Socket Thread,136530002518016,1185565,3570161126,352.0,25428347303843,513841,12171d,c5e4d2000,d4cc55e6,07:03:48,210,242,177,248,1,289,2,1,7,1,13,-17462,2
12550,Socket Thread,136530002518016,1223244,3570161126,352.0,25439032262891,60991,12aa4c,c5e4d2000,d4cc55e6,07:03:59,210,242,177,248,1,298,2,10,10,4,12,37679,0
9012,gsd-housekeepin,104179586142208,1129656,936251515,9.0,25442801772268,9835212,113cb8,33399000,37ce107b,07:04:02,409,409,256,189,1,275,1,3,12,11,8,446926,3
5376,upowerd,131283344551936,1173359,416938137,48.0,25448921356705,350722,11e76f,6c91df000,18d9f899,07:04:08,479,72,411,238,1,286,1,14,7,6,15,-19846,2
12550,Socket Thread,136530002518016,1118419,3570161126,352.0,25452332755695,339046,1110d3,c5e4d2000,d4cc55e6,07:04:12,210,242,177,248,1,273,1,1,0,13,3,-104825,2
8773,gnome-shell,130163691044864,1174983,557847574,10.0,25461085630055,432870,11edc7,218914000,21401416,07:04:21,276,196,392,236,1,286,1,14,13,12,7,656279,2
5376,upowerd,131283344551936,1117048,416938137,48.0,25478985149395,1082898,110b78,6c91df000,18d9f899,07:04:38,479,72,411,238,1,272,1,0,11,7,8,-56311,2
12550,Socket Thread,136530003456000,1234099,3318933479,173.0,25491230452578,4641674,12d4b3,c5e5b7000,c5d2e7e7,07:04:51,439,242,177,248,1,301,2,13,4,11,3,50210,3
9012,gsd-housekeepin,104179586142208,1204687,936251515,9.0,25502807975779,444706,1261cf,33399000,37ce107b,07:05:02,409,409,256,189,1,294,2,6,1,12,15,75031,2
5376,upowerd,131283344551936,1247753,416938137,48.0,25509044664593,461159,130a09,6c91df000,18d9f899,07:05:09,479,72,411,238,1,304,3,0,10,0,9,130705,2
12550,Socket Thread,136530003456000,1175677,3318933479,173.0,25511495975751,103542,11f07d,c5e5b7000,c5d2e7e7,07:05:11,439,242,177,248,1,287,1,15,0,7,13,-58422,1
8773,gnome-shell,130163691044864,622675,557847574,10.0,25521647041239,440529,98053,218914000,21401416,07:05:21,276,196,392,236,0,152,9,8,0,5,3,-552308,2
9012,gsd-housekeepin,104179586142208,1155994,936251515,9.0,25562812755147,488895,11a39a,33399000,37ce107b,07:06:02,409,409,256,189,1,282,1,10,3,9,10,-48693,2
12550,Socket Thread,136530002518016,1224916,3570161126,352.0,25588155163338,408798,12b0d4,c5e4d2000,d4cc55e6,07:06:28,210,242,177,248,1,299,2,11,0,13,4,106497,2
12550,Socket Thread,136530003456000,1204485,3318933479,173.0,25591325126349,340476,126105,c5e5b7000,c5d2e7e7,07:06:31,439,242,177,248,1,294,2,6,1,0,5,28808,2
12550,Socket Thread,136530001027072,1169573,3285656337,95.0,25598789750643,56706,11d8a5,c5e366000,c3d72311,07:06:38,358,241,177,248,1,285,1,13,8,10,5,-46359,0
12550,Socket Thread,136530002518016,1229293,3570161126,352.0,25598870540803,352378,12c1ed,c5e4d2000,d4cc55e6,07:06:38,210,242,177,248,1,300,2,12,1,14,13,4377,2
5376,upowerd,131283344551936,1208347,416938137,48.0,25599200331088,49247,12701b,6c91df000,18d9f899,07:06:39,479,72,411,238,1,295,2,7,0,1,11,-39406,0
12550,Socket Thread,136530002518016,1135842,3570161126,352.0,25601746215079,68618,1154e2,c5e4d2000,d4cc55e6,07:06:41,210,242,177,248,1,277,1,5,4,14,2,-93451,0
12550,Socket Thread,136530013138944,1252240,2265375813,49.0,25611523902656,248792,131b90,c5eef3000,8706e445,07:06:51,243,247,177,248,1,305,3,1,11,9,0,22471,2
12550,Socket Thread,136530001027072,1169573,3285656337,95.0,25611586142968,327066,11d8a5,c5e366000,c3d72311,07:06:51,358,241,177,248,1,285,1,13,8,10,5,0,2
9012,gsd-housekeepin,104179586142208,1187000,936251515,9.0,25622977301164,308225,121cb8,33399000,37ce107b,07:07:02,409,409,256,189,1,289,2,1,12,11,8,31006,2
12550,Socket Thread,136530013138944,1252240,2265375813,49.0,25623198514636,161131,131b90,c5eef3000,8706e445,07:07:03,243,247,177,248,1,305,3,1,11,9,0,0,1
12550,Socket Thread,136530003456000,1240426,3318933479,173.0,25634032111773,264181,12ed6a,c5e5b7000,c5d2e7e7,07:07:14,439,242,177,248,1,302,2,14,13,6,10,35941,2
12550,Socket Thread,136530002518016,1232243,3570161126,352.0,25656096359377,62639,12cd73,c5e4d2000,d4cc55e6,07:07:36,210,242,177,248,1,300,2,12,13,7,3,96401,0
9012,gsd-housekeepin,104179586142208,1131537,936251515,9.0,25682804086510,266730,114411,33399000,37ce107b,07:08:02,409,409,256,189,1,276,1,4,4,1,1,-55463,2
9012,gsd-housekeepin,104179586142208,57302,936251515,9.0,25742799635711,11729867,dfd6,33399000,37ce107b,07:09:02,409,409,256,189,0,13,0,13,15,13,6,-1074235,3
8773,gnome-shell,130163691044864,1154667,557847574,10.0,25760992144692,860693,119e6b,218914000,21401416,07:09:20,276,196,392,236,1,281,1,9,14,6,11,531992,2
12550,Socket Thread,136530003456000,1241703,3318933479,173.0,25762399249505,375130,12f267,c5e5b7000,c5d2e7e7,07:09:22,439,242,177,248,1,303,2,15,2,6,7,1277,2
12550,Socket Thread,136530003456000,1188849,3318933479,173.0,25769434559033,442248,1223f1,c5e5b7000,c5d2e7e7,07:09:29,439,242,177,248,1,290,2,2,3,15,1,-52854,2
5376,upowerd,131283344551936,1101712,416938137,48.0,25780001960313,1193543,10cf90,6c91df000,18d9f899,07:09:40,479,72,411,238,1,268,0,12,15,9,0,-106635,2
9012,gsd-housekeepin,104179586142208,1206218,936251515,9.0,25802802487767,219186,1267ca,33399000,37ce107b,07:10:02,409,409,256,189,1,294,2,6,7,12,10,1148916,2
5376,upowerd,131283344551936,1073954,416938137,48.0,25810058215018,611119,106322,6c91df000,18d9f899,07:10:10,479,72,411,238,1,262,0,6,3,2,2,-27758,2
8773,gnome-shell,130163691044864,1086228,557847574,10.0,25821023113617,55782,109314,218914000,21401416,07:10:21,276,196,392,236,1,265,0,9,3,1,4,-68439,0
12550,Socket Thread,136530002518016,305413,3570161126,352.0,25822460923958,58385,4a905,c5e4d2000,d4cc55e6,07:10:22,210,242,177,248,0,74,4,10,9,0,5,-926830,0
12550,Socket Thread,136530003456000,1238316,3318933479,173.0,25852436185921,121068,12e52c,c5e5b7000,c5d2e7e7,07:10:52,439,242,177,248,1,302,2,14,5,2,12,49467,1
12690,Privileged Cont,140583418888192,1160314,3489390787,31.0,25856326196179,38322,11b47a,c20be8000,cffbe0c3,07:10:56,488,261,368,255,1,283,1,11,4,7,10,-61070,0
9012,gsd-housekeepin,104179586142208,1102380,936251515,9.0,25862812815197,356804,10d22c,33399000,37ce107b,07:11:02,409,409,256,189,1,269,0,13,2,2,12,-103838,2
12690,Privileged Cont,140583418888192,1202635,3489390787,31.0,25866635802633,261224,1259cb,c20be8000,cffbe0c3,07:11:06,488,261,368,255,1,293,2,5,9,12,11,42321,2
12690,Privileged Cont,140583407210496,1230502,775296151,0.0,25866795237604,38386,12c6a6,c200c5000,2e361497,07:11:06,197,256,368,255,1,300,2,12,6,10,6,0,0
12690,Privileged Cont,140583407214592,1240088,775296151,1.0,25866796493720,37955,12ec18,c200c6000,2e361497,07:11:06,198,256,368,255,1,302,2,14,12,1,8,0,0
12690,Privileged Cont,140583407218688,1206386,775296151,2.0,25866799972103,38743,126872,c200c7000,2e361497,07:11:06,199,256,368,255,1,294,2,6,8,7,2,0,0
12690,Privileged Cont,140583407222784,1181434,775296151,3.0,25866802965360,38936,1206fa,c200c8000,2e361497,07:11:06,200,256,368,255,1,288,2,0,6,15,10,0,0
12690,Privileged Cont,140583407226880,1177775,775296151,4.0,25866805511637,44011,11f8af,c200c9000,2e361497,07:11:06,201,256,368,255,1,287,1,15,8,10,15,0,0
12690,Privileged Cont,140583407230976,1230405,775296151,5.0,25866806276139,41044,12c645,c200ca000,2e361497,07:11:06,202,256,368,255,1,300,2,12,6,4,5,0,0
12690,Privileged Cont,140583407235072,1235645,775296151,6.0,25866807299539,978458,12dabd,c200cb000,2e361497,07:11:06,203,256,368,255,1,301,2,13,10,11,13,0,2
12690,Privileged Cont,140583407239168,1164086,775296151,7.0,25866808685231,487625,11c336,c200cc000,2e361497,07:11:06,204,256,368,255,1,284,1,12,3,3,6,0,2
12690,Privileged Cont,140583407243264,1234484,775296151,8.0,25866809697113,592308,12d634,c200cd000,2e361497,07:11:06,205,256,368,255,1,301,2,13,6,3,4,0,2
12690,Privileged Cont,140583407247360,1163841,775296151,9.0,25866811248741,325772,11c241,c200ce000,2e361497,07:11:06,206,256,368,255,1,284,1,12,2,4,1,0,2
12690,Privileged Cont,140583407251456,1217467,775296151,10.0,25866812937283,146545,1293bb,c200cf000,2e361497,07:11:06,207,256,368,255,1,297,2,9,3,11,11,0,1
12690,Privileged Cont,140583407259648,1212114,775296151,12.0,25866816757746,39836,127ed2,c200d1000,2e361497,07:11:06,209,256,368,255,1,295,2,7,14,13,2,0,0
12690,Privileged Cont,140583407263744,1221926,775296151,13.0,25866817852517,371530,12a526,c200d2000,2e361497,07:11:06,210,256,368,255,1,298,2,10,5,2,6,0,2
12690,Privileged Cont,140583407267840,1248709,775296151,14.0,25866823155349,38079,130dc5,c200d3000,2e361497,07:11:06,211,256,368,255,1,304,3,0,13,12,5,0,0
12690,Privileged Cont,140583407271936,1179620,775296151,15.0,25866825099665,321717,11ffe4,c200d4000,2e361497,07:11:06,212,256,368,255,1,287,1,15,15,14,4,0,2
12690,Privileged Cont,140583407276032,1211447,775296151,16.0,25866825925673,361564,127c37,c200d5000,2e361497,07:11:06,213,256,368,255,1,295,2,7,12,3,7,0,2
12690,Privileged Cont,140583407280128,1100746,775296151,17.0,25866826386517,335292,10cbca,c200d6000,2e361497,07:11:06,214,256,368,255,1,268,0,12,11,12,10,0,2
12690,Privileged Cont,140583407284224,1115856,775296151,18.0,25866826888025,42248,1106d0,c200d7000,2e361497,07:11:06,215,256,368,255,1,272,1,0,6,13,0,0,0
5376,upowerd,131283344551936,1132711,416938137,48.0,25870126802516,1674905,1148a7,6c91df000,18d9f899,07:11:10,479,72,411,238,1,276,1,4,8,10,7,58757,2
8773,gnome-shell,130163691044864,1092259,557847574,10.0,25880988853670,53457,10aaa3,218914000,21401416,07:11:20,276,196,392,236,1,266,0,10,10,10,3,6031,0
12550,Socket Thread,136530002518016,865597,3570161126,352.0,25889138219117,38931,d353d,c5e4d2000,d4cc55e6,07:11:29,210,242,177,248,0,211,13,3,5,3,13,560184,0
5376,upowerd,131283344551936,225668,416938137,48.0,25900183196449,342055,37184,6c91df000,18d9f899,07:11:40,479,72,411,238,0,55,3,7,1,8,4,-907043,2
12690,Privileged Cont,140583418863616,1163644,3489390787,30.0,25905978878812,38910,11c17c,c20be2000,cffbe0c3,07:11:45,482,261,368,255,1,284,1,12,1,7,12,-64201,0
12690,Privileged Cont,140583418818560,1164741,3489390787,19.0,25906020129494,41182,11c5c5,c20bd7000,cffbe0c3,07:11:46,471,261,368,255,1,284,1,12,5,12,5,23561,0
9012,gsd-housekeepin,104179586142208,1205563,936251515,9.0,25922806726961,378163,12653b,33399000,37ce107b,07:12:02,409,409,256,189,1,294,2,6,5,3,11,103183,2
5376,upowerd,131283344551936,1179178,416938137,48.0,25930236949209,465554,11fe2a,6c91df000,18d9f899,07:12:10,479,72,411,238,1,287,1,15,14,2,10,953510,2
8773,gnome-shell,130163691044864,1241654,557847574,10.0,25940999852737,527137,12f236,218914000,21401416,07:12:20,276,196,392,236,1,303,2,15,2,3,6,149395,2
12550,Socket Thread,136530013138944,900916,2265375813,49.0,25943070135394,1184300,dbf34,c5eef3000,8706e445,07:12:23,243,247,177,248,0,219,13,11,15,3,4,-351324,2
12550,Socket Thread,136530001027072,1187010,3285656337,95.0,25973025941312,120644,121cc2,c5e366000,c3d72311,07:12:53,358,241,177,248,1,289,2,1,12,12,2,17437,1
12550,Socket Thread,136530002518016,1246272,3570161126,352.0,25976385171885,40408,130440,c5e4d2000,d4cc55e6,07:12:56,210,242,177,248,1,304,3,0,4,4,0,380675,0
9012,gsd-housekeepin,104179586142208,1125595,936251515,9.0,25982803511023,1056558,112cdb,33399000,37ce107b,07:13:02,409,409,256,189,1,274,1,2,12,13,11,-79968,2
5376,upowerd,131283344551936,536098,416938137,48.0,25990303043348,2343371,82e22,6c91df000,18d9f899,07:13:10,479,72,411,238,0,130,8,2,14,2,2,-643080,3
12550,Socket Thread,136530002518016,1222506,3570161126,352.0,26016773236890,410840,12a76a,c5e4d2000,d4cc55e6,07:13:36,210,242,177,248,1,298,2,10,7,6,10,-23766,2
5376,upowerd,131283344551936,1215992,416938137,48.0,26020344481710,313781,128df8,6c91df000,18d9f899,07:13:40,479,72,411,238,1,296,2,8,13,15,8,679894,2
12550,Socket Thread,136530001027072,1124980,3285656337,95.0,26030088027877,217197,112a74,c5e366000,c3d72311,07:13:50,358,241,177,248,1,274,1,2,10,7,4,-62030,2
9012,gsd-housekeepin,104179586142208,1234029,936251515,9.0,26042808156957,861274,12d46d,33399000,37ce107b,07:14:02,409,409,256,189,1,301,2,13,4,6,13,108434,2
5376,upowerd,131283344551936,1178368,416938137,48.0,26050408569370,389039,11fb00,6c91df000,18d9f899,07:14:10,479,72,411,238,1,287,1,15,11,0,0,-37624,2
12550,Socket Thread,136530003456000,1206246,3318933479,173.0,26070292691727,803169,1267e6,c5e5b7000,c5d2e7e7,07:14:30,439,242,177,248,1,294,2,6,7,14,6,-32070,2
5376,upowerd,131283344551936,1191296,416938137,48.0,26080486060947,600631,122d80,6c91df000,18d9f899,07:14:40,479,72,411,238,1,290,2,2,13,8,0,12928,2
12550,Socket Thread,136530003456000,1171402,3318933479,173.0,26084847967322,134918,11dfca,c5e5b7000,c5d2e7e7,07:14:44,439,242,177,248,1,285,1,13,15,12,10,-34844,1
9012,gsd-housekeepin,104179586142208,101259,936251515,9.0,26102800459227,542743,18b8b,33399000,37ce107b,07:15:02,409,409,256,189,0,24,1,8,11,8,11,-1132770,2
5376,upowerd,131283344551936,1152858,416938137,48.0,26110571472920,5601029,11975a,6c91df000,18d9f899,07:15:10,479,72,411,238,1,281,1,9,7,5,10,-38438,3
12550,Socket Thread,136530003456000,201101,3318933479,173.0,26133229815172,266110,3118d,c5e5b7000,c5d2e7e7,07:15:33,439,242,177,248,0,49,3,1,1,8,13,-970301,2
5376,upowerd,131283344551936,269306,416938137,48.0,26140626712895,633661,41bfa,6c91df000,18d9f899,07:15:40,479,72,411,238,0,65,4,1,11,15,10,-883552,2
12690,Privileged Cont,140583418888192,1097477,3489390787,31.0,26156532403594,232510,10bf05,c20be8000,cffbe0c3,07:15:56,488,261,368,255,1,267,0,11,15,0,5,-105158,2
9012,gsd-housekeepin,104179586142208,1154947,936251515,9.0,26162808175204,190408,119f83,33399000,37ce107b,07:16:02,409,409,256,189,1,281,1,9,15,8,3,1053688,1
12690,Privileged Cont,140583418863616,1132260,3489390787,32.0,26162888838199,37584,1146e4,c20be2000,cffbe0c3,07:16:02,482,261,368,255,1,276,1,4,6,14,4,-56408,0
12690,Privileged Cont,140583418818560,1227877,3489390787,18.0,26162890870227,37827,12bc65,c20bd7000,cffbe0c3,07:16:02,471,261,368,255,1,299,2,11,12,6,5,453612,0
12690,Privileged Cont,140583418834944,1227877,3489390787,18.0,26162933125979,38106,12bc65,c20bdb000,cffbe0c3,07:16:02,475,261,368,255,1,299,2,11,12,6,5,0,0
5376,upowerd,131283344551936,346876,416938137,48.0,26170700375322,1074928,54afc,6c91df000,18d9f899,07:16:10,479,72,411,238,0,84,5,4,10,15,12,77570,2
8773,gnome-shell,130163691044864,696503,557847574,10.0,26180992603262,529186,aa0b7,218914000,21401416,07:16:20,276,196,392,236,0,170,10,10,0,11,7,-545151,2
12550,Socket Thread,136530013138944,1246666,2265375813,49.0,26195845017052,554480,1305ca,c5eef3000,8706e445,07:16:35,243,247,177,248,1,304,3,0,5,12,10,345750,2
5376,upowerd,131283344551936,577340,416938137,48.0,26200760414441,1615475,8cf3c,6c91df000,18d9f899,07:16:40,479,72,411,238,0,140,8,12,15,3,12,230464,2
9012,gsd-housekeepin,104179586142208,1228482,936251515,9.0,26222801716017,386406,12bec2,33399000,37ce107b,07:17:02,409,409,256,189,1,299,2,11,14,12,2,73535,2
5376,upowerd,131283344551936,628516,416938137,48.0,26230843706603,1057737,99724,6c91df000,18d9f899,07:17:10,479,72,411,238,0,153,9,9,7,2,4,51176,2
5376,upowerd,131283344551936,1174446,416938137,48.0,26261373496028,1691466,11ebae,6c91df000,18d9f899,07:17:41,479,72,411,238,1,286,1,14,11,10,14,545930,2
9012,gsd-housekeepin,104179586142208,1147065,936251515,9.0,26282796828863,508792,1180b9,33399000,37ce107b,07:18:02,409,409,256,189,1,280,1,8,0,11,9,-81417,2
8773,gnome-shell,130163691044864,1179847,557847574,10.0,26300987389201,559979,1200c7,218914000,21401416,07:18:20,276,196,392,236,1,288,2,0,0,12,7,483344,2
12550,Socket Thread,136530003456000,1216911,3318933479,173.0,26324579862307,1842453,12918f,c5e5b7000,c5d2e7e7,07:18:44,439,242,177,248,1,297,2,9,1,8,15,1015810,2
9012,gsd-housekeepin,104179586142208,303484,936251515,9.0,26342799357452,225002,4a17c,33399000,37ce107b,07:19:02,409,409,256,189,0,74,4,10,1,7,12,-843581,2
12690,Privileged Cont,140583411167232,87224,2514891851,69.0,26350869470651,358547,154b8,c2048b000,95e6344b,07:19:10,139,258,368,255,0,21,1,5,4,11,8,0,2
12690,Privileged Cont,140583411036160,147925,2514891851,39.0,26350870151806,281382,241d5,c2046b000,95e6344b,07:19:10,107,258,368,255,0,36,2,4,1,13,5,-268379,2
12690,Privileged Cont,140583411404800,298325,2514891851,127.0,26351186084891,48700,48d55,c204c5000,95e6344b,07:19:11,197,258,368,255,0,72,4,8,13,5,5,-587139,0
12690,Privileged Cont,140583411408896,298326,2514891851,128.0,26351186860777,824586,48d56,c204c6000,95e6344b,07:19:11,198,258,368,255,0,72,4,8,13,5,6,-587139,2
12690,Privileged Cont,140583411412992,816547,2514891851,129.0,26351186868298,832107,c75a3,c204c7000,95e6344b,07:19:11,199,258,368,255,0,199,12,7,5,10,3,446402,2
12690,Privileged Cont,140583411417088,816548,2514891851,130.0,26351186871237,835046,c75a4,c204c8000,95e6344b,07:19:11,200,258,368,255,0,199,12,7,5,10,4,-81762,2
12690,Privileged Cont,140583411421184,816550,2514891851,131.0,26351187279097,243110,c75a6,c204c9000,95e6344b,07:19:11,201,258,368,255,0,199,12,7,5,10,6,-57716,2
12690,Privileged Cont,140583411425280,816551,2514891851,132.0,26351187283648,247661,c75a7,c204ca000,95e6344b,07:19:11,202,258,368,255,0,199,12,7,5,10,7,-57717,2
12690,Privileged Cont,140583411429376,609520,2514891851,133.0,26351187284924,248937,94cf0,c204cb000,95e6344b,07:19:11,203,258,368,255,0,148,9,4,12,15,0,-53308,2
12690,Privileged Cont,140583411433472,609522,2514891851,134.0,26351188033467,76036,94cf2,c204cc000,95e6344b,07:19:11,204,258,368,255,0,148,9,4,12,15,2,-53308,0
12690,Privileged Cont,140583411044352,147925,2514891851,39.0,26351188721870,3738,241d5,c2046d000,95e6344b,07:19:11,109,258,368,255,0,36,2,4,1,13,5,0,0
12690,Privileged Cont,140583411048448,378529,2514891851,40.0,26351189245564,527432,5c6a1,c2046e000,95e6344b,07:19:11,110,258,368,255,0,92,5,12,6,10,1,-459583,2
8773,gnome-shell,130163677294592,109748,1836002127,22.0,26351334010413,55634,1acb4,217bf7000,6d6f2b4f,07:19:11,503,189,392,236,0,26,1,10,12,11,4,0,0
12550,Socket Thread,136530001027072,1126273,3285656337,95.0,26432556059337,40523,112f81,c5e366000,c3d72311,07:20:32,358,241,177,248,1,274,1,2,15,8,1,1293,0
12550,Socket Thread,136530013138944,1190294,2265375813,49.0,26432989392196,133279,122996,c5eef3000,8706e445,07:20:32,243,247,177,248,1,290,2,2,9,9,6,-56372,1
12550,Socket Thread,136530003456000,1141732,3318933479,173.0,26447666766632,118410,116be4,c5e5b7000,c5d2e7e7,07:20:47,439,242,177,248,1,278,1,6,11,14,4,-75179,1
12550,Socket Thread,136530002518016,1160441,3570161126,352.0,26462454517832,59831,11b4f9,c5e4d2000,d4cc55e6,07:21:02,210,242,177,248,1,283,1,11,4,15,9,-62065,0
9012,gsd-housekeepin,104179586142208,1232531,936251515,9.0,26462804849023,38587,12ce93,33399000,37ce107b,07:21:02,409,409,256,189,1,300,2,12,14,9,3,929047,0
12550,Socket Thread,136530013138944,1235088,2265375813,49.0,26471959715629,729072,12d890,c5eef3000,8706e445,07:21:11,243,247,177,248,1,301,2,13,8,9,0,44794,2
5376,upowerd,131283344551936,1241041,416938137,48.0,26472672764376,1054547,12efd1,6c91df000,18d9f899,07:21:12,479,72,411,238,1,302,2,14,15,13,1,66595,2
8773,gnome-shell,130163691044864,1140855,557847574,10.0,26480992419683,157248,116877,218914000,21401416,07:21:20,276,196,392,236,1,278,1,6,8,7,7,-38992,1
5376,upowerd,131283344551936,1199974,416938137,48.0,26502808694431,410636,124f66,6c91df000,18d9f899,07:21:42,479,72,411,238,1,292,2,4,15,6,6,-41067,2
12550,Socket Thread,136530013138944,1139094,2265375813,49.0,26503143770451,38412,116196,c5eef3000,8706e445,07:21:43,243,247,177,248,1,278,1,6,1,9,6,-95994,0
12550,Socket Thread,136530001027072,1163317,3285656337,95.0,26503155806918,86300,11c035,c5e366000,c3d72311,07:21:43,358,241,177,248,1,284,1,12,0,3,5,37044,0
12550,Socket Thread,136530013138944,1139094,2265375813,49.0,26519060445168,371898,116196,c5eef3000,8706e445,07:21:59,243,247,177,248,1,278,1,6,1,9,6,0,2
12690,Privileged Cont,140583418830848,1136787,3489390787,22.0,26519658245122,321307,115893,c20bda000,cffbe0c3,07:21:59,474,261,368,255,1,277,1,5,8,9,3,15053,2
12690,Privileged Cont,140583418888192,1222946,3489390787,31.0,26519670544484,323593,12a922,c20be8000,cffbe0c3,07:21:59,488,261,368,255,1,298,2,10,9,2,2,125469,2
12690,Privileged Cont,140583418826752,1136787,3489390787,22.0,26522774360762,39546,115893,c20bd9000,cffbe0c3,07:22:02,473,261,368,255,1,277,1,5,8,9,3,0,0
9012,gsd-housekeepin,104179586142208,1225230,936251515,9.0,26522799020677,319908,12b20e,33399000,37ce107b,07:22:02,409,409,256,189,1,299,2,11,2,0,14,-7301,2
12690,Privileged Cont,136520982097920,1232911,4158971349,79.0,26523376822919,38623,12d00f,a44a47000,f7e4ddd5,07:22:03,71,37,169,248,1,301,2,13,0,0,15,126548,0
12690,Privileged Cont,136520982102016,1232911,4158971349,79.0,26523377492588,599328,12d00f,a44a48000,f7e4ddd5,07:22:03,72,37,169,248,1,301,2,13,0,0,15,0,2
12690,Privileged Cont,136520982106112,1232911,4158971349,79.0,26523377788137,247172,12d00f,a44a49000,f7e4ddd5,07:22:03,73,37,169,248,1,301,2,13,0,0,15,0,2
12690,Privileged Cont,136520982110208,1232911,4158971349,79.0,26523378854969,38254,12d00f,a44a4a000,f7e4ddd5,07:22:03,74,37,169,248,1,301,2,13,0,0,15,0,0
12690,Privileged Cont,136520982114304,1232911,4158971349,79.0,26523379542415,37326,12d00f,a44a4b000,f7e4ddd5,07:22:03,75,37,169,248,1,301,2,13,0,0,15,0,0
12690,Privileged Cont,136520982118400,1232911,4158971349,79.0,26523382145906,47817,12d00f,a44a4c000,f7e4ddd5,07:22:03,76,37,169,248,1,301,2,13,0,0,15,0,0
12690,Privileged Cont,136520982122496,1232911,4158971349,79.0,26523383145926,90229,12d00f,a44a4d000,f7e4ddd5,07:22:03,77,37,169,248,1,301,2,13,0,0,15,0,0
12690,Privileged Cont,136520982126592,1232911,4158971349,79.0,26523383480265,424568,12d00f,a44a4e000,f7e4ddd5,07:22:03,78,37,169,248,1,301,2,13,0,0,15,0,2
12690,Privileged Cont,136520982032384,1162441,4158971349,60.0,26523386274738,35585,11bcc9,a44a37000,f7e4ddd5,07:22:03,55,37,169,248,1,283,1,11,12,12,9,64039,0
12690,Privileged Cont,136520982036480,1162441,4158971349,60.0,26523386789244,37730,11bcc9,a44a38000,f7e4ddd5,07:22:03,56,37,169,248,1,283,1,11,12,12,9,0,0
12690,Privileged Cont,136520982040576,1162441,4158971349,60.0,26523387221562,349791,11bcc9,a44a39000,f7e4ddd5,07:22:03,57,37,169,248,1,283,1,11,12,12,9,0,2
12690,Privileged Cont,136520982044672,1162441,4158971349,60.0,26523387947416,40457,11bcc9,a44a3a000,f7e4ddd5,07:22:03,58,37,169,248,1,283,1,11,12,12,9,0,0
12690,Privileged Cont,136520982048768,1162441,4158971349,60.0,26523388282793,38210,11bcc9,a44a3b000,f7e4ddd5,07:22:03,59,37,169,248,1,283,1,11,12,12,9,0,0
12690,Privileged Cont,136520982089728,1232911,4158971349,79.0,26523388754992,389990,12d00f,a44a45000,f7e4ddd5,07:22:03,69,37,169,248,1,301,2,13,0,0,15,0,2
12690,Privileged Cont,136520982093824,1232911,4158971349,79.0,26523389372996,40866,12d00f,a44a46000,f7e4ddd5,07:22:03,70,37,169,248,1,301,2,13,0,0,15,0,0
12690,Privileged Cont,136520981921792,1112356,4158971349,31.0,26523390379036,390022,10f924,a44a1c000,f7e4ddd5,07:22:03,28,37,169,248,1,271,0,15,9,2,4,-122348,2
12690,Privileged Cont,136520981925888,1112356,4158971349,31.0,26523391346450,39182,10f924,a44a1d000,f7e4ddd5,07:22:03,29,37,169,248,1,271,0,15,9,2,4,0,0
12690,Privileged Cont,136520981929984,1112356,4158971349,31.0,26523391801305,410433,10f924,a44a1e000,f7e4ddd5,07:22:03,30,37,169,248,1,271,0,15,9,2,4,0,2
9012,gsd-housekeepin,104179586142208,1224811,936251515,9.0,26582878425430,3382902,12b06b,33399000,37ce107b,07:23:02,409,409,256,189,1,299,2,11,0,6,11,-419,3
12550,Socket Thread,136530001027072,1163317,3285656337,95.0,26583717281790,28456,11c035,c5e366000,c3d72311,07:23:03,358,241,177,248,1,284,1,12,0,3,5,0,0
12550,Socket Thread,136530001027072,1163317,3285656337,95.0,26590569446091,50051,11c035,c5e366000,c3d72311,07:23:10,358,241,177,248,1,284,1,12,0,3,5,0,0
12550,Socket Thread,136530002518016,1102818,3570161126,352.0,26590622810056,86421,10d3e2,c5e4d2000,d4cc55e6,07:23:10,210,242,177,248,1,269,0,13,3,14,2,-57623,0
5376,upowerd,131283344551936,1189811,416938137,48.0,26592963275982,5407709,1227b3,6c91df000,18d9f899,07:23:12,479,72,411,238,1,290,2,2,7,11,3,-10163,3
12550,Socket Thread,136530013138944,1139094,2265375813,49.0,26596544036202,255658,116196,c5eef3000,8706e445,07:23:16,243,247,177,248,1,278,1,6,1,9,6,0,2
8773,gnome-shell,130163691044864,1107615,557847574,10.0,26600988379216,456263,10e69f,218914000,21401416,07:23:20,276,196,392,236,1,270,0,14,6,9,15,-33240,2
12550,Socket Thread,136530003456000,1186958,3318933479,173.0,26608980190818,21154132,121c8e,c5e5b7000,c5d2e7e7,07:23:28,439,242,177,248,1,289,2,1,12,8,14,45226,4
12550,Socket Thread,136530002518016,1234136,3570161126,352.0,26610287430708,10102,12d4d8,c5e4d2000,d4cc55e6,07:23:30,210,242,177,248,1,301,2,13,4,13,8,131318,0
5376,upowerd,131283344551936,858728,416938137,48.0,26623060257345,3141584,d1a68,6c91df000,18d9f899,07:23:43,479,72,411,238,0,209,13,1,10,6,8,-331083,3
9012,gsd-housekeepin,104179586142208,602491,936251515,9.0,26642805747372,517879,9317b,33399000,37ce107b,07:24:02,409,409,256,189,0,147,9,3,1,7,11,-622320,2
12550,Socket Thread,136530001027072,1172180,3285656337,95.0,26652515207896,52344,11e2d4,c5e366000,c3d72311,07:24:12,358,241,177,248,1,286,1,14,2,13,4,8863,0
5376,upowerd,131283344551936,681547,416938137,48.0,26653143343241,1552378,a664b,6c91df000,18d9f899,07:24:13,479,72,411,238,0,166,10,6,6,4,11,-177181,2
8773,gnome-shell,130163691044864,64078,557847574,10.0,26660997975556,623138,fa4e,218914000,21401416,07:24:20,276,196,392,236,0,15,0,15,10,4,14,-1043537,2
12550,Socket Thread,136530013138944,1156919,2265375813,49.0,26670886498021,270995,11a737,c5eef3000,8706e445,07:24:30,243,247,177,248,1,282,1,10,7,3,7,17825,2
5376,upowerd,131283344551936,1203211,416938137,48.0,26683180000411,3339194,125c0b,6c91df000,18d9f899,07:24:43,479,72,411,238,1,293,2,5,12,0,11,521664,3
12550,Socket Thread,136530003456000,1252140,3318933479,173.0,26691691254733,362679,131b2c,c5e5b7000,c5d2e7e7,07:24:51,439,242,177,248,1,305,3,1,11,2,12,65182,2
9012,gsd-housekeepin,104179586142208,1209749,936251515,9.0,26702802773494,273310,127595,33399000,37ce107b,07:25:02,409,409,256,189,1,295,2,7,5,9,5,607258,2
12550,Socket Thread,136530003456000,1241867,3318933479,173.0,26708426310899,192083,12f30b,c5e5b7000,c5d2e7e7,07:25:08,439,242,177,248,1,303,2,15,3,0,11,-10273,1
12550,Socket Thread,136530002518016,1223220,3570161126,352.0,26711814538388,37999,12aa34,c5e4d2000,d4cc55e6,07:25:11,210,242,177,248,1,298,2,10,10,3,4,-10916,0
5376,upowerd,131283344551936,1162952,416938137,48.0,26713281744403,400011,11bec8,6c91df000,18d9f899,07:25:13,479,72,411,238,1,283,1,11,14,12,8,-40259,2
9012,gsd-housekeepin,104179586142208,325767,936251515,9.0,26762806676726,578516,4f887,33399000,37ce107b,07:26:02,409,409,256,189,0,79,4,15,8,8,7,-883982,2
12550,Socket Thread,136530003456000,1185017,3318933479,173.0,26767892615609,550886,1214f9,c5e5b7000,c5d2e7e7,07:26:07,439,242,177,248,1,289,2,1,4,15,9,-56850,2
5376,upowerd,131283344551936,1165250,416938137,48.0,26773357424388,572299,11c7c2,6c91df000,18d9f899,07:26:13,479,72,411,238,1,284,1,12,7,12,2,2298,2
12550,Socket Thread,136530001027072,1151266,3285656337,95.0,26780166109251,565756,119122,c5e366000,c3d72311,07:26:20,358,241,177,248,1,281,1,9,1,2,2,-20914,2
12550,Socket Thread,136530001027072,1151266,3285656337,95.0,26792056928762,99370,119122,c5e366000,c3d72311,07:26:32,358,241,177,248,1,281,1,9,1,2,2,0,0
6240,pipewire-pulse,124462383763456,1114380,38611924,0.0,26811464890343,434729,11010c,2a82c1000,24d2bd4,07:26:51,193,321,202,226,1,272,1,0,1,0,12,0,2
6240,pipewire-pulse,124462383767552,1114381,38611924,1.0,26811464900237,444623,11010d,2a82c2000,24d2bd4,07:26:51,194,321,202,226,1,272,1,0,1,0,13,0,2
6240,pipewire-pulse,124462383771648,1114382,38611924,2.0,26811464902061,446447,11010e,2a82c3000,24d2bd4,07:26:51,195,321,202,226,1,272,1,0,1,0,14,0,2
6240,pipewire-pulse,124462383775744,1114383,38611924,3.0,26811464903687,448073,11010f,2a82c4000,24d2bd4,07:26:51,196,321,202,226,1,272,1,0,1,0,15,0,2
6240,pipewire-pulse,124462383779840,1114384,38611924,4.0,26811464905673,450059,110110,2a82c5000,24d2bd4,07:26:51,197,321,202,226,1,272,1,0,1,1,0,0,2
6240,pipewire-pulse,124462383783936,1114385,38611924,5.0,26811464907271,451657,110111,2a82c6000,24d2bd4,07:26:51,198,321,202,226,1,272,1,0,1,1,1,0,2
6240,pipewire-pulse,124462383788032,1114386,38611924,6.0,26811464908773,453159,110112,2a82c7000,24d2bd4,07:26:51,199,321,202,226,1,272,1,0,1,1,2,0,2
6240,pipewire-pulse,124462383792128,1114387,38611924,7.0,26811464910344,454730,110113,2a82c8000,24d2bd4,07:26:51,200,321,202,226,1,272,1,0,1,1,3,0,2
6240,pipewire-pulse,124462383726592,1114389,1716491196,0.0,26811465160462,704848,110115,2a82b8000,664f93bc,07:26:51,184,321,202,226,1,272,1,0,1,1,5,0,2
6240,pipewire-pulse,124462383730688,1114390,1716491196,1.0,26811465163614,708000,110116,2a82b9000,664f93bc,07:26:51,185,321,202,226,1,272,1,0,1,1,6,0,2
6240,pipewire-pulse,124462383734784,1114391,1716491196,2.0,26811465165203,709589,110117,2a82ba000,664f93bc,07:26:51,186,321,202,226,1,272,1,0,1,1,7,0,2
6240,pipewire-pulse,124462383738880,1114392,1716491196,3.0,26811465166041,710427,110118,2a82bb000,664f93bc,07:26:51,187,321,202,226,1,272,1,0,1,1,8,0,2
6240,pipewire-pulse,124462383742976,1114393,1716491196,4.0,26811465166876,711262,110119,2a82bc000,664f93bc,07:26:51,188,321,202,226,1,272,1,0,1,1,9,0,2
6240,pipewire-pulse,124462383747072,1114394,1716491196,5.0,26811465167699,712085,11011a,2a82bd000,664f93bc,07:26:51,189,321,202,226,1,272,1,0,1,1,10,0,2
6240,pipewire-pulse,124462383751168,1114395,1716491196,6.0,26811465168563,712949,11011b,2a82be000,664f93bc,07:26:51,190,321,202,226,1,272,1,0,1,1,11,0,2
6240,pipewire-pulse,124462383755264,1114396,1716491196,7.0,26811465169495,713881,11011c,2a82bf000,664f93bc,07:26:51,191,321,202,226,1,272,1,0,1,1,12,0,2
9012,gsd-housekeepin,104179586142208,417020,936251515,9.0,26822798859091,42191,65cfc,33399000,37ce107b,07:27:02,409,409,256,189,0,101,6,5,12,15,12,91253,0
10631,firefox,136217451773952,519485,3538982183,2.0,26845011455065,257112,7ed3d,398d34000,d2f09527,07:27:25,308,198,398,247,0,126,7,14,13,3,13,0,2
10631,firefox,136217451778048,519484,3538982183,3.0,26845011470383,257112,7ed3c,398d35000,d2f09527,07:27:25,309,198,398,247,0,126,7,14,13,3,12,0,2
10631,firefox,136217451741184,519482,1614498036,0.0,26845015067761,257115,7ed3a,398d2c000,603b48f4,07:27:25,300,198,398,247,0,126,7,14,13,3,10,0,2
10631,firefox,136217451745280,516730,1614498036,1.0,26845015079801,257115,7e27a,398d2d000,603b48f4,07:27:25,301,198,398,247,0,126,7,14,2,7,10,0,2
10631,firefox,136217451749376,482933,1614498036,2.0,26845015089291,257115,75e75,398d2e000,603b48f4,07:27:25,302,198,398,247,0,117,7,5,14,7,5,0,2
10631,firefox,136217451753472,482934,1614498036,3.0,26845015094798,257115,75e76,398d2f000,603b48f4,07:27:25,303,198,398,247,0,117,7,5,14,7,6,0,2
12437,Renderer,136217451761664,519483,3538982183,4.0,26845025828791,257126,7ed3b,398d31000,d2f09527,07:27:25,305,198,398,247,0,126,7,14,13,3,11,0,2
12437,Renderer,136217451765760,519483,3538982183,4.0,26845025841912,257126,7ed3b,398d32000,d2f09527,07:27:25,306,198,398,247,0,126,7,14,13,3,11,0,2
12437,Renderer,136217451782144,519483,3538982183,4.0,26845025847577,257126,7ed3b,398d36000,d2f09527,07:27:25,310,198,398,247,0,126,7,14,13,3,11,0,2
12437,Renderer,136217451786240,482939,3538982183,5.0,26845025851142,257126,75e7b,398d37000,d2f09527,07:27:25,311,198,398,247,0,117,7,5,14,7,11,0,2
12437,Renderer,136217451790336,482940,3538982183,6.0,26845025854596,257126,75e7c,398d38000,d2f09527,07:27:25,312,198,398,247,0,117,7,5,14,7,12,0,2
10631,firefox,136217451683840,532367,2112737171,2.0,26849722225406,261822,81f8f,398d1e000,7dedcf93,07:27:29,286,198,398,247,0,129,8,1,15,8,15,0,2
10631,firefox,136217451687936,532366,2112737171,3.0,26849722230614,261822,81f8e,398d1f000,7dedcf93,07:27:29,287,198,398,247,0,129,8,1,15,8,14,0,2
12437,Renderer,136217451671552,532365,2112737171,4.0,26849781905957,261882,81f8d,398d1b000,7dedcf93,07:27:29,283,198,398,247,0,129,8,1,15,8,13,0,2
12437,Renderer,136217451675648,532365,2112737171,4.0,26849781912061,261882,81f8d,398d1c000,7dedcf93,07:27:29,284,198,398,247,0,129,8,1,15,8,13,0,2
12437,Renderer,136217451696128,493997,2112737171,5.0,26849781917496,261882,789ad,398d21000,7dedcf93,07:27:29,289,198,398,247,0,120,7,8,9,10,13,0,2
12437,Renderer,136217451700224,432329,2112737171,6.0,26849781920654,261882,698c9,398d22000,7dedcf93,07:27:29,290,198,398,247,0,105,6,9,8,12,9,0,2
5926,pipewire-pulse,136803934920704,434176,3831205940,0.0,26857430643026,269531,6a000,c25f1e000,e45b9034,07:27:37,286,303,432,248,0,106,6,10,0,0,0,0,2
5926,pipewire-pulse,136803934924800,433664,3831205940,1.0,26857430658428,269531,69e00,c25f1f000,e45b9034,07:27:37,287,303,432,248,0,105,6,9,14,0,0,0,2
5926,pipewire-pulse,136803934932992,433657,3831205940,3.0,26857430663459,269531,69df9,c25f21000,e45b9034,07:27:37,289,303,432,248,0,105,6,9,13,15,9,0,2
5926,pipewire-pulse,136803934937088,433233,3831205940,4.0,26857430666488,269531,69c51,c25f22000,e45b9034,07:27:37,290,303,432,248,0,105,6,9,12,5,1,0,2
5926,pipewire-pulse,136803934941184,433036,3831205940,5.0,26857430669254,269531,69b8c,c25f23000,e45b9034,07:27:37,291,303,432,248,0,105,6,9,11,8,12,0,2
5926,pipewire-pulse,136803934945280,433035,3831205940,6.0,26857430672068,269531,69b8b,c25f24000,e45b9034,07:27:37,292,303,432,248,0,105,6,9,11,8,11,0,2
5926,pipewire-pulse,136803934949376,433034,3831205940,7.0,26857430674852,269531,69b8a,c25f25000,e45b9034,07:27:37,293,303,432,248,0,105,6,9,11,8,10,0,2
5926,pipewire-pulse,136803910656000,433021,3539876723,0.0,26857430818317,269531,69b7d,c247fa000,d2fe3b73,07:27:37,506,291,432,248,0,105,6,9,11,7,13,0,2
5926,pipewire-pulse,136803910660096,433019,3539876723,1.0,26857430822633,269531,69b7b,c247fb000,d2fe3b73,07:27:37,507,291,432,248,0,105,6,9,11,7,11,0,2
5926,pipewire-pulse,136803910664192,433011,3539876723,2.0,26857430826000,269531,69b73,c247fc000,d2fe3b73,07:27:37,508,291,432,248,0,105,6,9,11,7,3,0,2
5926,pipewire-pulse,136803910668288,432968,3539876723,3.0,26857430829093,269531,69b48,c247fd000,d2fe3b73,07:27:37,509,291,432,248,0,105,6,9,11,4,8,0,2
5926,pipewire-pulse,136803910672384,432967,3539876723,4.0,26857430830778,269531,69b47,c247fe000,d2fe3b73,07:27:37,510,291,432,248,0,105,6,9,11,4,7,0,2
5926,pipewire-pulse,136803910676480,432966,3539876723,5.0,26857430832289,269531,69b46,c247ff000,d2fe3b73,07:27:37,511,291,432,248,0,105,6,9,11,4,6,0,2
5926,pipewire-pulse,136803910684672,432960,3539876723,7.0,26857430835048,269531,69b40,c24801000,d2fe3b73,07:27:37,1,292,432,248,0,105,6,9,11,4,0,0,2
5926,pipewire-pulse,136803934920704,585838,2212543995,0.0,26862500242950,274600,8f06e,c25f1e000,83e0bdfb,07:27:42,286,303,432,248,0,143,8,15,0,6,14,0,2
5926,pipewire-pulse,136803934924800,585839,2212543995,1.0,26862500283819,274600,8f06f,c25f1f000,83e0bdfb,07:27:42,287,303,432,248,0,143,8,15,0,6,15,0,2
5926,pipewire-pulse,136803934932992,585841,2212543995,3.0,26862500314327,274601,8f071,c25f21000,83e0bdfb,07:27:42,289,303,432,248,0,143,8,15,0,7,1,0,2
5926,pipewire-pulse,136803934937088,585842,2212543995,4.0,26862500330030,274601,8f072,c25f22000,83e0bdfb,07:27:42,290,303,432,248,0,143,8,15,0,7,2,0,2
5926,pipewire-pulse,136803934941184,585843,2212543995,5.0,26862500345618,274601,8f073,c25f23000,83e0bdfb,07:27:42,291,303,432,248,0,143,8,15,0,7,3,0,2
5926,pipewire-pulse,136803934945280,585844,2212543995,6.0,26862500361386,274601,8f074,c25f24000,83e0bdfb,07:27:42,292,303,432,248,0,143,8,15,0,7,4,0,2
5926,pipewire-pulse,136803934949376,585845,2212543995,7.0,26862500376979,274601,8f075,c25f25000,83e0bdfb,07:27:42,293,303,432,248,0,143,8,15,0,7,5,0,2
5926,pipewire-pulse,136803910656000,585847,3916460469,0.0,26862503514619,274604,8f077,c247fa000,e97071b5,07:27:42,506,291,432,248,0,143,8,15,0,7,7,0,2
5926,pipewire-pulse,136803910660096,585848,3916460469,1.0,26862503536079,274604,8f078,c247fb000,e97071b5,07:27:42,507,291,432,248,0,143,8,15,0,7,8,0,2
5926,pipewire-pulse,136803910664192,585849,3916460469,2.0,26862503552371,274604,8f079,c247fc000,e97071b5,07:27:42,508,291,432,248,0,143,8,15,0,7,9,0,2
5926,pipewire-pulse,136803910668288,585850,3916460469,3.0,26862503568445,274604,8f07a,c247fd000,e97071b5,07:27:42,509,291,432,248,0,143,8,15,0,7,10,0,2
5926,pipewire-pulse,136803910672384,585851,3916460469,4.0,26862503582751,274604,8f07b,c247fe000,e97071b5,07:27:42,510,291,432,248,0,143,8,15,0,7,11,0,2
5926,pipewire-pulse,136803910676480,585852,3916460469,5.0,26862503596864,274604,8f07c,c247ff000,e97071b5,07:27:42,511,291,432,248,0,143,8,15,0,7,12,0,2
5926,pipewire-pulse,136803910684672,585854,3916460469,7.0,26862503625286,274604,8f07e,c24801000,e97071b5,07:27:42,1,292,432,248,0,143,8,15,0,7,14,0,2
5926,pipewire-pulse,136803934920704,599706,1856567237,0.0,26866280594515,278381,9269a,c25f1e000,6ea8f7c5,07:27:46,286,303,432,248,0,146,9,2,6,9,10,0,2
5926,pipewire-pulse,136803934924800,599707,1856567237,1.0,26866280610608,278381,9269b,c25f1f000,6ea8f7c5,07:27:46,287,303,432,248,0,146,9,2,6,9,11,0,2
5926,pipewire-pulse,136803934932992,599709,1856567237,3.0,26866280638169,278381,9269d,c25f21000,6ea8f7c5,07:27:46,289,303,432,248,0,146,9,2,6,9,13,0,2
5926,pipewire-pulse,136803934937088,599710,1856567237,4.0,26866280652176,278381,9269e,c25f22000,6ea8f7c5,07:27:46,290,303,432,248,0,146,9,2,6,9,14,0,2
5926,pipewire-pulse,136803934941184,599711,1856567237,5.0,26866280687561,278381,9269f,c25f23000,6ea8f7c5,07:27:46,291,303,432,248,0,146,9,2,6,9,15,0,2
5926,pipewire-pulse,136803934945280,599712,1856567237,6.0,26866280701774,278381,926a0,c25f24000,6ea8f7c5,07:27:46,292,303,432,248,0,146,9,2,6,10,0,0,2
5926,pipewire-pulse,136803934949376,599713,1856567237,7.0,26866280715703,278381,926a1,c25f25000,6ea8f7c5,07:27:46,293,303,432,248,0,146,9,2,6,10,1,0,2
5926,pipewire-pulse,136803910656000,599715,2324233472,0.0,26866280789794,278381,926a3,c247fa000,8a88fd00,07:27:46,506,291,432,248,0,146,9,2,6,10,3,0,2
5926,pipewire-pulse,136803910660096,599716,2324233472,1.0,26866280804091,278381,926a4,c247fb000,8a88fd00,07:27:46,507,291,432,248,0,146,9,2,6,10,4,0,2
5926,pipewire-pulse,136803910664192,599717,2324233472,2.0,26866280824856,278381,926a5,c247fc000,8a88fd00,07:27:46,508,291,432,248,0,146,9,2,6,10,5,0,2
5926,pipewire-pulse,136803910668288,599718,2324233472,3.0,26866280838595,278381,926a6,c247fd000,8a88fd00,07:27:46,509,291,432,248,0,146,9,2,6,10,6,0,2
5926,pipewire-pulse,136803910672384,599719,2324233472,4.0,26866280852357,278381,926a7,c247fe000,8a88fd00,07:27:46,510,291,432,248,0,146,9,2,6,10,7,0,2
5926,pipewire-pulse,136803910676480,599720,2324233472,5.0,26866280866102,278381,926a8,c247ff000,8a88fd00,07:27:46,511,291,432,248,0,146,9,2,6,10,8,0,2
5926,pipewire-pulse,136803910684672,599722,2324233472,7.0,26866280893325,278381,926aa,c24801000,8a88fd00,07:27:46,1,292,432,248,0,146,9,2,6,10,10,0,2
5926,pipewire-pulse,136803910610944,608992,3117389600,0.0,26867276821338,279377,94ae0,c247ef000,b9cf9720,07:27:47,495,291,432,248,0,148,9,4,10,14,0,0,2
5926,pipewire-pulse,136803910619136,608994,3117389600,2.0,26867276850882,279377,94ae2,c247f1000,b9cf9720,07:27:47,497,291,432,248,0,148,9,4,10,14,2,0,2
5926,pipewire-pulse,136803910623232,608995,3117389600,3.0,26867276864659,279377,94ae3,c247f2000,b9cf9720,07:27:47,498,291,432,248,0,148,9,4,10,14,3,0,2
5926,pipewire-pulse,136803910627328,608996,3117389600,4.0,26867276878606,279377,94ae4,c247f3000,b9cf9720,07:27:47,499,291,432,248,0,148,9,4,10,14,4,0,2
5926,pipewire-pulse,136803910631424,608997,3117389600,5.0,26867276892326,279377,94ae5,c247f4000,b9cf9720,07:27:47,500,291,432,248,0,148,9,4,10,14,5,0,2
5926,pipewire-pulse,136803910635520,608998,3117389600,6.0,26867276906043,279377,94ae6,c247f5000,b9cf9720,07:27:47,501,291,432,248,0,148,9,4,10,14,6,0,2
5926,pipewire-pulse,136803910639616,608999,3117389600,7.0,26867276919744,279377,94ae7,c247f6000,b9cf9720,07:27:47,502,291,432,248,0,148,9,4,10,14,7,0,2
5926,pipewire-pulse,136803910574080,609001,3301736584,0.0,26867277975992,279378,94ae9,c247e6000,c4cc8088,07:27:47,486,291,432,248,0,148,9,4,10,14,9,0,2
5926,pipewire-pulse,136803910578176,609002,3301736584,1.0,26867277994301,279378,94aea,c247e7000,c4cc8088,07:27:47,487,291,432,248,0,148,9,4,10,14,10,0,2
5926,pipewire-pulse,136803910582272,609003,3301736584,2.0,26867278008045,279378,94aeb,c247e8000,c4cc8088,07:27:47,488,291,432,248,0,148,9,4,10,14,11,0,2
5926,pipewire-pulse,136803910586368,609004,3301736584,3.0,26867278021746,279378,94aec,c247e9000,c4cc8088,07:27:47,489,291,432,248,0,148,9,4,10,14,12,0,2
5926,pipewire-pulse,136803910590464,609005,3301736584,4.0,26867278035404,279378,94aed,c247ea000,c4cc8088,07:27:47,490,291,432,248,0,148,9,4,10,14,13,0,2
5926,pipewire-pulse,136803910594560,609006,3301736584,5.0,26867278049333,279378,94aee,c247eb000,c4cc8088,07:27:47,491,291,432,248,0,148,9,4,10,14,14,0,2
5926,pipewire-pulse,136803910598656,609007,3301736584,6.0,26867278075336,279378,94aef,c247ec000,c4cc8088,07:27:47,492,291,432,248,0,148,9,4,10,14,15,0,2
5926,pipewire-pulse,136803910602752,609008,3301736584,7.0,26867278089383,279378,94af0,c247ed000,c4cc8088,07:27:47,493,291,432,248,0,148,9,4,10,15,0,0,2
5926,pipewire-pulse,136803910610944,614210,2960992042,0.0,26868293227540,280393,95f42,c247ef000,b07d272a,07:27:48,495,291,432,248,0,149,9,5,15,4,2,0,2
5926,pipewire-pulse,136803910619136,614212,2960992042,2.0,26868293270088,280393,95f44,c247f1000,b07d272a,07:27:48,497,291,432,248,0,149,9,5,15,4,4,0,2
5926,pipewire-pulse,136803910623232,614213,2960992042,3.0,26868293286270,280393,95f45,c247f2000,b07d272a,07:27:48,498,291,432,248,0,149,9,5,15,4,5,0,2
5926,pipewire-pulse,136803910627328,614214,2960992042,4.0,26868293302244,280394,95f46,c247f3000,b07d272a,07:27:48,499,291,432,248,0,149,9,5,15,4,6,0,2
5926,pipewire-pulse,136803910631424,614215,2960992042,5.0,26868293317770,280394,95f47,c247f4000,b07d272a,07:27:48,500,291,432,248,0,149,9,5,15,4,7,0,2
5926,pipewire-pulse,136803910635520,614216,2960992042,6.0,26868293333315,280394,95f48,c247f5000,b07d272a,07:27:48,501,291,432,248,0,149,9,5,15,4,8,0,2
5926,pipewire-pulse,136803910639616,614217,2960992042,7.0,26868293348931,280394,95f49,c247f6000,b07d272a,07:27:48,502,291,432,248,0,149,9,5,15,4,9,0,2
5926,pipewire-pulse,136803910574080,614219,145105134,0.0,26868293558604,280394,95f4b,c247e6000,8a620ee,07:27:48,486,291,432,248,0,149,9,5,15,4,11,0,2
5926,pipewire-pulse,136803910578176,614220,145105134,1.0,26868293576165,280394,95f4c,c247e7000,8a620ee,07:27:48,487,291,432,248,0,149,9,5,15,4,12,0,2
5926,pipewire-pulse,136803910582272,614221,145105134,2.0,26868293591980,280394,95f4d,c247e8000,8a620ee,07:27:48,488,291,432,248,0,149,9,5,15,4,13,0,2
5926,pipewire-pulse,136803910586368,614222,145105134,3.0,26868293607906,280394,95f4e,c247e9000,8a620ee,07:27:48,489,291,432,248,0,149,9,5,15,4,14,0,2
5926,pipewire-pulse,136803910590464,614223,145105134,4.0,26868293639165,280394,95f4f,c247ea000,8a620ee,07:27:48,490,291,432,248,0,149,9,5,15,4,15,0,2
5926,pipewire-pulse,136803910594560,614224,145105134,5.0,26868293653114,280394,95f50,c247eb000,8a620ee,07:27:48,491,291,432,248,0,149,9,5,15,5,0,0,2
5926,pipewire-pulse,136803910598656,614225,145105134,6.0,26868293667006,280394,95f51,c247ec000,8a620ee,07:27:48,492,291,432,248,0,149,9,5,15,5,1,0,2
5926,pipewire-pulse,136803910602752,614226,145105134,7.0,26868293680975,280394,95f52,c247ed000,8a620ee,07:27:48,493,291,432,248,0,149,9,5,15,5,2,0,2
10631,firefox,136217153298432,614310,126540113,0.0,26868330779509,280431,95fa6,38708e000,78ad951,07:27:48,142,56,398,247,0,149,9,5,15,10,6,0,2
10631,firefox,136217153302528,614311,126540113,1.0,26868330798062,280431,95fa7,38708f000,78ad951,07:27:48,143,56,398,247,0,149,9,5,15,10,7,0,2
10631,firefox,136217153310720,614313,126540113,3.0,26868330831409,280431,95fa9,387091000,78ad951,07:27:48,145,56,398,247,0,149,9,5,15,10,9,0,2
10631,firefox,136217153314816,614314,126540113,4.0,26868330847729,280431,95faa,387092000,78ad951,07:27:48,146,56,398,247,0,149,9,5,15,10,10,0,2
10631,firefox,136217153318912,614315,126540113,5.0,26868330863820,280431,95fab,387093000,78ad951,07:27:48,147,56,398,247,0,149,9,5,15,10,11,0,2
10631,firefox,136217153323008,614316,126540113,6.0,26868330879916,280431,95fac,387094000,78ad951,07:27:48,148,56,398,247,0,149,9,5,15,10,12,0,2
10631,firefox,136217153327104,614317,126540113,7.0,26868330896066,280431,95fad,387095000,78ad951,07:27:48,149,56,398,247,0,149,9,5,15,10,13,0,2
10631,firefox,136217153331200,614318,126540113,8.0,26868330912107,280431,95fae,387096000,78ad951,07:27:48,150,56,398,247,0,149,9,5,15,10,14,0,2
10631,firefox,136217153335296,614319,126540113,9.0,26868330941873,280431,95faf,387097000,78ad951,07:27:48,151,56,398,247,0,149,9,5,15,10,15,0,2
10631,firefox,136217153339392,614320,126540113,10.0,26868330957872,280431,95fb0,387098000,78ad951,07:27:48,152,56,398,247,0,149,9,5,15,11,0,0,2
10631,firefox,136217153343488,614321,126540113,11.0,26868330973717,280431,95fb1,387099000,78ad951,07:27:48,153,56,398,247,0,149,9,5,15,11,1,0,2
10631,firefox,136217153347584,614322,126540113,12.0,26868330989541,280431,95fb2,38709a000,78ad951,07:27:48,154,56,398,247,0,149,9,5,15,11,2,0,2
10631,firefox,136217153351680,614323,126540113,13.0,26868331005079,280431,95fb3,38709b000,78ad951,07:27:48,155,56,398,247,0,149,9,5,15,11,3,0,2
10631,firefox,136217153355776,614324,126540113,14.0,26868331024588,280431,95fb4,38709c000,78ad951,07:27:48,156,56,398,247,0,149,9,5,15,11,4,0,2
10631,firefox,136217153359872,614325,126540113,15.0,26868331040410,280431,95fb5,38709d000,78ad951,07:27:48,157,56,398,247,0,149,9,5,15,11,5,0,2
10631,firefox,136217153363968,614326,126540113,16.0,26868331056642,280431,95fb6,38709e000,78ad951,07:27:48,158,56,398,247,0,149,9,5,15,11,6,0,2
10631,firefox,136217153368064,614327,126540113,17.0,26868331072257,280431,95fb7,38709f000,78ad951,07:27:48,159,56,398,247,0,149,9,5,15,11,7,0,2
10631,firefox,136217153376256,614329,126540113,19.0,26868331103951,280431,95fb9,3870a1000,78ad951,07:27:48,161,56,398,247,0,149,9,5,15,11,9,0,2
10631,firefox,136217153753088,614421,126540113,111.0,26868332605593,280433,96015,3870fd000,78ad951,07:27:48,253,56,398,247,0,150,9,6,0,1,5,0,2
10631,firefox,136217153757184,614422,126540113,112.0,26868332623140,280433,96016,3870fe000,78ad951,07:27:48,254,56,398,247,0,150,9,6,0,1,6,0,2
10631,firefox,136217153761280,614423,126540113,113.0,26868332641861,280433,96017,3870ff000,78ad951,07:27:48,255,56,398,247,0,150,9,6,0,1,7,0,2
10631,firefox,136216969031680,666475,3910009801,160.0,26879653861705,291754,a2b6b,37c0d3000,e90e03c9,07:27:59,211,480,397,247,0,162,10,2,11,6,11,0,2
10631,firefox,136217461198848,675000,2414741407,7.0,26881586775766,293687,a4cb8,399631000,8fee079f,07:28:01,49,203,398,247,0,164,10,4,12,11,8,0,2
10631,firefox,136217479950336,702929,3387605618,7.0,26886362600561,298463,ab9d1,39a813000,c9eac272,07:28:06,19,212,398,247,0,171,10,11,9,13,1,0,2
10631,firefox,136217461198848,711319,79251807,7.0,26887779978462,299880,ada97,399631000,4b9495f,07:28:07,49,203,398,247,0,173,10,13,10,9,7,0,2
10631,firefox,136217461198848,711327,3604335632,7.0,26887800866138,299901,ada9f,399631000,d6d5cc10,07:28:07,49,203,398,247,0,173,10,13,10,9,15,0,2
10631,firefox,136217461198848,717186,984541537,7.0,26889528947181,301629,af182,399631000,3aaee961,07:28:09,49,203,398,247,0,175,10,15,1,8,2,0,2
10631,firefox,136217461198848,648975,312887807,7.0,26890039606039,302140,9e70f,399631000,12a649ff,07:28:10,49,203,398,247,0,158,9,14,7,0,15,0,2
10631,firefox,136217461198848,611866,2631410912,7.0,26890270546070,302371,9561a,399631000,9cd824e0,07:28:10,49,203,398,247,0,149,9,5,6,1,10,0,2
10631,firefox,136217461198848,714801,2187656319,7.0,26890306813379,302407,ae831,399631000,8264fc7f,07:28:10,49,203,398,247,0,174,10,14,8,3,1,0,2
10631,firefox,136217461198848,713915,1787831181,7.0,26890348078279,302448,ae4bb,399631000,6a90238d,07:28:10,49,203,398,247,0,174,10,14,4,11,11,0,2
10631,firefox,136217461198848,717772,2583417492,7.0,26890352647492,302453,af3cc,399631000,99fbd294,07:28:10,49,203,398,247,0,175,10,15,3,12,12,0,2
10631,firefox,136217461198848,734120,971238791,7.0,26894044646052,306145,b33a8,399631000,39e3ed87,07:28:14,49,203,398,247,0,179,11,3,3,10,8,0,2
10631,firefox,136217461198848,743343,3327220148,7.0,26894758595762,306859,b57af,399631000,c65159b4,07:28:14,49,203,398,247,0,181,11,5,7,10,15,0,2
10631,firefox,136217461198848,743289,2694623328,7.0,26894759977932,306860,b5779,399631000,a09cb060,07:28:14,49,203,398,247,0,181,11,5,7,7,9,0,2
10631,firefox,136217461116928,684728,1802391580,7.0,26896097571923,308198,a72b8,39961d000,6b6e501c,07:28:16,29,203,398,247,0,167,10,7,2,11,8,0,2
10631,firefox,136217461116928,754770,2879301302,7.0,26896105789998,308206,b8452,39961d000,ab9ea6b6,07:28:16,29,203,398,247,0,184,11,8,4,5,2,0,2
10631,firefox,136217461133312,757917,2695044617,7.0,26897951795563,310052,b909d,399621000,a0a31e09,07:28:17,33,203,398,247,0,185,11,9,0,9,13,0,2
10631,firefox,136217461133312,757820,2588619262,7.0,26897990584725,310091,b903c,399621000,9a4b31fe,07:28:17,33,203,398,247,0,185,11,9,0,3,12,0,2
5926,pipewire-pulse,136803910619136,867732,3158890441,1.0,26948035660620,360136,d3d94,c247f1000,bc48d7c9,07:29:08,497,291,432,248,0,211,13,3,13,9,4,0,2
5926,pipewire-pulse,136803910623232,867733,3158890441,2.0,26948035688340,360136,d3d95,c247f2000,bc48d7c9,07:29:08,498,291,432,248,0,211,13,3,13,9,5,0,2
5926,pipewire-pulse,136803910627328,867734,3158890441,3.0,26948035706318,360136,d3d96,c247f3000,bc48d7c9,07:29:08,499,291,432,248,0,211,13,3,13,9,6,0,2
5926,pipewire-pulse,136803910631424,867735,3158890441,4.0,26948035722442,360136,d3d97,c247f4000,bc48d7c9,07:29:08,500,291,432,248,0,211,13,3,13,9,7,0,2
5926,pipewire-pulse,136803910635520,867736,3158890441,5.0,26948035738358,360136,d3d98,c247f5000,bc48d7c9,07:29:08,501,291,432,248,0,211,13,3,13,9,8,0,2
5926,pipewire-pulse,136803910639616,867737,3158890441,6.0,26948035754060,360136,d3d99,c247f6000,bc48d7c9,07:29:08,502,291,432,248,0,211,13,3,13,9,9,0,2
5926,pipewire-pulse,136803910643712,867738,3158890441,7.0,26948035770062,360136,d3d9a,c247f7000,bc48d7c9,07:29:08,503,291,432,248,0,211,13,3,13,9,10,0,2
5926,pipewire-pulse,136803910578176,867740,3949270434,0.0,26948035971315,360136,d3d9c,c247e7000,eb6515a2,07:29:08,487,291,432,248,0,211,13,3,13,9,12,0,2
5926,pipewire-pulse,136803910582272,867741,3949270434,1.0,26948035989406,360136,d3d9d,c247e8000,eb6515a2,07:29:08,488,291,432,248,0,211,13,3,13,9,13,0,2
5926,pipewire-pulse,136803910586368,867742,3949270434,2.0,26948036005641,360136,d3d9e,c247e9000,eb6515a2,07:29:08,489,291,432,248,0,211,13,3,13,9,14,0,2
5926,pipewire-pulse,136803910590464,867743,3949270434,3.0,26948036043857,360136,d3d9f,c247ea000,eb6515a2,07:29:08,490,291,432,248,0,211,13,3,13,9,15,0,2
5926,pipewire-pulse,136803910594560,867744,3949270434,4.0,26948036058259,360136,d3da0,c247eb000,eb6515a2,07:29:08,491,291,432,248,0,211,13,3,13,10,0,0,2
5926,pipewire-pulse,136803910598656,867745,3949270434,5.0,26948036072303,360136,d3da1,c247ec000,eb6515a2,07:29:08,492,291,432,248,0,211,13,3,13,10,1,0,2
5926,pipewire-pulse,136803910602752,867746,3949270434,6.0,26948036086717,360136,d3da2,c247ed000,eb6515a2,07:29:08,493,291,432,248,0,211,13,3,13,10,2,0,2
5926,pipewire-pulse,136803910606848,867747,3949270434,7.0,26948036101760,360136,d3da3,c247ee000,eb6515a2,07:29:08,494,291,432,248,0,211,13,3,13,10,3,0,2
5926,pipewire-pulse,136803910529024,868005,3999204333,0.0,26948171606202,360272,d3ea5,c247db000,ee5f03ed,07:29:08,475,291,432,248,0,211,13,3,14,10,5,0,2
5926,pipewire-pulse,136803910533120,868006,3999204333,1.0,26948171610299,360272,d3ea6,c247dc000,ee5f03ed,07:29:08,476,291,432,248,0,211,13,3,14,10,6,0,2
5926,pipewire-pulse,136803910537216,868007,3999204333,2.0,26948171612397,360272,d3ea7,c247dd000,ee5f03ed,07:29:08,477,291,432,248,0,211,13,3,14,10,7,0,2
5926,pipewire-pulse,136803910541312,868008,3999204333,3.0,26948171614125,360272,d3ea8,c247de000,ee5f03ed,07:29:08,478,291,432,248,0,211,13,3,14,10,8,0,2
5926,pipewire-pulse,136803910545408,868009,3999204333,4.0,26948171616040,360272,d3ea9,c247df000,ee5f03ed,07:29:08,479,291,432,248,0,211,13,3,14,10,9,0,2
5926,pipewire-pulse,136803910553600,868011,3999204333,6.0,26948171619416,360272,d3eab,c247e1000,ee5f03ed,07:29:08,481,291,432,248,0,211,13,3,14,10,11,0,2
5926,pipewire-pulse,136803910557696,868012,3999204333,7.0,26948171621402,360272,d3eac,c247e2000,ee5f03ed,07:29:08,482,291,432,248,0,211,13,3,14,10,12,0,2
5926,pipewire-pulse,136803910492160,868014,54063130,0.0,26948171658750,360272,d3eae,c247d2000,338f01a,07:29:08,466,291,432,248,0,211,13,3,14,10,14,0,2
5926,pipewire-pulse,136803910496256,868015,54063130,1.0,26948171660638,360272,d3eaf,c247d3000,338f01a,07:29:08,467,291,432,248,0,211,13,3,14,10,15,0,2
5926,pipewire-pulse,136803910500352,868016,54063130,2.0,26948171662337,360272,d3eb0,c247d4000,338f01a,07:29:08,468,291,432,248,0,211,13,3,14,11,0,0,2
5926,pipewire-pulse,136803910504448,868017,54063130,3.0,26948171664182,360272,d3eb1,c247d5000,338f01a,07:29:08,469,291,432,248,0,211,13,3,14,11,1,0,2
5926,pipewire-pulse,136803910508544,868018,54063130,4.0,26948171666058,360272,d3eb2,c247d6000,338f01a,07:29:08,470,291,432,248,0,211,13,3,14,11,2,0,2
5926,pipewire-pulse,136803910512640,868019,54063130,5.0,26948171667812,360272,d3eb3,c247d7000,338f01a,07:29:08,471,291,432,248,0,211,13,3,14,11,3,0,2
5926,pipewire-pulse,136803910516736,868020,54063130,6.0,26948171669634,360272,d3eb4,c247d8000,338f01a,07:29:08,472,291,432,248,0,211,13,3,14,11,4,0,2
5926,pipewire-pulse,136803910520832,868021,54063130,7.0,26948171671429,360272,d3eb5,c247d9000,338f01a,07:29:08,473,291,432,248,0,211,13,3,14,11,5,0,2
14227,Isolated Web Co,125622288396288,1160586,1689841613,1.0,26978224246038,1026650,11b58a,b7e03000,64b8efcd,07:29:38,3,447,258,228,1,283,1,11,5,8,10,0,2
14227,Isolated Web Co,125620766121984,656917,4127821526,2633.0,26978271631908,2005145,a0615,5d242000,f6098ed6,07:29:38,66,233,257,228,0,160,10,0,6,1,5,0,3
14227,Isolated Web Co,125620868632576,1111636,1704308401,7.0,26996889780144,8343769,10f654,63405000,6595aeb1,07:29:56,5,282,257,228,1,271,0,15,6,5,4,0,3
14227,Isolated Web Co,125620770619392,710985,1887016454,17.0,26998742187542,103809,ad949,5d68c000,70799606,07:29:58,140,235,257,228,0,173,10,13,9,4,9,0,1
14227,Isolated Web Co,125620793696256,221498,3824785272,4751.0,27001811999429,24724007,3613a,5ec8e000,e3f99778,07:30:01,142,246,257,228,0,54,3,6,1,3,10,0,4
14227,Isolated Web Co,125620767469568,509992,3910009801,157.0,27002294534858,1734801,7c828,5d38b000,e90e03c9,07:30:02,395,233,257,228,0,124,7,12,8,2,8,0,2
16656,Isolated Web Co,125620895481856,666234,3177070044,171.0,27040299846970,105534,a2a7a,64da0000,bd5e3ddc,07:30:40,416,294,257,228,0,162,10,2,10,7,10,0,1
16656,Isolated Web Co,125620895367168,354308,3177070044,127.0,27040474953383,229312,56804,64d84000,bd5e3ddc,07:30:40,388,294,257,228,0,86,5,6,8,0,4,0,2
16656,Isolated Web Co,125620895371264,354309,3177070044,128.0,27040474969166,245095,56805,64d85000,bd5e3ddc,07:30:40,389,294,257,228,0,86,5,6,8,0,5,0,2
16656,Isolated Web Co,125620895375360,354310,3177070044,129.0,27040474973933,249862,56806,64d86000,bd5e3ddc,07:30:40,390,294,257,228,0,86,5,6,8,0,6,0,2
16656,Isolated Web Co,125620895379456,354311,3177070044,130.0,27040474977679,253608,56807,64d87000,bd5e3ddc,07:30:40,391,294,257,228,0,86,5,6,8,0,7,0,2
16656,Isolated Web Co,125620895383552,354312,3177070044,131.0,27040474982208,258137,56808,64d88000,bd5e3ddc,07:30:40,392,294,257,228,0,86,5,6,8,0,8,0,2
16656,Isolated Web Co,125620895387648,354313,3177070044,132.0,27040474986124,262053,56809,64d89000,bd5e3ddc,07:30:40,393,294,257,228,0,86,5,6,8,0,9,0,2
16656,Isolated Web Co,125620895391744,354314,3177070044,133.0,27040474989985,265914,5680a,64d8a000,bd5e3ddc,07:30:40,394,294,257,228,0,86,5,6,8,0,10,0,2
16656,Isolated Web Co,125620895395840,354315,3177070044,134.0,27040474996826,272755,5680b,64d8b000,bd5e3ddc,07:30:40,395,294,257,228,0,86,5,6,8,0,11,0,2
17188,Isolated Web Co,125620902838272,344304,3339921790,31.0,27051677411025,199035,540f0,654a4000,c713297e,07:30:51,164,298,257,228,0,84,5,4,0,15,0,0,1
17188,Isolated Web Co,125620902912000,344283,3339921790,52.0,27055456515551,215232,540db,654b6000,c713297e,07:30:55,182,298,257,228,0,84,5,4,0,13,11,0,2
17188,Isolated Web Co,125620902895616,344283,3339921790,52.0,27055489918981,72446,540db,654b2000,c713297e,07:30:55,178,298,257,228,0,84,5,4,0,13,11,0,0
17188,Isolated Web Co,125620902748160,344320,3339921790,15.0,27055492159680,78602,54100,6548e000,c713297e,07:30:55,142,298,257,228,0,84,5,4,1,0,0,0,0
17188,Isolated Web Co,125620902756352,344308,3339921790,27.0,27055504137928,74572,540f4,65490000,c713297e,07:30:55,144,298,257,228,0,84,5,4,0,15,4,0,0
17188,Isolated Web Co,125620902891520,344283,3339921790,52.0,27063825024816,1037555,540db,654b1000,c713297e,07:31:03,177,298,257,228,0,84,5,4,0,13,11,0,2
17188,Isolated Web Co,125620902744064,344320,3339921790,15.0,27063854207234,705921,54100,6548d000,c713297e,07:31:03,141,298,257,228,0,84,5,4,1,0,0,0,2
17188,Isolated Web Co,125620902752256,344320,3339921790,15.0,27063864834928,148056,54100,6548f000,c713297e,07:31:03,143,298,257,228,0,84,5,4,1,0,0,0,1
17188,Isolated Web Co,125620902916096,344283,3339921790,52.0,27063905518328,8721215,540db,654b7000,c713297e,07:31:03,183,298,257,228,0,84,5,4,0,13,11,0,3
14227,Isolated Web Co,125620903051264,361151,3068398465,33.0,27077218679569,82181,582bf,654d8000,b6e40b81,07:31:17,216,298,257,228,0,88,5,8,2,11,15,0,0
14227,Isolated Web Co,125620902936576,361133,3068398465,15.0,27077221127815,74375,582ad,654bc000,b6e40b81,07:31:17,188,298,257,228,0,88,5,8,2,10,13,0,0
14227,Isolated Web Co,125620903116800,361170,3068398465,52.0,27077225811927,86795,582d2,654e8000,b6e40b81,07:31:17,232,298,257,228,0,88,5,8,2,13,2,0,0
14227,Isolated Web Co,125620902940672,361133,3068398465,15.0,27077234844506,92025,582ad,654bd000,b6e40b81,07:31:17,189,298,257,228,0,88,5,8,2,10,13,0,0
14227,Isolated Web Co,125620903112704,361170,3068398465,52.0,27077257662474,81709,582d2,654e7000,b6e40b81,07:31:17,231,298,257,228,0,88,5,8,2,13,2,0,0
14227,Isolated Web Co,125620903170048,361179,3068398465,61.0,27077267064188,89161,582db,654f5000,b6e40b81,07:31:17,245,298,257,228,0,88,5,8,2,13,11,0,0
14227,Isolated Web Co,125620903055360,361151,3068398465,33.0,27077270117723,76723,582bf,654d9000,b6e40b81,07:31:17,217,298,257,228,0,88,5,8,2,11,15,0,0
14227,Isolated Web Co,125620903088128,361170,3068398465,52.0,27077272490826,207776,582d2,654e1000,b6e40b81,07:31:17,225,298,257,228,0,88,5,8,2,13,2,0,2
14227,Isolated Web Co,125620903084032,361170,3068398465,52.0,27077274147593,158683,582d2,654e0000,b6e40b81,07:31:17,224,298,257,228,0,88,5,8,2,13,2,0,1
14227,Isolated Web Co,125620903092224,361170,3068398465,52.0,27077286394387,326207,582d2,654e2000,b6e40b81,07:31:17,226,298,257,228,0,88,5,8,2,13,2,0,2
14227,Isolated Web Co,125620902817792,344310,3339921790,25.0,27078486943326,841705,540f6,6549f000,c713297e,07:31:18,159,298,257,228,0,84,5,4,0,15,6,0,2
14227,Isolated Web Co,125620902821888,1124450,3339921790,31.0,27078563873340,779722,112862,654a0000,c713297e,07:31:18,160,298,257,228,1,274,1,2,8,6,2,0,2
17188,Isolated Web Co,125620902952960,361134,3068398465,16.0,27079404703247,22939,582ae,654c0000,b6e40b81,07:31:19,192,298,257,228,0,88,5,8,2,10,14,0,0
17188,Isolated Web Co,125620903022592,361151,3068398465,33.0,27079404712213,31905,582bf,654d1000,b6e40b81,07:31:19,209,298,257,228,0,88,5,8,2,11,15,0,0
17188,Isolated Web Co,125620902948864,361133,3068398465,15.0,27079433558680,98677,582ad,654bf000,b6e40b81,07:31:19,191,298,257,228,0,88,5,8,2,10,13,0,0
17188,Isolated Web Co,125620903010304,361134,3068398465,16.0,27079442622310,5829535,582ae,654ce000,b6e40b81,07:31:19,206,298,257,228,0,88,5,8,2,10,14,0,3
17188,Isolated Web Co,125620903153664,361179,3068398465,61.0,27079463450382,4635461,582db,654f1000,b6e40b81,07:31:19,241,298,257,228,0,88,5,8,2,13,11,0,3
17188,Isolated Web Co,125620903157760,361179,3068398465,61.0,27079467915773,201805,582db,654f2000,b6e40b81,07:31:19,242,298,257,228,0,88,5,8,2,13,11,0,2
17188,Isolated Web Co,125620903038976,361151,3068398465,33.0,27079473902715,103987,582bf,654d5000,b6e40b81,07:31:19,213,298,257,228,0,88,5,8,2,11,15,0,1
17188,Isolated Web Co,125620903014400,472101,3068398465,19.0,27079482443150,73412,73425,654cf000,b6e40b81,07:31:19,207,298,257,228,0,115,7,3,4,2,5,0,0
17188,Isolated Web Co,125620902977536,457298,3068398465,20.0,27086858873053,96288,6fa52,654c6000,b6e40b81,07:31:26,198,298,257,228,0,111,6,15,10,5,2,0,0
17188,Isolated Web Co,125620903133184,361170,3068398465,52.0,27086877534844,14144009,582d2,654ec000,b6e40b81,07:31:26,236,298,257,228,0,88,5,8,2,13,2,0,3
17188,Isolated Web Co,125620902969344,457298,3068398465,20.0,27086880902532,87931,6fa52,654c4000,b6e40b81,07:31:26,196,298,257,228,0,111,6,15,10,5,2,0,0
17188,Isolated Web Co,125620902993920,457298,3068398465,20.0,27086931594985,1191400,6fa52,654ca000,b6e40b81,07:31:26,202,298,257,228,0,111,6,15,10,5,2,0,2
17188,Isolated Web Co,125620902973440,457298,3068398465,20.0,27086962713515,1023883,6fa52,654c5000,b6e40b81,07:31:26,197,298,257,228,0,111,6,15,10,5,2,0,2
17188,Isolated Web Co,125620903165952,1195822,3068398465,58.0,27086980977405,240190,123f2e,654f4000,b6e40b81,07:31:26,244,298,257,228,1,291,2,3,15,2,14,0,2
17188,Isolated Web Co,125620903030784,361151,3068398465,33.0,27086981961666,104596,582bf,654d3000,b6e40b81,07:31:26,211,298,257,228,0,88,5,8,2,11,15,0,1
17188,Isolated Web Co,125620902998016,457298,3068398465,20.0,27086981980409,123339,6fa52,654cb000,b6e40b81,07:31:26,203,298,257,228,0,111,6,15,10,5,2,0,1
17188,Isolated Web Co,125620903182336,1195822,3068398465,58.0,27086994515181,91837,123f2e,654f8000,b6e40b81,07:31:26,248,298,257,228,1,291,2,3,15,2,14,0,0
17188,Isolated Web Co,125620902813696,1195599,3339921790,27.0,27093462497602,284010,123e4f,6549e000,c713297e,07:31:33,158,298,257,228,1,291,2,3,14,4,15,851291,2
10631,firefox,136217538945024,1195599,3339921790,27.0,27100688956840,68388,123e4f,39e056000,c713297e,07:31:40,86,240,398,247,1,291,2,3,14,4,15,0,0
14227,Isolated Web Co,125620902813696,1195599,3339921790,27.0,27100755098478,935344,123e4f,6549e000,c713297e,07:31:40,158,298,257,228,1,291,2,3,14,4,15,0,2
10631,firefox,136217538969600,1195599,3339921790,27.0,27100785946003,721316,123e4f,39e05c000,c713297e,07:31:40,92,240,398,247,1,291,2,3,14,4,15,0,2
10631,firefox,136217481494528,1212120,3068398465,16.0,27100948962198,721407,127ed8,39a98c000,b6e40b81,07:31:40,396,212,398,247,1,295,2,7,14,13,8,0,2
10631,firefox,136217481650176,1191749,3068398465,61.0,27104557903804,22350,122f45,39a9b2000,b6e40b81,07:31:44,434,212,398,247,1,290,2,2,15,4,5,0,0
10631,firefox,136217539072000,353925,3339921790,52.0,27109290147858,1090695,56685,39e075000,c713297e,07:31:49,117,240,398,247,0,86,5,6,6,8,5,0,2
14227,Isolated Web Co,136208890220544,1204268,1960231956,68.0,27114621994143,96961,12602c,19a845000,74d6c414,07:31:54,69,212,390,247,1,294,2,6,0,2,12,0,0
14227,Isolated Web Co,136208890200064,1195068,1960231956,69.0,27114630542274,261943,123c3c,19a840000,74d6c414,07:31:54,64,212,390,247,1,291,2,3,12,3,12,0,2
14227,Isolated Web Co,136208890212352,1195068,1960231956,69.0,27114642018905,107883,123c3c,19a843000,74d6c414,07:31:54,67,212,390,247,1,291,2,3,12,3,12,0,1
14227,Isolated Web Co,136208890208256,1195068,1960231956,69.0,27114655952864,679868,123c3c,19a842000,74d6c414,07:31:54,66,212,390,247,1,291,2,3,12,3,12,0,2
14227,Isolated Web Co,136208890204160,1195068,1960231956,69.0,27114660917006,864725,123c3c,19a841000,74d6c414,07:31:54,65,212,390,247,1,291,2,3,12,3,12,0,2
14227,Isolated Web Co,125620894846976,38453,3177070044,0.0,27115420813408,84662,9635,64d05000,bd5e3ddc,07:31:55,261,294,257,228,0,9,0,9,6,3,5,0,0
14227,Isolated Web Co,125620894855168,1240781,3177070044,1.0,27115473098363,1009275,12eecd,64d07000,bd5e3ddc,07:31:55,263,294,257,228,1,302,2,14,14,12,13,0,2
14227,Isolated Web Co,125620894851072,1235085,3177070044,3.0,27115478699700,847991,12d88d,64d06000,bd5e3ddc,07:31:55,262,294,257,228,1,301,2,13,8,8,13,0,2
14227,Isolated Web Co,125620895129600,1148067,3177070044,69.0,27115515630689,251381,1184a3,64d4a000,bd5e3ddc,07:31:55,330,294,257,228,1,280,1,8,4,10,3,0,2
14227,Isolated Web Co,125620894896128,1187687,3177070044,12.0,27116060547635,70985,121f67,64d11000,bd5e3ddc,07:31:56,273,294,257,228,1,289,2,1,15,6,7,0,0
14227,Isolated Web Co,125620894859264,1187690,3177070044,13.0,27117479027607,70542,121f6a,64d08000,bd5e3ddc,07:31:57,264,294,257,228,1,289,2,1,15,6,10,0,0
14227,Isolated Web Co,125620895412224,614435,3177070044,138.0,27117485155699,325862,96023,64d8f000,bd5e3ddc,07:31:57,399,294,257,228,0,150,9,6,0,2,3,0,2
14227,Isolated Web Co,125620895420416,625264,3177070044,140.0,27117504733713,72300,98a70,64d91000,bd5e3ddc,07:31:57,401,294,257,228,0,152,9,8,10,7,0,0,0
14227,Isolated Web Co,125620895424512,625270,3177070044,141.0,27117512855198,777632,98a76,64d92000,bd5e3ddc,07:31:57,402,294,257,228,0,152,9,8,10,7,6,0,2
17188,Isolated Web Co,125620902813696,665698,3339921790,25.0,27120240719709,71660,a2862,6549e000,c713297e,07:32:00,158,298,257,228,0,162,10,2,8,6,2,0,0
10631,firefox,136217481510912,361151,3068398465,33.0,27121653234129,69873,582bf,39a990000,b6e40b81,07:32:01,400,212,398,247,0,88,5,8,2,11,15,0,0
10631,firefox,136217481588736,1139299,3068398465,45.0,27121654963351,69334,116263,39a9a3000,b6e40b81,07:32:01,419,212,398,247,1,278,1,6,2,6,3,0,0
10631,firefox,136217481551872,361151,3068398465,33.0,27121656171389,73031,582bf,39a99a000,b6e40b81,07:32:01,410,212,398,247,0,88,5,8,2,11,15,0,0
10631,firefox,136217481654272,1191749,3068398465,61.0,27121657941838,80779,122f45,39a9b3000,b6e40b81,07:32:01,435,212,398,247,1,290,2,2,15,4,5,0,0
10631,firefox,136217481641984,1191749,3068398465,61.0,27121659009375,70029,122f45,39a9b0000,b6e40b81,07:32:01,432,212,398,247,1,290,2,2,15,4,5,0,0
10631,firefox,136217481564160,361151,3068398465,33.0,27121660267339,146134,582bf,39a99d000,b6e40b81,07:32:01,413,212,398,247,0,88,5,8,2,11,15,0,1
10631,firefox,136217481547776,1235556,3068398465,34.0,27121664191026,296467,12da64,39a999000,b6e40b81,07:32:01,409,212,398,247,1,301,2,13,10,6,4,0,2
10631,firefox,136217481596928,1139299,3068398465,45.0,27121666062571,74037,116263,39a9a5000,b6e40b81,07:32:01,421,212,398,247,1,278,1,6,2,6,3,0,0
10631,firefox,136217481494528,1096536,3068398465,20.0,27121667101816,67345,10bb58,39a98c000,b6e40b81,07:32:01,396,212,398,247,1,267,0,11,11,5,8,0,0
10631,firefox,136217481527296,1235556,3068398465,34.0,27121668062762,74058,12da64,39a994000,b6e40b81,07:32:01,404,212,398,247,1,301,2,13,10,6,4,0,0
10631,firefox,136217481469952,1096536,3068398465,20.0,27121857542343,199446,10bb58,39a986000,b6e40b81,07:32:01,390,212,398,247,1,267,0,11,11,5,8,0,1
10631,firefox,136217481625600,1139299,3068398465,45.0,27121858830124,70557,116263,39a9ac000,b6e40b81,07:32:01,428,212,398,247,1,278,1,6,2,6,3,0,0
10631,firefox,136217481478144,1096536,3068398465,20.0,27121860001129,74720,10bb58,39a988000,b6e40b81,07:32:01,392,212,398,247,1,267,0,11,11,5,8,0,0
10631,firefox,136217481539584,1235556,3068398465,34.0,27121861772203,76914,12da64,39a997000,b6e40b81,07:32:01,407,212,398,247,1,301,2,13,10,6,4,0,0
10631,firefox,136217481482240,1096536,3068398465,20.0,27121863269086,76098,10bb58,39a989000,b6e40b81,07:32:01,393,212,398,247,1,267,0,11,11,5,8,0,0
10631,firefox,136217481592832,1245059,3068398465,49.0,27121864195554,72865,12ff83,39a9a4000,b6e40b81,07:32:01,420,212,398,247,1,303,2,15,15,8,3,0,0
10631,firefox,136217481580544,1245059,3068398465,49.0,27121865084783,73502,12ff83,39a9a1000,b6e40b81,07:32:01,417,212,398,247,1,303,2,15,15,8,3,0,0
10631,firefox,136217481633792,1245059,3068398465,49.0,27121866668980,67599,12ff83,39a9ae000,b6e40b81,07:32:01,430,212,398,247,1,303,2,15,15,8,3,0,0
10631,firefox,136217481568256,1235556,3068398465,34.0,27121868013714,74854,12da64,39a99e000,b6e40b81,07:32:01,414,212,398,247,1,301,2,13,10,6,4,0,0
10631,firefox,136217481535488,1163615,3068398465,35.0,27121868957478,72285,11c15f,39a996000,b6e40b81,07:32:01,406,212,398,247,1,284,1,12,1,5,15,0,0
10631,firefox,136217481678848,1191749,3068398465,61.0,27121870098970,74109,122f45,39a9b9000,b6e40b81,07:32:01,441,212,398,247,1,290,2,2,15,4,5,0,0
10631,firefox,136217481474048,1096536,3068398465,20.0,27122032243964,69755,10bb58,39a987000,b6e40b81,07:32:02,391,212,398,247,1,267,0,11,11,5,8,0,0
10631,firefox,136217481490432,1096536,3068398465,20.0,27122034165067,14764,10bb58,39a98b000,b6e40b81,07:32:02,395,212,398,247,1,267,0,11,11,5,8,0,0
10631,firefox,136217481621504,1145707,3068398465,51.0,27122038318928,67174,117b6b,39a9ab000,b6e40b81,07:32:02,427,212,398,247,1,279,1,7,11,6,11,0,0
10631,firefox,136217481584640,1145707,3068398465,51.0,27122041181485,68957,117b6b,39a9a2000,b6e40b81,07:32:02,418,212,398,247,1,279,1,7,11,6,11,0,0
10631,firefox,136217481576448,1145707,3068398465,51.0,27122042623898,242903,117b6b,39a9a0000,b6e40b81,07:32:02,416,212,398,247,1,279,1,7,11,6,11,0,2
10631,firefox,136217481662464,1105014,3068398465,62.0,27122045029510,79003,10dc76,39a9b5000,b6e40b81,07:32:02,437,212,398,247,1,269,0,13,12,7,6,0,0
10631,firefox,136217481498624,1096536,3068398465,20.0,27122046233261,69838,10bb58,39a98d000,b6e40b81,07:32:02,397,212,398,247,1,267,0,11,11,5,8,0,0
10631,firefox,136217481572352,1163615,3068398465,35.0,27122047728533,381864,11c15f,39a99f000,b6e40b81,07:32:02,415,212,398,247,1,284,1,12,1,5,15,0,2
10631,firefox,136217481629696,1145707,3068398465,51.0,27122051238015,81845,117b6b,39a9ad000,b6e40b81,07:32:02,429,212,398,247,1,279,1,7,11,6,11,0,0
17188,Isolated Web Co,136208890007552,1102058,1960231956,30.0,27123158731502,815975,10d0ea,19a811000,74d6c414,07:32:03,17,212,390,247,1,269,0,13,0,14,10,0,2
17188,Isolated Web Co,136208890011648,1102058,1960231956,30.0,27123160260208,100360,10d0ea,19a812000,74d6c414,07:32:03,18,212,390,247,1,269,0,13,0,14,10,0,1
17188,Isolated Web Co,136208890015744,1102058,1960231956,30.0,27123162687071,70139,10d0ea,19a813000,74d6c414,07:32:03,19,212,390,247,1,269,0,13,0,14,10,0,0
17188,Isolated Web Co,136208890019840,1102058,1960231956,30.0,27123170585690,7968758,10d0ea,19a814000,74d6c414,07:32:03,20,212,390,247,1,269,0,13,0,14,10,0,3
17188,Isolated Web Co,136208890023936,1102058,1960231956,30.0,27123187094799,13300348,10d0ea,19a815000,74d6c414,07:32:03,21,212,390,247,1,269,0,13,0,14,10,0,3
17188,Isolated Web Co,136208890028032,1102058,1960231956,30.0,27123195030424,4766271,10d0ea,19a816000,74d6c414,07:32:03,22,212,390,247,1,269,0,13,0,14,10,0,3
17188,Isolated Web Co,136208890036224,1102058,1960231956,30.0,27123196936522,119140,10d0ea,19a818000,74d6c414,07:32:03,24,212,390,247,1,269,0,13,0,14,10,0,1
17188,Isolated Web Co,136208890044416,1102058,1960231956,30.0,27123198506456,73427,10d0ea,19a81a000,74d6c414,07:32:03,26,212,390,247,1,269,0,13,0,14,10,0,0
17188,Isolated Web Co,136208890052608,1102058,1960231956,30.0,27123200372002,567043,10d0ea,19a81c000,74d6c414,07:32:03,28,212,390,247,1,269,0,13,0,14,10,0,2
17188,Isolated Web Co,136208890056704,1102058,1960231956,30.0,27123212840312,85879,10d0ea,19a81d000,74d6c414,07:32:03,29,212,390,247,1,269,0,13,0,14,10,0,0
17188,Isolated Web Co,136208890118144,37254,1960231956,45.0,27123271889886,73904,9186,19a82c000,74d6c414,07:32:03,44,212,390,247,0,9,0,9,1,8,6,0,0
17188,Isolated Web Co,136208890064896,1102058,1960231956,30.0,27123296691315,86254,10d0ea,19a81f000,74d6c414,07:32:03,31,212,390,247,1,269,0,13,0,14,10,0,0
10631,firefox,136217538969600,813523,3339921790,26.0,27125014712843,90423,c69d3,39e05c000,c713297e,07:32:05,92,240,398,247,0,198,12,6,9,13,3,0,0
17188,Isolated Web Co,125620902948864,361125,3068398465,7.0,27128690175735,77501,582a5,654bf000,b6e40b81,07:32:08,191,298,257,228,0,88,5,8,2,10,5,0,0
17188,Isolated Web Co,125620903096320,1245059,3068398465,49.0,27128692452237,227309,12ff83,654e3000,b6e40b81,07:32:08,227,298,257,228,1,303,2,15,15,8,3,0,2
17188,Isolated Web Co,125620903137280,1245059,3068398465,49.0,27128693702111,1083980,12ff83,654ed000,b6e40b81,07:32:08,237,298,257,228,1,303,2,15,15,8,3,0,2
17188,Isolated Web Co,125620903108608,1199496,3068398465,50.0,27128695076911,83469,124d88,654e6000,b6e40b81,07:32:08,230,298,257,228,1,292,2,4,13,8,8,0,0
17188,Isolated Web Co,125620903075840,361151,3068398465,33.0,27128696147448,980254,582bf,654de000,b6e40b81,07:32:08,222,298,257,228,0,88,5,8,2,11,15,0,2
17188,Isolated Web Co,125620903186432,1191749,3068398465,61.0,27128697172102,923213,122f45,654f9000,b6e40b81,07:32:08,249,298,257,228,1,290,2,2,15,4,5,830570,2
17188,Isolated Web Co,125620903198720,1199103,3068398465,62.0,27128698117097,840071,124bff,654fc000,b6e40b81,07:32:08,252,298,257,228,1,292,2,4,11,15,15,0,2
16656,Isolated Web Co,136208890228736,610485,1960231956,70.0,27138237951477,70947,950b5,19a847000,74d6c414,07:32:18,71,212,390,247,0,149,9,5,0,11,5,0,0
16656,Isolated Web Co,136208890138624,763206,1960231956,50.0,27138288189130,81474,ba546,19a831000,74d6c414,07:32:18,49,212,390,247,0,186,11,10,5,4,6,0,0
16656,Isolated Web Co,136208890241024,851072,1960231956,71.0,27138464837058,70006,cfc80,19a84a000,74d6c414,07:32:18,74,212,390,247,0,207,12,15,12,8,0,0,0
10631,firefox,136217481469952,1205664,3068398465,7.0,27144213002522,75221,1265a0,39a986000,b6e40b81,07:32:24,390,212,398,247,1,294,2,6,5,10,0,0,0
10631,firefox,136217481478144,1222331,3068398465,11.0,27144221961413,75324,12a6bb,39a988000,b6e40b81,07:32:24,392,212,398,247,1,298,2,10,6,11,11,0,0
10631,firefox,136217481539584,1232003,3068398465,33.0,27144224820930,69336,12cc83,39a997000,b6e40b81,07:32:24,407,212,398,247,1,300,2,12,12,8,3,870852,0
10631,firefox,136217481482240,1242466,3068398465,13.0,27144226012211,75010,12f562,39a989000,b6e40b81,07:32:24,393,212,398,247,1,303,2,15,5,6,2,0,0
10631,firefox,136217481592832,1217394,3068398465,49.0,27144242750702,960520,129372,39a9a4000,b6e40b81,07:32:24,420,212,398,247,1,297,2,9,3,7,2,-27665,2
10631,firefox,136217481576448,1217394,3068398465,49.0,27144252185594,6281750,129372,39a9a0000,b6e40b81,07:32:24,416,212,398,247,1,297,2,9,3,7,2,0,3
10631,firefox,136217481580544,1217394,3068398465,49.0,27144261936471,72632,129372,39a9a1000,b6e40b81,07:32:24,417,212,398,247,1,297,2,9,3,7,2,0,0
10631,firefox,136217481588736,1217394,3068398465,49.0,27144263069272,963871,129372,39a9a3000,b6e40b81,07:32:24,419,212,398,247,1,297,2,9,3,7,2,0,2
10631,firefox,136217481633792,1217394,3068398465,49.0,27144266163526,71624,129372,39a9ae000,b6e40b81,07:32:24,430,212,398,247,1,297,2,9,3,7,2,0,0
10631,firefox,136217481596928,1234175,3068398465,51.0,27144267031512,939610,12d4ff,39a9a5000,b6e40b81,07:32:24,421,212,398,247,1,301,2,13,4,15,15,88468,2
10631,firefox,136217481515008,1232003,3068398465,33.0,27144270643370,265049,12cc83,39a991000,b6e40b81,07:32:24,401,212,398,247,1,300,2,12,12,8,3,0,2
10631,firefox,136217481555968,1232003,3068398465,33.0,27144271654099,770144,12cc83,39a99b000,b6e40b81,07:32:24,411,212,398,247,1,300,2,12,12,8,3,0,2
12437,Renderer,136217451675648,1242204,2112737171,0.0,27144273740741,36770,12f45c,398d1c000,7dedcf93,07:32:24,284,198,398,247,1,303,2,15,4,5,12,0,0
12437,Renderer,136217451679744,1242205,2112737171,1.0,27144274603296,899325,12f45d,398d1d000,7dedcf93,07:32:24,285,198,398,247,1,303,2,15,4,5,13,0,2
10631,firefox,136217481674752,1248135,3068398465,55.0,27144275022709,73977,130b87,39a9b8000,b6e40b81,07:32:24,440,212,398,247,1,304,3,0,11,8,7,0,0
12437,Renderer,136217451683840,1120642,2112737171,2.0,27144276809135,548732,111982,398d1e000,7dedcf93,07:32:24,286,198,398,247,1,273,1,1,9,8,2,0,2
12437,Renderer,136217451687936,1120643,2112737171,3.0,27144279450129,211443,111983,398d1f000,7dedcf93,07:32:24,287,198,398,247,1,273,1,1,9,8,3,0,2
12437,Renderer,136217451696128,1243383,2112737171,5.0,27144279463267,224581,12f8f7,398d21000,7dedcf93,07:32:24,289,198,398,247,1,303,2,15,8,15,7,749386,2
12437,Renderer,136217451700224,1192176,2112737171,6.0,27144279465660,226974,1230f0,398d22000,7dedcf93,07:32:24,290,198,398,247,1,291,2,3,0,15,0,759847,2
17188,Isolated Web Co,125620902830080,1234699,3339921790,32.0,27144683137380,70184,12d70b,654a2000,c713297e,07:32:24,162,298,257,228,1,301,2,13,7,0,11,0,0
17188,Isolated Web Co,125620902821888,1234699,3339921790,32.0,27144820200290,67955,12d70b,654a0000,c713297e,07:32:24,160,298,257,228,1,301,2,13,7,0,11,0,0
17188,Isolated Web Co,125620902825984,1234699,3339921790,32.0,27144885822131,77693,12d70b,654a1000,c713297e,07:32:24,161,298,257,228,1,301,2,13,7,0,11,0,0
10631,firefox,136217481641984,1245417,3068398465,61.0,27150531748548,73581,1300e9,39a9b0000,b6e40b81,07:32:30,432,212,398,247,1,304,3,0,0,14,9,53668,0
10631,firefox,136217481494528,1237807,3068398465,14.0,27150541939631,93153,12e32f,39a98c000,b6e40b81,07:32:30,396,212,398,247,1,302,2,14,3,2,15,0,0
10631,firefox,136217481662464,1245417,3068398465,61.0,27150543554869,76158,1300e9,39a9b5000,b6e40b81,07:32:30,437,212,398,247,1,304,3,0,0,14,9,0,0
10631,firefox,136217481498624,1149394,3068398465,17.0,27150544846475,1206413,1189d2,39a98d000,b6e40b81,07:32:30,397,212,398,247,1,280,1,8,9,13,2,0,2
10631,firefox,136217481605120,1234175,3068398465,51.0,27150691330132,32969,12d4ff,39a9a7000,b6e40b81,07:32:30,423,212,398,247,1,301,2,13,4,15,15,0,0
10631,firefox,136217481601024,1234175,3068398465,51.0,27150693943125,66240,12d4ff,39a9a6000,b6e40b81,07:32:30,422,212,398,247,1,301,2,13,4,15,15,0,0
10631,firefox,136217481510912,1232003,3068398465,33.0,27150695777725,68401,12cc83,39a990000,b6e40b81,07:32:30,400,212,398,247,1,300,2,12,12,8,3,0,0
10631,firefox,136217481637888,1234175,3068398465,51.0,27150701204576,70424,12d4ff,39a9af000,b6e40b81,07:32:30,431,212,398,247,1,301,2,13,4,15,15,0,0
10631,firefox,136217481527296,1232003,3068398465,33.0,27150702324542,315788,12cc83,39a994000,b6e40b81,07:32:30,404,212,398,247,1,300,2,12,12,8,3,0,2
10631,firefox,136217481535488,1232003,3068398465,33.0,27150707721441,88274,12cc83,39a996000,b6e40b81,07:32:30,406,212,398,247,1,300,2,12,12,8,3,0,0
10631,firefox,136217481646080,1245417,3068398465,61.0,27150709044776,96431,1300e9,39a9b1000,b6e40b81,07:32:30,433,212,398,247,1,304,3,0,0,14,9,0,0
10631,firefox,136217481490432,1149386,3068398465,18.0,27150710258067,63329,1189ca,39a98b000,b6e40b81,07:32:30,395,212,398,247,1,280,1,8,9,12,10,0,0
10631,firefox,136217481613312,1233529,3068398465,52.0,27150715325664,68218,12d279,39a9a9000,b6e40b81,07:32:30,425,212,398,247,1,301,2,13,2,7,9,0,0
10631,firefox,136217481666560,1245417,3068398465,61.0,27150721759769,66903,1300e9,39a9b6000,b6e40b81,07:32:30,438,212,398,247,1,304,3,0,0,14,9,0,0
10631,firefox,136217481629696,1233529,3068398465,52.0,27150726421841,265568,12d279,39a9ad000,b6e40b81,07:32:30,429,212,398,247,1,301,2,13,2,7,9,0,2
10631,firefox,136217481568256,1232003,3068398465,33.0,27150734745087,107697,12cc83,39a99e000,b6e40b81,07:32:30,414,212,398,247,1,300,2,12,12,8,3,0,1
10631,firefox,136217481658368,1245417,3068398465,61.0,27150734754439,117049,1300e9,39a9b4000,b6e40b81,07:32:30,436,212,398,247,1,304,3,0,0,14,9,0,1
10631,firefox,136217481551872,1143534,3068398465,35.0,27150735720792,73937,1172ee,39a99a000,b6e40b81,07:32:30,410,212,398,247,1,279,1,7,2,14,14,-20081,0
10631,firefox,136217481564160,1143534,3068398465,35.0,27150736782382,73090,1172ee,39a99d000,b6e40b81,07:32:30,413,212,398,247,1,279,1,7,2,14,14,0,0
10631,firefox,136217481531392,1143534,3068398465,35.0,27150737694777,832503,1172ee,39a995000,b6e40b81,07:32:30,405,212,398,247,1,279,1,7,2,14,14,0,2
10631,firefox,136217481506816,1149386,3068398465,18.0,27150738828735,77139,1189ca,39a98f000,b6e40b81,07:32:30,399,212,398,247,1,280,1,8,9,12,10,0,0
10631,firefox,136217481523200,1143534,3068398465,35.0,27150739957183,77439,1172ee,39a993000,b6e40b81,07:32:30,403,212,398,247,1,279,1,7,2,14,14,0,0
10631,firefox,136217481572352,1143534,3068398465,35.0,27150740961196,72013,1172ee,39a99f000,b6e40b81,07:32:30,415,212,398,247,1,279,1,7,2,14,14,0,0
10631,firefox,136217481486336,1104890,3068398465,20.0,27150742327211,70789,10dbfa,39a98a000,b6e40b81,07:32:30,394,212,398,247,1,269,0,13,11,15,10,8354,0
10631,firefox,136217481543680,1135250,3068398465,36.0,27150743292564,71260,115292,39a998000,b6e40b81,07:32:30,408,212,398,247,1,277,1,5,2,9,2,0,0
10631,firefox,136217481584640,1233529,3068398465,52.0,27150743300138,78834,12d279,39a9a2000,b6e40b81,07:32:30,418,212,398,247,1,301,2,13,2,7,9,0,0
10631,firefox,136217481617408,1233529,3068398465,52.0,27150744862004,69281,12d279,39a9aa000,b6e40b81,07:32:30,426,212,398,247,1,301,2,13,2,7,9,0,0
10631,firefox,136217481609216,1233529,3068398465,52.0,27150748864199,67721,12d279,39a9a8000,b6e40b81,07:32:30,424,212,398,247,1,301,2,13,2,7,9,0,0
10631,firefox,136217481621504,1233529,3068398465,52.0,27150751199870,67663,12d279,39a9ab000,b6e40b81,07:32:30,427,212,398,247,1,301,2,13,2,7,9,0,0
10631,firefox,136217481547776,1135250,3068398465,36.0,27150754826370,75492,115292,39a999000,b6e40b81,07:32:30,409,212,398,247,1,277,1,5,2,9,2,0,0
10631,firefox,136217481654272,1245417,3068398465,61.0,27150755947889,73218,1300e9,39a9b3000,b6e40b81,07:32:30,435,212,398,247,1,304,3,0,0,14,9,0,0
10631,firefox,136217481502720,1104890,3068398465,20.0,27150757080060,69976,10dbfa,39a98e000,b6e40b81,07:32:30,398,212,398,247,1,269,0,13,11,15,10,0,0
10631,firefox,136217481519104,1135250,3068398465,36.0,27150758533220,71389,115292,39a992000,b6e40b81,07:32:30,402,212,398,247,1,277,1,5,2,9,2,0,0
10631,firefox,136217481428992,1211231,3068398465,15.0,27150758544355,82524,127b5f,39a97c000,b6e40b81,07:32:30,380,212,398,247,1,295,2,7,11,5,15,0,0
10631,firefox,136217481695232,1245417,3068398465,61.0,27150760324374,361156,1300e9,39a9bd000,b6e40b81,07:32:30,445,212,398,247,1,304,3,0,0,14,9,0,2
10631,firefox,136217481433088,1211231,3068398465,15.0,27150764155964,71774,127b5f,39a97d000,b6e40b81,07:32:30,381,212,398,247,1,295,2,7,11,5,15,0,0
10631,firefox,136217481691136,1103287,3068398465,66.0,27150764927052,842862,10d5b7,39a9bc000,b6e40b81,07:32:30,444,212,398,247,1,269,0,13,5,11,7,0,2
10631,firefox,136217481437184,1211231,3068398465,15.0,27150767550492,70596,127b5f,39a97e000,b6e40b81,07:32:30,382,212,398,247,1,295,2,7,11,5,15,0,0
10631,firefox,136217481441280,1211231,3068398465,15.0,27150769894691,68072,127b5f,39a97f000,b6e40b81,07:32:30,383,212,398,247,1,295,2,7,11,5,15,0,0
10631,firefox,136217481445376,1104890,3068398465,20.0,27150771581242,74143,10dbfa,39a980000,b6e40b81,07:32:30,384,212,398,247,1,269,0,13,11,15,10,0,0
10631,firefox,136217481678848,1103287,3068398465,66.0,27150773652206,78057,10d5b7,39a9b9000,b6e40b81,07:32:30,441,212,398,247,1,269,0,13,5,11,7,0,0
10631,firefox,136217481682944,1103287,3068398465,66.0,27150773658555,84406,10d5b7,39a9ba000,b6e40b81,07:32:30,442,212,398,247,1,269,0,13,5,11,7,0,0
10631,firefox,136217481449472,1104890,3068398465,20.0,27150774899429,67551,10dbfa,39a981000,b6e40b81,07:32:30,385,212,398,247,1,269,0,13,11,15,10,0,0
10631,firefox,136217481457664,1104890,3068398465,20.0,27150774971584,139706,10dbfa,39a983000,b6e40b81,07:32:30,387,212,398,247,1,269,0,13,11,15,10,0,1
10631,firefox,136217481461760,1104890,3068398465,20.0,27150775951986,64163,10dbfa,39a984000,b6e40b81,07:32:30,388,212,398,247,1,269,0,13,11,15,10,0,0
10631,firefox,136217481465856,1104890,3068398465,20.0,27150777269727,82020,10dbfa,39a985000,b6e40b81,07:32:30,389,212,398,247,1,269,0,13,11,15,10,0,0
10631,firefox,136217481474048,1104890,3068398465,20.0,27150778831912,68825,10dbfa,39a987000,b6e40b81,07:32:30,391,212,398,247,1,269,0,13,11,15,10,0,0
10631,firefox,136217538949120,813523,3339921790,26.0,27151007980760,696610,c69d3,39e057000,c713297e,07:32:31,87,240,398,247,0,198,12,6,9,13,3,0,2
10631,firefox,136217538961408,813523,3339921790,26.0,27151276558971,70180,c69d3,39e05a000,c713297e,07:32:31,90,240,398,247,0,198,12,6,9,13,3,0,0
10631,firefox,136217538998272,1234699,3339921790,32.0,27152101737384,4768221,12d70b,39e063000,c713297e,07:32:32,99,240,398,247,1,301,2,13,7,0,11,0,3
10631,firefox,136217538981888,813523,3339921790,26.0,27152275773747,932864,c69d3,39e05f000,c713297e,07:32:32,95,240,398,247,0,198,12,6,9,13,3,0,2
10631,firefox,136217538932736,892989,3339921790,27.0,27160140851416,68592,da03d,39e053000,c713297e,07:32:40,83,240,398,247,0,218,13,10,0,3,13,-302610,0
10631,firefox,136217538969600,892989,3339921790,27.0,27160774011185,1827985,da03d,39e05c000,c713297e,07:32:40,92,240,398,247,0,218,13,10,0,3,13,0,2
10631,firefox,136217538969600,1234219,3339921790,22.0,27178678061675,69866,12d52b,39e05c000,c713297e,07:32:58,92,240,398,247,1,301,2,13,5,2,11,0,0
17188,Isolated Web Co,136208890064896,626453,1960231956,30.0,27180639896487,70856,98f15,19a81f000,74d6c414,07:33:00,31,212,390,247,0,152,9,8,15,1,5,-475605,0
17188,Isolated Web Co,136208890056704,626466,1960231956,31.0,27180656619839,69014,98f22,19a81d000,74d6c414,07:33:00,29,212,390,247,0,152,9,8,15,2,2,0,0
17188,Isolated Web Co,136208890236928,182636,1960231956,71.0,27181173543313,230116,2c96c,19a849000,74d6c414,07:33:01,73,212,390,247,0,44,2,12,9,6,12,0,2
17188,Isolated Web Co,136208890241024,317564,1960231956,73.0,27181174782822,1061839,4d87c,19a84a000,74d6c414,07:33:01,74,212,390,247,0,77,4,13,8,7,12,0,2
17188,Isolated Web Co,136208890249216,317685,1960231956,74.0,27181177757152,72897,4d8f5,19a84c000,74d6c414,07:33:01,76,212,390,247,0,77,4,13,8,15,5,0,0
17188,Isolated Web Co,136208890257408,317688,1960231956,76.0,27181178814683,1130428,4d8f8,19a84e000,74d6c414,07:33:01,78,212,390,247,0,77,4,13,8,15,8,0,2
17188,Isolated Web Co,136208890163200,704363,1960231956,50.0,27181180804497,82822,abf6b,19a837000,74d6c414,07:33:01,55,212,390,247,0,171,10,11,15,6,11,0,0
17188,Isolated Web Co,136208890245120,277929,1960231956,78.0,27183076220728,73483,43da9,19a84b000,74d6c414,07:33:03,75,212,390,247,0,67,4,3,13,10,9,0,0
17188,Isolated Web Co,136208890109952,123977,1960231956,41.0,27184029103850,142956,1e449,19a82a000,74d6c414,07:33:04,42,212,390,247,0,30,1,14,4,4,9,0,1
17188,Isolated Web Co,136208890114048,123978,1960231956,42.0,27184074697300,71991,1e44a,19a82b000,74d6c414,07:33:04,43,212,390,247,0,30,1,14,4,4,10,0,0
17188,Isolated Web Co,136208890187776,277932,1960231956,55.0,27184095080421,73556,43dac,19a83d000,74d6c414,07:33:04,61,212,390,247,0,67,4,3,13,10,12,0,0
17188,Isolated Web Co,136208890191872,1107896,1960231956,61.0,27184099955791,77114,10e7b8,19a83e000,74d6c414,07:33:04,62,212,390,247,1,270,0,14,7,11,8,0,0
17188,Isolated Web Co,136208890195968,373163,1960231956,62.0,27184115977034,14070275,5b1ab,19a83f000,74d6c414,07:33:04,63,212,390,247,0,91,5,11,1,10,11,0,3
17188,Isolated Web Co,136208890007552,626466,1960231956,31.0,27190629841226,737309,98f22,19a811000,74d6c414,07:33:10,17,212,390,247,0,152,9,8,15,2,2,0,2
17188,Isolated Web Co,136208890011648,626466,1960231956,31.0,27190633112579,97843,98f22,19a812000,74d6c414,07:33:10,18,212,390,247,0,152,9,8,15,2,2,0,0
17188,Isolated Web Co,136208890015744,626466,1960231956,31.0,27190634220026,901206,98f22,19a813000,74d6c414,07:33:10,19,212,390,247,0,152,9,8,15,2,2,0,2
17188,Isolated Web Co,136208890019840,626466,1960231956,31.0,27190636184446,372148,98f22,19a814000,74d6c414,07:33:10,20,212,390,247,0,152,9,8,15,2,2,0,2
17188,Isolated Web Co,136208890023936,626466,1960231956,31.0,27190638887512,75744,98f22,19a815000,74d6c414,07:33:10,21,212,390,247,0,152,9,8,15,2,2,0,0
17188,Isolated Web Co,136208890028032,626466,1960231956,31.0,27190641336732,739617,98f22,19a816000,74d6c414,07:33:10,22,212,390,247,0,152,9,8,15,2,2,0,2
17188,Isolated Web Co,136208890036224,626466,1960231956,31.0,27190645099419,72867,98f22,19a818000,74d6c414,07:33:10,24,212,390,247,0,152,9,8,15,2,2,0,0
17188,Isolated Web Co,136208890044416,626466,1960231956,31.0,27190646694637,285141,98f22,19a81a000,74d6c414,07:33:10,26,212,390,247,0,152,9,8,15,2,2,0,2
17188,Isolated Web Co,136208890052608,626466,1960231956,31.0,27190650936468,71623,98f22,19a81c000,74d6c414,07:33:10,28,212,390,247,0,152,9,8,15,2,2,0,0
17188,Isolated Web Co,136208889982976,1247564,1960231956,13.0,27190654922990,69975,13094c,19a80b000,74d6c414,07:33:10,11,212,390,247,1,304,3,0,9,4,12,0,0
17188,Isolated Web Co,136208889987072,1247564,1960231956,13.0,27190660156753,69026,13094c,19a80c000,74d6c414,07:33:10,12,212,390,247,1,304,3,0,9,4,12,0,0
17188,Isolated Web Co,136208890118144,1149036,1960231956,43.0,27190726968831,17742,11886c,19a82c000,74d6c414,07:33:10,44,212,390,247,1,280,1,8,8,6,12,0,0
17188,Isolated Web Co,136208890040320,626466,1960231956,31.0,27190907867449,78204,98f22,19a819000,74d6c414,07:33:10,25,212,390,247,0,152,9,8,15,2,2,0,0
17188,Isolated Web Co,136208890228736,1194943,1960231956,70.0,27191028821986,74766,123bbf,19a847000,74d6c414,07:33:11,71,212,390,247,1,291,2,3,11,11,15,0,0
17188,Isolated Web Co,136208890122240,1247689,1960231956,44.0,27191052955583,68111,1309c9,19a82d000,74d6c414,07:33:11,45,212,390,247,1,304,3,0,9,12,9,0,0
17188,Isolated Web Co,136208890241024,1209355,1960231956,71.0,27192420610838,111704,12740b,19a84a000,74d6c414,07:33:12,74,212,390,247,1,295,2,7,4,0,11,1026719,1
17188,Isolated Web Co,136208890245120,618426,1960231956,74.0,27192451487015,20889782,96fba,19a84b000,74d6c414,07:33:12,75,212,390,247,0,150,9,6,15,11,10,300741,4
16656,Isolated Web Co,125620902944768,1143050,3068398465,7.0,27196357649032,713971,11710a,654be000,b6e40b81,07:33:16,190,298,257,228,1,279,1,7,1,0,10,0,2
16656,Isolated Web Co,125620903051264,1143049,3068398465,33.0,27196363894178,385422,117109,654d8000,b6e40b81,07:33:16,216,298,257,228,1,279,1,7,1,0,9,0,2
16656,Isolated Web Co,125620902952960,1143050,3068398465,7.0,27196378130737,260774,11710a,654c0000,b6e40b81,07:33:16,192,298,257,228,1,279,1,7,1,0,10,0,2
16656,Isolated Web Co,125620903022592,1143049,3068398465,33.0,27196378929601,1059638,117109,654d1000,b6e40b81,07:33:16,209,298,257,228,1,279,1,7,1,0,9,0,2
16656,Isolated Web Co,125620902948864,1143050,3068398465,7.0,27196418666150,121441,11710a,654bf000,b6e40b81,07:33:16,191,298,257,228,1,279,1,7,1,0,10,0,1
16656,Isolated Web Co,125620903010304,1143050,3068398465,7.0,27196421235016,223237,11710a,654ce000,b6e40b81,07:33:16,206,298,257,228,1,279,1,7,1,0,10,0,2
16656,Isolated Web Co,125620903157760,1089039,3068398465,54.0,27196424509123,79695,109e0f,654f2000,b6e40b81,07:33:16,242,298,257,228,1,265,0,9,14,0,15,0,0
16656,Isolated Web Co,125620903038976,1143049,3068398465,33.0,27196441311174,75622,117109,654d5000,b6e40b81,07:33:16,213,298,257,228,1,279,1,7,1,0,9,0,0
16656,Isolated Web Co,125620903014400,1089025,3068398465,19.0,27196444413216,203160,109e01,654cf000,b6e40b81,07:33:16,207,298,257,228,1,265,0,9,14,0,1,0,2
16656,Isolated Web Co,125620903116800,1104535,3068398465,44.0,27196446103137,369786,10da97,654e8000,b6e40b81,07:33:16,232,298,257,228,1,269,0,13,10,9,7,0,2
12437,Renderer,136217451675648,464853,2112737171,0.0,27199849592288,45951,717d5,398d1c000,7dedcf93,07:33:19,284,198,398,247,0,113,7,1,7,13,5,-777351,0
12437,Renderer,136217451679744,464854,2112737171,1.0,27199850697754,1019797,717d6,398d1d000,7dedcf93,07:33:19,285,198,398,247,0,113,7,1,7,13,6,-777351,2
12437,Renderer,136217451683840,464855,2112737171,2.0,27199852063897,77397,717d7,398d1e000,7dedcf93,07:33:19,286,198,398,247,0,113,7,1,7,13,7,-655787,0
12437,Renderer,136217451687936,464857,2112737171,3.0,27199852983327,996827,717d9,398d1f000,7dedcf93,07:33:19,287,198,398,247,0,113,7,1,7,13,9,-655786,2
12437,Renderer,136217451696128,452867,2112737171,5.0,27199853005588,1019088,6e903,398d21000,7dedcf93,07:33:19,289,198,398,247,0,110,6,14,9,0,3,-790516,2
12437,Renderer,136217451700224,452868,2112737171,6.0,27199853007699,1021199,6e904,398d22000,7dedcf93,07:33:19,290,198,398,247,0,110,6,14,9,0,4,-739308,2
10631,firefox,136217910214656,535029,1148955997,352.0,27207124202896,481511,829f5,3b4268000,447bad5d,07:33:27,104,417,398,247,0,130,8,2,9,15,5,0,2
17188,Isolated Web Co,125620902809600,691551,3339921790,17.0,27210615736860,72940,a8d5f,6549d000,c713297e,07:33:30,157,298,257,228,0,168,10,8,13,5,15,0,0
12437,Renderer,136217451675648,1119078,2112737171,0.0,27226868660634,47924,111366,398d1c000,7dedcf93,07:33:46,284,198,398,247,1,273,1,1,3,6,6,654225,0
12437,Renderer,136217451679744,1119077,2112737171,1.0,27226890324370,3743634,111365,398d1d000,7dedcf93,07:33:46,285,198,398,247,1,273,1,1,3,6,5,654223,3
12437,Renderer,136217451683840,1119076,2112737171,2.0,27226917947506,140919,111364,398d1e000,7dedcf93,07:33:46,286,198,398,247,1,273,1,1,3,6,4,654221,1
12437,Renderer,136217451687936,1119061,2112737171,3.0,27226980021519,127480,111355,398d1f000,7dedcf93,07:33:46,287,198,398,247,1,273,1,1,3,5,5,654204,1
12437,Renderer,136217451696128,1132670,2112737171,5.0,27226980075338,181299,11487e,398d21000,7dedcf93,07:33:46,289,198,398,247,1,276,1,4,8,7,14,679803,1
12437,Renderer,136217451700224,1132669,2112737171,6.0,27226980083214,189175,11487d,398d22000,7dedcf93,07:33:46,290,198,398,247,1,276,1,4,8,7,13,679801,1
16656,Isolated Web Co,125620902834176,1102518,3339921790,29.0,27295976900953,9724,10d2b6,654a3000,c713297e,07:34:55,163,298,257,228,1,269,0,13,2,11,6,0,0
17188,Isolated Web Co,125620902830080,1138553,3339921790,31.0,27296668947941,338116,115f79,654a2000,c713297e,07:34:56,162,298,257,228,1,277,1,5,15,7,9,794249,2
16656,Isolated Web Co,125620902772736,1224630,3339921790,22.0,27299391893810,101118,12afb6,65494000,c713297e,07:34:59,148,298,257,228,1,298,2,10,15,11,6,0,1
16656,Isolated Web Co,125620902809600,1224630,3339921790,22.0,27302131041275,84977,12afb6,6549d000,c713297e,07:35:02,157,298,257,228,1,298,2,10,15,11,6,0,0
10631,firefox,136217481424896,1187097,3068398465,4.0,27308952997380,88836,121d19,39a97b000,b6e40b81,07:35:08,379,212,398,247,1,289,2,1,13,1,9,0,0
10631,firefox,136217481469952,198726,3068398465,7.0,27309074023881,884757,30846,39a986000,b6e40b81,07:35:09,390,212,398,247,0,48,3,0,8,4,6,-1006938,2
10631,firefox,136217481478144,765331,3068398465,11.0,27309081953099,3820267,bad93,39a988000,b6e40b81,07:35:09,392,212,398,247,0,186,11,10,13,9,3,-457000,3
10631,firefox,136217481539584,199732,3068398465,33.0,27309083795243,1638318,30c34,39a997000,b6e40b81,07:35:09,407,212,398,247,0,48,3,0,12,3,4,-1032271,2
10631,firefox,136217481482240,200616,3068398465,13.0,27309094480777,2354874,30fa8,39a989000,b6e40b81,07:35:09,393,212,398,247,0,48,3,0,15,10,8,-1041850,3
10631,firefox,136217481592832,765318,3068398465,49.0,27309100750386,8624483,bad86,39a9a4000,b6e40b81,07:35:09,420,212,398,247,0,186,11,10,13,8,6,-452076,3
10631,firefox,136217481580544,765318,3068398465,49.0,27309155543069,17538520,bad86,39a9a1000,b6e40b81,07:35:09,417,212,398,247,0,186,11,10,13,8,6,0,4
10631,firefox,136217481543680,199732,3068398465,33.0,27309161531940,61840,30c34,39a998000,b6e40b81,07:35:09,408,212,398,247,0,48,3,0,12,3,4,0,0
10631,firefox,136217481633792,765318,3068398465,49.0,27309165059287,1385945,bad86,39a9ae000,b6e40b81,07:35:09,430,212,398,247,0,186,11,10,13,8,6,0,2
10631,firefox,136217481568256,199732,3068398465,33.0,27309182645226,6086524,30c34,39a99e000,b6e40b81,07:35:09,414,212,398,247,0,48,3,0,12,3,4,0,3
10631,firefox,136217481535488,647305,3068398465,35.0,27309182671476,6112774,9e089,39a996000,b6e40b81,07:35:09,406,212,398,247,0,158,9,14,0,8,9,-496229,3
10631,firefox,136217481674752,129094,3068398465,57.0,27309184015632,77908,1f846,39a9b8000,b6e40b81,07:35:09,440,212,398,247,0,31,1,15,8,4,6,0,0
10631,firefox,136217481678848,725329,3068398465,61.0,27309184024128,86404,b1151,39a9b9000,b6e40b81,07:35:09,441,212,398,247,0,177,11,1,1,5,1,-520088,0
10631,firefox,136217538977792,1098069,3339921790,25.0,27310522712180,3056121,10c155,39e05e000,c713297e,07:35:10,94,240,398,247,1,268,0,12,1,5,5,0,3
10631,firefox,136217538932736,428716,3339921790,26.0,27310539365006,3197118,68aac,39e053000,c713297e,07:35:10,83,240,398,247,0,104,6,8,10,10,12,-384807,3
10631,firefox,136217538949120,428716,3339921790,26.0,27311290171413,14350,68aac,39e057000,c713297e,07:35:11,87,240,398,247,0,104,6,8,10,10,12,0,0
10631,firefox,136217538945024,428716,3339921790,26.0,27313804770682,71596,68aac,39e056000,c713297e,07:35:13,86,240,398,247,0,104,6,8,10,10,12,0,0
10631,firefox,136217481474048,697672,3068398465,14.0,27322072156437,73616,aa548,39a987000,b6e40b81,07:35:22,391,212,398,247,0,170,10,10,5,4,8,-540135,0
10631,firefox,136217481490432,697672,3068398465,14.0,27322079524055,202600,aa548,39a98b000,b6e40b81,07:35:22,395,212,398,247,0,170,10,10,5,4,8,0,2
10631,firefox,136217481498624,1171023,3068398465,16.0,27322082865338,67295,11de4f,39a98d000,b6e40b81,07:35:22,397,212,398,247,1,285,1,13,14,4,15,-41097,0
10631,firefox,136217481601024,647302,3068398465,51.0,27322085522348,1199417,9e086,39a9a6000,b6e40b81,07:35:22,422,212,398,247,0,158,9,14,0,8,6,-586873,2
10631,firefox,136217481613312,647302,3068398465,51.0,27322087229713,87851,9e086,39a9a9000,b6e40b81,07:35:22,425,212,398,247,0,158,9,14,0,8,6,0,0
10631,firefox,136217538969600,428716,3339921790,26.0,27322255073846,175657,68aac,39e05c000,c713297e,07:35:22,92,240,398,247,0,104,6,8,10,10,12,0,1
10631,firefox,136217481596928,647302,3068398465,51.0,27337800792155,223553,9e086,39a9a5000,b6e40b81,07:35:37,421,212,398,247,0,158,9,14,0,8,6,0,2
10631,firefox,136217481629696,647302,3068398465,51.0,27337813505568,13883,9e086,39a9ad000,b6e40b81,07:35:37,429,212,398,247,0,158,9,14,0,8,6,0,0
10631,firefox,136217481662464,734668,3068398465,62.0,27337813537912,46227,b35cc,39a9b5000,b6e40b81,07:35:37,437,212,398,247,0,179,11,3,5,12,12,-370346,0
10631,firefox,136217481437184,697672,3068398465,14.0,27338179108619,1474742,aa548,39a97e000,b6e40b81,07:35:38,382,212,398,247,0,170,10,10,5,4,8,0,2
10631,firefox,136217481428992,697672,3068398465,14.0,27338191486598,8549750,aa548,39a97c000,b6e40b81,07:35:38,380,212,398,247,0,170,10,10,5,4,8,0,3
10631,firefox,136217481609216,647302,3068398465,51.0,27338208682431,7953609,9e086,39a9a8000,b6e40b81,07:35:38,424,212,398,247,0,158,9,14,0,8,6,0,3
10631,firefox,136217481510912,647305,3068398465,35.0,27338216318462,1572599,9e089,39a990000,b6e40b81,07:35:38,400,212,398,247,0,158,9,14,0,8,9,0,2
10631,firefox,136217481617408,647302,3068398465,51.0,27338224506117,5472375,9e086,39a9aa000,b6e40b81,07:35:38,426,212,398,247,0,158,9,14,0,8,6,0,3
10631,firefox,136217481531392,647305,3068398465,35.0,27338226616228,1546599,9e089,39a995000,b6e40b81,07:35:38,405,212,398,247,0,158,9,14,0,8,9,0,2
10631,firefox,136217481486336,1169353,3068398465,18.0,27338229059245,3989616,11d7c9,39a98a000,b6e40b81,07:35:38,394,212,398,247,1,285,1,13,7,12,9,19967,3
10631,firefox,136217481605120,647302,3068398465,51.0,27338248358273,3262061,9e086,39a9a7000,b6e40b81,07:35:38,423,212,398,247,0,158,9,14,0,8,6,0,3
10631,firefox,136217481691136,734668,3068398465,62.0,27338248377830,3281618,b35cc,39a9bc000,b6e40b81,07:35:38,444,212,398,247,0,179,11,3,5,12,12,0,3
10631,firefox,136217539534848,1185038,1303684921,10.0,27343863922014,831368,12150e,39e0e6000,4db4a739,07:35:43,230,240,398,247,1,289,2,1,5,0,14,0,2
17188,Isolated Web Co,125620902785024,428716,3339921790,26.0,27363187489367,26847,68aac,65497000,c713297e,07:36:03,151,298,257,228,0,104,6,8,10,10,12,0,0
14227,Isolated Web Co,136208890216448,1209619,1960231956,69.0,27379713070345,73757,127513,19a844000,74d6c414,07:36:19,68,212,390,247,1,295,2,7,5,1,3,14551,0
14227,Isolated Web Co,136208890212352,1209619,1960231956,69.0,27379722736241,2526990,127513,19a843000,74d6c414,07:36:19,67,212,390,247,1,295,2,7,5,1,3,0,3
14227,Isolated Web Co,136208890200064,1209619,1960231956,69.0,27379736465754,88017,127513,19a840000,74d6c414,07:36:19,64,212,390,247,1,295,2,7,5,1,3,0,0
14227,Isolated Web Co,136208890208256,1209619,1960231956,69.0,27379744626913,71085,127513,19a842000,74d6c414,07:36:19,66,212,390,247,1,295,2,7,5,1,3,0,0
14227,Isolated Web Co,136208890204160,1209619,1960231956,69.0,27379773884719,129798,127513,19a841000,74d6c414,07:36:19,65,212,390,247,1,295,2,7,5,1,3,0,1
14227,Isolated Web Co,125620894846976,1222340,3177070044,0.0,27382706180999,74094,12a6c4,64d05000,bd5e3ddc,07:36:22,261,294,257,228,1,298,2,10,6,12,4,1183887,0
14227,Isolated Web Co,125620894855168,847359,3177070044,1.0,27382731503137,23899613,cedff,64d07000,bd5e3ddc,07:36:22,263,294,257,228,0,206,12,14,13,15,15,-393422,4
14227,Isolated Web Co,125620894851072,869934,3177070044,3.0,27382909799718,24264206,d462e,64d06000,bd5e3ddc,07:36:22,262,294,257,228,0,212,13,4,6,2,14,-365151,4
14227,Isolated Web Co,125620895129600,284764,3177070044,69.0,27383590421825,9726009,4585c,64d4a000,bd5e3ddc,07:36:23,330,294,257,228,0,69,4,5,8,5,12,-863303,3
14227,Isolated Web Co,125620894846976,1222340,3177070044,0.0,27386822253956,6193203,12a6c4,64d05000,bd5e3ddc,07:36:26,261,294,257,228,1,298,2,10,6,12,4,0,3
14227,Isolated Web Co,125620894855168,1142373,3177070044,1.0,27388220021265,73720,116e65,64d07000,bd5e3ddc,07:36:28,263,294,257,228,1,278,1,6,14,6,5,295014,0
14227,Isolated Web Co,125620894851072,1238690,3177070044,3.0,27388241927276,190742,12e6a2,64d06000,bd5e3ddc,07:36:28,262,294,257,228,1,302,2,14,6,10,2,368756,1
14227,Isolated Web Co,125620895129600,1204526,3177070044,69.0,27388270384153,396894,12612e,64d4a000,bd5e3ddc,07:36:28,330,294,257,228,1,294,2,6,1,2,14,919762,2
14227,Isolated Web Co,125620894863360,1238690,3177070044,3.0,27388379829334,74245,12e6a2,64d09000,bd5e3ddc,07:36:28,265,294,257,228,1,302,2,14,6,10,2,0,0
14227,Isolated Web Co,125620894867456,1248006,3177070044,5.0,27388384850678,81463,130b06,64d0a000,bd5e3ddc,07:36:28,266,294,257,228,1,304,3,0,11,0,6,0,0
14227,Isolated Web Co,125620894871552,1188483,3177070044,6.0,27388388529833,73262,122283,64d0b000,bd5e3ddc,07:36:28,267,294,257,228,1,290,2,2,2,8,3,0,0
14227,Isolated Web Co,125620894875648,1182056,3177070044,7.0,27388389115262,658691,120968,64d0c000,bd5e3ddc,07:36:28,268,294,257,228,1,288,2,0,9,6,8,0,2
14227,Isolated Web Co,125620894879744,1237644,3177070044,8.0,27388389894361,74861,12e28c,64d0d000,bd5e3ddc,07:36:28,269,294,257,228,1,302,2,14,2,8,12,0,0
14227,Isolated Web Co,125620894859264,1226547,3177070044,9.0,27396058014856,66329,12b733,64d08000,bd5e3ddc,07:36:36,264,294,257,228,1,299,2,11,7,3,3,0,0
14227,Isolated Web Co,125620894924800,1222984,3177070044,19.0,27396100988210,66193,12a948,64d18000,bd5e3ddc,07:36:36,280,294,257,228,1,298,2,10,9,4,8,0,0
14227,Isolated Web Co,125620894928896,1217620,3177070044,20.0,27396105940402,80400,129454,64d19000,bd5e3ddc,07:36:36,281,294,257,228,1,297,2,9,4,5,4,0,0
14227,Isolated Web Co,125620894932992,1204286,3177070044,21.0,27396122985914,71369,12603e,64d1a000,bd5e3ddc,07:36:36,282,294,257,228,1,294,2,6,0,3,14,0,0
14227,Isolated Web Co,125620894937088,1204889,3177070044,22.0,27396139562135,69938,126299,64d1b000,bd5e3ddc,07:36:36,283,294,257,228,1,294,2,6,2,9,9,0,0
12437,Renderer,136217451687936,1215427,2112737171,3.0,27405165482909,1032941,128bc3,398d1f000,7dedcf93,07:36:45,287,198,398,247,1,296,2,8,11,12,3,96366,2
12437,Renderer,136217451696128,722015,2112737171,5.0,27405165513651,1063683,b045f,398d21000,7dedcf93,07:36:45,289,198,398,247,0,176,11,0,4,5,15,-410655,2
12437,Renderer,136217451700224,458248,2112737171,6.0,27405165518094,1068126,6fe08,398d22000,7dedcf93,07:36:45,290,198,398,247,0,111,6,15,14,0,8,-674421,2
10631,firefox,136217910214656,1238244,1148955997,352.0,27418563262824,143662,12e4e4,3b4268000,447bad5d,07:36:58,104,417,398,247,1,302,2,14,4,14,4,703215,1
16656,Isolated Web Co,125620902895616,542448,3339921790,49.0,27435737439057,846684,846f0,654b2000,c713297e,07:37:15,178,298,257,228,0,132,8,4,6,15,0,0,2
16656,Isolated Web Co,125620902756352,1233620,3339921790,25.0,27435862855948,82783,12d2d4,65490000,c713297e,07:37:15,144,298,257,228,1,301,2,13,2,13,4,0,0
16656,Isolated Web Co,125620902916096,542448,3339921790,49.0,27435884912388,74874,846f0,654b7000,c713297e,07:37:15,183,298,257,228,0,132,8,4,6,15,0,0,0
16656,Isolated Web Co,125620902793216,1233620,3339921790,25.0,27435944623541,117210,12d2d4,65499000,c713297e,07:37:15,153,298,257,228,1,301,2,13,2,13,4,0,1
17188,Isolated Web Co,125620902768640,1233620,3339921790,25.0,27440398868314,70660,12d2d4,65493000,c713297e,07:37:20,147,298,257,228,1,301,2,13,2,13,4,567922,0
17188,Isolated Web Co,125620902821888,1138553,3339921790,31.0,27440432060976,78619,115f79,654a0000,c713297e,07:37:20,160,298,257,228,1,277,1,5,15,7,9,0,0
17188,Isolated Web Co,125620902817792,1233620,3339921790,25.0,27453666775441,68147,12d2d4,6549f000,c713297e,07:37:33,159,298,257,228,1,301,2,13,2,13,4,0,0
12437,Renderer,136217451675648,1212158,2112737171,0.0,27466280670242,270487,127efe,398d1c000,7dedcf93,07:37:46,284,198,398,247,1,295,2,7,14,15,14,93080,2
12437,Renderer,136217451679744,1234471,2112737171,1.0,27466287980572,70247,12d627,398d1d000,7dedcf93,07:37:46,285,198,398,247,1,301,2,13,6,2,7,115394,0
12437,Renderer,136217451683840,1205287,2112737171,2.0,27466291901003,67818,126427,398d1e000,7dedcf93,07:37:46,286,198,398,247,1,294,2,6,4,2,7,86211,0
12437,Renderer,136217451687936,1245565,2112737171,3.0,27466291915901,82716,13017d,398d1f000,7dedcf93,07:37:46,287,198,398,247,1,304,3,0,1,7,13,30138,0
12437,Renderer,136217451696128,1245374,2112737171,5.0,27466291925719,92534,1300be,398d21000,7dedcf93,07:37:46,289,198,398,247,1,304,3,0,0,11,14,523359,0
12437,Renderer,136217451700224,1245378,2112737171,6.0,27466291929578,96393,1300c2,398d22000,7dedcf93,07:37:46,290,198,398,247,1,304,3,0,0,12,2,787130,0
17188,Isolated Web Co,136208890060800,422774,1960231956,31.0,27481061676775,71506,67376,19a81e000,74d6c414,07:38:01,30,212,390,247,0,103,6,7,3,7,6,-203692,0
17188,Isolated Web Co,136208890056704,422774,1960231956,31.0,27481067969856,11491,67376,19a81d000,74d6c414,07:38:01,29,212,390,247,0,103,6,7,3,7,6,0,0
17188,Isolated Web Co,136208890236928,548363,1960231956,71.0,27482082708970,1240381,85e0b,19a849000,74d6c414,07:38:02,73,212,390,247,0,133,8,5,14,0,11,-660992,2
17188,Isolated Web Co,136208890241024,897710,1960231956,73.0,27482097127601,154907,db2ae,19a84a000,74d6c414,07:38:02,74,212,390,247,0,219,13,11,2,10,14,580146,1
17188,Isolated Web Co,136208890249216,897709,1960231956,74.0,27482117988084,68559,db2ad,19a84c000,74d6c414,07:38:02,76,212,390,247,0,219,13,11,2,10,13,279283,0
17188,Isolated Web Co,136208890257408,513568,1960231956,76.0,27482118817937,898412,7d620,19a84e000,74d6c414,07:38:02,78,212,390,247,0,125,7,13,6,2,0,195880,2
17188,Isolated Web Co,136208890163200,1139629,1960231956,50.0,27482133121671,83297,1163ad,19a837000,74d6c414,07:38:02,55,212,390,247,1,278,1,6,3,10,13,435266,0
17188,Isolated Web Co,136208890245120,825248,1960231956,78.0,27489855552061,76227,c97a0,19a84b000,74d6c414,07:38:09,75,212,390,247,0,201,12,9,7,10,0,547319,0
10631,firefox,136217538949120,491275,3339921790,27.0,27491604799948,91133,77f0b,39e057000,c713297e,07:38:11,87,240,398,247,0,119,7,7,15,0,11,-401714,0
10631,firefox,136217538990080,1237665,3339921790,31.0,27492247158244,15934,12e2a1,39e061000,c713297e,07:38:12,97,240,398,247,1,302,2,14,2,10,1,0,0
10631,firefox,136217481601024,1241211,3068398465,44.0,27496423008799,67068,12f07b,39a9a6000,b6e40b81,07:38:16,422,212,398,247,1,303,2,15,0,7,11,0,0
10631,firefox,136217481588736,1241211,3068398465,44.0,27496425999877,933743,12f07b,39a9a3000,b6e40b81,07:38:16,419,212,398,247,1,303,2,15,0,7,11,0,2
10631,firefox,136217481637888,1241211,3068398465,44.0,27496429119822,172675,12f07b,39a9af000,b6e40b81,07:38:16,431,212,398,247,1,303,2,15,0,7,11,0,1
10631,firefox,136217481527296,1220947,3068398465,21.0,27496449546643,87308,12a153,39a994000,b6e40b81,07:38:16,404,212,398,247,1,298,2,10,1,5,3,0,0
10631,firefox,136217481535488,1195774,3068398465,25.0,27496452520679,79120,123efe,39a996000,b6e40b81,07:38:16,406,212,398,247,1,291,2,3,14,15,14,0,0
10631,firefox,136217481515008,1238014,3068398465,27.0,27496493448169,81032,12e3fe,39a991000,b6e40b81,07:38:16,401,212,398,247,1,302,2,14,3,15,14,0,0
10631,firefox,136217481490432,1243902,3068398465,18.0,27496498894975,93288,12fafe,39a98b000,b6e40b81,07:38:16,395,212,398,247,1,303,2,15,10,15,14,74549,0
10631,firefox,136217481539584,1238014,3068398465,27.0,27496501923112,69425,12e3fe,39a997000,b6e40b81,07:38:16,407,212,398,247,1,302,2,14,3,15,14,0,0
10631,firefox,136217481613312,1216020,3068398465,52.0,27496504094638,69819,128e14,39a9a9000,b6e40b81,07:38:16,425,212,398,247,1,296,2,8,14,1,4,-17509,0
10631,firefox,136217481633792,1216020,3068398465,52.0,27496505102418,69957,128e14,39a9ae000,b6e40b81,07:38:16,430,212,398,247,1,296,2,8,14,1,4,0,0
16656,Isolated Web Co,125620902977536,1180685,3068398465,20.0,27550267699539,68989,12040d,654c6000,b6e40b81,07:39:10,198,298,257,228,1,288,2,0,4,0,13,0,0
16656,Isolated Web Co,125620902969344,1180685,3068398465,20.0,27550269926280,2295730,12040d,654c4000,b6e40b81,07:39:10,196,298,257,228,1,288,2,0,4,0,13,0,3
16656,Isolated Web Co,125620902973440,1180685,3068398465,20.0,27550272862977,69026,12040d,654c5000,b6e40b81,07:39:10,197,298,257,228,1,288,2,0,4,0,13,0,0
16656,Isolated Web Co,125620903165952,1248017,3068398465,66.0,27550273959786,1165835,130b11,654f4000,b6e40b81,07:39:10,244,298,257,228,1,304,3,0,11,1,1,0,2
16656,Isolated Web Co,125620903030784,1165561,3068398465,36.0,27550273973069,1179118,11c8f9,654d3000,b6e40b81,07:39:10,211,298,257,228,1,284,1,12,8,15,9,0,2
16656,Isolated Web Co,125620902998016,1180685,3068398465,20.0,27550274791635,719535,12040d,654cb000,b6e40b81,07:39:10,203,298,257,228,1,288,2,0,4,0,13,0,2
16656,Isolated Web Co,125620903120896,869278,3068398465,51.0,27550276115698,71993,d439e,654e9000,b6e40b81,07:39:10,233,298,257,228,0,212,13,4,3,9,14,0,0
16656,Isolated Web Co,125620903108608,869278,3068398465,51.0,27550277329717,234092,d439e,654e6000,b6e40b81,07:39:10,230,298,257,228,0,212,13,4,3,9,14,0,2
16656,Isolated Web Co,125620903006208,1180685,3068398465,20.0,27550280441343,204932,12040d,654cd000,b6e40b81,07:39:10,205,298,257,228,1,288,2,0,4,0,13,0,2
16656,Isolated Web Co,125620903092224,869278,3068398465,51.0,27550281035089,798678,d439e,654e2000,b6e40b81,07:39:10,226,298,257,228,0,212,13,4,3,9,14,0,2
16656,Isolated Web Co,125620903186432,1248017,3068398465,66.0,27550285228826,68425,130b11,654f9000,b6e40b81,07:39:10,249,298,257,228,1,304,3,0,11,1,1,0,0
12437,Renderer,136217451675648,1191743,2112737171,0.0,27565094735248,18555,122f3f,398d1c000,7dedcf93,07:39:25,284,198,398,247,1,290,2,2,15,3,15,-20415,0
12437,Renderer,136217451679744,1191707,2112737171,1.0,27565097766936,104805,122f1b,398d1d000,7dedcf93,07:39:25,285,198,398,247,1,290,2,2,15,1,11,-42764,1
12437,Renderer,136217451683840,1193232,2112737171,2.0,27565101088115,71374,123510,398d1e000,7dedcf93,07:39:25,286,198,398,247,1,291,2,3,5,1,0,-12055,0
12437,Renderer,136217451687936,1200858,2112737171,3.0,27565101103269,86528,1252da,398d1f000,7dedcf93,07:39:25,287,198,398,247,1,293,2,5,2,13,10,-44707,0
12437,Renderer,136217451696128,1208939,2112737171,5.0,27565101112065,95324,12726b,398d21000,7dedcf93,07:39:25,289,198,398,247,1,295,2,7,2,6,11,-36435,0
12437,Renderer,136217451700224,1208938,2112737171,6.0,27565101115420,98679,12726a,398d22000,7dedcf93,07:39:25,290,198,398,247,1,295,2,7,2,6,10,-36440,0
16656,Isolated Web Co,125620902797312,1233620,3339921790,25.0,27572237424977,815869,12d2d4,6549a000,c713297e,07:39:32,154,298,257,228,1,301,2,13,2,13,4,0,2
12437,Renderer,136217451671552,1190714,2112737171,4.0,27572518934202,319700,122b3a,398d1b000,7dedcf93,07:39:32,283,198,398,247,1,290,2,2,11,3,10,658349,2
12437,Renderer,136217451675648,1190714,2112737171,4.0,27572518951854,337352,122b3a,398d1c000,7dedcf93,07:39:32,284,198,398,247,1,290,2,2,11,3,10,0,2
12437,Renderer,136217451696128,1231139,2112737171,5.0,27572518961626,347124,12c923,398d21000,7dedcf93,07:39:32,289,198,398,247,1,300,2,12,9,2,3,22200,2
12437,Renderer,136217451700224,1231188,2112737171,6.0,27572518965274,350772,12c954,398d22000,7dedcf93,07:39:32,290,198,398,247,1,300,2,12,9,5,4,22250,2
14227,Isolated Web Co,125620902776832,1233620,3339921790,25.0,27573351906936,14714,12d2d4,65495000,c713297e,07:39:33,149,298,257,228,1,301,2,13,2,13,4,889310,0
17188,Isolated Web Co,125620902977536,696689,3068398465,7.0,27595181029694,72705,aa171,654c6000,b6e40b81,07:39:55,198,298,257,228,0,170,10,10,1,7,1,335564,0
17188,Isolated Web Co,125620902985728,485988,3068398465,11.0,27595192665213,78231,76a64,654c8000,b6e40b81,07:39:55,200,298,257,228,0,118,7,6,10,6,4,0,0
17188,Isolated Web Co,125620903047168,805610,3068398465,33.0,27595194990284,97597,c4aea,654d7000,b6e40b81,07:39:55,215,298,257,228,0,196,12,4,10,14,10,444459,0
17188,Isolated Web Co,125620902981632,456875,3068398465,13.0,27595196635645,272259,6f8ab,654c7000,b6e40b81,07:39:55,199,298,257,228,0,111,6,15,8,10,11,0,2
17188,Isolated Web Co,125620902998016,456875,3068398465,13.0,27595200815688,91960,6f8ab,654cb000,b6e40b81,07:39:55,203,298,257,228,0,111,6,15,8,10,11,0,0
17188,Isolated Web Co,125620903129088,806970,3068398465,49.0,27595209861277,77245,c503a,654eb000,b6e40b81,07:39:55,235,298,257,228,0,197,12,5,0,3,10,-438089,0
17188,Isolated Web Co,125620903092224,806970,3068398465,49.0,27595212794134,71829,c503a,654e2000,b6e40b81,07:39:55,226,298,257,228,0,197,12,5,0,3,10,0,0
17188,Isolated Web Co,125620903120896,806970,3068398465,49.0,27595214048637,68270,c503a,654e9000,b6e40b81,07:39:55,233,298,257,228,0,197,12,5,0,3,10,0,0
17188,Isolated Web Co,125620903030784,805610,3068398465,33.0,27595216620358,89275,c4aea,654d3000,b6e40b81,07:39:55,211,298,257,228,0,196,12,4,10,14,10,0,0
17188,Isolated Web Co,125620903059456,805610,3068398465,33.0,27595218614499,221438,c4aea,654da000,b6e40b81,07:39:55,218,298,257,228,0,196,12,4,10,14,10,0,2
17188,Isolated Web Co,125620903022592,805610,3068398465,33.0,27595234117198,81570,c4aea,654d1000,b6e40b81,07:39:55,209,298,257,228,0,196,12,4,10,14,10,0,0
16656,Isolated Web Co,136208890060800,882763,1960231956,29.0,27595583130863,81634,d784b,19a81e000,74d6c414,07:39:55,30,212,390,247,0,215,13,7,8,4,11,0,0
16656,Isolated Web Co,136208890064896,787183,1960231956,30.0,27596030284753,70520,c02ef,19a81f000,74d6c414,07:39:56,31,212,390,247,0,192,12,0,2,14,15,0,0
16656,Isolated Web Co,136208890019840,685215,1960231956,31.0,27596643711273,66786,a749f,19a814000,74d6c414,07:39:56,20,212,390,247,0,167,10,7,4,9,15,0,0
16656,Isolated Web Co,136208890015744,685215,1960231956,31.0,27596645251596,72745,a749f,19a813000,74d6c414,07:39:56,19,212,390,247,0,167,10,7,4,9,15,0,0
16656,Isolated Web Co,136208890228736,6858,1960231956,70.0,27597860600527,96724,1aca,19a847000,74d6c414,07:39:57,71,212,390,247,0,1,0,1,10,12,10,-603627,0
16656,Isolated Web Co,136208890138624,864733,1960231956,50.0,27597899522332,75777,d31dd,19a831000,74d6c414,07:39:57,49,212,390,247,0,211,13,3,1,13,13,101527,0
16656,Isolated Web Co,136208890241024,673642,1960231956,71.0,27598028732328,85424,a476a,19a84a000,74d6c414,07:39:58,74,212,390,247,0,164,10,4,7,6,10,-177430,0
16656,Isolated Web Co,136208890245120,658295,1960231956,74.0,27598924088043,82043,a0b77,19a84b000,74d6c414,07:39:58,75,212,390,247,0,160,10,0,11,7,7,0,0
17188,Isolated Web Co,125620902834176,469125,3339921790,30.0,27600001845843,66299,72885,654a3000,c713297e,07:40:00,163,298,257,228,0,114,7,2,8,8,5,0,0
17188,Isolated Web Co,125620902912000,1210305,3339921790,53.0,27600109454508,195802,1277c1,654b6000,c713297e,07:40:00,182,298,257,228,1,295,2,7,7,12,1,0,1
17188,Isolated Web Co,125620902920192,1210305,3339921790,53.0,27600743603489,74473,1277c1,654b8000,c713297e,07:40:00,184,298,257,228,1,295,2,7,7,12,1,0,0
17188,Isolated Web Co,125620902907904,1210305,3339921790,53.0,27600855955653,174800,1277c1,654b5000,c713297e,07:40:00,181,298,257,228,1,295,2,7,7,12,1,0,1
17188,Isolated Web Co,125620902776832,1228288,3339921790,25.0,27601102593461,6838191,12be00,65495000,c713297e,07:40:01,149,298,257,228,1,299,2,11,14,0,0,-5332,3
17188,Isolated Web Co,125620902895616,1210305,3339921790,53.0,27601143845520,821292,1277c1,654b2000,c713297e,07:40:01,178,298,257,228,1,295,2,7,7,12,1,0,2
17188,Isolated Web Co,125620902756352,1228288,3339921790,25.0,27601155678970,67422,12be00,65490000,c713297e,07:40:01,144,298,257,228,1,299,2,11,14,0,0,0,0
17188,Isolated Web Co,125620902805504,1228288,3339921790,25.0,27601159667737,735214,12be00,6549c000,c713297e,07:40:01,156,298,257,228,1,299,2,11,14,0,0,0,2
17188,Isolated Web Co,125620902744064,890847,3339921790,12.0,27601186195469,78147,d97df,6548d000,c713297e,07:40:01,141,298,257,228,0,217,13,9,7,13,15,0,0
17188,Isolated Web Co,125620902780928,1228288,3339921790,25.0,27601220159043,176186,12be00,65496000,c713297e,07:40:01,150,298,257,228,1,299,2,11,14,0,0,0,1
17188,Isolated Web Co,125620902768640,1228288,3339921790,25.0,27601319117586,69624,12be00,65493000,c713297e,07:40:01,147,298,257,228,1,299,2,11,14,0,0,0,0
17188,Isolated Web Co,125620902916096,1210305,3339921790,53.0,27601378851385,74099,1277c1,654b7000,c713297e,07:40:01,183,298,257,228,1,295,2,7,7,12,1,0,0
17188,Isolated Web Co,125620902903808,1210305,3339921790,53.0,27601380069345,97032,1277c1,654b4000,c713297e,07:40:01,180,298,257,228,1,295,2,7,7,12,1,0,0
17188,Isolated Web Co,125620902928384,1210305,3339921790,53.0,27601421855936,72347,1277c1,654ba000,c713297e,07:40:01,186,298,257,228,1,295,2,7,7,12,1,0,0
17188,Isolated Web Co,125620902899712,705210,3339921790,54.0,27601706849932,98693,ac2ba,654b3000,c713297e,07:40:01,179,298,257,228,0,172,10,12,2,11,10,0,0
17188,Isolated Web Co,125620902760448,1228288,3339921790,25.0,27601709673578,77526,12be00,65491000,c713297e,07:40:01,145,298,257,228,1,299,2,11,14,0,0,0,0
17188,Isolated Web Co,125620902838272,1165796,3339921790,31.0,27601718539309,88266,11c9e4,654a4000,c713297e,07:40:01,164,298,257,228,1,284,1,12,9,14,4,27243,0
16656,Isolated Web Co,125620903112704,1230492,3068398465,50.0,27602375411948,300406,12c69c,654e7000,b6e40b81,07:40:02,231,298,257,228,1,300,2,12,6,9,12,0,2
16656,Isolated Web Co,125620903014400,1214461,3068398465,19.0,27602376035735,924193,1287fd,654cf000,b6e40b81,07:40:02,207,298,257,228,1,296,2,8,7,15,13,125436,2
17188,Isolated Web Co,125620902957056,226900,3068398465,20.0,27602752881174,171949,37654,654c1000,b6e40b81,07:40:02,193,298,257,228,0,55,3,7,6,5,4,-230398,1
17188,Isolated Web Co,125620903124992,1230492,3068398465,50.0,27602773859550,253037,12c69c,654ea000,b6e40b81,07:40:02,234,298,257,228,1,300,2,12,6,9,12,30996,2
17188,Isolated Web Co,125620903034880,1235211,3068398465,35.0,27602775986057,91029,12d90b,654d4000,b6e40b81,07:40:02,212,298,257,228,1,301,2,13,9,0,11,0,0
17188,Isolated Web Co,125620903145472,1230492,3068398465,50.0,27602783561518,853088,12c69c,654ef000,b6e40b81,07:40:02,239,298,257,228,1,300,2,12,6,9,12,0,2
17188,Isolated Web Co,125620903018496,1235211,3068398465,35.0,27602792516444,93835,12d90b,654d0000,b6e40b81,07:40:02,208,298,257,228,1,301,2,13,9,0,11,0,0
17188,Isolated Web Co,125620902895616,1238497,3339921790,50.0,27606658845474,86997,12e5e1,654b2000,c713297e,07:40:06,178,298,257,228,1,302,2,14,5,14,1,0,0
17188,Isolated Web Co,125620902748160,890847,3339921790,12.0,27606674662069,804021,d97df,6548e000,c713297e,07:40:06,142,298,257,228,0,217,13,9,7,13,15,0,2
17188,Isolated Web Co,125620902760448,1228288,3339921790,25.0,27606702606706,100298,12be00,65491000,c713297e,07:40:06,145,298,257,228,1,299,2,11,14,0,0,0,1
17188,Isolated Web Co,125620902920192,1238497,3339921790,50.0,27606742030166,74318,12e5e1,654b8000,c713297e,07:40:06,184,298,257,228,1,302,2,14,5,14,1,0,0
17188,Isolated Web Co,125620902813696,1228288,3339921790,25.0,27609312751592,78288,12be00,6549e000,c713297e,07:40:09,158,298,257,228,1,299,2,11,14,0,0,0,0
17188,Isolated Web Co,125620902817792,637587,3339921790,26.0,27609314110057,127933,9ba93,6549f000,c713297e,07:40:09,159,298,257,228,0,155,9,11,10,9,3,208871,1
17188,Isolated Web Co,125620902772736,638734,3339921790,27.0,27609711025700,80455,9bf0e,65494000,c713297e,07:40:09,148,298,257,228,0,155,9,11,15,0,14,-556865,0
17188,Isolated Web Co,125620902907904,1197106,3339921790,52.0,27610117034278,91309,124432,654b5000,c713297e,07:40:10,181,298,257,228,1,292,2,4,4,3,2,852823,0
17188,Isolated Web Co,125620902891520,1197106,3339921790,52.0,27610118592637,83274,124432,654b1000,c713297e,07:40:10,177,298,257,228,1,292,2,4,4,3,2,0,0
17188,Isolated Web Co,125620902744064,1246580,3339921790,13.0,27610119874935,1020433,130574,6548d000,c713297e,07:40:10,141,298,257,228,1,304,3,0,5,7,4,0,2
17188,Isolated Web Co,125620902752256,1246580,3339921790,13.0,27610121160920,76446,130574,6548f000,c713297e,07:40:10,143,298,257,228,1,304,3,0,5,7,4,0,0
17188,Isolated Web Co,125620902916096,1197106,3339921790,52.0,27610122148914,78637,124432,654b7000,c713297e,07:40:10,183,298,257,228,1,292,2,4,4,3,2,0,0
17188,Isolated Web Co,125620902809600,638734,3339921790,27.0,27617462544059,745886,9bf0e,6549d000,c713297e,07:40:17,157,298,257,228,0,155,9,11,15,0,14,0,2
17188,Isolated Web Co,125620902821888,1165796,3339921790,31.0,27618688975177,118562,11c9e4,654a0000,c713297e,07:40:18,160,298,257,228,1,284,1,12,9,14,4,0,1
17188,Isolated Web Co,125620902924288,1197106,3339921790,52.0,27618894522052,215709,124432,654b9000,c713297e,07:40:18,185,298,257,228,1,292,2,4,4,3,2,0,2
14227,Isolated Web Co,125620902793216,716549,3339921790,27.0,27690259591004,71607,aef05,65499000,c713297e,07:41:30,153,298,257,228,0,174,10,14,15,0,5,-479050,0
14227,Isolated Web Co,125620902809600,716549,3339921790,27.0,27690534728651,69808,aef05,6549d000,c713297e,07:41:30,157,298,257,228,0,174,10,14,15,0,5,0,0
17188,Isolated Web Co,125620887523328,679738,3207841947,0.0,27732232191573,77854,a5f3a,64609000,bf33c89b,07:42:12,9,291,257,228,0,165,10,5,15,3,10,0,0
17188,Isolated Web Co,125620902895616,382383,3339921790,53.0,27762637095553,67564,5d5af,654b2000,c713297e,07:42:42,178,298,257,228,0,93,5,13,5,10,15,-827922,0
17188,Isolated Web Co,125620902748160,1108259,3339921790,15.0,27762641458644,3557844,10e923,6548e000,c713297e,07:42:42,142,298,257,228,1,270,0,14,9,2,3,763939,3
17188,Isolated Web Co,125620902760448,806745,3339921790,26.0,27762648102309,120435,c4f59,65491000,c713297e,07:42:42,145,298,257,228,0,196,12,4,15,5,9,169158,1
17188,Isolated Web Co,125620902891520,382383,3339921790,53.0,27765297163865,69494,5d5af,654b1000,c713297e,07:42:45,177,298,257,228,0,93,5,13,5,10,15,0,0
17188,Isolated Web Co,125620902744064,1108259,3339921790,15.0,27765298750586,32288,10e923,6548d000,c713297e,07:42:45,141,298,257,228,1,270,0,14,9,2,3,0,0
17188,Isolated Web Co,125620902752256,1108259,3339921790,15.0,27765312732693,148538,10e923,6548f000,c713297e,07:42:45,143,298,257,228,1,270,0,14,9,2,3,0,1
17188,Isolated Web Co,125620902756352,806745,3339921790,26.0,27765396250845,124292,c4f59,65490000,c713297e,07:42:45,144,298,257,228,0,196,12,4,15,5,9,0,1
17188,Isolated Web Co,125620902805504,806745,3339921790,26.0,27765412251577,65415,c4f59,6549c000,c713297e,07:42:45,156,298,257,228,0,196,12,4,15,5,9,0,0
17188,Isolated Web Co,125620902928384,382383,3339921790,53.0,27765723134349,87338,5d5af,654ba000,c713297e,07:42:45,186,298,257,228,0,93,5,13,5,10,15,0,0
17188,Isolated Web Co,125620902899712,1242592,3339921790,54.0,27765892893173,105988,12f5e0,654b3000,c713297e,07:42:45,179,298,257,228,1,303,2,15,5,14,0,537382,1
17188,Isolated Web Co,125620902809600,1147387,3339921790,27.0,27779270407990,215114,1181fb,6549d000,c713297e,07:42:59,157,298,257,228,1,280,1,8,1,15,11,508653,2
17188,Isolated Web Co,125620902821888,1157887,3339921790,32.0,27779619561743,71132,11aaff,654a0000,c713297e,07:42:59,160,298,257,228,1,282,1,10,10,15,15,-76812,0
16656,Isolated Web Co,125620902834176,873803,3339921790,30.0,27801125863310,707895,d554b,654a3000,c713297e,07:43:21,163,298,257,228,0,213,13,5,5,4,11,0,2
16656,Isolated Web Co,125620902821888,1218556,3339921790,31.0,27802983879986,69512,1297fc,654a0000,c713297e,07:43:22,160,298,257,228,1,297,2,9,7,15,12,0,0
14227,Isolated Web Co,125620902809600,296385,3339921790,18.0,27807363834060,87241,485c1,6549d000,c713297e,07:43:27,157,298,257,228,0,72,4,8,5,12,1,0,0
17188,Isolated Web Co,125620902907904,815438,3339921790,52.0,27810033029190,13746,c714e,654b5000,c713297e,07:43:30,181,298,257,228,0,199,12,7,1,4,14,-381668,0
17188,Isolated Web Co,125620902895616,815438,3339921790,52.0,27810035075654,291240,c714e,654b2000,c713297e,07:43:30,178,298,257,228,0,199,12,7,1,4,14,0,2
17188,Isolated Web Co,125620902756352,1202978,3339921790,25.0,27810037096906,823539,125b22,65490000,c713297e,07:43:30,144,298,257,228,1,293,2,5,11,2,2,-25310,2
17188,Isolated Web Co,125620902891520,815438,3339921790,52.0,27810181505486,7629237,c714e,654b1000,c713297e,07:43:30,177,298,257,228,0,199,12,7,1,4,14,0,3
17188,Isolated Web Co,125620902744064,448360,3339921790,12.0,27810191626694,88093,6d768,6548d000,c713297e,07:43:30,141,298,257,228,0,109,6,13,7,6,8,-442487,0
17188,Isolated Web Co,125620902752256,448360,3339921790,12.0,27810206152887,74056,6d768,6548f000,c713297e,07:43:30,143,298,257,228,0,109,6,13,7,6,8,0,0
17188,Isolated Web Co,125620902916096,815438,3339921790,52.0,27810225485219,90482,c714e,654b7000,c713297e,07:43:30,183,298,257,228,0,199,12,7,1,4,14,0,0
17188,Isolated Web Co,125620902768640,1202978,3339921790,25.0,27810229792382,284760,125b22,65493000,c713297e,07:43:30,147,298,257,228,1,293,2,5,11,2,2,0,2
17188,Isolated Web Co,125620887523328,1112550,3207841947,0.0,27814758240409,66543,10f9e6,64609000,bf33c89b,07:43:34,9,291,257,228,1,271,0,15,9,14,6,432812,0
16656,Isolated Web Co,125620902772736,1202978,3339921790,25.0,27815486980475,80311,125b22,65494000,c713297e,07:43:35,148,298,257,228,1,293,2,5,11,2,2,-30642,0
17188,Isolated Web Co,125620902912000,815438,3339921790,52.0,27817664778447,73348,c714e,654b6000,c713297e,07:43:37,182,298,257,228,0,199,12,7,1,4,14,0,0
17188,Isolated Web Co,125620902760448,1202978,3339921790,25.0,27817666480090,368360,125b22,65491000,c713297e,07:43:37,145,298,257,228,1,293,2,5,11,2,2,0,2
17188,Isolated Web Co,125620902817792,1202978,3339921790,25.0,27817787426916,764850,125b22,6549f000,c713297e,07:43:37,159,298,257,228,1,293,2,5,11,2,2,0,2
17188,Isolated Web Co,125620902813696,815455,3339921790,27.0,27819026501032,754913,c715f,6549e000,c713297e,07:43:39,158,298,257,228,0,199,12,7,1,5,15,-331932,2
17188,Isolated Web Co,125620902834176,873803,3339921790,30.0,27819150633611,11614373,d554b,654a3000,c713297e,07:43:39,163,298,257,228,0,213,13,5,5,4,11,404678,3
17188,Isolated Web Co,125620902932480,524896,3068398465,15.0,27823793120380,68014,80260,654bb000,b6e40b81,07:43:43,187,298,257,228,0,128,8,0,2,6,0,163763,0
17188,Isolated Web Co,125620902961152,794084,3068398465,20.0,27823794376104,111251,c1de4,654c2000,b6e40b81,07:43:43,194,298,257,228,0,193,12,1,13,14,4,567184,1
17188,Isolated Web Co,125620903067648,332701,3068398465,36.0,27823795731321,73118,5139d,654dc000,b6e40b81,07:43:43,220,298,257,228,0,81,5,1,3,9,13,0,0
17188,Isolated Web Co,125620903022592,332701,3068398465,36.0,27823798833556,1492084,5139d,654d1000,b6e40b81,07:43:43,209,298,257,228,0,81,5,1,3,9,13,0,2
14227,Isolated Web Co,125620894846976,1165739,3177070044,0.0,27891817706107,82847,11c9ab,64d05000,bd5e3ddc,07:44:51,261,294,257,228,1,284,1,12,9,10,11,-56601,0
14227,Isolated Web Co,125620894855168,1204851,3177070044,1.0,27891820294261,398455,126273,64d07000,bd5e3ddc,07:44:51,263,294,257,228,1,294,2,6,2,7,3,62478,2
14227,Isolated Web Co,125620894851072,1205157,3177070044,3.0,27891823815039,70486,1263a5,64d06000,bd5e3ddc,07:44:51,262,294,257,228,1,294,2,6,3,10,5,-33533,0
14227,Isolated Web Co,125620895129600,1163653,3177070044,69.0,27891898294401,79412,11c185,64d4a000,bd5e3ddc,07:44:51,330,294,257,228,1,284,1,12,1,8,5,-40873,0
14227,Isolated Web Co,125620894859264,1169841,3177070044,15.0,27893504009839,90518,11d9b1,64d08000,bd5e3ddc,07:44:53,264,294,257,228,1,285,1,13,9,11,1,0,0
14227,Isolated Web Co,125620894957568,1168422,3177070044,39.0,27893520581079,104999,11d426,64d20000,bd5e3ddc,07:44:53,288,294,257,228,1,285,1,13,4,2,6,0,1
14227,Isolated Web Co,125620894961664,1168422,3177070044,39.0,27893525813464,149277,11d426,64d21000,bd5e3ddc,07:44:53,289,294,257,228,1,285,1,13,4,2,6,0,1
14227,Isolated Web Co,125620894965760,1168422,3177070044,39.0,27893527019647,1087525,11d426,64d22000,bd5e3ddc,07:44:53,290,294,257,228,1,285,1,13,4,2,6,0,2
14227,Isolated Web Co,125620894969856,1168422,3177070044,39.0,27893535859490,173483,11d426,64d23000,bd5e3ddc,07:44:53,291,294,257,228,1,285,1,13,4,2,6,0,1
14227,Isolated Web Co,125620894973952,1168422,3177070044,39.0,27893556846145,68844,11d426,64d24000,bd5e3ddc,07:44:53,292,294,257,228,1,285,1,13,4,2,6,0,0
14227,Isolated Web Co,136208890220544,736569,1960231956,68.0,27894298846540,92102,b3d39,19a845000,74d6c414,07:44:54,69,212,390,247,0,179,11,3,13,3,9,-467699,0
14227,Isolated Web Co,136208890200064,854069,1960231956,69.0,27894332603317,648366,d0835,19a840000,74d6c414,07:44:54,64,212,390,247,0,208,13,0,8,3,5,-355550,2
14227,Isolated Web Co,136208890212352,854069,1960231956,69.0,27894336822349,67309,d0835,19a843000,74d6c414,07:44:54,67,212,390,247,0,208,13,0,8,3,5,0,0
14227,Isolated Web Co,136208890208256,854069,1960231956,69.0,27894347691227,2838685,d0835,19a842000,74d6c414,07:44:54,66,212,390,247,0,208,13,0,8,3,5,0,3
14227,Isolated Web Co,136208890204160,854069,1960231956,69.0,27894350655137,1102931,d0835,19a841000,74d6c414,07:44:54,65,212,390,247,0,208,13,0,8,3,5,0,2
16656,Isolated Web Co,125620902797312,815455,3339921790,27.0,27897972044150,95658,c715f,6549a000,c713297e,07:44:57,154,298,257,228,0,199,12,7,1,5,15,0,0
12437,Renderer,136217451675648,1124386,2112737171,0.0,27898744885744,33207,112822,398d1c000,7dedcf93,07:44:58,284,198,398,247,1,274,1,2,8,2,2,-67357,0
12437,Renderer,136217451679744,1124409,2112737171,1.0,27898746206057,73649,112839,398d1d000,7dedcf93,07:44:58,285,198,398,247,1,274,1,2,8,3,9,-67298,0
12437,Renderer,136217451683840,1124410,2112737171,2.0,27898748306854,163174,11283a,398d1e000,7dedcf93,07:44:58,286,198,398,247,1,274,1,2,8,3,10,-68822,1
12437,Renderer,136217451687936,1095043,2112737171,3.0,27898751104095,69154,10b583,398d1f000,7dedcf93,07:44:58,287,198,398,247,1,267,0,11,5,8,3,-105815,0
12437,Renderer,136217451696128,1243274,2112737171,5.0,27898751116672,81731,12f88a,398d21000,7dedcf93,07:44:58,289,198,398,247,1,303,2,15,8,8,10,12135,0
12437,Renderer,136217451700224,1242691,2112737171,6.0,27898751119100,84159,12f643,398d22000,7dedcf93,07:44:58,290,198,398,247,1,303,2,15,6,4,3,11503,0
16656,Isolated Web Co,125620903038976,1137067,3068398465,36.0,27898913100426,71008,1159ab,654d5000,b6e40b81,07:44:58,213,298,257,228,1,277,1,5,9,10,11,-28494,0
16656,Isolated Web Co,125620903112704,332688,3068398465,49.0,27898914105551,73062,51390,654e7000,b6e40b81,07:44:58,231,298,257,228,0,81,5,1,3,9,0,0,0
16656,Isolated Web Co,125620903014400,1221585,3068398465,19.0,27898917179892,82138,12a3d1,654cf000,b6e40b81,07:44:58,207,298,257,228,1,298,2,10,3,13,1,7124,0
12437,Renderer,136217451671552,1195753,2112737171,4.0,27926691993731,1109429,123ee9,398d1b000,7dedcf93,07:45:26,283,198,398,247,1,291,2,3,14,14,9,5039,2
12437,Renderer,136217451675648,1195753,2112737171,4.0,27926692012215,1127913,123ee9,398d1c000,7dedcf93,07:45:26,284,198,398,247,1,291,2,3,14,14,9,0,2
12437,Renderer,136217451696128,601105,2112737171,5.0,27926692021968,1137666,92c11,398d21000,7dedcf93,07:45:26,289,198,398,247,0,146,9,2,12,1,1,-642169,2
12437,Renderer,136217451700224,601106,2112737171,6.0,27926692025862,1141560,92c12,398d22000,7dedcf93,07:45:26,290,198,398,247,0,146,9,2,12,1,2,-641585,2
12437,Renderer,136217451679744,601107,2112737171,7.0,27952061897763,74329,92c13,398d1d000,7dedcf93,07:45:52,285,198,398,247,0,146,9,2,12,1,3,0,0
12437,Renderer,136217451683840,601107,2112737171,7.0,27952067842853,72715,92c13,398d1e000,7dedcf93,07:45:52,286,198,398,247,0,146,9,2,12,1,3,0,0
12437,Renderer,136217451687936,601107,2112737171,7.0,27952069211657,18441,92c13,398d1f000,7dedcf93,07:45:52,287,198,398,247,0,146,9,2,12,1,3,0,0
12437,Renderer,136217451675648,1185255,2112737171,0.0,27975424020463,25706,1215e7,398d1c000,7dedcf93,07:46:15,284,198,398,247,1,289,2,1,5,14,7,60869,0
12437,Renderer,136217451679744,1213928,2112737171,1.0,27975425179124,975209,1285e8,398d1d000,7dedcf93,07:46:15,285,198,398,247,1,296,2,8,5,14,8,89519,2
12437,Renderer,136217451683840,1213929,2112737171,2.0,27975426625257,223616,1285e9,398d1e000,7dedcf93,07:46:15,286,198,398,247,1,296,2,8,5,14,9,89519,2
12437,Renderer,136217451687936,1213931,2112737171,3.0,27975427778333,942809,1285eb,398d1f000,7dedcf93,07:46:15,287,198,398,247,1,296,2,8,5,14,11,118888,2
12437,Renderer,136217451696128,1228085,2112737171,5.0,27975427793729,958205,12bd35,398d21000,7dedcf93,07:46:15,289,198,398,247,1,299,2,11,13,3,5,626980,2
12437,Renderer,136217451700224,1228086,2112737171,6.0,27975427797729,962205,12bd36,398d22000,7dedcf93,07:46:15,290,198,398,247,1,299,2,11,13,3,6,626980,2
16656,Isolated Web Co,125620902797312,1085540,3339921790,26.0,27976423579073,759448,109064,6549a000,c713297e,07:46:16,154,298,257,228,1,265,0,9,0,6,4,0,2
17188,Isolated Web Co,125620902891520,1101783,3339921790,53.0,28003390836646,950799,10cfd7,654b1000,c713297e,07:46:43,177,298,257,228,1,268,0,12,15,13,7,719400,2
17188,Isolated Web Co,125620902752256,1132058,3339921790,15.0,28003397717008,502426,11461a,6548f000,c713297e,07:46:43,143,298,257,228,1,276,1,4,6,1,10,23799,2
17188,Isolated Web Co,125620902748160,1132058,3339921790,15.0,28003844599472,1901195,11461a,6548e000,c713297e,07:46:43,142,298,257,228,1,276,1,4,6,1,10,0,2
17188,Isolated Web Co,136208889991168,267409,1960231956,12.0,28004157891902,913812,41491,19a80d000,74d6c414,07:46:44,13,212,390,247,0,65,4,1,4,9,1,0,2
17188,Isolated Web Co,136208890007552,267870,1960231956,31.0,28004159777780,281559,4165e,19a811000,74d6c414,07:46:44,17,212,390,247,0,65,4,1,6,5,14,-154904,2
17188,Isolated Web Co,136208890011648,267870,1960231956,31.0,28004161617049,2120828,4165e,19a812000,74d6c414,07:46:44,18,212,390,247,0,65,4,1,6,5,14,0,3
17188,Isolated Web Co,136208890028032,267870,1960231956,31.0,28004162547253,3051032,4165e,19a816000,74d6c414,07:46:44,22,212,390,247,0,65,4,1,6,5,14,0,3
17188,Isolated Web Co,136208890036224,267870,1960231956,31.0,28004163995523,78577,4165e,19a818000,74d6c414,07:46:44,24,212,390,247,0,65,4,1,6,5,14,0,0
17188,Isolated Web Co,136208890044416,267870,1960231956,31.0,28004165348647,201590,4165e,19a81a000,74d6c414,07:46:44,26,212,390,247,0,65,4,1,6,5,14,0,2
17188,Isolated Web Co,136208890052608,267870,1960231956,31.0,28004179190337,100043,4165e,19a81c000,74d6c414,07:46:44,28,212,390,247,0,65,4,1,6,5,14,0,1
17188,Isolated Web Co,136208890220544,267575,1960231956,78.0,28004202464673,256789,41537,19a845000,74d6c414,07:46:44,69,212,390,247,0,65,4,1,5,3,7,-557673,2
17188,Isolated Web Co,136208890122240,267864,1960231956,42.0,28004203191109,983225,41658,19a82d000,74d6c414,07:46:44,45,212,390,247,0,65,4,1,6,5,8,143886,2
17188,Isolated Web Co,136208890118144,869403,1960231956,45.0,28004235932104,85695,d441b,19a82c000,74d6c414,07:46:44,44,212,390,247,0,212,13,4,4,1,11,832149,0
17188,Isolated Web Co,125620902899712,1101783,3339921790,53.0,28004512910449,846280,10cfd7,654b3000,c713297e,07:46:44,179,298,257,228,1,268,0,12,15,13,7,0,2
17188,Isolated Web Co,125620902760448,1199581,3339921790,27.0,28004514114805,75674,124ddd,65491000,c713297e,07:46:44,145,298,257,228,1,292,2,4,13,13,13,384126,0
12437,Renderer,136217129959424,320138,4228962018,4.0,28008577094733,70771,4e28a,385a4c000,fc10d6e2,07:46:48,76,45,398,247,0,78,4,14,2,8,10,0,0
12437,Renderer,136217129963520,179054,4228962018,5.0,28008605922119,744265,2bb6e,385a4d000,fc10d6e2,07:46:48,77,45,398,247,0,43,2,11,11,6,14,0,2
12437,Renderer,136217129967616,323327,4228962018,6.0,28008633106318,66640,4eeff,385a4e000,fc10d6e2,07:46:48,78,45,398,247,0,78,4,14,14,15,15,0,0
12437,Renderer,136217129971712,534947,4228962018,7.0,28008686655765,67908,829a3,385a4f000,fc10d6e2,07:46:48,79,45,398,247,0,130,8,2,9,10,3,0,0
12437,Renderer,136217129979904,68791,4228962018,9.0,28008731797275,129271,10cb7,385a51000,fc10d6e2,07:46:48,81,45,398,247,0,16,1,0,12,11,7,0,1
12437,Renderer,136217129984000,872060,4228962018,10.0,28008743203926,73857,d4e7c,385a52000,fc10d6e2,07:46:48,82,45,398,247,0,212,13,4,14,7,12,0,0
12437,Renderer,136217129988096,801878,4228962018,11.0,28008752677413,139242,c3c56,385a53000,fc10d6e2,07:46:48,83,45,398,247,0,195,12,3,12,5,6,0,1
12437,Renderer,136217129992192,725968,4228962018,12.0,28008756484950,10297,b13d0,385a54000,fc10d6e2,07:46:48,84,45,398,247,0,177,11,1,3,13,0,0,0
12437,Renderer,136217129996288,725969,4228962018,13.0,28008759328036,15087,b13d1,385a55000,fc10d6e2,07:46:48,85,45,398,247,0,177,11,1,3,13,1,0,0
12437,Renderer,136217130000384,870320,4228962018,14.0,28008759347264,3755,d47b0,385a56000,fc10d6e2,07:46:48,86,45,398,247,0,212,13,4,7,11,0,0,0
12437,Renderer,136217130004480,870321,4228962018,15.0,28008765106631,73763,d47b1,385a57000,fc10d6e2,07:46:48,87,45,398,247,0,212,13,4,7,11,1,0,0
12437,Renderer,136217130008576,676132,4228962018,16.0,28008765123233,3818,a5124,385a58000,fc10d6e2,07:46:48,88,45,398,247,0,165,10,5,1,2,4,0,0
12437,Renderer,136217130012672,676133,4228962018,17.0,28008784243655,7203,a5125,385a59000,fc10d6e2,07:46:48,89,45,398,247,0,165,10,5,1,2,5,0,0
12437,Renderer,136217130016768,839478,4228962018,18.0,28008784256574,3409,ccf36,385a5a000,fc10d6e2,07:46:48,90,45,398,247,0,204,12,12,15,3,6,0,0
12437,Renderer,136217130020864,839479,4228962018,19.0,28008819208050,119535,ccf37,385a5b000,fc10d6e2,07:46:48,91,45,398,247,0,204,12,12,15,3,7,0,1
12437,Renderer,136217130024960,728389,4228962018,20.0,28008824693164,95393,b1d45,385a5c000,fc10d6e2,07:46:48,92,45,398,247,0,177,11,1,13,4,5,0,0
12437,Renderer,136217130029056,653225,4228962018,21.0,28008824713469,5591,9f7a9,385a5d000,fc10d6e2,07:46:48,93,45,398,247,0,159,9,15,7,10,9,0,0
12437,Renderer,136217130033152,825858,4228962018,22.0,28008831859106,6669,c9a02,385a5e000,fc10d6e2,07:46:48,94,45,398,247,0,201,12,9,10,0,2,0,0
12437,Renderer,136217130037248,825859,4228962018,23.0,28008832953239,71487,c9a03,385a5f000,fc10d6e2,07:46:48,95,45,398,247,0,201,12,9,10,0,3,0,0
12437,Renderer,136217130045440,858051,4228962018,25.0,28008837488606,5872,d17c3,385a61000,fc10d6e2,07:46:48,97,45,398,247,0,209,13,1,7,12,3,0,0
12437,Renderer,136217130049536,883386,4228962018,26.0,28008840870200,5849,d7aba,385a62000,fc10d6e2,07:46:48,98,45,398,247,0,215,13,7,10,11,10,0,0
12437,Renderer,136217130053632,883387,4228962018,27.0,28008840879604,2967,d7abb,385a63000,fc10d6e2,07:46:48,99,45,398,247,0,215,13,7,10,11,11,0,0
12437,Renderer,136217130057728,452348,4228962018,28.0,28008840888588,3393,6e6fc,385a64000,fc10d6e2,07:46:48,100,45,398,247,0,110,6,14,6,15,12,0,0
12437,Renderer,136217130061824,452349,4228962018,29.0,28008842654504,4642,6e6fd,385a65000,fc10d6e2,07:46:48,101,45,398,247,0,110,6,14,6,15,13,0,0
12437,Renderer,136217130065920,771452,4228962018,30.0,28008842664008,3229,bc57c,385a66000,fc10d6e2,07:46:48,102,45,398,247,0,188,11,12,5,7,12,0,0
12437,Renderer,136217130070016,771453,4228962018,31.0,28008877786946,83552,bc57d,385a67000,fc10d6e2,07:46:48,103,45,398,247,0,188,11,12,5,7,13,0,0
12437,Renderer,136217130074112,783023,4228962018,32.0,28008877809079,5000,bf2af,385a68000,fc10d6e2,07:46:48,104,45,398,247,0,191,11,15,2,10,15,0,0
12437,Renderer,136217130078208,605036,4228962018,33.0,28008882729377,7585,93b6c,385a69000,fc10d6e2,07:46:48,105,45,398,247,0,147,9,3,11,6,12,0,0
12437,Renderer,136217130082304,605037,4228962018,34.0,28008882740887,3529,93b6d,385a6a000,fc10d6e2,07:46:48,106,45,398,247,0,147,9,3,11,6,13,0,0
12437,Renderer,136217130086400,481674,4228962018,35.0,28008909555377,135598,7598a,385a6b000,fc10d6e2,07:46:48,107,45,398,247,0,117,7,5,9,8,10,0,1
12437,Renderer,136217130090496,833277,4228962018,36.0,28008929071903,67496,cb6fd,385a6c000,fc10d6e2,07:46:48,108,45,398,247,0,203,12,11,6,15,13,0,0
12437,Renderer,136217130094592,731086,4228962018,37.0,28008929091977,5109,b27ce,385a6d000,fc10d6e2,07:46:48,109,45,398,247,0,178,11,2,7,12,14,0,0
12437,Renderer,136217130098688,731087,4228962018,38.0,28008948293054,7183,b27cf,385a6e000,fc10d6e2,07:46:48,110,45,398,247,0,178,11,2,7,12,15,0,0
12437,Renderer,136217130102784,552556,4228962018,39.0,28008966650572,65722,86e6c,385a6f000,fc10d6e2,07:46:48,111,45,398,247,0,134,8,6,14,6,12,0,0
12437,Renderer,136217130110976,891338,4228962018,41.0,28009012738714,13300,d99ca,385a71000,fc10d6e2,07:46:49,113,45,398,247,0,217,13,9,9,12,10,0,0
12437,Renderer,136217130115072,891339,4228962018,42.0,28009014212235,8000,d99cb,385a72000,fc10d6e2,07:46:49,114,45,398,247,0,217,13,9,9,12,11,0,0
12437,Renderer,136217130119168,890542,4228962018,43.0,28009014223036,2925,d96ae,385a73000,fc10d6e2,07:46:49,115,45,398,247,0,217,13,9,6,10,14,0,0
12437,Renderer,136217130123264,890543,4228962018,44.0,28009014233806,3060,d96af,385a74000,fc10d6e2,07:46:49,116,45,398,247,0,217,13,9,6,10,15,0,0
12437,Renderer,136217130127360,648222,4228962018,45.0,28009048928183,6639,9e41e,385a75000,fc10d6e2,07:46:49,117,45,398,247,0,158,9,14,4,1,14,0,0
12437,Renderer,136217129938944,870321,4228962018,15.0,28009051291755,65264,d47b1,385a47000,fc10d6e2,07:46:49,71,45,398,247,0,212,13,4,7,11,1,0,0
12437,Renderer,136217129943040,870321,4228962018,15.0,28009051308915,4836,d47b1,385a48000,fc10d6e2,07:46:49,72,45,398,247,0,212,13,4,7,11,1,0,0
12437,Renderer,136217129947136,870321,4228962018,15.0,28009076759446,7098,d47b1,385a49000,fc10d6e2,07:46:49,73,45,398,247,0,212,13,4,7,11,1,0,0
12437,Renderer,136217129951232,870321,4228962018,15.0,28009076771669,3467,d47b1,385a4a000,fc10d6e2,07:46:49,74,45,398,247,0,212,13,4,7,11,1,0,0
12437,Renderer,136217210433536,208092,3079139031,4.0,28009101856507,331622,32cdc,38a70b000,b787eed7,07:46:49,267,83,398,247,0,50,3,2,12,13,12,0,2
12437,Renderer,136217210437632,208093,3079139031,5.0,28009101859924,335039,32cdd,38a70c000,b787eed7,07:46:49,268,83,398,247,0,50,3,2,12,13,13,0,2
12437,Renderer,136217210441728,219852,3079139031,6.0,28009129710423,138632,35acc,38a70d000,b787eed7,07:46:49,269,83,398,247,0,53,3,5,10,12,12,0,1
12437,Renderer,136217210445824,262956,3079139031,7.0,28009129721456,149665,4032c,38a70e000,b787eed7,07:46:49,270,83,398,247,0,64,4,0,3,2,12,0,1
12437,Renderer,136217210449920,262957,3079139031,8.0,28009129724752,152961,4032d,38a70f000,b787eed7,07:46:49,271,83,398,247,0,64,4,0,3,2,13,0,1
12437,Renderer,136217210458112,108149,3079139031,10.0,28009138017210,70745,1a675,38a711000,b787eed7,07:46:49,273,83,398,247,0,26,1,10,6,7,5,0,0
12437,Renderer,136217210462208,285322,3079139031,11.0,28009138670849,724384,45a8a,38a712000,b787eed7,07:46:49,274,83,398,247,0,69,4,5,10,8,10,0,2
12437,Renderer,136217210466304,285323,3079139031,12.0,28009138674105,727640,45a8b,38a713000,b787eed7,07:46:49,275,83,398,247,0,69,4,5,10,8,11,0,2
12437,Renderer,136217210470400,58498,3079139031,13.0,28009138676990,730525,e482,38a714000,b787eed7,07:46:49,276,83,398,247,0,14,0,14,4,8,2,0,2
12437,Renderer,136217210474496,58499,3079139031,14.0,28009160682758,930366,e483,38a715000,b787eed7,07:46:49,277,83,398,247,0,14,0,14,4,8,3,0,2
12437,Renderer,136217210478592,178748,3079139031,15.0,28009160693288,940896,2ba3c,38a716000,b787eed7,07:46:49,278,83,398,247,0,43,2,11,10,3,12,0,2
12437,Renderer,136217210482688,178749,3079139031,16.0,28009160696349,943957,2ba3d,38a717000,b787eed7,07:46:49,279,83,398,247,0,43,2,11,10,3,13,0,2
12437,Renderer,136217210486784,323950,3079139031,17.0,28009160699571,947179,4f16e,38a718000,b787eed7,07:46:49,280,83,398,247,0,79,4,15,1,6,14,0,2
12437,Renderer,136217210490880,323951,3079139031,18.0,28009160702438,950046,4f16f,38a719000,b787eed7,07:46:49,281,83,398,247,0,79,4,15,1,6,15,0,2
12437,Renderer,136217210494976,324020,3079139031,19.0,28009160705400,953008,4f1b4,38a71a000,b787eed7,07:46:49,282,83,398,247,0,79,4,15,1,11,4,0,2
12437,Renderer,136217210499072,324021,3079139031,20.0,28009160707953,955561,4f1b5,38a71b000,b787eed7,07:46:49,283,83,398,247,0,79,4,15,1,11,5,0,2
12437,Renderer,136217210503168,200308,3079139031,21.0,28009160710775,958383,30e74,38a71c000,b787eed7,07:46:49,284,83,398,247,0,48,3,0,14,7,4,0,2
12437,Renderer,136217210507264,200309,3079139031,22.0,28009165074312,68531,30e75,38a71d000,b787eed7,07:46:49,285,83,398,247,0,48,3,0,14,7,5,0,0
12437,Renderer,136217210511360,859786,3079139031,23.0,28009165083556,77775,d1e8a,38a71e000,b787eed7,07:46:49,286,83,398,247,0,209,13,1,14,8,10,0,0
12437,Renderer,136217210515456,859787,3079139031,24.0,28009165086614,80833,d1e8b,38a71f000,b787eed7,07:46:49,287,83,398,247,0,209,13,1,14,8,11,0,0
12437,Renderer,136217210523648,859781,3079139031,26.0,28009165091751,85970,d1e85,38a721000,b787eed7,07:46:49,289,83,398,247,0,209,13,1,14,8,5,0,0
12437,Renderer,136217210527744,861320,3079139031,27.0,28009165094283,88502,d2488,38a722000,b787eed7,07:46:49,290,83,398,247,0,210,13,2,4,8,8,0,0
12437,Renderer,136217210531840,861321,3079139031,28.0,28009165097126,91345,d2489,38a723000,b787eed7,07:46:49,291,83,398,247,0,210,13,2,4,8,9,0,0
12437,Renderer,136217210535936,862104,3079139031,29.0,28009165100006,94225,d2798,38a724000,b787eed7,07:46:49,292,83,398,247,0,210,13,2,7,9,8,0,0
12437,Renderer,136217210540032,862105,3079139031,30.0,28009166013967,73182,d2799,38a725000,b787eed7,07:46:49,293,83,398,247,0,210,13,2,7,9,9,0,0
12437,Renderer,136217210544128,666434,3079139031,31.0,28009166020738,79953,a2b42,38a726000,b787eed7,07:46:49,294,83,398,247,0,162,10,2,11,4,2,0,0
12437,Renderer,136217210548224,666435,3079139031,32.0,28009166024094,83309,a2b43,38a727000,b787eed7,07:46:49,295,83,398,247,0,162,10,2,11,4,3,0,0
12437,Renderer,136217210552320,680778,3079139031,33.0,28009166026742,85957,a634a,38a728000,b787eed7,07:46:49,296,83,398,247,0,166,10,6,3,4,10,0,0
12437,Renderer,136217210556416,680779,3079139031,34.0,28009166029864,89079,a634b,38a729000,b787eed7,07:46:49,297,83,398,247,0,166,10,6,3,4,11,0,0
12437,Renderer,136217210560512,708388,3079139031,35.0,28009166032203,91418,acf24,38a72a000,b787eed7,07:46:49,298,83,398,247,0,172,10,12,15,2,4,0,0
12437,Renderer,136217210564608,708389,3079139031,36.0,28009166035093,94308,acf25,38a72b000,b787eed7,07:46:49,299,83,398,247,0,172,10,12,15,2,5,0,0
12437,Renderer,136217210568704,728662,3079139031,37.0,28009166037900,97115,b1e56,38a72c000,b787eed7,07:46:49,300,83,398,247,0,177,11,1,14,5,6,0,0
12437,Renderer,136217210572800,728663,3079139031,38.0,28009168668114,77274,b1e57,38a72d000,b787eed7,07:46:49,301,83,398,247,0,177,11,1,14,5,7,0,0
12437,Renderer,136217210576896,756234,3079139031,39.0,28009168676953,86113,b8a0a,38a72e000,b787eed7,07:46:49,302,83,398,247,0,184,11,8,10,0,10,0,0
12437,Renderer,136217210580992,756235,3079139031,40.0,28009168680001,89161,b8a0b,38a72f000,b787eed7,07:46:49,303,83,398,247,0,184,11,8,10,0,11,0,0
12437,Renderer,136217210589184,679253,3079139031,42.0,28009168685154,94314,a5d55,38a731000,b787eed7,07:46:49,305,83,398,247,0,165,10,5,13,5,5,0,0
12437,Renderer,136217210593280,771140,3079139031,43.0,28009168687589,96749,bc444,38a732000,b787eed7,07:46:49,306,83,398,247,0,188,11,12,4,4,4,0,0
12437,Renderer,136217210597376,771141,3079139031,44.0,28009168690017,99177,bc445,38a733000,b787eed7,07:46:49,307,83,398,247,0,188,11,12,4,4,5,0,0
12437,Renderer,136217210601472,680730,3079139031,45.0,28009168693252,102412,a631a,38a734000,b787eed7,07:46:49,308,83,398,247,0,166,10,6,3,1,10,0,1
12437,Renderer,136217210413056,178748,3079139031,15.0,28009171043428,65586,2ba3c,38a706000,b787eed7,07:46:49,262,83,398,247,0,43,2,11,10,3,12,0,0
12437,Renderer,136217210417152,178748,3079139031,15.0,28009171051511,73669,2ba3c,38a707000,b787eed7,07:46:49,263,83,398,247,0,43,2,11,10,3,12,0,0
12437,Renderer,136217210421248,178748,3079139031,15.0,28009171054557,76715,2ba3c,38a708000,b787eed7,07:46:49,264,83,398,247,0,43,2,11,10,3,12,0,0
12437,Renderer,136217210425344,178748,3079139031,15.0,28009171057703,79861,2ba3c,38a709000,b787eed7,07:46:49,265,83,398,247,0,43,2,11,10,3,12,0,0
12437,Renderer,136217129766912,675329,33878638,4.0,28009174884909,75370,a4e01,385a1d000,204f26e,07:46:49,29,45,398,247,0,164,10,4,14,0,1,0,0
12437,Renderer,136217129771008,750506,33878638,5.0,28009174887682,78143,b73aa,385a1e000,204f26e,07:46:49,30,45,398,247,0,183,11,7,3,10,10,0,0
12437,Renderer,136217129775104,750507,33878638,6.0,28009174890075,80536,b73ab,385a1f000,204f26e,07:46:49,31,45,398,247,0,183,11,7,3,10,11,0,0
12437,Renderer,136217129783296,795381,33878638,8.0,28009176870557,744534,c22f5,385a21000,204f26e,07:46:49,33,45,398,247,0,194,12,2,2,15,5,0,2
12437,Renderer,136217129787392,751806,33878638,9.0,28009176877653,751630,b78be,385a22000,204f26e,07:46:49,34,45,398,247,0,183,11,7,8,11,14,0,2
12437,Renderer,136217129791488,751807,33878638,10.0,28009176880278,754255,b78bf,385a23000,204f26e,07:46:49,35,45,398,247,0,183,11,7,8,11,15,0,2
12437,Renderer,136217129795584,761204,33878638,11.0,28009176882456,756433,b9d74,385a24000,204f26e,07:46:49,36,45,398,247,0,185,11,9,13,7,4,0,2
12437,Renderer,136217129799680,761205,33878638,12.0,28009176884697,758674,b9d75,385a25000,204f26e,07:46:49,37,45,398,247,0,185,11,9,13,7,5,0,2
12437,Renderer,136217129803776,313946,33878638,13.0,28009176887333,761310,4ca5a,385a26000,204f26e,07:46:49,38,45,398,247,0,76,4,12,10,5,10,0,2
12437,Renderer,136217129807872,313947,33878638,14.0,28009176889634,763611,4ca5b,385a27000,204f26e,07:46:49,39,45,398,247,0,76,4,12,10,5,11,0,2
12437,Renderer,136217129811968,889638,33878638,15.0,28009176892010,765987,d9326,385a28000,204f26e,07:46:49,40,45,398,247,0,217,13,9,3,2,6,0,2
12437,Renderer,136217129816064,889639,33878638,16.0,28009181802851,204895,d9327,385a29000,204f26e,07:46:49,41,45,398,247,0,217,13,9,3,2,7,0,2
12437,Renderer,136217129820160,770900,33878638,17.0,28009181811753,213797,bc354,385a2a000,204f26e,07:46:49,42,45,398,247,0,188,11,12,3,5,4,0,2
12437,Renderer,136217129824256,770901,33878638,18.0,28009181814220,216264,bc355,385a2b000,204f26e,07:46:49,43,45,398,247,0,188,11,12,3,5,5,0,2
12437,Renderer,136217129828352,518772,33878638,19.0,28009181816755,218799,7ea74,385a2c000,204f26e,07:46:49,44,45,398,247,0,126,7,14,10,7,4,0,2
12437,Renderer,136217129832448,518773,33878638,20.0,28009181819088,221132,7ea75,385a2d000,204f26e,07:46:49,45,45,398,247,0,126,7,14,10,7,5,0,2
12437,Renderer,136217129836544,692888,33878638,21.0,28009181821623,223667,a9298,385a2e000,204f26e,07:46:49,46,45,398,247,0,169,10,9,2,9,8,0,2
12437,Renderer,136217129840640,692889,33878638,22.0,28009181824143,226187,a9299,385a2f000,204f26e,07:46:49,47,45,398,247,0,169,10,9,2,9,9,0,2
12437,Renderer,136217129848832,563759,33878638,24.0,28009183048066,69121,89a2f,385a31000,204f26e,07:46:49,49,45,398,247,0,137,8,9,10,2,15,0,0
12437,Renderer,136217129852928,826668,33878638,25.0,28009183055545,76600,c9d2c,385a32000,204f26e,07:46:49,50,45,398,247,0,201,12,9,13,2,12,0,0
12437,Renderer,136217129857024,826669,33878638,26.0,28009183058720,79775,c9d2d,385a33000,204f26e,07:46:49,51,45,398,247,0,201,12,9,13,2,13,0,0
12437,Renderer,136217129861120,802930,33878638,27.0,28009183061204,82259,c4072,385a34000,204f26e,07:46:49,52,45,398,247,0,196,12,4,0,7,2,0,0
12437,Renderer,136217129865216,802931,33878638,28.0,28009183063807,84862,c4073,385a35000,204f26e,07:46:49,53,45,398,247,0,196,12,4,0,7,3,0,0
12437,Renderer,136217129869312,862380,33878638,29.0,28009183066073,87128,d28ac,385a36000,204f26e,07:46:49,54,45,398,247,0,210,13,2,8,10,12,0,0
12437,Renderer,136217129873408,862381,33878638,30.0,28009183068637,89692,d28ad,385a37000,204f26e,07:46:49,55,45,398,247,0,210,13,2,8,10,13,0,0
12437,Renderer,136217129877504,145172,33878638,31.0,28009183071070,92125,23714,385a38000,204f26e,07:46:49,56,45,398,247,0,35,2,3,7,1,4,0,0
12437,Renderer,136217129881600,145173,33878638,32.0,28009184562193,739772,23715,385a39000,204f26e,07:46:49,57,45,398,247,0,35,2,3,7,1,5,0,2
12437,Renderer,136217129885696,647748,33878638,33.0,28009184569502,747081,9e244,385a3a000,204f26e,07:46:49,58,45,398,247,0,158,9,14,2,4,4,0,2
12437,Renderer,136217129889792,647749,33878638,34.0,28009184572511,750090,9e245,385a3b000,204f26e,07:46:49,59,45,398,247,0,158,9,14,2,4,5,0,2
12437,Renderer,136217129893888,64168,33878638,35.0,28009184574958,752537,faa8,385a3c000,204f26e,07:46:49,60,45,398,247,0,15,0,15,10,10,8,0,2
12437,Renderer,136217129897984,64169,33878638,36.0,28009184577927,755506,faa9,385a3d000,204f26e,07:46:49,61,45,398,247,0,15,0,15,10,10,9,0,2
12437,Renderer,136217129902080,851128,33878638,37.0,28009184580486,758065,cfcb8,385a3e000,204f26e,07:46:49,62,45,398,247,0,207,12,15,12,11,8,0,2
12437,Renderer,136217129906176,851129,33878638,38.0,28009184583249,760828,cfcb9,385a3f000,204f26e,07:46:49,63,45,398,247,0,207,12,15,12,11,9,0,2
12437,Renderer,136217129914368,433897,33878638,40.0,28009188776415,76549,69ee9,385a41000,204f26e,07:46:49,65,45,398,247,0,105,6,9,14,14,9,0,0
12437,Renderer,136217129918464,348572,33878638,41.0,28009188785768,85902,5519c,385a42000,204f26e,07:46:49,66,45,398,247,0,85,5,5,1,9,12,0,0
12437,Renderer,136217129922560,348573,33878638,42.0,28009188788700,88834,5519d,385a43000,204f26e,07:46:49,67,45,398,247,0,85,5,5,1,9,13,0,0
12437,Renderer,136217129926656,303900,33878638,43.0,28009188791382,91516,4a31c,385a44000,204f26e,07:46:49,68,45,398,247,0,74,4,10,3,1,12,0,0
12437,Renderer,136217129930752,303901,33878638,44.0,28009188794050,94184,4a31d,385a45000,204f26e,07:46:49,69,45,398,247,0,74,4,10,3,1,13,0,0
12437,Renderer,136217129934848,301260,33878638,45.0,28009188796376,96510,498cc,385a46000,204f26e,07:46:49,70,45,398,247,0,73,4,9,8,12,12,0,0
12437,Renderer,136217129746432,889638,33878638,15.0,28009188847040,147174,d9326,385a18000,204f26e,07:46:49,24,45,398,247,0,217,13,9,3,2,6,0,1
12437,Renderer,136217129750528,889638,33878638,15.0,28009188850470,150604,d9326,385a19000,204f26e,07:46:49,25,45,398,247,0,217,13,9,3,2,6,0,1
12437,Renderer,136217129754624,889638,33878638,15.0,28009188853666,153800,d9326,385a1a000,204f26e,07:46:49,26,45,398,247,0,217,13,9,3,2,6,0,1
12437,Renderer,136217129758720,889638,33878638,15.0,28009188856845,156979,d9326,385a1b000,204f26e,07:46:49,27,45,398,247,0,217,13,9,3,2,6,0,1
12437,Renderer,136217452306432,272365,959305088,0.0,28009444929509,206248,427ed,398db6000,392dd580,07:46:49,438,198,398,247,0,66,4,2,7,14,13,0,2
12437,Renderer,136217452310528,67212,959305088,1.0,28009444936594,213333,1068c,398db7000,392dd580,07:46:49,439,198,398,247,0,16,1,0,6,8,12,0,2
12437,Renderer,136217488375808,136100,3785085960,0.0,28009450000391,86899,213a4,39b01c000,e19bd408,07:46:49,28,216,398,247,0,33,2,1,3,10,4,0,0
12437,Renderer,136217488379904,136101,3785085960,1.0,28009450006211,92719,213a5,39b01d000,e19bd408,07:46:49,29,216,398,247,0,33,2,1,3,10,5,0,0
12437,Renderer,136217451606016,474533,1457578554,0.0,28009531256039,71674,73da5,398d0b000,56e0e23a,07:46:49,267,198,398,247,0,115,7,3,13,10,5,0,0
12437,Renderer,136217451565056,467777,90996061,0.0,28009544768217,76249,72341,398d01000,56c7d5d,07:46:49,257,198,398,247,0,114,7,2,3,4,1,0,0
17188,Isolated Web Co,136208890114048,869403,1960231956,45.0,28015058511851,2506009,d441b,19a82b000,74d6c414,07:46:55,43,212,390,247,0,212,13,4,4,1,11,0,3
17188,Isolated Web Co,136208890187776,267560,1960231956,55.0,28015060059107,282484,41528,19a83d000,74d6c414,07:46:55,61,212,390,247,0,65,4,1,5,2,8,-10372,2
17188,Isolated Web Co,136208890191872,234107,1960231956,61.0,28015072491251,3039521,3927b,19a83e000,74d6c414,07:46:55,62,212,390,247,0,57,3,9,2,7,11,-873789,3
17188,Isolated Web Co,136208890195968,547219,1960231956,62.0,28015073830389,1075168,85993,19a83f000,74d6c414,07:46:55,63,212,390,247,0,133,8,5,9,9,3,174056,2
17188,Isolated Web Co,136208889982976,266546,1960231956,13.0,28015462751664,918913,41132,19a80b000,74d6c414,07:46:55,11,212,390,247,0,65,4,1,1,3,2,-981018,2
17188,Isolated Web Co,136208890040320,267870,1960231956,31.0,28015526468528,251054,4165e,19a819000,74d6c414,07:46:55,25,212,390,247,0,65,4,1,6,5,14,0,2
17188,Isolated Web Co,136208890224640,267575,1960231956,78.0,28015530831856,1613717,41537,19a846000,74d6c414,07:46:55,70,212,390,247,0,65,4,1,5,3,7,0,2
17188,Isolated Web Co,125620902850560,494463,3339921790,32.0,28021285977074,79973,78b7f,654a7000,c713297e,07:47:01,167,298,257,228,0,120,7,8,11,7,15,-663424,0
17188,Isolated Web Co,125620902842368,801859,3339921790,35.0,28021287170186,108591,c3c43,654a5000,c713297e,07:47:01,165,298,257,228,0,195,12,3,12,4,3,0,1
17188,Isolated Web Co,125620855205888,1191564,1347097524,0.0,28049118155101,1557486,122e8c,62737000,504b13b4,07:47:29,311,275,257,228,1,290,2,2,14,8,12,0,2
17188,Isolated Web Co,125620855218176,171337,1347097524,1.0,28049120187269,286513,29d49,6273a000,504b13b4,07:47:29,314,275,257,228,0,41,2,9,13,4,9,0,2
14227,Isolated Web Co,125620883451904,645094,3207841947,0.0,28053316070779,1248028,9d7e6,64227000,bf33c89b,07:47:33,39,289,257,228,0,157,9,13,7,14,6,0,2
17188,Isolated Web Co,136208890216448,267575,1960231956,78.0,28129687838171,78569,41537,19a844000,74d6c414,07:48:49,68,212,390,247,0,65,4,1,5,3,7,0,0
5926,pipewire-pulse,136803910619136,170634,1770457717,1.0,37581057595335,188640,29a8a,c247f1000,69870a75,10:26:21,497,291,432,248,0,41,2,9,10,8,10,0,1
5926,pipewire-pulse,136803910623232,170635,1770457717,2.0,37581057606029,199334,29a8b,c247f2000,69870a75,10:26:21,498,291,432,248,0,41,2,9,10,8,11,0,1
5926,pipewire-pulse,136803910627328,170636,1770457717,3.0,37581057608922,202227,29a8c,c247f3000,69870a75,10:26:21,499,291,432,248,0,41,2,9,10,8,12,0,2
5926,pipewire-pulse,136803910631424,170637,1770457717,4.0,37581057611413,204718,29a8d,c247f4000,69870a75,10:26:21,500,291,432,248,0,41,2,9,10,8,13,0,2
5926,pipewire-pulse,136803910635520,170638,1770457717,5.0,37581057613945,207250,29a8e,c247f5000,69870a75,10:26:21,501,291,432,248,0,41,2,9,10,8,14,0,2
5926,pipewire-pulse,136803910639616,170639,1770457717,6.0,37581057616509,209814,29a8f,c247f6000,69870a75,10:26:21,502,291,432,248,0,41,2,9,10,8,15,0,2
5926,pipewire-pulse,136803910643712,170640,1770457717,7.0,37581057618948,212253,29a90,c247f7000,69870a75,10:26:21,503,291,432,248,0,41,2,9,10,9,0,0,2
5926,pipewire-pulse,136803910578176,170642,2489465917,0.0,37581057645901,239206,29a92,c247e7000,94623c3d,10:26:21,487,291,432,248,0,41,2,9,10,9,2,0,2
5926,pipewire-pulse,136803910582272,170643,2489465917,1.0,37581057647322,240627,29a93,c247e8000,94623c3d,10:26:21,488,291,432,248,0,41,2,9,10,9,3,0,2
5926,pipewire-pulse,136803910586368,170644,2489465917,2.0,37581057648659,241964,29a94,c247e9000,94623c3d,10:26:21,489,291,432,248,0,41,2,9,10,9,4,0,2
5926,pipewire-pulse,136803910590464,170645,2489465917,3.0,37581057649973,243278,29a95,c247ea000,94623c3d,10:26:21,490,291,432,248,0,41,2,9,10,9,5,0,2
5926,pipewire-pulse,136803910594560,170646,2489465917,4.0,37581057651427,244732,29a96,c247eb000,94623c3d,10:26:21,491,291,432,248,0,41,2,9,10,9,6,0,2
5926,pipewire-pulse,136803910598656,170647,2489465917,5.0,37581057652769,246074,29a97,c247ec000,94623c3d,10:26:21,492,291,432,248,0,41,2,9,10,9,7,0,2
5926,pipewire-pulse,136803910602752,170648,2489465917,6.0,37581057654242,247547,29a98,c247ed000,94623c3d,10:26:21,493,291,432,248,0,41,2,9,10,9,8,0,2
5926,pipewire-pulse,136803910606848,170649,2489465917,7.0,37581057655637,248942,29a99,c247ee000,94623c3d,10:26:21,494,291,432,248,0,41,2,9,10,9,9,0,2
14227,Isolated Web Co,125620883451904,1152615,3207841947,0.0,37714702488165,37716,119667,64227000,bf33c89b,10:28:34,39,289,257,228,1,281,1,9,6,6,7,507521,0
14227,Isolated Web Co,125620883451904,1235844,3207841947,0.0,37752338747530,677817,12db84,64227000,bf33c89b,10:29:12,39,289,257,228,1,301,2,13,11,8,4,83229,2
16656,Isolated Web Co,125620902776832,1206678,3339921790,25.0,37906145046387,41296,126996,65495000,c713297e,10:31:46,149,298,257,228,1,294,2,6,9,9,6,3700,0
16656,Isolated Web Co,125620902780928,1206678,3339921790,25.0,37906183496261,48704,126996,65496000,c713297e,10:31:46,150,298,257,228,1,294,2,6,9,9,6,0,0
16656,Isolated Web Co,125620902772736,1206678,3339921790,25.0,37906206276853,442115,126996,65494000,c713297e,10:31:46,148,298,257,228,1,294,2,6,9,9,6,0,2
16656,Isolated Web Co,125620902805504,1206678,3339921790,25.0,37906834144237,42916,126996,6549c000,c713297e,10:31:46,156,298,257,228,1,294,2,6,9,9,6,0,0
16656,Isolated Web Co,125620903157760,1160015,3068398465,66.0,37915772210200,17075,11b34f,654f2000,b6e40b81,10:31:55,242,298,257,228,1,283,1,11,3,4,15,-88002,0
16656,Isolated Web Co,136208890064896,1227595,1960231956,30.0,37929239263062,37932,12bb4b,19a81f000,74d6c414,10:32:09,31,212,390,247,1,299,2,11,11,4,11,440412,0
16656,Isolated Web Co,136208890056704,1240390,1960231956,31.0,37929240548747,40340,12ed46,19a81d000,74d6c414,10:32:09,29,212,390,247,1,302,2,14,13,4,6,555175,0
16656,Isolated Web Co,136208890138624,1209292,1960231956,50.0,37929444507682,42260,1273cc,19a831000,74d6c414,10:32:09,49,212,390,247,1,295,2,7,3,12,12,344559,0
16656,Isolated Web Co,125620902805504,1130047,3339921790,27.0,37930111178965,15549,113e3f,6549c000,c713297e,10:32:10,156,298,257,228,1,275,1,3,14,3,15,314592,0
16656,Isolated Web Co,125620902780928,1130047,3339921790,27.0,37930841789620,42210,113e3f,65496000,c713297e,10:32:10,150,298,257,228,1,275,1,3,14,3,15,0,0
16656,Isolated Web Co,125620902936576,1117828,3068398465,15.0,37934544782022,39846,110e84,654bc000,b6e40b81,10:32:14,188,298,257,228,1,272,1,0,14,8,4,0,0
16656,Isolated Web Co,125620903018496,1132007,3068398465,36.0,37934549308296,41510,1145e7,654d0000,b6e40b81,10:32:14,208,298,257,228,1,276,1,4,5,14,7,-5060,0
16656,Isolated Web Co,125620903096320,1144211,3068398465,52.0,37934549901843,43382,117593,654e3000,b6e40b81,10:32:14,227,298,257,228,1,279,1,7,5,9,3,0,0
16656,Isolated Web Co,125620903088128,1144211,3068398465,52.0,37934566432353,115692,117593,654e1000,b6e40b81,10:32:14,225,298,257,228,1,279,1,7,5,9,3,0,1
16656,Isolated Web Co,125620903002112,1156773,3068398465,19.0,37934577892221,971285,11a6a5,654cc000,b6e40b81,10:32:14,204,298,257,228,1,282,1,10,6,10,5,-64812,2
16656,Isolated Web Co,125620903157760,1247242,3068398465,66.0,37935031725460,100927,13080a,654f2000,b6e40b81,10:32:15,242,298,257,228,1,304,3,0,8,0,10,87227,1
16656,Isolated Web Co,125620903038976,1132007,3068398465,36.0,37935041548340,45857,1145e7,654d5000,b6e40b81,10:32:15,213,298,257,228,1,276,1,4,5,14,7,0,0
16656,Isolated Web Co,125620903108608,1144211,3068398465,52.0,37935051697122,38633,117593,654e6000,b6e40b81,10:32:15,230,298,257,228,1,279,1,7,5,9,3,0,0
16656,Isolated Web Co,136208889987072,1135748,1960231956,11.0,37935920908595,44055,115484,19a80c000,74d6c414,10:32:15,12,212,390,247,1,277,1,5,4,8,4,0,0
16656,Isolated Web Co,136208890007552,1240390,1960231956,31.0,37935921852437,672666,12ed46,19a811000,74d6c414,10:32:15,17,212,390,247,1,302,2,14,13,4,6,0,2
16656,Isolated Web Co,136208890052608,1240390,1960231956,31.0,37935925307251,39657,12ed46,19a81c000,74d6c414,10:32:15,28,212,390,247,1,302,2,14,13,4,6,0,0
16656,Isolated Web Co,136208890122240,1136865,1960231956,41.0,37935964920668,37721,1158e1,19a82d000,74d6c414,10:32:15,45,212,390,247,1,277,1,5,8,14,1,0,0
16656,Isolated Web Co,136208890126336,1128028,1960231956,45.0,37935965552871,39788,11365c,19a82e000,74d6c414,10:32:15,46,212,390,247,1,275,1,3,6,5,12,0,0
16656,Isolated Web Co,136208890228736,1169972,1960231956,79.0,37936075831274,39599,11da34,19a847000,74d6c414,10:32:16,71,212,390,247,1,285,1,13,10,3,4,0,0
16656,Isolated Web Co,136208890232832,1169972,1960231956,79.0,37936076701518,53625,11da34,19a848000,74d6c414,10:32:16,72,212,390,247,1,285,1,13,10,3,4,0,0
16656,Isolated Web Co,125620902965248,1156773,3068398465,19.0,37936080532216,39415,11a6a5,654c3000,b6e40b81,10:32:16,195,298,257,228,1,282,1,10,6,10,5,0,0
16656,Isolated Web Co,125620903124992,1144211,3068398465,52.0,37936081632548,39580,117593,654ea000,b6e40b81,10:32:16,234,298,257,228,1,279,1,7,5,9,3,0,0
16656,Isolated Web Co,125620903034880,1132007,3068398465,36.0,37936082557467,40803,1145e7,654d4000,b6e40b81,10:32:16,212,298,257,228,1,276,1,4,5,14,7,0,0
16656,Isolated Web Co,125620903014400,1156773,3068398465,19.0,37936084174100,42095,11a6a5,654cf000,b6e40b81,10:32:16,207,298,257,228,1,282,1,10,6,10,5,0,0
16656,Isolated Web Co,125620903190528,1247242,3068398465,66.0,37936084890762,41044,13080a,654fa000,b6e40b81,10:32:16,250,298,257,228,1,304,3,0,8,0,10,0,0
16656,Isolated Web Co,136208890236928,1169972,1960231956,79.0,37936092589154,43667,11da34,19a849000,74d6c414,10:32:16,73,212,390,247,1,285,1,13,10,3,4,0,0
16656,Isolated Web Co,136208890241024,1169972,1960231956,79.0,37936093310062,45257,11da34,19a84a000,74d6c414,10:32:16,74,212,390,247,1,285,1,13,10,3,4,0,0
16656,Isolated Web Co,136208890245120,1169972,1960231956,79.0,37936094532859,42414,11da34,19a84b000,74d6c414,10:32:16,75,212,390,247,1,285,1,13,10,3,4,0,0
16656,Isolated Web Co,136208890249216,1169972,1960231956,79.0,37936095245296,15906,11da34,19a84c000,74d6c414,10:32:16,76,212,390,247,1,285,1,13,10,3,4,0,0
16656,Isolated Web Co,136208890253312,1169972,1960231956,79.0,37936096607231,414379,11da34,19a84d000,74d6c414,10:32:16,77,212,390,247,1,285,1,13,10,3,4,0,2
16656,Isolated Web Co,136208890257408,1169972,1960231956,79.0,37936098823300,536535,11da34,19a84e000,74d6c414,10:32:16,78,212,390,247,1,285,1,13,10,3,4,0,2
16656,Isolated Web Co,136208890183680,1209292,1960231956,50.0,37936099673804,39764,1273cc,19a83c000,74d6c414,10:32:16,60,212,390,247,1,295,2,7,3,12,12,0,0
16656,Isolated Web Co,136208890163200,1230159,1960231956,60.0,37936100268382,634342,12c54f,19a837000,74d6c414,10:32:16,55,212,390,247,1,300,2,12,5,4,15,0,2
16656,Isolated Web Co,136208890167296,1230159,1960231956,60.0,37936102755792,44342,12c54f,19a838000,74d6c414,10:32:16,56,212,390,247,1,300,2,12,5,4,15,0,0
16656,Isolated Web Co,136208890171392,1230159,1960231956,60.0,37936103826554,39592,12c54f,19a839000,74d6c414,10:32:16,57,212,390,247,1,300,2,12,5,4,15,0,0
16656,Isolated Web Co,136208890175488,1230159,1960231956,60.0,37936104363365,465707,12c54f,19a83a000,74d6c414,10:32:16,58,212,390,247,1,300,2,12,5,4,15,0,2
16656,Isolated Web Co,136208890179584,1230159,1960231956,60.0,37936105343956,14353,12c54f,19a83b000,74d6c414,10:32:16,59,212,390,247,1,300,2,12,5,4,15,0,0
16656,Isolated Web Co,136208890220544,1169972,1960231956,79.0,37936107059162,39802,11da34,19a845000,74d6c414,10:32:16,69,212,390,247,1,285,1,13,10,3,4,0,0
16656,Isolated Web Co,136208890224640,1169972,1960231956,79.0,37936107621190,44081,11da34,19a846000,74d6c414,10:32:16,70,212,390,247,1,285,1,13,10,3,4,0,0
16656,Isolated Web Co,136208890068992,1125316,1960231956,46.0,37936109009689,39929,112bc4,19a820000,74d6c414,10:32:16,32,212,390,247,1,274,1,2,11,12,4,0,0
16656,Isolated Web Co,136208890073088,1125316,1960231956,46.0,37936114771204,429612,112bc4,19a821000,74d6c414,10:32:16,33,212,390,247,1,274,1,2,11,12,4,0,2
16656,Isolated Web Co,136208890077184,1125316,1960231956,46.0,37936115647153,44159,112bc4,19a822000,74d6c414,10:32:16,34,212,390,247,1,274,1,2,11,12,4,0,0
16656,Isolated Web Co,136208890081280,1125316,1960231956,46.0,37936116198247,39186,112bc4,19a823000,74d6c414,10:32:16,35,212,390,247,1,274,1,2,11,12,4,0,0
16656,Isolated Web Co,136208890085376,1125316,1960231956,46.0,37936116887731,41859,112bc4,19a824000,74d6c414,10:32:16,36,212,390,247,1,274,1,2,11,12,4,0,0
16656,Isolated Web Co,136208890089472,1125316,1960231956,46.0,37936117690150,20249,112bc4,19a825000,74d6c414,10:32:16,37,212,390,247,1,274,1,2,11,12,4,0,0
16656,Isolated Web Co,136208890093568,1125316,1960231956,46.0,37936118321880,40700,112bc4,19a826000,74d6c414,10:32:16,38,212,390,247,1,274,1,2,11,12,4,0,0
16656,Isolated Web Co,136208890097664,1125316,1960231956,46.0,37936119014267,42548,112bc4,19a827000,74d6c414,10:32:16,39,212,390,247,1,274,1,2,11,12,4,0,0
16656,Isolated Web Co,136208890101760,1125316,1960231956,46.0,37936120581850,271712,112bc4,19a828000,74d6c414,10:32:16,40,212,390,247,1,274,1,2,11,12,4,0,2
16656,Isolated Web Co,136208890109952,1125316,1960231956,46.0,37936121583873,39630,112bc4,19a82a000,74d6c414,10:32:16,42,212,390,247,1,274,1,2,11,12,4,0,0
16656,Isolated Web Co,136208890114048,1125316,1960231956,46.0,37936122207913,491501,112bc4,19a82b000,74d6c414,10:32:16,43,212,390,247,1,274,1,2,11,12,4,0,2
16656,Isolated Web Co,136208890118144,1125316,1960231956,46.0,37936122898957,477336,112bc4,19a82c000,74d6c414,10:32:16,44,212,390,247,1,274,1,2,11,12,4,0,2
16656,Isolated Web Co,136208890130432,1125316,1960231956,46.0,37936123931366,48443,112bc4,19a82f000,74d6c414,10:32:16,47,212,390,247,1,274,1,2,11,12,4,0,0
16656,Isolated Web Co,136208890134528,1230159,1960231956,60.0,37936124784611,39117,12c54f,19a830000,74d6c414,10:32:16,48,212,390,247,1,300,2,12,5,4,15,0,0
16656,Isolated Web Co,136208890146816,1230159,1960231956,60.0,37936125576778,40554,12c54f,19a833000,74d6c414,10:32:16,51,212,390,247,1,300,2,12,5,4,15,0,0
16656,Isolated Web Co,136208890150912,1230159,1960231956,60.0,37936126180593,39412,12c54f,19a834000,74d6c414,10:32:16,52,212,390,247,1,300,2,12,5,4,15,0,0
16656,Isolated Web Co,136208890155008,1230159,1960231956,60.0,37936126818312,45704,12c54f,19a835000,74d6c414,10:32:16,53,212,390,247,1,300,2,12,5,4,15,0,0
16656,Isolated Web Co,136208890159104,1230159,1960231956,60.0,37936127618486,39172,12c54f,19a836000,74d6c414,10:32:16,54,212,390,247,1,300,2,12,5,4,15,0,0
16656,Isolated Web Co,136208889978880,1235144,1960231956,12.0,37936128430665,116019,12d8c8,19a80a000,74d6c414,10:32:16,10,212,390,247,1,301,2,13,8,12,8,0,1
16656,Isolated Web Co,136208889937920,1235144,1960231956,12.0,37936128903143,39518,12d8c8,19a800000,74d6c414,10:32:16,0,212,390,247,1,301,2,13,8,12,8,0,0
16656,Isolated Web Co,136208889991168,1235144,1960231956,12.0,37936129630774,39945,12d8c8,19a80d000,74d6c414,10:32:16,13,212,390,247,1,301,2,13,8,12,8,0,0
16656,Isolated Web Co,136208889995264,1197090,1960231956,13.0,37936130278063,43322,124422,19a80e000,74d6c414,10:32:16,14,212,390,247,1,292,2,4,4,2,2,0,0
16656,Isolated Web Co,136208889999360,1200700,1960231956,14.0,37936131652277,50666,12523c,19a80f000,74d6c414,10:32:16,15,212,390,247,1,293,2,5,2,3,12,0,0
16656,Isolated Web Co,136208890003456,1240390,1960231956,31.0,37936132762252,54701,12ed46,19a810000,74d6c414,10:32:16,16,212,390,247,1,302,2,14,13,4,6,0,0
16656,Isolated Web Co,136208890011648,1240390,1960231956,31.0,37936133449120,12697,12ed46,19a812000,74d6c414,10:32:16,18,212,390,247,1,302,2,14,13,4,6,0,0
16656,Isolated Web Co,136208890015744,1240390,1960231956,31.0,37936134062484,8742,12ed46,19a813000,74d6c414,10:32:16,19,212,390,247,1,302,2,14,13,4,6,0,0
16656,Isolated Web Co,136208890019840,1240390,1960231956,31.0,37936134687297,530620,12ed46,19a814000,74d6c414,10:32:16,20,212,390,247,1,302,2,14,13,4,6,0,2
16656,Isolated Web Co,136208890023936,1240390,1960231956,31.0,37936135449926,426058,12ed46,19a815000,74d6c414,10:32:16,21,212,390,247,1,302,2,14,13,4,6,0,2
16656,Isolated Web Co,136208890028032,1240390,1960231956,31.0,37936136256199,478050,12ed46,19a816000,74d6c414,10:32:16,22,212,390,247,1,302,2,14,13,4,6,0,2
16656,Isolated Web Co,136208890032128,1240390,1960231956,31.0,37936137657788,51251,12ed46,19a817000,74d6c414,10:32:16,23,212,390,247,1,302,2,14,13,4,6,0,0
16656,Isolated Web Co,136208890036224,1240390,1960231956,31.0,37936138421449,168438,12ed46,19a818000,74d6c414,10:32:16,24,212,390,247,1,302,2,14,13,4,6,0,1
16656,Isolated Web Co,136208890040320,1240390,1960231956,31.0,37936138827230,3091,12ed46,19a819000,74d6c414,10:32:16,25,212,390,247,1,302,2,14,13,4,6,0,0
16656,Isolated Web Co,136208890044416,1240390,1960231956,31.0,37936139611226,42091,12ed46,19a81a000,74d6c414,10:32:16,26,212,390,247,1,302,2,14,13,4,6,0,0
16656,Isolated Web Co,136208890048512,1240390,1960231956,31.0,37936140339092,84332,12ed46,19a81b000,74d6c414,10:32:16,27,212,390,247,1,302,2,14,13,4,6,0,0
16656,Isolated Web Co,136208890195968,1230159,1960231956,60.0,37936141174842,41157,12c54f,19a83f000,74d6c414,10:32:16,63,212,390,247,1,300,2,12,5,4,15,0,0
16656,Isolated Web Co,136208890212352,1169972,1960231956,79.0,37936141765124,518397,11da34,19a843000,74d6c414,10:32:16,67,212,390,247,1,285,1,13,10,3,4,0,2
16656,Isolated Web Co,136208890200064,1169972,1960231956,79.0,37936144071964,40774,11da34,19a840000,74d6c414,10:32:16,64,212,390,247,1,285,1,13,10,3,4,0,0
16656,Isolated Web Co,136208890216448,1169972,1960231956,79.0,37936144860824,39695,11da34,19a844000,74d6c414,10:32:16,68,212,390,247,1,285,1,13,10,3,4,0,0
16656,Isolated Web Co,136208890187776,1219093,1960231956,63.0,37936145594867,41664,129a15,19a83d000,74d6c414,10:32:16,61,212,390,247,1,297,2,9,10,1,5,0,0
16656,Isolated Web Co,136208890191872,1219093,1960231956,63.0,37936146155977,48119,129a15,19a83e000,74d6c414,10:32:16,62,212,390,247,1,297,2,9,10,1,5,0,0
16656,Isolated Web Co,136208889942016,1218566,1960231956,15.0,37936209666246,108312,129806,19a801000,74d6c414,10:32:16,1,212,390,247,1,297,2,9,8,0,6,0,1
16656,Isolated Web Co,136208889946112,1218566,1960231956,15.0,37936211622590,10717,129806,19a802000,74d6c414,10:32:16,2,212,390,247,1,297,2,9,8,0,6,0,0
16656,Isolated Web Co,136208889950208,1218566,1960231956,15.0,37936212471728,40558,129806,19a803000,74d6c414,10:32:16,3,212,390,247,1,297,2,9,8,0,6,0,0
16656,Isolated Web Co,136208889954304,1218566,1960231956,15.0,37936213819228,39478,129806,19a804000,74d6c414,10:32:16,4,212,390,247,1,297,2,9,8,0,6,0,0
16656,Isolated Web Co,136208889958400,1218566,1960231956,15.0,37936214258529,386734,129806,19a805000,74d6c414,10:32:16,5,212,390,247,1,297,2,9,8,0,6,0,2
16656,Isolated Web Co,136208889962496,1218566,1960231956,15.0,37936215573577,40039,129806,19a806000,74d6c414,10:32:16,6,212,390,247,1,297,2,9,8,0,6,0,0
16656,Isolated Web Co,136208889966592,1218566,1960231956,15.0,37936216229988,41953,129806,19a807000,74d6c414,10:32:16,7,212,390,247,1,297,2,9,8,0,6,0,0
16656,Isolated Web Co,136208889970688,1218566,1960231956,15.0,37936216770942,39847,129806,19a808000,74d6c414,10:32:16,8,212,390,247,1,297,2,9,8,0,6,0,0
16656,Isolated Web Co,136208889974784,1218566,1960231956,15.0,37936217456524,40652,129806,19a809000,74d6c414,10:32:16,9,212,390,247,1,297,2,9,8,0,6,0,0
16656,Isolated Web Co,125620894846976,1224759,3177070044,0.0,37936265610200,44247,12b037,64d05000,bd5e3ddc,10:32:16,261,294,257,228,1,299,2,11,0,3,7,0,0
16656,Isolated Web Co,125620895129600,1133165,3177070044,69.0,37936269068179,41845,114a6d,64d4a000,bd5e3ddc,10:32:16,330,294,257,228,1,276,1,4,10,6,13,0,0
16656,Isolated Web Co,136208890208256,1169972,1960231956,79.0,37936282288507,41758,11da34,19a842000,74d6c414,10:32:16,66,212,390,247,1,285,1,13,10,3,4,0,0
16656,Isolated Web Co,136208890204160,1169972,1960231956,79.0,37936285126679,40309,11da34,19a841000,74d6c414,10:32:16,65,212,390,247,1,285,1,13,10,3,4,0,0
16656,Isolated Web Co,125620902936576,1117828,3068398465,15.0,37943187572534,39139,110e84,654bc000,b6e40b81,10:32:23,188,298,257,228,1,272,1,0,14,8,4,0,0
16656,Isolated Web Co,125620903018496,1132007,3068398465,36.0,37943187968582,39057,1145e7,654d0000,b6e40b81,10:32:23,208,298,257,228,1,276,1,4,5,14,7,0,0
16656,Isolated Web Co,125620903002112,1156773,3068398465,19.0,37943192586338,368240,11a6a5,654cc000,b6e40b81,10:32:23,204,298,257,228,1,282,1,10,6,10,5,0,2
16656,Isolated Web Co,125620903157760,1247242,3068398465,66.0,37943635459809,42307,13080a,654f2000,b6e40b81,10:32:23,242,298,257,228,1,304,3,0,8,0,10,0,0
16656,Isolated Web Co,125620903038976,1132007,3068398465,36.0,37943640972263,38598,1145e7,654d5000,b6e40b81,10:32:23,213,298,257,228,1,276,1,4,5,14,7,0,0
16656,Isolated Web Co,125620902772736,650144,3339921790,25.0,37949445504159,418197,9eba0,65494000,c713297e,10:32:29,148,298,257,228,0,158,9,14,11,10,0,-556534,2
16656,Isolated Web Co,125620902936576,1117828,3068398465,15.0,37956184845552,348287,110e84,654bc000,b6e40b81,10:32:36,188,298,257,228,1,272,1,0,14,8,4,0,2
16656,Isolated Web Co,125620902940672,1117828,3068398465,15.0,37956187177901,334795,110e84,654bd000,b6e40b81,10:32:36,189,298,257,228,1,272,1,0,14,8,4,0,2
16656,Isolated Web Co,125620903112704,1199865,3068398465,52.0,37956187559263,294097,124ef9,654e7000,b6e40b81,10:32:36,231,298,257,228,1,292,2,4,14,15,9,55654,2
16656,Isolated Web Co,125620903170048,1121399,3068398465,65.0,37956187843990,578824,111c77,654f5000,b6e40b81,10:32:36,245,298,257,228,1,273,1,1,12,7,7,0,2
16656,Isolated Web Co,125620903055360,1229936,3068398465,36.0,37956188150779,885613,12c470,654d9000,b6e40b81,10:32:36,217,298,257,228,1,300,2,12,4,7,0,97929,2
16656,Isolated Web Co,125620903088128,1199865,3068398465,52.0,37956188541945,1276779,124ef9,654e1000,b6e40b81,10:32:36,225,298,257,228,1,292,2,4,14,15,9,0,2
16656,Isolated Web Co,125620903149568,1121399,3068398465,65.0,37956189594401,319628,111c77,654f0000,b6e40b81,10:32:36,240,298,257,228,1,273,1,1,12,7,7,0,2
16656,Isolated Web Co,125620903014400,1156773,3068398465,19.0,37956190191265,40666,11a6a5,654cf000,b6e40b81,10:32:36,207,298,257,228,1,282,1,10,6,10,5,0,0
16656,Isolated Web Co,125620903124992,1199865,3068398465,52.0,37956190944188,557473,124ef9,654ea000,b6e40b81,10:32:36,234,298,257,228,1,292,2,4,14,15,9,0,2
16656,Isolated Web Co,136208890126336,1198178,1960231956,45.0,37956452953475,71520,124862,19a82e000,74d6c414,10:32:36,46,212,390,247,1,292,2,4,8,6,2,70150,0
16656,Isolated Web Co,136208890060800,1243806,1960231956,31.0,37956454215368,38233,12fa9e,19a81e000,74d6c414,10:32:36,30,212,390,247,1,303,2,15,10,9,14,3416,0
16656,Isolated Web Co,125620903157760,1121399,3068398465,65.0,37957081598112,838478,111c77,654f2000,b6e40b81,10:32:37,242,298,257,228,1,273,1,1,12,7,7,0,2
16656,Isolated Web Co,125620903096320,1199865,3068398465,52.0,37957102063566,91499,124ef9,654e3000,b6e40b81,10:32:37,227,298,257,228,1,292,2,4,14,15,9,0,0
16656,Isolated Web Co,125620903108608,1199865,3068398465,52.0,37957102481823,509756,124ef9,654e6000,b6e40b81,10:32:37,230,298,257,228,1,292,2,4,14,15,9,0,2
16656,Isolated Web Co,125620903075840,1229936,3068398465,36.0,37957123829940,63718,12c470,654de000,b6e40b81,10:32:37,222,298,257,228,1,300,2,12,4,7,0,0,0
16656,Isolated Web Co,125620902821888,1190087,3339921790,31.0,37963315622955,498551,1228c7,654a0000,c713297e,10:32:43,160,298,257,228,1,290,2,2,8,12,7,-28469,2
16656,Isolated Web Co,125620902785024,1183167,3339921790,26.0,37963397843651,38087,120dbf,65497000,c713297e,10:32:43,151,298,257,228,1,288,2,0,13,11,15,97627,0
16656,Isolated Web Co,136208890261504,1201668,1960231956,73.0,37966791268175,40410,125604,19a84f000,74d6c414,10:32:46,79,212,390,247,1,293,2,5,6,0,4,0,0
16656,Isolated Web Co,136208890228736,1139007,1960231956,79.0,37966791743790,38550,11613f,19a847000,74d6c414,10:32:46,71,212,390,247,1,278,1,6,1,3,15,-30965,0
16656,Isolated Web Co,136208890232832,1139007,1960231956,79.0,37967134670506,24036,11613f,19a848000,74d6c414,10:32:47,72,212,390,247,1,278,1,6,1,3,15,0,0
16656,Isolated Web Co,136208890241024,1139007,1960231956,79.0,37967432008839,14889480,11613f,19a84a000,74d6c414,10:32:47,74,212,390,247,1,278,1,6,1,3,15,0,3
16656,Isolated Web Co,136208890245120,1139007,1960231956,79.0,37967535775913,39145,11613f,19a84b000,74d6c414,10:32:47,75,212,390,247,1,278,1,6,1,3,15,0,0
16656,Isolated Web Co,136208890249216,1139007,1960231956,79.0,37967540297797,41067,11613f,19a84c000,74d6c414,10:32:47,76,212,390,247,1,278,1,6,1,3,15,0,0
16656,Isolated Web Co,136208890253312,1139007,1960231956,79.0,37967605906536,8366,11613f,19a84d000,74d6c414,10:32:47,77,212,390,247,1,278,1,6,1,3,15,0,0
16656,Isolated Web Co,136208890257408,1139007,1960231956,79.0,37967940025285,224688,11613f,19a84e000,74d6c414,10:32:47,78,212,390,247,1,278,1,6,1,3,15,0,2
16656,Isolated Web Co,136208890183680,1209292,1960231956,50.0,37967941272666,403617,1273cc,19a83c000,74d6c414,10:32:47,60,212,390,247,1,295,2,7,3,12,12,0,2
16656,Isolated Web Co,136208890163200,1094242,1960231956,60.0,37967945544403,42004,10b262,19a837000,74d6c414,10:32:47,55,212,390,247,1,267,0,11,2,6,2,-135917,0
16656,Isolated Web Co,136208890167296,1094242,1960231956,60.0,37967946134633,632234,10b262,19a838000,74d6c414,10:32:47,56,212,390,247,1,267,0,11,2,6,2,0,2
16656,Isolated Web Co,136208890171392,1094242,1960231956,60.0,37967948024100,232628,10b262,19a839000,74d6c414,10:32:47,57,212,390,247,1,267,0,11,2,6,2,0,2
16656,Isolated Web Co,136208890175488,1094242,1960231956,60.0,37967960643145,571477,10b262,19a83a000,74d6c414,10:32:47,58,212,390,247,1,267,0,11,2,6,2,0,2
16656,Isolated Web Co,136208890179584,1094242,1960231956,60.0,37967964991628,38882,10b262,19a83b000,74d6c414,10:32:47,59,212,390,247,1,267,0,11,2,6,2,0,0
16656,Isolated Web Co,136208890220544,1139007,1960231956,79.0,37967971952929,1028605,11613f,19a845000,74d6c414,10:32:47,69,212,390,247,1,278,1,6,1,3,15,0,2
16656,Isolated Web Co,136208890224640,1139007,1960231956,79.0,37967975634355,42906,11613f,19a846000,74d6c414,10:32:47,70,212,390,247,1,278,1,6,1,3,15,0,0
16656,Isolated Web Co,136208890052608,1243806,1960231956,31.0,37967983600603,41810,12fa9e,19a81c000,74d6c414,10:32:47,28,212,390,247,1,303,2,15,10,9,14,0,0
16656,Isolated Web Co,136208890060800,1243806,1960231956,31.0,37967985776626,42320,12fa9e,19a81e000,74d6c414,10:32:47,30,212,390,247,1,303,2,15,10,9,14,0,0
16656,Isolated Web Co,136208890068992,1198178,1960231956,45.0,37967986894121,73672,124862,19a820000,74d6c414,10:32:47,32,212,390,247,1,292,2,4,8,6,2,0,0
16656,Isolated Web Co,136208890073088,1198178,1960231956,45.0,37967988041533,40874,124862,19a821000,74d6c414,10:32:47,33,212,390,247,1,292,2,4,8,6,2,0,0
16656,Isolated Web Co,136208890077184,1198178,1960231956,45.0,37967989307894,38342,124862,19a822000,74d6c414,10:32:47,34,212,390,247,1,292,2,4,8,6,2,0,0
5926,pipewire-pulse,136803910619136,235820,1892792532,1.0,38576151471280,500301,3992c,c247f1000,70d1b8d4,10:42:56,497,291,432,248,0,57,3,9,9,2,12,0,2
5926,pipewire-pulse,136803910623232,235821,1892792532,2.0,38576151479297,508318,3992d,c247f2000,70d1b8d4,10:42:56,498,291,432,248,0,57,3,9,9,2,13,0,2
5926,pipewire-pulse,136803910627328,235822,1892792532,3.0,38576151481507,510528,3992e,c247f3000,70d1b8d4,10:42:56,499,291,432,248,0,57,3,9,9,2,14,0,2
5926,pipewire-pulse,136803910631424,235823,1892792532,4.0,38576151483340,512361,3992f,c247f4000,70d1b8d4,10:42:56,500,291,432,248,0,57,3,9,9,2,15,0,2
5926,pipewire-pulse,136803910635520,371348,1892792532,5.0,38576151485033,514054,5aa94,c247f5000,70d1b8d4,10:42:56,501,291,432,248,0,90,5,10,10,9,4,0,2
5926,pipewire-pulse,136803910639616,528016,1892792532,6.0,38576151486669,515690,80e90,c247f6000,70d1b8d4,10:42:56,502,291,432,248,0,128,8,0,14,9,0,0,2
5926,pipewire-pulse,136803910643712,528017,1892792532,7.0,38576151488379,517400,80e91,c247f7000,70d1b8d4,10:42:56,503,291,432,248,0,128,8,0,14,9,1,0,2
5926,pipewire-pulse,136803910578176,625097,2452165059,0.0,38576151505974,534995,989c9,c247e7000,922911c3,10:42:56,487,291,432,248,0,152,9,8,9,12,9,0,2
5926,pipewire-pulse,136803910582272,521240,2452165059,1.0,38576151507885,536906,7f418,c247e8000,922911c3,10:42:56,488,291,432,248,0,127,7,15,4,1,8,0,2
5926,pipewire-pulse,136803910586368,511359,2452165059,2.0,38576151509553,538574,7cd7f,c247e9000,922911c3,10:42:56,489,291,432,248,0,124,7,12,13,7,15,0,2
5926,pipewire-pulse,136803910590464,511358,2452165059,3.0,38576151511524,540545,7cd7e,c247ea000,922911c3,10:42:56,490,291,432,248,0,124,7,12,13,7,14,0,2
5926,pipewire-pulse,136803910594560,71093,2452165059,4.0,38576151512535,541556,115b5,c247eb000,922911c3,10:42:56,491,291,432,248,0,17,1,1,5,11,5,0,2
5926,pipewire-pulse,136803910598656,511357,2452165059,5.0,38576151513529,542550,7cd7d,c247ec000,922911c3,10:42:56,492,291,432,248,0,124,7,12,13,7,13,0,2
5926,pipewire-pulse,136803910602752,675294,2452165059,6.0,38576151514577,543598,a4dde,c247ed000,922911c3,10:42:56,493,291,432,248,0,164,10,4,13,13,14,0,2
5926,pipewire-pulse,136803910606848,416242,2452165059,7.0,38576151515496,544517,659f2,c247ee000,922911c3,10:42:56,494,291,432,248,0,101,6,5,9,15,2,0,2
5926,pipewire-pulse,136803910619136,599212,1281815150,1.0,38621476436725,1382861,924ac,c247f1000,4c66f26e,10:43:41,497,291,432,248,0,146,9,2,4,10,12,0,2
5926,pipewire-pulse,136803910623232,625663,1281815150,2.0,38621476444112,1390248,98bff,c247f2000,4c66f26e,10:43:41,498,291,432,248,0,152,9,8,11,15,15,0,2
5926,pipewire-pulse,136803910627328,618769,1281815150,3.0,38621476446168,1392304,97111,c247f3000,4c66f26e,10:43:41,499,291,432,248,0,151,9,7,1,1,1,0,2
5926,pipewire-pulse,136803910631424,409793,1281815150,4.0,38621476448100,1394236,640c1,c247f4000,4c66f26e,10:43:41,500,291,432,248,0,100,6,4,0,12,1,0,2
5926,pipewire-pulse,136803910635520,555621,1281815150,5.0,38621476449829,1395965,87a65,c247f5000,4c66f26e,10:43:41,501,291,432,248,0,135,8,7,10,6,5,0,2
5926,pipewire-pulse,136803910639616,846186,1281815150,6.0,38621476451467,1397603,ce96a,c247f6000,4c66f26e,10:43:41,502,291,432,248,0,206,12,14,9,6,10,0,2
5926,pipewire-pulse,136803910643712,80963,1281815150,7.0,38621476453054,1399190,13c43,c247f7000,4c66f26e,10:43:41,503,291,432,248,0,19,1,3,12,4,3,0,2
5926,pipewire-pulse,136803910578176,204567,1892792532,0.0,38621476467315,1413451,31f17,c247e7000,70d1b8d4,10:43:41,487,291,432,248,0,49,3,1,15,1,7,0,2
5926,pipewire-pulse,136803910582272,526440,1892792532,1.0,38621476469059,1415195,80868,c247e8000,70d1b8d4,10:43:41,488,291,432,248,0,128,8,0,8,6,8,290620,2
5926,pipewire-pulse,136803910586368,334001,1892792532,2.0,38621476470763,1416899,518b1,c247e9000,70d1b8d4,10:43:41,489,291,432,248,0,81,5,1,8,11,1,98180,2
5926,pipewire-pulse,136803910590464,334002,1892792532,3.0,38621476472405,1418541,518b2,c247ea000,70d1b8d4,10:43:41,490,291,432,248,0,81,5,1,8,11,2,98180,2
5926,pipewire-pulse,136803910594560,483095,1892792532,4.0,38621476473344,1419480,75f17,c247eb000,70d1b8d4,10:43:41,491,291,432,248,0,117,7,5,15,1,7,247272,2
5926,pipewire-pulse,136803910598656,890816,1892792532,5.0,38621476474289,1420425,d97c0,c247ec000,70d1b8d4,10:43:41,492,291,432,248,0,217,13,9,7,12,0,519468,2
5926,pipewire-pulse,136803910602752,842079,1892792532,6.0,38621476475318,1421454,cd95f,c247ed000,70d1b8d4,10:43:41,493,291,432,248,0,205,12,13,9,5,15,314063,2
5926,pipewire-pulse,136803910606848,818080,1892792532,7.0,38621476476303,1422439,c7ba0,c247ee000,70d1b8d4,10:43:41,494,291,432,248,0,199,12,7,11,10,0,290063,2
5926,pipewire-pulse,136803910619136,830086,1413433855,1.0,38623601471883,1571699,caa86,c247f1000,543f49ff,10:43:43,497,291,432,248,0,202,12,10,10,8,6,0,2
5926,pipewire-pulse,136803910623232,496489,1413433855,2.0,38623601473861,1573677,79369,c247f2000,543f49ff,10:43:43,498,291,432,248,0,121,7,9,3,6,9,0,2
5926,pipewire-pulse,136803910627328,563671,1413433855,3.0,38623601474901,1574717,899d7,c247f3000,543f49ff,10:43:43,499,291,432,248,0,137,8,9,9,13,7,0,2
5926,pipewire-pulse,136803910631424,496492,1413433855,4.0,38623601475834,1575650,7936c,c247f4000,543f49ff,10:43:43,500,291,432,248,0,121,7,9,3,6,12,0,2
5926,pipewire-pulse,136803910635520,466126,1413433855,5.0,38623601476941,1576757,71cce,c247f5000,543f49ff,10:43:43,501,291,432,248,0,113,7,1,12,12,14,0,2
5926,pipewire-pulse,136803910639616,317678,1413433855,6.0,38623601477875,1577691,4d8ee,c247f6000,543f49ff,10:43:43,502,291,432,248,0,77,4,13,8,14,14,0,2
5926,pipewire-pulse,136803910643712,693545,1413433855,7.0,38623601478931,1578747,a9529,c247f7000,543f49ff,10:43:43,503,291,432,248,0,169,10,9,5,2,9,0,2
5926,pipewire-pulse,136803910578176,610452,2478981250,0.0,38623601490918,1590734,95094,c247e7000,93c24082,10:43:43,487,291,432,248,0,149,9,5,0,9,4,0,2
5926,pipewire-pulse,136803910582272,610460,2478981250,1.0,38623601491842,1591658,9509c,c247e8000,93c24082,10:43:43,488,291,432,248,0,149,9,5,0,9,12,0,2
5926,pipewire-pulse,136803910586368,830974,2478981250,2.0,38623601492718,1592534,cadfe,c247e9000,93c24082,10:43:43,489,291,432,248,0,202,12,10,13,15,14,0,2
5926,pipewire-pulse,136803910590464,610463,2478981250,3.0,38623601493663,1593479,9509f,c247ea000,93c24082,10:43:43,490,291,432,248,0,149,9,5,0,9,15,0,2
5926,pipewire-pulse,136803910594560,318369,2478981250,4.0,38623601494634,1594450,4dba1,c247eb000,93c24082,10:43:43,491,291,432,248,0,77,4,13,11,10,1,0,2
5926,pipewire-pulse,136803910598656,830958,2478981250,5.0,38623601495448,1595264,cadee,c247ec000,93c24082,10:43:43,492,291,432,248,0,202,12,10,13,14,14,0,2
5926,pipewire-pulse,136803910602752,318370,2478981250,6.0,38623601496379,1596195,4dba2,c247ed000,93c24082,10:43:43,493,291,432,248,0,77,4,13,11,10,2,0,2
5926,pipewire-pulse,136803910606848,318372,2478981250,7.0,38623601497220,1597036,4dba4,c247ee000,93c24082,10:43:43,494,291,432,248,0,77,4,13,11,10,4,0,2
5926,pipewire-pulse,136803910619136,719101,1892792532,1.0,38630569657685,303,af8fd,c247f1000,70d1b8d4,10:43:50,497,291,432,248,0,175,10,15,8,15,13,192661,0
5926,pipewire-pulse,136803910623232,670644,1892792532,2.0,38630569665040,303,a3bb4,c247f2000,70d1b8d4,10:43:50,498,291,432,248,0,163,10,3,11,11,4,336643,0
5926,pipewire-pulse,136803910627328,639859,1892792532,3.0,38630569667235,303,9c373,c247f3000,70d1b8d4,10:43:50,499,291,432,248,0,156,9,12,3,7,3,305857,0
5926,pipewire-pulse,136803910631424,274592,1892792532,4.0,38630569669088,303,430a0,c247f4000,70d1b8d4,10:43:50,500,291,432,248,0,67,4,3,0,10,0,-208503,0
5926,pipewire-pulse,136803910635520,447253,1892792532,5.0,38630569670968,303,6d315,c247f5000,70d1b8d4,10:43:50,501,291,432,248,0,109,6,13,3,1,5,-443563,0
5926,pipewire-pulse,136803910639616,447255,1892792532,6.0,38630569672657,303,6d317,c247f6000,70d1b8d4,10:43:50,502,291,432,248,0,109,6,13,3,1,7,-394824,0
5926,pipewire-pulse,136803910643712,853642,1892792532,7.0,38630569674911,303,d068a,c247f7000,70d1b8d4,10:43:50,503,291,432,248,0,208,13,0,6,8,10,35562,0
5926,pipewire-pulse,136803910578176,704088,3801234441,0.0,38630569687674,303,abe58,c247e7000,e2923c09,10:43:50,487,291,432,248,0,171,10,11,14,5,8,0,0
5926,pipewire-pulse,136803910582272,704090,3801234441,1.0,38630569689563,303,abe5a,c247e8000,e2923c09,10:43:50,488,291,432,248,0,171,10,11,14,5,10,0,0
5926,pipewire-pulse,136803910586368,704091,3801234441,2.0,38630569691447,303,abe5b,c247e9000,e2923c09,10:43:50,489,291,432,248,0,171,10,11,14,5,11,0,0
5926,pipewire-pulse,136803910590464,297949,3801234441,3.0,38630569693186,303,48bdd,c247ea000,e2923c09,10:43:50,490,291,432,248,0,72,4,8,11,13,13,0,0
5926,pipewire-pulse,136803910594560,297950,3801234441,4.0,38630569694179,303,48bde,c247eb000,e2923c09,10:43:50,491,291,432,248,0,72,4,8,11,13,14,0,0
5926,pipewire-pulse,136803910598656,538910,3801234441,5.0,38630569695182,303,8391e,c247ec000,e2923c09,10:43:50,492,291,432,248,0,131,8,3,9,1,14,0,0
5926,pipewire-pulse,136803910602752,674624,3801234441,6.0,38630569696087,303,a4b40,c247ed000,e2923c09,10:43:50,493,291,432,248,0,164,10,4,11,4,0,0,0
5926,pipewire-pulse,136803910606848,674626,3801234441,7.0,38630569697082,303,a4b42,c247ee000,e2923c09,10:43:50,494,291,432,248,0,164,10,4,11,4,2,0,0
5926,pipewire-pulse,136803910619136,447255,1892792532,1.0,38631059885705,1457444,6d317,c247f1000,70d1b8d4,10:43:51,497,291,432,248,0,109,6,13,3,1,7,-271846,2
5926,pipewire-pulse,136803910623232,447253,1892792532,2.0,38631059887672,1459411,6d315,c247f2000,70d1b8d4,10:43:51,498,291,432,248,0,109,6,13,3,1,5,-223391,2
5926,pipewire-pulse,136803910627328,274592,1892792532,3.0,38631059888712,1460451,430a0,c247f3000,70d1b8d4,10:43:51,499,291,432,248,0,67,4,3,0,10,0,-365267,2
5926,pipewire-pulse,136803910631424,639859,1892792532,4.0,38631059889617,1461356,9c373,c247f4000,70d1b8d4,10:43:51,500,291,432,248,0,156,9,12,3,7,3,365267,2
5926,pipewire-pulse,136803910635520,670644,1892792532,5.0,38631059890698,1462437,a3bb4,c247f5000,70d1b8d4,10:43:51,501,291,432,248,0,163,10,3,11,11,4,223391,2
5926,pipewire-pulse,136803910639616,719101,1892792532,6.0,38631059891744,1463483,af8fd,c247f6000,70d1b8d4,10:43:51,502,291,432,248,0,175,10,15,8,15,13,271846,2
5926,pipewire-pulse,136803910643712,719100,1892792532,7.0,38631059892738,1464477,af8fc,c247f7000,70d1b8d4,10:43:51,503,291,432,248,0,175,10,15,8,15,12,-134542,2
5926,pipewire-pulse,136803910578176,361259,1281815150,0.0,38631059906884,1478623,5832b,c247e7000,4c66f26e,10:43:51,487,291,432,248,0,88,5,8,3,2,11,0,2
5926,pipewire-pulse,136803910582272,700166,1281815150,1.0,38631059907934,1479673,aaf06,c247e8000,4c66f26e,10:43:51,488,291,432,248,0,170,10,10,15,0,6,100954,2
5926,pipewire-pulse,136803910586368,700161,1281815150,2.0,38631059908962,1480701,aaf01,c247e9000,4c66f26e,10:43:51,489,291,432,248,0,170,10,10,15,0,1,74498,2
5926,pipewire-pulse,136803910590464,357911,1281815150,3.0,38631059909991,1481730,57617,c247ea000,4c66f26e,10:43:51,490,291,432,248,0,87,5,7,6,1,7,-260858,2
5926,pipewire-pulse,136803910594560,245177,1281815150,4.0,38631059910971,1482710,3bdb9,c247eb000,4c66f26e,10:43:51,491,291,432,248,0,59,3,11,13,11,9,-164616,2
5926,pipewire-pulse,136803910598656,245174,1281815150,5.0,38631059912058,1483797,3bdb6,c247ec000,4c66f26e,10:43:51,492,291,432,248,0,59,3,11,13,11,6,-310447,2
5926,pipewire-pulse,136803910602752,245172,1281815150,6.0,38631059913020,1484759,3bdb4,c247ed000,4c66f26e,10:43:51,493,291,432,248,0,59,3,11,13,11,4,-601014,2
5926,pipewire-pulse,136803910606848,725485,1281815150,7.0,38631059913947,1485686,b11ed,c247ee000,4c66f26e,10:43:51,494,291,432,248,0,177,11,1,1,14,13,644522,2
5926,pipewire-pulse,136803910619136,882277,3929621942,1.0,38637113905963,3004029,d7665,c247f1000,ea3945b6,10:43:57,497,291,432,248,0,215,13,7,6,6,5,0,3
5926,pipewire-pulse,136803910623232,882276,3929621942,2.0,38637113914666,3012732,d7664,c247f2000,ea3945b6,10:43:57,498,291,432,248,0,215,13,7,6,6,4,0,3
5926,pipewire-pulse,136803910627328,882275,3929621942,3.0,38637113916739,3014805,d7663,c247f3000,ea3945b6,10:43:57,499,291,432,248,0,215,13,7,6,6,3,0,3
5926,pipewire-pulse,136803910631424,882274,3929621942,4.0,38637113918358,3016424,d7662,c247f4000,ea3945b6,10:43:57,500,291,432,248,0,215,13,7,6,6,2,0,3
5926,pipewire-pulse,136803910635520,882273,3929621942,5.0,38637113920037,3018103,d7661,c247f5000,ea3945b6,10:43:57,501,291,432,248,0,215,13,7,6,6,1,0,3
5926,pipewire-pulse,136803910639616,882272,3929621942,6.0,38637113921645,3019711,d7660,c247f6000,ea3945b6,10:43:57,502,291,432,248,0,215,13,7,6,6,0,0,3
5926,pipewire-pulse,136803910643712,869535,3929621942,7.0,38637113923282,3021348,d449f,c247f7000,ea3945b6,10:43:57,503,291,432,248,0,212,13,4,4,9,15,0,3
87188,Renderer,138751246753792,183349,1284956473,15.0,38637114062771,3508,2cc35,18ac66000,4c96e139,10:43:57,102,86,198,252,0,44,2,12,12,3,5,0,0
5926,pipewire-pulse,136803910578176,869533,3801234441,0.0,38637114062771,3160837,d449d,c247e7000,e2923c09,10:43:57,487,291,432,248,0,212,13,4,4,9,13,165445,3
87188,Renderer,138751246770176,183349,1284956473,15.0,38637114088426,3508,2cc35,18ac6a000,4c96e139,10:43:57,106,86,198,252,0,44,2,12,12,3,5,0,0
87188,Renderer,138751246807040,770764,1284956473,29.0,38637114105355,3508,bc2cc,18ac73000,4c96e139,10:43:57,115,86,198,252,0,188,11,12,2,12,12,0,0
87188,Renderer,138751246823424,770764,1284956473,29.0,38637114117164,3508,bc2cc,18ac77000,4c96e139,10:43:57,119,86,198,252,0,188,11,12,2,12,12,0,0
87188,Renderer,138751246839808,770764,1284956473,29.0,38637114128420,3508,bc2cc,18ac7b000,4c96e139,10:43:57,123,86,198,252,0,188,11,12,2,12,12,0,0
87188,Renderer,138751246860288,241622,1284956473,45.0,38637114141473,3508,3afd6,18ac80000,4c96e139,10:43:57,128,86,198,252,0,58,3,10,15,13,6,0,0
87188,Renderer,138751246876672,241622,1284956473,45.0,38637114152378,3508,3afd6,18ac84000,4c96e139,10:43:57,132,86,198,252,0,58,3,10,15,13,6,0,0
87188,Renderer,138751246893056,241622,1284956473,45.0,38637114164076,3508,3afd6,18ac88000,4c96e139,10:43:57,136,86,198,252,0,58,3,10,15,13,6,0,0
87188,Renderer,138751246913536,241622,1284956473,45.0,38637114175553,3508,3afd6,18ac8d000,4c96e139,10:43:57,141,86,198,252,0,58,3,10,15,13,6,0,0
87188,Renderer,138751246929920,434376,1284956473,57.0,38637114190082,3508,6a0c8,18ac91000,4c96e139,10:43:57,145,86,198,252,0,106,6,10,0,12,8,0,0
87188,Renderer,138751246946304,434376,1284956473,57.0,38637114200555,3508,6a0c8,18ac95000,4c96e139,10:43:57,149,86,198,252,0,106,6,10,0,12,8,0,0
87188,Renderer,138751246966784,434376,1284956473,57.0,38637114209170,3508,6a0c8,18ac9a000,4c96e139,10:43:57,154,86,198,252,0,106,6,10,0,12,8,0,0
87188,Renderer,138751246974976,434376,1284956473,57.0,38637114214723,3508,6a0c8,18ac9c000,4c96e139,10:43:57,156,86,198,252,0,106,6,10,0,12,8,0,0
87188,Renderer,138751246979072,374220,1284956473,58.0,38637114219272,3508,5b5cc,18ac9d000,4c96e139,10:43:57,157,86,198,252,0,91,5,11,5,12,12,0,0
87188,Renderer,138751246983168,374221,1284956473,59.0,38637114223830,3508,5b5cd,18ac9e000,4c96e139,10:43:57,158,86,198,252,0,91,5,11,5,12,13,0,0
87188,Renderer,138751246987264,374222,1284956473,60.0,38637114229001,3508,5b5ce,18ac9f000,4c96e139,10:43:57,159,86,198,252,0,91,5,11,5,12,14,0,0
87188,Renderer,138751246995456,374752,1284956473,62.0,38637114238681,3508,5b7e0,18aca1000,4c96e139,10:43:57,161,86,198,252,0,91,5,11,7,14,0,0,0
87188,Renderer,138751246999552,374753,1284956473,63.0,38637114243109,3508,5b7e1,18aca2000,4c96e139,10:43:57,162,86,198,252,0,91,5,11,7,14,1,0,0
87188,Renderer,138751247003648,374754,1284956473,64.0,38637114247457,3508,5b7e2,18aca3000,4c96e139,10:43:57,163,86,198,252,0,91,5,11,7,14,2,0,0
87188,Renderer,138751247007744,374755,1284956473,65.0,38637114252216,3508,5b7e3,18aca4000,4c96e139,10:43:57,164,86,198,252,0,91,5,11,7,14,3,0,0
87188,Renderer,138751247011840,374756,1284956473,66.0,38637114256604,3508,5b7e4,18aca5000,4c96e139,10:43:57,165,86,198,252,0,91,5,11,7,14,4,0,0
87188,Renderer,138751247015936,374757,1284956473,67.0,38637114261233,3508,5b7e5,18aca6000,4c96e139,10:43:57,166,86,198,252,0,91,5,11,7,14,5,0,0
87188,Renderer,138751247020032,374758,1284956473,68.0,38637114265692,3508,5b7e6,18aca7000,4c96e139,10:43:57,167,86,198,252,0,91,5,11,7,14,6,0,0
87188,Renderer,138751247024128,374759,1284956473,69.0,38637114273473,3508,5b7e7,18aca8000,4c96e139,10:43:57,168,86,198,252,0,91,5,11,7,14,7,0,0
87188,Renderer,138751247028224,373776,1284956473,70.0,38637114278313,3508,5b410,18aca9000,4c96e139,10:43:57,169,86,198,252,0,91,5,11,4,1,0,0,0
87188,Renderer,138751247032320,373777,1284956473,71.0,38637114283093,3508,5b411,18acaa000,4c96e139,10:43:57,170,86,198,252,0,91,5,11,4,1,1,0,0
87188,Renderer,138751247036416,373778,1284956473,72.0,38637114287923,3508,5b412,18acab000,4c96e139,10:43:57,171,86,198,252,0,91,5,11,4,1,2,0,0
87188,Renderer,138751247040512,373779,1284956473,73.0,38637114292622,3508,5b413,18acac000,4c96e139,10:43:57,172,86,198,252,0,91,5,11,4,1,3,0,0
87188,Renderer,138751247044608,373780,1284956473,74.0,38637114297301,3508,5b414,18acad000,4c96e139,10:43:57,173,86,198,252,0,91,5,11,4,1,4,0,0
87188,Renderer,138751247048704,373781,1284956473,75.0,38637114301930,3508,5b415,18acae000,4c96e139,10:43:57,174,86,198,252,0,91,5,11,4,1,5,0,0
87188,Renderer,138751247052800,373782,1284956473,76.0,38637114306729,3508,5b416,18acaf000,4c96e139,10:43:57,175,86,198,252,0,91,5,11,4,1,6,0,0
87188,Renderer,138751247060992,379456,1284956473,78.0,38637114315696,3508,5ca40,18acb1000,4c96e139,10:43:57,177,86,198,252,0,92,5,12,10,4,0,0,0
87188,Renderer,138751247065088,379457,1284956473,79.0,38637114319964,3508,5ca41,18acb2000,4c96e139,10:43:57,178,86,198,252,0,92,5,12,10,4,1,0,0
87188,Renderer,138751247069184,379458,1284956473,80.0,38637114324613,3508,5ca42,18acb3000,4c96e139,10:43:57,179,86,198,252,0,92,5,12,10,4,2,0,0
87188,Renderer,138751247073280,379459,1284956473,81.0,38637114329011,3508,5ca43,18acb4000,4c96e139,10:43:57,180,86,198,252,0,92,5,12,10,4,3,0,0
87188,Renderer,138751247077376,379460,1284956473,82.0,38637114333630,3508,5ca44,18acb5000,4c96e139,10:43:57,181,86,198,252,0,92,5,12,10,4,4,0,0
87188,Renderer,138751247081472,379461,1284956473,83.0,38637114338078,3508,5ca45,18acb6000,4c96e139,10:43:57,182,86,198,252,0,92,5,12,10,4,5,0,0
87188,Renderer,138751247085568,379462,1284956473,84.0,38637114345096,3508,5ca46,18acb7000,4c96e139,10:43:57,183,86,198,252,0,92,5,12,10,4,6,0,0
87188,Renderer,138751247089664,379463,1284956473,85.0,38637114349695,3508,5ca47,18acb8000,4c96e139,10:43:57,184,86,198,252,0,92,5,12,10,4,7,0,0
87188,Renderer,138751247093760,377376,1284956473,86.0,38637114354364,3508,5c220,18acb9000,4c96e139,10:43:57,185,86,198,252,0,92,5,12,2,2,0,0,0
87188,Renderer,138751247097856,377377,1284956473,87.0,38637114358883,3508,5c221,18acba000,4c96e139,10:43:57,186,86,198,252,0,92,5,12,2,2,1,0,0
87188,Renderer,138751247101952,377378,1284956473,88.0,38637114363442,3508,5c222,18acbb000,4c96e139,10:43:57,187,86,198,252,0,92,5,12,2,2,2,0,0
87188,Renderer,138751247106048,377379,1284956473,89.0,38637114367930,3508,5c223,18acbc000,4c96e139,10:43:57,188,86,198,252,0,92,5,12,2,2,3,0,0
87188,Renderer,138751247110144,377380,1284956473,90.0,38637114372519,3508,5c224,18acbd000,4c96e139,10:43:57,189,86,198,252,0,92,5,12,2,2,4,0,0
87188,Renderer,138751247114240,377381,1284956473,91.0,38637114377268,3508,5c225,18acbe000,4c96e139,10:43:57,190,86,198,252,0,92,5,12,2,2,5,0,0
87188,Renderer,138751247118336,377382,1284956473,92.0,38637114381937,3508,5c226,18acbf000,4c96e139,10:43:57,191,86,198,252,0,92,5,12,2,2,6,0,0
87188,Renderer,138751247122432,434377,1284956473,109.0,38637114387540,3508,6a0c9,18acc0000,4c96e139,10:43:57,192,86,198,252,0,106,6,10,0,12,9,0,0
87188,Renderer,138751247126528,434377,1284956473,109.0,38637114391938,3508,6a0c9,18acc1000,4c96e139,10:43:57,193,86,198,252,0,106,6,10,0,12,9,0,0
87188,Renderer,138751247130624,434377,1284956473,109.0,38637114396447,3508,6a0c9,18acc2000,4c96e139,10:43:57,194,86,198,252,0,106,6,10,0,12,9,0,0
87188,Renderer,138751247134720,434377,1284956473,109.0,38637114401236,3508,6a0c9,18acc3000,4c96e139,10:43:57,195,86,198,252,0,106,6,10,0,12,9,0,0
87188,Renderer,138751247138816,434377,1284956473,109.0,38637114405644,3508,6a0c9,18acc4000,4c96e139,10:43:57,196,86,198,252,0,106,6,10,0,12,9,0,0
87188,Renderer,138751247142912,434377,1284956473,109.0,38637114410092,3508,6a0c9,18acc5000,4c96e139,10:43:57,197,86,198,252,0,106,6,10,0,12,9,0,0
87188,Renderer,138751247147008,434377,1284956473,109.0,38637114417322,3508,6a0c9,18acc6000,4c96e139,10:43:57,198,86,198,252,0,106,6,10,0,12,9,0,0
87188,Renderer,138751247151104,434377,1284956473,109.0,38637114421921,3508,6a0c9,18acc7000,4c96e139,10:43:57,199,86,198,252,0,106,6,10,0,12,9,0,0
87188,Renderer,138751247155200,434377,1284956473,109.0,38637114426831,3508,6a0c9,18acc8000,4c96e139,10:43:57,200,86,198,252,0,106,6,10,0,12,9,0,0
87188,Renderer,138751247159296,434377,1284956473,109.0,38637114431510,3508,6a0c9,18acc9000,4c96e139,10:43:57,201,86,198,252,0,106,6,10,0,12,9,0,0
87188,Renderer,138751247163392,434377,1284956473,109.0,38637114436139,3508,6a0c9,18acca000,4c96e139,10:43:57,202,86,198,252,0,106,6,10,0,12,9,0,0
87188,Renderer,138751247167488,434377,1284956473,109.0,38637114440818,3508,6a0c9,18accb000,4c96e139,10:43:57,203,86,198,252,0,106,6,10,0,12,9,0,0
87188,Renderer,138751247171584,434377,1284956473,109.0,38637114445286,3508,6a0c9,18accc000,4c96e139,10:43:57,204,86,198,252,0,106,6,10,0,12,9,0,0
87188,Renderer,138751247175680,434377,1284956473,109.0,38637114449895,3508,6a0c9,18accd000,4c96e139,10:43:57,205,86,198,252,0,106,6,10,0,12,9,0,0
87188,Renderer,138751247179776,434377,1284956473,109.0,38637114454454,3508,6a0c9,18acce000,4c96e139,10:43:57,206,86,198,252,0,106,6,10,0,12,9,0,0
87188,Renderer,138751247192064,434510,1284956473,110.0,38637114460880,3508,6a14e,18acd1000,4c96e139,10:43:57,209,86,198,252,0,106,6,10,1,4,14,0,0
87188,Renderer,138751247196160,342567,1284956473,111.0,38637114466102,3508,53a27,18acd2000,4c96e139,10:43:57,210,86,198,252,0,83,5,3,10,2,7,0,0
87188,Renderer,138751247200256,875792,1284956473,112.0,38637114470550,3508,d5d10,18acd3000,4c96e139,10:43:57,211,86,198,252,0,213,13,5,13,1,0,0,0
87188,Renderer,138751247204352,875793,1284956473,113.0,38637114474948,3508,d5d11,18acd4000,4c96e139,10:43:57,212,86,198,252,0,213,13,5,13,1,1,0,0
87188,Renderer,138751247208448,875794,1284956473,114.0,38637114479878,3508,d5d12,18acd5000,4c96e139,10:43:57,213,86,198,252,0,213,13,5,13,1,2,0,0
87188,Renderer,138751247212544,875795,1284956473,115.0,38637114484336,3508,d5d13,18acd6000,4c96e139,10:43:57,214,86,198,252,0,213,13,5,13,1,3,0,0
87188,Renderer,138751247216640,875796,1284956473,116.0,38637114491947,3508,d5d14,18acd7000,4c96e139,10:43:57,215,86,198,252,0,213,13,5,13,1,4,0,0
87188,Renderer,138751247220736,875797,1284956473,117.0,38637114496486,3508,d5d15,18acd8000,4c96e139,10:43:57,216,86,198,252,0,213,13,5,13,1,5,0,0
87188,Renderer,138751247224832,875798,1284956473,118.0,38637114501015,3508,d5d16,18acd9000,4c96e139,10:43:57,217,86,198,252,0,213,13,5,13,1,6,0,0
87188,Renderer,138751247228928,875799,1284956473,119.0,38637114505804,3508,d5d17,18acda000,4c96e139,10:43:57,218,86,198,252,0,213,13,5,13,1,7,0,0
87188,Renderer,138751247233024,341760,1284956473,120.0,38637114510232,3508,53700,18acdb000,4c96e139,10:43:57,219,86,198,252,0,83,5,3,7,0,0,0,0
87188,Renderer,138751247237120,341761,1284956473,121.0,38637114514861,3508,53701,18acdc000,4c96e139,10:43:57,220,86,198,252,0,83,5,3,7,0,1,0,0
87188,Renderer,138751247241216,341762,1284956473,122.0,38637114519350,3508,53702,18acdd000,4c96e139,10:43:57,221,86,198,252,0,83,5,3,7,0,2,0,0
87188,Renderer,138751247245312,341763,1284956473,123.0,38637114523868,3508,53703,18acde000,4c96e139,10:43:57,222,86,198,252,0,83,5,3,7,0,3,0,0
87188,Renderer,138751247249408,341764,1284956473,124.0,38637114528648,3508,53704,18acdf000,4c96e139,10:43:57,223,86,198,252,0,83,5,3,7,0,4,0,0
87188,Renderer,138751247257600,341766,1284956473,126.0,38637114537062,3508,53706,18ace1000,4c96e139,10:43:57,225,86,198,252,0,83,5,3,7,0,6,0,0
87188,Renderer,138751247261696,341767,1284956473,127.0,38637114543619,3508,53707,18ace2000,4c96e139,10:43:57,226,86,198,252,0,83,5,3,7,0,7,0,0
87188,Renderer,138751247265792,629336,1284956473,128.0,38637114548248,3508,99a58,18ace3000,4c96e139,10:43:57,227,86,198,252,0,153,9,9,10,5,8,0,0
87188,Renderer,138751247269888,629337,1284956473,129.0,38637114552766,3508,99a59,18ace4000,4c96e139,10:43:57,228,86,198,252,0,153,9,9,10,5,9,0,0
87188,Renderer,138751247273984,629338,1284956473,130.0,38637114557385,3508,99a5a,18ace5000,4c96e139,10:43:57,229,86,198,252,0,153,9,9,10,5,10,0,0
87188,Renderer,138751247278080,629339,1284956473,131.0,38637114564394,3508,99a5b,18ace6000,4c96e139,10:43:57,230,86,198,252,0,153,9,9,10,5,11,0,0
87188,Renderer,138751247282176,629340,1284956473,132.0,38637114568872,3508,99a5c,18ace7000,4c96e139,10:43:57,231,86,198,252,0,153,9,9,10,5,12,0,0
87188,Renderer,138751247286272,629341,1284956473,133.0,38637114573571,3508,99a5d,18ace8000,4c96e139,10:43:57,232,86,198,252,0,153,9,9,10,5,13,0,0
87188,Renderer,138751247290368,629342,1284956473,134.0,38637114578421,3508,99a5e,18ace9000,4c96e139,10:43:57,233,86,198,252,0,153,9,9,10,5,14,0,0
87188,Renderer,138751247294464,629343,1284956473,135.0,38637114583321,3508,99a5f,18acea000,4c96e139,10:43:57,234,86,198,252,0,153,9,9,10,5,15,0,0
87188,Renderer,138751247298560,416400,1284956473,136.0,38637114587900,3508,65a90,18aceb000,4c96e139,10:43:57,235,86,198,252,0,101,6,5,10,9,0,0,0
87188,Renderer,138751247302656,416401,1284956473,137.0,38637114592439,3508,65a91,18acec000,4c96e139,10:43:57,236,86,198,252,0,101,6,5,10,9,1,0,0
87188,Renderer,138751247306752,416402,1284956473,138.0,38637114597148,3508,65a92,18aced000,4c96e139,10:43:57,237,86,198,252,0,101,6,5,10,9,2,0,0
87188,Renderer,138751247310848,416403,1284956473,139.0,38637114601787,3508,65a93,18acee000,4c96e139,10:43:57,238,86,198,252,0,101,6,5,10,9,3,0,0
87188,Renderer,138751247314944,416404,1284956473,140.0,38637114606587,3508,65a94,18acef000,4c96e139,10:43:57,239,86,198,252,0,101,6,5,10,9,4,0,0
87188,Renderer,138751247323136,416406,1284956473,142.0,38637114615011,3508,65a96,18acf1000,4c96e139,10:43:57,241,86,198,252,0,101,6,5,10,9,6,0,0
87188,Renderer,138751247327232,416407,1284956473,143.0,38637114620011,3508,65a97,18acf2000,4c96e139,10:43:57,242,86,198,252,0,101,6,5,10,9,7,0,0
87188,Renderer,138751247331328,434360,1284956473,144.0,38637114624299,3508,6a0b8,18acf3000,4c96e139,10:43:57,243,86,198,252,0,106,6,10,0,11,8,0,0
87188,Renderer,138751247335424,434361,1284956473,145.0,38637114628777,3508,6a0b9,18acf4000,4c96e139,10:43:57,244,86,198,252,0,106,6,10,0,11,9,0,0
87188,Renderer,138751247339520,434362,1284956473,146.0,38637114635736,3508,6a0ba,18acf5000,4c96e139,10:43:57,245,86,198,252,0,106,6,10,0,11,10,0,0
87188,Renderer,138751247343616,434363,1284956473,147.0,38637114640224,3508,6a0bb,18acf6000,4c96e139,10:43:57,246,86,198,252,0,106,6,10,0,11,11,0,0
87188,Renderer,138751247347712,434364,1284956473,148.0,38637114644662,3508,6a0bc,18acf7000,4c96e139,10:43:57,247,86,198,252,0,106,6,10,0,11,12,0,0
87188,Renderer,138751247351808,434365,1284956473,149.0,38637114649020,3508,6a0bd,18acf8000,4c96e139,10:43:57,248,86,198,252,0,106,6,10,0,11,13,0,0
87188,Renderer,138751247355904,434366,1284956473,150.0,38637114653629,3508,6a0be,18acf9000,4c96e139,10:43:57,249,86,198,252,0,106,6,10,0,11,14,0,0
87188,Renderer,138751247360000,434367,1284956473,151.0,38637114658208,3508,6a0bf,18acfa000,4c96e139,10:43:57,250,86,198,252,0,106,6,10,0,11,15,0,0
87188,Renderer,138751247364096,434368,1284956473,152.0,38637114662716,3508,6a0c0,18acfb000,4c96e139,10:43:57,251,86,198,252,0,106,6,10,0,12,0,0,0
87188,Renderer,138751247368192,434369,1284956473,153.0,38637114667164,3508,6a0c1,18acfc000,4c96e139,10:43:57,252,86,198,252,0,106,6,10,0,12,1,0,0
87188,Renderer,138751247372288,434370,1284956473,154.0,38637114671703,3508,6a0c2,18acfd000,4c96e139,10:43:57,253,86,198,252,0,106,6,10,0,12,2,0,0
87188,Renderer,138751247376384,434371,1284956473,155.0,38637114676543,3508,6a0c3,18acfe000,4c96e139,10:43:57,254,86,198,252,0,106,6,10,0,12,3,0,0
87188,Renderer,138751247380480,434372,1284956473,156.0,38637114681483,3508,6a0c4,18acff000,4c96e139,10:43:57,255,86,198,252,0,106,6,10,0,12,4,0,0
87188,Renderer,138751247388672,434374,1284956473,158.0,38637114689968,3508,6a0c6,18ad01000,4c96e139,10:43:57,257,86,198,252,0,106,6,10,0,12,6,0,0
87188,Renderer,138751247392768,434375,1284956473,159.0,38637114694436,3508,6a0c7,18ad02000,4c96e139,10:43:57,258,86,198,252,0,106,6,10,0,12,7,0,0
87188,Renderer,138751247396864,434536,1284956473,160.0,38637114699065,3508,6a168,18ad03000,4c96e139,10:43:57,259,86,198,252,0,106,6,10,1,6,8,0,0
87188,Renderer,138751247400960,434537,1284956473,161.0,38637114706244,3508,6a169,18ad04000,4c96e139,10:43:57,260,86,198,252,0,106,6,10,1,6,9,0,0
87188,Renderer,138751247405056,434538,1284956473,162.0,38637114710592,3508,6a16a,18ad05000,4c96e139,10:43:57,261,86,198,252,0,106,6,10,1,6,10,0,0
87188,Renderer,138751247409152,434539,1284956473,163.0,38637114714940,3508,6a16b,18ad06000,4c96e139,10:43:57,262,86,198,252,0,106,6,10,1,6,11,0,0
87188,Renderer,138751247413248,434540,1284956473,164.0,38637114719398,3508,6a16c,18ad07000,4c96e139,10:43:57,263,86,198,252,0,106,6,10,1,6,12,0,0
87188,Renderer,138751247417344,434541,1284956473,165.0,38637114723836,3508,6a16d,18ad08000,4c96e139,10:43:57,264,86,198,252,0,106,6,10,1,6,13,0,0
87188,Renderer,138751247421440,434542,1284956473,166.0,38637114729279,3508,6a16e,18ad09000,4c96e139,10:43:57,265,86,198,252,0,106,6,10,1,6,14,0,0
87188,Renderer,138751247425536,434543,1284956473,167.0,38637114779976,3508,6a16f,18ad0a000,4c96e139,10:43:57,266,86,198,252,0,106,6,10,1,6,15,0,0
87188,Renderer,138751247429632,233432,1284956473,168.0,38637114786001,3508,38fd8,18ad0b000,4c96e139,10:43:57,267,86,198,252,0,56,3,8,15,13,8,0,0
87188,Renderer,138751247433728,233433,1284956473,169.0,38637114790921,3508,38fd9,18ad0c000,4c96e139,10:43:57,268,86,198,252,0,56,3,8,15,13,9,0,0
87188,Renderer,138751247437824,233434,1284956473,170.0,38637114795761,3508,38fda,18ad0d000,4c96e139,10:43:57,269,86,198,252,0,56,3,8,15,13,10,0,0
87188,Renderer,138751247441920,233435,1284956473,171.0,38637114801103,3508,38fdb,18ad0e000,4c96e139,10:43:57,270,86,198,252,0,56,3,8,15,13,11,0,0
87188,Renderer,138751247446016,233436,1284956473,172.0,38637114805983,3508,38fdc,18ad0f000,4c96e139,10:43:57,271,86,198,252,0,56,3,8,15,13,12,0,0
87188,Renderer,138751247454208,233438,1284956473,174.0,38637114815301,3508,38fde,18ad11000,4c96e139,10:43:57,273,86,198,252,0,56,3,8,15,13,14,0,0
87188,Renderer,138751247458304,233439,1284956473,175.0,38637114819628,3508,38fdf,18ad12000,4c96e139,10:43:57,274,86,198,252,0,56,3,8,15,13,15,0,0
87188,Renderer,138751247462400,414872,1284956473,176.0,38637114827310,3508,65498,18ad13000,4c96e139,10:43:57,275,86,198,252,0,101,6,5,4,9,8,0,0
87188,Renderer,138751247466496,414873,1284956473,177.0,38637114832009,3508,65499,18ad14000,4c96e139,10:43:57,276,86,198,252,0,101,6,5,4,9,9,0,0
87188,Renderer,138751247470592,414874,1284956473,178.0,38637114836768,3508,6549a,18ad15000,4c96e139,10:43:57,277,86,198,252,0,101,6,5,4,9,10,0,0
87188,Renderer,138751247474688,414875,1284956473,179.0,38637114841377,3508,6549b,18ad16000,4c96e139,10:43:57,278,86,198,252,0,101,6,5,4,9,11,0,0
87188,Renderer,138751247478784,414876,1284956473,180.0,38637114846036,3508,6549c,18ad17000,4c96e139,10:43:57,279,86,198,252,0,101,6,5,4,9,12,0,0
87188,Renderer,138751247482880,414877,1284956473,181.0,38637114850575,3508,6549d,18ad18000,4c96e139,10:43:57,280,86,198,252,0,101,6,5,4,9,13,0,0
87188,Renderer,138751247486976,414878,1284956473,182.0,38637114855244,3508,6549e,18ad19000,4c96e139,10:43:57,281,86,198,252,0,101,6,5,4,9,14,0,0
87188,Renderer,138751247491072,414879,1284956473,183.0,38637114859773,3508,6549f,18ad1a000,4c96e139,10:43:57,282,86,198,252,0,101,6,5,4,9,15,0,0
87188,Renderer,138751247495168,414856,1284956473,184.0,38637114864251,3508,65488,18ad1b000,4c96e139,10:43:57,283,86,198,252,0,101,6,5,4,8,8,0,0
87188,Renderer,138751247499264,414857,1284956473,185.0,38637114869081,3508,65489,18ad1c000,4c96e139,10:43:57,284,86,198,252,0,101,6,5,4,8,9,0,0
87188,Renderer,138751247503360,414858,1284956473,186.0,38637114873880,3508,6548a,18ad1d000,4c96e139,10:43:57,285,86,198,252,0,101,6,5,4,8,10,0,0
87188,Renderer,138751247507456,414859,1284956473,187.0,38637114878439,3508,6548b,18ad1e000,4c96e139,10:43:57,286,86,198,252,0,101,6,5,4,8,11,0,0
87188,Renderer,138751247511552,414860,1284956473,188.0,38637114883058,3508,6548c,18ad1f000,4c96e139,10:43:57,287,86,198,252,0,101,6,5,4,8,12,0,0
87188,Renderer,138751247519744,414862,1284956473,190.0,38637114891533,3508,6548e,18ad21000,4c96e139,10:43:57,289,86,198,252,0,101,6,5,4,8,14,0,0
87188,Renderer,138751247523840,414863,1284956473,191.0,38637114899636,3508,6548f,18ad22000,4c96e139,10:43:57,290,86,198,252,0,101,6,5,4,8,15,0,0
87188,Renderer,138751247527936,300112,1284956473,192.0,38637114904857,3508,49450,18ad23000,4c96e139,10:43:57,291,86,198,252,0,73,4,9,4,5,0,0,0
87188,Renderer,138751247532032,300113,1284956473,193.0,38637114909496,3508,49451,18ad24000,4c96e139,10:43:57,292,86,198,252,0,73,4,9,4,5,1,0,0
87188,Renderer,138751247536128,300114,1284956473,194.0,38637114914215,3508,49452,18ad25000,4c96e139,10:43:57,293,86,198,252,0,73,4,9,4,5,2,0,0
87188,Renderer,138751247540224,300115,1284956473,195.0,38637114918965,3508,49453,18ad26000,4c96e139,10:43:57,294,86,198,252,0,73,4,9,4,5,3,0,0
87188,Renderer,138751247544320,300116,1284956473,196.0,38637114923644,3508,49454,18ad27000,4c96e139,10:43:57,295,86,198,252,0,73,4,9,4,5,4,0,0
87188,Renderer,138751247548416,300117,1284956473,197.0,38637114928765,3508,49455,18ad28000,4c96e139,10:43:57,296,86,198,252,0,73,4,9,4,5,5,0,0
87188,Renderer,138751247552512,300118,1284956473,198.0,38637114933896,3508,49456,18ad29000,4c96e139,10:43:57,297,86,198,252,0,73,4,9,4,5,6,0,0
87188,Renderer,138751247556608,300119,1284956473,199.0,38637114938756,3508,49457,18ad2a000,4c96e139,10:43:57,298,86,198,252,0,73,4,9,4,5,7,0,0
87188,Renderer,138751247560704,302120,1284956473,200.0,38637114943576,3508,49c28,18ad2b000,4c96e139,10:43:57,299,86,198,252,0,73,4,9,12,2,8,0,0
87188,Renderer,138751247564800,302121,1284956473,201.0,38637114948466,3508,49c29,18ad2c000,4c96e139,10:43:57,300,86,198,252,0,73,4,9,12,2,9,0,0
87188,Renderer,138751247568896,302122,1284956473,202.0,38637114953125,3508,49c2a,18ad2d000,4c96e139,10:43:57,301,86,198,252,0,73,4,9,12,2,10,0,0
87188,Renderer,138751247572992,302123,1284956473,203.0,38637114958155,3508,49c2b,18ad2e000,4c96e139,10:43:57,302,86,198,252,0,73,4,9,12,2,11,0,0
87188,Renderer,138751247577088,302124,1284956473,204.0,38637114963005,3508,49c2c,18ad2f000,4c96e139,10:43:57,303,86,198,252,0,73,4,9,12,2,12,0,0
87188,Renderer,138751247585280,302126,1284956473,206.0,38637114974562,3508,49c2e,18ad31000,4c96e139,10:43:57,305,86,198,252,0,73,4,9,12,2,14,0,0
87188,Renderer,138751247589376,302127,1284956473,207.0,38637114979181,3508,49c2f,18ad32000,4c96e139,10:43:57,306,86,198,252,0,73,4,9,12,2,15,0,0
87188,Renderer,138751247593472,398800,1284956473,208.0,38637114983549,3508,615d0,18ad33000,4c96e139,10:43:57,307,86,198,252,0,97,6,1,5,13,0,0,0
87188,Renderer,138751247597568,398801,1284956473,209.0,38637114987786,3508,615d1,18ad34000,4c96e139,10:43:57,308,86,198,252,0,97,6,1,5,13,1,0,0
87188,Renderer,138751247601664,398802,1284956473,210.0,38637114992134,3508,615d2,18ad35000,4c96e139,10:43:57,309,86,198,252,0,97,6,1,5,13,2,0,0
87188,Renderer,138751247605760,398803,1284956473,211.0,38637114996743,3508,615d3,18ad36000,4c96e139,10:43:57,310,86,198,252,0,97,6,1,5,13,3,0,0
87188,Renderer,138751247609856,398804,1284956473,212.0,38637115001242,3508,615d4,18ad37000,4c96e139,10:43:57,311,86,198,252,0,97,6,1,5,13,4,0,0
87188,Renderer,138751247613952,398805,1284956473,213.0,38637115005700,3508,615d5,18ad38000,4c96e139,10:43:57,312,86,198,252,0,97,6,1,5,13,5,0,0
87188,Renderer,138751247618048,398806,1284956473,214.0,38637115010238,3508,615d6,18ad39000,4c96e139,10:43:57,313,86,198,252,0,97,6,1,5,13,6,0,0
87188,Renderer,138751247622144,398807,1284956473,215.0,38637115015410,3508,615d7,18ad3a000,4c96e139,10:43:57,314,86,198,252,0,97,6,1,5,13,7,0,0
87188,Renderer,138751247626240,284160,1284956473,216.0,38637115020741,3508,45600,18ad3b000,4c96e139,10:43:57,315,86,198,252,0,69,4,5,6,0,0,0,0
87188,Renderer,138751247630336,284161,1284956473,217.0,38637115025601,3508,45601,18ad3c000,4c96e139,10:43:57,316,86,198,252,0,69,4,5,6,0,1,0,0
87188,Renderer,138751247634432,284162,1284956473,218.0,38637115030853,3509,45602,18ad3d000,4c96e139,10:43:57,317,86,198,252,0,69,4,5,6,0,2,0,0
87188,Renderer,138751247638528,284163,1284956473,219.0,38637115036084,3509,45603,18ad3e000,4c96e139,10:43:57,318,86,198,252,0,69,4,5,6,0,3,0,0
87188,Renderer,138751247642624,284164,1284956473,220.0,38637115041044,3509,45604,18ad3f000,4c96e139,10:43:57,319,86,198,252,0,69,4,5,6,0,4,0,0
87188,Renderer,138751247650816,284166,1284956473,222.0,38637115053134,3509,45606,18ad41000,4c96e139,10:43:57,321,86,198,252,0,69,4,5,6,0,6,0,0
87188,Renderer,138751247654912,284167,1284956473,223.0,38637115057833,3509,45607,18ad42000,4c96e139,10:43:57,322,86,198,252,0,69,4,5,6,0,7,0,0
87188,Renderer,138751247659008,731448,1284956473,224.0,38637115062422,3509,b2938,18ad43000,4c96e139,10:43:57,323,86,198,252,0,178,11,2,9,3,8,0,0
87188,Renderer,138751247663104,731449,1284956473,225.0,38637115066850,3509,b2939,18ad44000,4c96e139,10:43:57,324,86,198,252,0,178,11,2,9,3,9,0,0
87188,Renderer,138751247667200,731450,1284956473,226.0,38637115071158,3509,b293a,18ad45000,4c96e139,10:43:57,325,86,198,252,0,178,11,2,9,3,10,0,0
87188,Renderer,138751247671296,731451,1284956473,227.0,38637115075847,3509,b293b,18ad46000,4c96e139,10:43:57,326,86,198,252,0,178,11,2,9,3,11,0,0
87188,Renderer,138751247675392,731452,1284956473,228.0,38637115080416,3509,b293c,18ad47000,4c96e139,10:43:57,327,86,198,252,0,178,11,2,9,3,12,0,0
87188,Renderer,138751247679488,731453,1284956473,229.0,38637115085225,3509,b293d,18ad48000,4c96e139,10:43:57,328,86,198,252,0,178,11,2,9,3,13,0,0
87188,Renderer,138751247683584,731454,1284956473,230.0,38637115089623,3509,b293e,18ad49000,4c96e139,10:43:57,329,86,198,252,0,178,11,2,9,3,14,0,0
87188,Renderer,138751247687680,731455,1284956473,231.0,38637115094192,3509,b293f,18ad4a000,4c96e139,10:43:57,330,86,198,252,0,178,11,2,9,3,15,0,0
87188,Renderer,138751247691776,731280,1284956473,232.0,38637115098660,3509,b2890,18ad4b000,4c96e139,10:43:57,331,86,198,252,0,178,11,2,8,9,0,0,0
87188,Renderer,138751247695872,731281,1284956473,233.0,38637115103309,3509,b2891,18ad4c000,4c96e139,10:43:57,332,86,198,252,0,178,11,2,8,9,1,0,0
87188,Renderer,138751247699968,731282,1284956473,234.0,38637115107938,3509,b2892,18ad4d000,4c96e139,10:43:57,333,86,198,252,0,178,11,2,8,9,2,0,0
87188,Renderer,138751247704064,731283,1284956473,235.0,38637115112447,3509,b2893,18ad4e000,4c96e139,10:43:57,334,86,198,252,0,178,11,2,8,9,3,0,0
87188,Renderer,138751247708160,731284,1284956473,236.0,38637115119676,3509,b2894,18ad4f000,4c96e139,10:43:57,335,86,198,252,0,178,11,2,8,9,4,0,0
87188,Renderer,138751247716352,731286,1284956473,238.0,38637115128342,3509,b2896,18ad51000,4c96e139,10:43:57,337,86,198,252,0,178,11,2,8,9,6,0,0
87188,Renderer,138751247720448,731287,1284956473,239.0,38637115132810,3509,b2897,18ad52000,4c96e139,10:43:57,338,86,198,252,0,178,11,2,8,9,7,0,0
87188,Renderer,138751247724544,731320,1284956473,240.0,38637115137148,3509,b28b8,18ad53000,4c96e139,10:43:57,339,86,198,252,0,178,11,2,8,11,8,0,0
87188,Renderer,138751247728640,731321,1284956473,241.0,38637115141506,3509,b28b9,18ad54000,4c96e139,10:43:57,340,86,198,252,0,178,11,2,8,11,9,0,0
87188,Renderer,138751247732736,731322,1284956473,242.0,38637115146235,3509,b28ba,18ad55000,4c96e139,10:43:57,341,86,198,252,0,178,11,2,8,11,10,0,0
87188,Renderer,138751247736832,731323,1284956473,243.0,38637115150763,3509,b28bb,18ad56000,4c96e139,10:43:57,342,86,198,252,0,178,11,2,8,11,11,0,0
87188,Renderer,138751247740928,731324,1284956473,244.0,38637115155192,3509,b28bc,18ad57000,4c96e139,10:43:57,343,86,198,252,0,178,11,2,8,11,12,0,0
87188,Renderer,138751247745024,731325,1284956473,245.0,38637115159580,3509,b28bd,18ad58000,4c96e139,10:43:57,344,86,198,252,0,178,11,2,8,11,13,0,0
87188,Renderer,138751247749120,731326,1284956473,246.0,38637115164188,3509,b28be,18ad59000,4c96e139,10:43:57,345,86,198,252,0,178,11,2,8,11,14,0,0
87188,Renderer,138751247753216,731327,1284956473,247.0,38637115169329,3509,b28bf,18ad5a000,4c96e139,10:43:57,346,86,198,252,0,178,11,2,8,11,15,0,0
87188,Renderer,138751247757312,731208,1284956473,248.0,38637115173717,3509,b2848,18ad5b000,4c96e139,10:43:57,347,86,198,252,0,178,11,2,8,4,8,0,0
87188,Renderer,138751247761408,731209,1284956473,249.0,38637115178366,3509,b2849,18ad5c000,4c96e139,10:43:57,348,86,198,252,0,178,11,2,8,4,9,0,0
87188,Renderer,138751247765504,731210,1284956473,250.0,38637115182875,3509,b284a,18ad5d000,4c96e139,10:43:57,349,86,198,252,0,178,11,2,8,4,10,0,0
87188,Renderer,138751247769600,731211,1284956473,251.0,38637115190044,3509,b284b,18ad5e000,4c96e139,10:43:57,350,86,198,252,0,178,11,2,8,4,11,0,0
87188,Renderer,138751247773696,731212,1284956473,252.0,38637115194583,3509,b284c,18ad5f000,4c96e139,10:43:57,351,86,198,252,0,178,11,2,8,4,12,0,0
87188,Renderer,138751247781888,731214,1284956473,254.0,38637115202857,3509,b284e,18ad61000,4c96e139,10:43:57,353,86,198,252,0,178,11,2,8,4,14,0,0
87188,Renderer,138751247785984,731215,1284956473,255.0,38637115208188,3509,b284f,18ad62000,4c96e139,10:43:57,354,86,198,252,0,178,11,2,8,4,15,0,0
87188,Renderer,138751247790080,731256,1284956473,256.0,38637115212566,3509,b2878,18ad63000,4c96e139,10:43:57,355,86,198,252,0,178,11,2,8,7,8,0,0
87188,Renderer,138751247794176,731257,1284956473,257.0,38637115216984,3509,b2879,18ad64000,4c96e139,10:43:57,356,86,198,252,0,178,11,2,8,7,9,0,0
87393,SwComposite,138751206166528,454873,104355664,334.0,38639559932234,5953,6f0d9,1885b1000,6385750,10:43:59,433,66,198,252,0,111,6,15,0,13,9,0,0
87393,SwComposite,138751206170624,454874,104355664,335.0,38639559946249,5953,6f0da,1885b2000,6385750,10:43:59,434,66,198,252,0,111,6,15,0,13,10,0,0
87393,SwComposite,138751206174720,454875,104355664,336.0,38639559950646,5953,6f0db,1885b3000,6385750,10:43:59,435,66,198,252,0,111,6,15,0,13,11,0,0
87393,SwComposite,138751206178816,454876,104355664,337.0,38639559955254,5953,6f0dc,1885b4000,6385750,10:43:59,436,66,198,252,0,111,6,15,0,13,12,0,0
87393,SwComposite,138751206182912,454877,104355664,338.0,38639559959612,5953,6f0dd,1885b5000,6385750,10:43:59,437,66,198,252,0,111,6,15,0,13,13,0,0
87393,SwComposite,138751206187008,454878,104355664,339.0,38639559964150,5953,6f0de,1885b6000,6385750,10:43:59,438,66,198,252,0,111,6,15,0,13,14,0,0
87393,SwComposite,138751206191104,454879,104355664,340.0,38639559969430,5953,6f0df,1885b7000,6385750,10:43:59,439,66,198,252,0,111,6,15,0,13,15,0,0
87393,SwComposite,138751206195200,248160,104355664,341.0,38639559974681,5953,3c960,1885b8000,6385750,10:43:59,440,66,198,252,0,60,3,12,9,6,0,0,0
87393,SwComposite,138751206199296,248161,104355664,342.0,38639559979480,5953,3c961,1885b9000,6385750,10:43:59,441,66,198,252,0,60,3,12,9,6,1,0,0
87393,SwComposite,138751206203392,248162,104355664,343.0,38639559984550,5953,3c962,1885ba000,6385750,10:43:59,442,66,198,252,0,60,3,12,9,6,2,0,0
87393,SwComposite,138751206207488,248163,104355664,344.0,38639559989098,5953,3c963,1885bb000,6385750,10:43:59,443,66,198,252,0,60,3,12,9,6,3,0,0
87393,SwComposite,138751206211584,248164,104355664,345.0,38639559993766,5953,3c964,1885bc000,6385750,10:43:59,444,66,198,252,0,60,3,12,9,6,4,0,0
87393,SwComposite,138751206215680,248165,104355664,346.0,38639559998927,5953,3c965,1885bd000,6385750,10:43:59,445,66,198,252,0,60,3,12,9,6,5,0,0
87393,SwComposite,138751206219776,248166,104355664,347.0,38639560006205,5953,3c966,1885be000,6385750,10:43:59,446,66,198,252,0,60,3,12,9,6,6,0,0
87393,SwComposite,138751206223872,248167,104355664,348.0,38639560011094,5953,3c967,1885bf000,6385750,10:43:59,447,66,198,252,0,60,3,12,9,6,7,0,0
87393,SwComposite,138751206232064,379969,104355664,350.0,38639560019789,5953,5cc41,1885c1000,6385750,10:43:59,449,66,198,252,0,92,5,12,12,4,1,0,0
87393,SwComposite,138751206236160,379970,104355664,351.0,38639560024096,5953,5cc42,1885c2000,6385750,10:43:59,450,66,198,252,0,92,5,12,12,4,2,0,0
87393,SwComposite,138751206240256,379971,104355664,352.0,38639560028443,5953,5cc43,1885c3000,6385750,10:43:59,451,66,198,252,0,92,5,12,12,4,3,0,0
87393,SwComposite,138751206244352,379972,104355664,353.0,38639560032900,5953,5cc44,1885c4000,6385750,10:43:59,452,66,198,252,0,92,5,12,12,4,4,0,0
87393,SwComposite,138751206248448,379973,104355664,354.0,38639560037358,5953,5cc45,1885c5000,6385750,10:43:59,453,66,198,252,0,92,5,12,12,4,5,0,0
87393,SwComposite,138751206252544,379974,104355664,355.0,38639560041715,5953,5cc46,1885c6000,6385750,10:43:59,454,66,198,252,0,92,5,12,12,4,6,0,0
87393,SwComposite,138751206256640,379975,104355664,356.0,38639560046695,5953,5cc47,1885c7000,6385750,10:43:59,455,66,198,252,0,92,5,12,12,4,7,0,0
87393,SwComposite,138751206260736,390616,104355664,357.0,38639560051152,5953,5f5d8,1885c8000,6385750,10:43:59,456,66,198,252,0,95,5,15,5,13,8,0,0
87393,SwComposite,138751206264832,390617,104355664,358.0,38639560055720,5953,5f5d9,1885c9000,6385750,10:43:59,457,66,198,252,0,95,5,15,5,13,9,0,0
87393,SwComposite,138751206268928,390618,104355664,359.0,38639560060328,5953,5f5da,1885ca000,6385750,10:43:59,458,66,198,252,0,95,5,15,5,13,10,0,0
87393,SwComposite,138751206273024,390619,104355664,360.0,38639560079735,5953,5f5db,1885cb000,6385750,10:43:59,459,66,198,252,0,95,5,15,5,13,11,0,0
87393,SwComposite,138751206277120,390620,104355664,361.0,38639560084273,5953,5f5dc,1885cc000,6385750,10:43:59,460,66,198,252,0,95,5,15,5,13,12,0,0
87393,SwComposite,138751206281216,390621,104355664,362.0,38639560091170,5953,5f5dd,1885cd000,6385750,10:43:59,461,66,198,252,0,95,5,15,5,13,13,0,0
87393,SwComposite,138751206285312,390622,104355664,363.0,38639560096029,5953,5f5de,1885ce000,6385750,10:43:59,462,66,198,252,0,95,5,15,5,13,14,0,0
87393,SwComposite,138751206289408,390623,104355664,364.0,38639560101420,5953,5f5df,1885cf000,6385750,10:43:59,463,66,198,252,0,95,5,15,5,13,15,0,0
87393,SwComposite,138751206297600,308129,104355664,366.0,38639560110456,5953,4b3a1,1885d1000,6385750,10:43:59,465,66,198,252,0,75,4,11,3,10,1,0,0
87393,SwComposite,138751206301696,308130,104355664,367.0,38639560115094,5953,4b3a2,1885d2000,6385750,10:43:59,466,66,198,252,0,75,4,11,3,10,2,0,0
87393,SwComposite,138751206305792,308131,104355664,368.0,38639560119843,5953,4b3a3,1885d3000,6385750,10:43:59,467,66,198,252,0,75,4,11,3,10,3,0,0
87393,SwComposite,138751206309888,308132,104355664,369.0,38639560124662,5953,4b3a4,1885d4000,6385750,10:43:59,468,66,198,252,0,75,4,11,3,10,4,0,0
87393,SwComposite,138751206313984,308133,104355664,370.0,38639560129160,5953,4b3a5,1885d5000,6385750,10:43:59,469,66,198,252,0,75,4,11,3,10,5,0,0
87393,SwComposite,138751206318080,308134,104355664,371.0,38639560133888,5953,4b3a6,1885d6000,6385750,10:43:59,470,66,198,252,0,75,4,11,3,10,6,0,0
87393,SwComposite,138751206322176,308135,104355664,372.0,38639560139440,5953,4b3a7,1885d7000,6385750,10:43:59,471,66,198,252,0,75,4,11,3,10,7,0,0
87393,SwComposite,138751206326272,268232,104355664,373.0,38639560144219,5953,417c8,1885d8000,6385750,10:43:59,472,66,198,252,0,65,4,1,7,12,8,0,0
87393,SwComposite,138751206330368,268233,104355664,374.0,38639560149249,5953,417c9,1885d9000,6385750,10:43:59,473,66,198,252,0,65,4,1,7,12,9,0,0
87393,SwComposite,138751206334464,268234,104355664,375.0,38639560154108,5953,417ca,1885da000,6385750,10:43:59,474,66,198,252,0,65,4,1,7,12,10,0,0
87393,SwComposite,138751206338560,268235,104355664,376.0,38639560159087,5953,417cb,1885db000,6385750,10:43:59,475,66,198,252,0,65,4,1,7,12,11,0,0
87393,SwComposite,138751206342656,268236,104355664,377.0,38639560166326,5953,417cc,1885dc000,6385750,10:43:59,476,66,198,252,0,65,4,1,7,12,12,0,0
87393,SwComposite,138751206346752,268237,104355664,378.0,38639560172008,5953,417cd,1885dd000,6385750,10:43:59,477,66,198,252,0,65,4,1,7,12,13,0,0
87393,SwComposite,138751206350848,268238,104355664,379.0,38639560176978,5953,417ce,1885de000,6385750,10:43:59,478,66,198,252,0,65,4,1,7,12,14,0,0
87393,SwComposite,138751206354944,268239,104355664,380.0,38639560182068,5953,417cf,1885df000,6385750,10:43:59,479,66,198,252,0,65,4,1,7,12,15,0,0
87393,SwComposite,138751206363136,268217,104355664,382.0,38639560191134,5953,417b9,1885e1000,6385750,10:43:59,481,66,198,252,0,65,4,1,7,11,9,0,0
87393,SwComposite,138751206367232,268218,104355664,383.0,38639560196655,5953,417ba,1885e2000,6385750,10:43:59,482,66,198,252,0,65,4,1,7,11,10,0,0
87393,SwComposite,138751206371328,268219,104355664,384.0,38639560201786,5953,417bb,1885e3000,6385750,10:43:59,483,66,198,252,0,65,4,1,7,11,11,0,0
87393,SwComposite,138751206375424,268220,104355664,385.0,38639560206575,5953,417bc,1885e4000,6385750,10:43:59,484,66,198,252,0,65,4,1,7,11,12,0,0
87393,SwComposite,138751206379520,268221,104355664,386.0,38639560211173,5953,417bd,1885e5000,6385750,10:43:59,485,66,198,252,0,65,4,1,7,11,13,0,0
87393,SwComposite,138751206383616,268222,104355664,387.0,38639560215921,5953,417be,1885e6000,6385750,10:43:59,486,66,198,252,0,65,4,1,7,11,14,0,0
87393,SwComposite,138751206387712,268223,104355664,388.0,38639560221021,5953,417bf,1885e7000,6385750,10:43:59,487,66,198,252,0,65,4,1,7,11,15,0,0
87393,SwComposite,138751206391808,294768,104355664,389.0,38639560225931,5953,47f70,1885e8000,6385750,10:43:59,488,66,198,252,0,71,4,7,15,7,0,0,0
87393,SwComposite,138751206395904,294769,104355664,390.0,38639560230740,5953,47f71,1885e9000,6385750,10:43:59,489,66,198,252,0,71,4,7,15,7,1,0,0
87393,SwComposite,138751206400000,294770,104355664,391.0,38639560235509,5953,47f72,1885ea000,6385750,10:43:59,490,66,198,252,0,71,4,7,15,7,2,0,0
87393,SwComposite,138751206404096,294771,104355664,392.0,38639560242787,5953,47f73,1885eb000,6385750,10:43:59,491,66,198,252,0,71,4,7,15,7,3,0,0
87393,SwComposite,138751206408192,294772,104355664,393.0,38639560247717,5953,47f74,1885ec000,6385750,10:43:59,492,66,198,252,0,71,4,7,15,7,4,0,0
87393,SwComposite,138751206412288,294773,104355664,394.0,38639560252766,5953,47f75,1885ed000,6385750,10:43:59,493,66,198,252,0,71,4,7,15,7,5,0,0
87393,SwComposite,138751206416384,294774,104355664,395.0,38639560257776,5953,47f76,1885ee000,6385750,10:43:59,494,66,198,252,0,71,4,7,15,7,6,0,0
87393,SwComposite,138751206420480,294775,104355664,396.0,38639560263459,5953,47f77,1885ef000,6385750,10:43:59,495,66,198,252,0,71,4,7,15,7,7,0,0
87393,SwComposite,138751206428672,213793,104355664,398.0,38639560272745,5953,34321,1885f1000,6385750,10:43:59,497,66,198,252,0,52,3,4,3,2,1,0,0
87393,SwComposite,138751206432768,213794,104355664,399.0,38639560277534,5953,34322,1885f2000,6385750,10:43:59,498,66,198,252,0,52,3,4,3,2,2,0,0
87393,SwComposite,138751206436864,213795,104355664,400.0,38639560282614,5953,34323,1885f3000,6385750,10:43:59,499,66,198,252,0,52,3,4,3,2,3,0,0
87393,SwComposite,138751206440960,213796,104355664,401.0,38639560287574,5953,34324,1885f4000,6385750,10:43:59,500,66,198,252,0,52,3,4,3,2,4,0,0
87393,SwComposite,138751206445056,213797,104355664,402.0,38639560292654,5954,34325,1885f5000,6385750,10:43:59,501,66,198,252,0,52,3,4,3,2,5,0,0
87393,SwComposite,138751206449152,213798,104355664,403.0,38639560297362,5954,34326,1885f6000,6385750,10:43:59,502,66,198,252,0,52,3,4,3,2,6,0,0
87393,SwComposite,138751206453248,213799,104355664,404.0,38639560302191,5954,34327,1885f7000,6385750,10:43:59,503,66,198,252,0,52,3,4,3,2,7,0,0
87393,SwComposite,138751206457344,658984,104355664,405.0,38639560306749,5954,a0e28,1885f8000,6385750,10:43:59,504,66,198,252,0,160,10,0,14,2,8,0,0
87393,SwComposite,138751206461440,658985,104355664,406.0,38639560311277,5954,a0e29,1885f9000,6385750,10:43:59,505,66,198,252,0,160,10,0,14,2,9,0,0
87393,SwComposite,138751206465536,658986,104355664,407.0,38639560318174,5954,a0e2a,1885fa000,6385750,10:43:59,506,66,198,252,0,160,10,0,14,2,10,0,0
87393,SwComposite,138751206469632,658987,104355664,408.0,38639560322822,5954,a0e2b,1885fb000,6385750,10:43:59,507,66,198,252,0,160,10,0,14,2,11,0,0
87393,SwComposite,138751206473728,658988,104355664,409.0,38639560327481,5954,a0e2c,1885fc000,6385750,10:43:59,508,66,198,252,0,160,10,0,14,2,12,0,0
87393,SwComposite,138751206477824,658989,104355664,410.0,38639560332159,5954,a0e2d,1885fd000,6385750,10:43:59,509,66,198,252,0,160,10,0,14,2,13,0,0
87393,SwComposite,138751206481920,658990,104355664,411.0,38639560336767,5954,a0e2e,1885fe000,6385750,10:43:59,510,66,198,252,0,160,10,0,14,2,14,0,0
87393,SwComposite,138751206486016,658991,104355664,412.0,38639560341817,5954,a0e2f,1885ff000,6385750,10:43:59,511,66,198,252,0,160,10,0,14,2,15,0,0
87393,SwComposite,138751206494208,330929,104355664,414.0,38639560353072,5954,50cb1,188601000,6385750,10:43:59,1,67,198,252,0,80,5,0,12,11,1,0,0
87393,SwComposite,138751206498304,330930,104355664,415.0,38639560357700,5954,50cb2,188602000,6385750,10:43:59,2,67,198,252,0,80,5,0,12,11,2,0,0
87393,SwComposite,138751206502400,330931,104355664,416.0,38639560361957,5954,50cb3,188603000,6385750,10:43:59,3,67,198,252,0,80,5,0,12,11,3,0,0
87393,SwComposite,138751206506496,330932,104355664,417.0,38639560366254,5954,50cb4,188604000,6385750,10:43:59,4,67,198,252,0,80,5,0,12,11,4,0,0
87393,SwComposite,138751206510592,330933,104355664,418.0,38639560370631,5954,50cb5,188605000,6385750,10:43:59,5,67,198,252,0,80,5,0,12,11,5,0,0
87393,SwComposite,138751206514688,330934,104355664,419.0,38639560375048,5954,50cb6,188606000,6385750,10:43:59,6,67,198,252,0,80,5,0,12,11,6,0,0
87393,SwComposite,138751206518784,330935,104355664,420.0,38639560379847,5954,50cb7,188607000,6385750,10:43:59,7,67,198,252,0,80,5,0,12,11,7,0,0
87393,SwComposite,138751206522880,627288,104355664,421.0,38639560384475,5954,99258,188608000,6385750,10:43:59,8,67,198,252,0,153,9,9,2,5,8,0,0
87393,SwComposite,138751206526976,627289,104355664,422.0,38639560391373,5954,99259,188609000,6385750,10:43:59,9,67,198,252,0,153,9,9,2,5,9,0,0
87393,SwComposite,138751206531072,627290,104355664,423.0,38639560395870,5954,9925a,18860a000,6385750,10:43:59,10,67,198,252,0,153,9,9,2,5,10,0,0
87393,SwComposite,138751206535168,627291,104355664,424.0,38639560400488,5954,9925b,18860b000,6385750,10:43:59,11,67,198,252,0,153,9,9,2,5,11,0,0
87393,SwComposite,138751206539264,627292,104355664,425.0,38639560405207,5954,9925c,18860c000,6385750,10:43:59,12,67,198,252,0,153,9,9,2,5,12,0,0
87393,SwComposite,138751206543360,627293,104355664,426.0,38639560409885,5954,9925d,18860d000,6385750,10:43:59,13,67,198,252,0,153,9,9,2,5,13,0,0
87393,SwComposite,138751206547456,627294,104355664,427.0,38639560414474,5954,9925e,18860e000,6385750,10:43:59,14,67,198,252,0,153,9,9,2,5,14,0,0
87393,SwComposite,138751206551552,627295,104355664,428.0,38639560419554,5954,9925f,18860f000,6385750,10:43:59,15,67,198,252,0,153,9,9,2,5,15,0,0
87393,SwComposite,138751206559744,468033,104355664,430.0,38639560428027,5954,72441,188611000,6385750,10:43:59,17,67,198,252,0,114,7,2,4,4,1,0,0
87393,SwComposite,138751206563840,468034,104355664,431.0,38639560432585,5954,72442,188612000,6385750,10:43:59,18,67,198,252,0,114,7,2,4,4,2,0,0
87393,SwComposite,138751206567936,468035,104355664,432.0,38639560436912,5954,72443,188613000,6385750,10:43:59,19,67,198,252,0,114,7,2,4,4,3,0,0
87393,SwComposite,138751206572032,468036,104355664,433.0,38639560441229,5954,72444,188614000,6385750,10:43:59,20,67,198,252,0,114,7,2,4,4,4,0,0
87393,SwComposite,138751206576128,468037,104355664,434.0,38639560445626,5954,72445,188615000,6385750,10:43:59,21,67,198,252,0,114,7,2,4,4,5,0,0
87393,SwComposite,138751206580224,468038,104355664,435.0,38639560449993,5954,72446,188616000,6385750,10:43:59,22,67,198,252,0,114,7,2,4,4,6,0,0
87393,SwComposite,138751206584320,468039,104355664,436.0,38639560455334,5954,72447,188617000,6385750,10:43:59,23,67,198,252,0,114,7,2,4,4,7,0,0
87393,SwComposite,138751206588416,229288,104355664,437.0,38639560462683,5954,37fa8,188618000,6385750,10:43:59,24,67,198,252,0,55,3,7,15,10,8,0,0
87393,SwComposite,138751206592512,229289,104355664,438.0,38639560467382,5954,37fa9,188619000,6385750,10:43:59,25,67,198,252,0,55,3,7,15,10,9,0,0
87393,SwComposite,138751206596608,229290,104355664,439.0,38639560472090,5954,37faa,18861a000,6385750,10:43:59,26,67,198,252,0,55,3,7,15,10,10,0,0
87393,SwComposite,138751206600704,229291,104355664,440.0,38639560476799,5954,37fab,18861b000,6385750,10:43:59,27,67,198,252,0,55,3,7,15,10,11,0,0
87393,SwComposite,138751206604800,229292,104355664,441.0,38639560481869,5954,37fac,18861c000,6385750,10:43:59,28,67,198,252,0,55,3,7,15,10,12,0,0
87393,SwComposite,138751206608896,229293,104355664,442.0,38639560486798,5954,37fad,18861d000,6385750,10:43:59,29,67,198,252,0,55,3,7,15,10,13,0,0
87393,SwComposite,138751206612992,229294,104355664,443.0,38639560491838,5954,37fae,18861e000,6385750,10:43:59,30,67,198,252,0,55,3,7,15,10,14,0,0
87393,SwComposite,138751206617088,229295,104355664,444.0,38639560496707,5954,37faf,18861f000,6385750,10:43:59,31,67,198,252,0,55,3,7,15,10,15,0,0
87393,SwComposite,138751206625280,571705,104355664,446.0,38639560505482,5954,8b939,188621000,6385750,10:43:59,33,67,198,252,0,139,8,11,9,3,9,0,0
87393,SwComposite,138751206629376,571706,104355664,447.0,38639560510602,5954,8b93a,188622000,6385750,10:43:59,34,67,198,252,0,139,8,11,9,3,10,0,0
87393,SwComposite,138751206633472,571707,104355664,448.0,38639560515170,5954,8b93b,188623000,6385750,10:43:59,35,67,198,252,0,139,8,11,9,3,11,0,0
87393,SwComposite,138751206637568,571708,104355664,449.0,38639560519557,5954,8b93c,188624000,6385750,10:43:59,36,67,198,252,0,139,8,11,9,3,12,0,0
87393,SwComposite,138751206641664,571709,104355664,450.0,38639560524065,5954,8b93d,188625000,6385750,10:43:59,37,67,198,252,0,139,8,11,9,3,13,0,0
87393,SwComposite,138751206645760,571710,104355664,451.0,38639560528402,5954,8b93e,188626000,6385750,10:43:59,38,67,198,252,0,139,8,11,9,3,14,0,0
87393,SwComposite,138751206649856,571711,104355664,452.0,38639560535651,5954,8b93f,188627000,6385750,10:43:59,39,67,198,252,0,139,8,11,9,3,15,0,0
87393,SwComposite,138751206653952,738216,104355664,453.0,38639560540420,5954,b43a8,188628000,6385750,10:43:59,40,67,198,252,0,180,11,4,3,10,8,0,0
87393,SwComposite,138751206658048,738217,104355664,454.0,38639560545088,5954,b43a9,188629000,6385750,10:43:59,41,67,198,252,0,180,11,4,3,10,9,0,0
87393,SwComposite,138751206662144,738218,104355664,455.0,38639560549556,5954,b43aa,18862a000,6385750,10:43:59,42,67,198,252,0,180,11,4,3,10,10,0,0
87393,SwComposite,138751206666240,738219,104355664,456.0,38639560554264,5954,b43ab,18862b000,6385750,10:43:59,43,67,198,252,0,180,11,4,3,10,11,0,0
87393,SwComposite,138751206670336,738220,104355664,457.0,38639560558913,5954,b43ac,18862c000,6385750,10:43:59,44,67,198,252,0,180,11,4,3,10,12,0,0
87393,SwComposite,138751206674432,738221,104355664,458.0,38639560563491,5954,b43ad,18862d000,6385750,10:43:59,45,67,198,252,0,180,11,4,3,10,13,0,0
87393,SwComposite,138751206678528,738222,104355664,459.0,38639560568380,5954,b43ae,18862e000,6385750,10:43:59,46,67,198,252,0,180,11,4,3,10,14,0,0
87393,SwComposite,138751206682624,738223,104355664,460.0,38639560573470,5954,b43af,18862f000,6385750,10:43:59,47,67,198,252,0,180,11,4,3,10,15,0,0
87393,SwComposite,138751206690816,880569,104355664,462.0,38639560582164,5954,d6fb9,188631000,6385750,10:43:59,49,67,198,252,0,214,13,6,15,11,9,0,0
87393,SwComposite,138751206694912,880570,104355664,463.0,38639560586692,5954,d6fba,188632000,6385750,10:43:59,50,67,198,252,0,214,13,6,15,11,10,0,0
87393,SwComposite,138751206699008,880571,104355664,464.0,38639560590919,5954,d6fbb,188633000,6385750,10:43:59,51,67,198,252,0,214,13,6,15,11,11,0,0
87393,SwComposite,138751206703104,880572,104355664,465.0,38639560595366,5954,d6fbc,188634000,6385750,10:43:59,52,67,198,252,0,214,13,6,15,11,12,0,0
87393,SwComposite,138751206707200,880573,104355664,466.0,38639560599693,5954,d6fbd,188635000,6385750,10:43:59,53,67,198,252,0,214,13,6,15,11,13,0,0
87393,SwComposite,138751206711296,880574,104355664,467.0,38639560606721,5954,d6fbe,188636000,6385750,10:43:59,54,67,198,252,0,214,13,6,15,11,14,0,0
87393,SwComposite,138751206715392,880575,104355664,468.0,38639560611590,5954,d6fbf,188637000,6385750,10:43:59,55,67,198,252,0,214,13,6,15,11,15,0,0
87393,SwComposite,138751206719488,251800,104355664,469.0,38639560616439,5954,3d798,188638000,6385750,10:43:59,56,67,198,252,0,61,3,13,7,9,8,0,0
87393,SwComposite,138751206723584,251801,104355664,470.0,38639560621278,5954,3d799,188639000,6385750,10:43:59,57,67,198,252,0,61,3,13,7,9,9,0,0
87393,SwComposite,138751206727680,251802,104355664,471.0,38639560626308,5954,3d79a,18863a000,6385750,10:43:59,58,67,198,252,0,61,3,13,7,9,10,0,0
87393,SwComposite,138751206731776,251803,104355664,472.0,38639560631880,5954,3d79b,18863b000,6385750,10:43:59,59,67,198,252,0,61,3,13,7,9,11,0,0
87393,SwComposite,138751206735872,251804,104355664,473.0,38639560636498,5954,3d79c,18863c000,6385750,10:43:59,60,67,198,252,0,61,3,13,7,9,12,0,0
87393,SwComposite,138751206739968,251805,104355664,474.0,38639560641568,5954,3d79d,18863d000,6385750,10:43:59,61,67,198,252,0,61,3,13,7,9,13,0,0
87393,SwComposite,138751206744064,251806,104355664,475.0,38639560646498,5954,3d79e,18863e000,6385750,10:43:59,62,67,198,252,0,61,3,13,7,9,14,0,0
87393,SwComposite,138751206748160,251807,104355664,476.0,38639560651899,5954,3d79f,18863f000,6385750,10:43:59,63,67,198,252,0,61,3,13,7,9,15,0,0
87393,SwComposite,138751206756352,866377,104355664,478.0,38639560660432,5954,d3849,188641000,6385750,10:43:59,65,67,198,252,0,211,13,3,8,4,9,0,0
87393,SwComposite,138751206760448,866378,104355664,479.0,38639560664770,5954,d384a,188642000,6385750,10:43:59,66,67,198,252,0,211,13,3,8,4,10,0,0
87393,SwComposite,138751206764544,866379,104355664,480.0,38639560669277,5954,d384b,188643000,6385750,10:43:59,67,67,198,252,0,211,13,3,8,4,11,0,0
87393,SwComposite,138751206768640,866380,104355664,481.0,38639560673936,5954,d384c,188644000,6385750,10:43:59,68,67,198,252,0,211,13,3,8,4,12,0,0
87393,SwComposite,138751206772736,866381,104355664,482.0,38639560680682,5954,d384d,188645000,6385750,10:43:59,69,67,198,252,0,211,13,3,8,4,13,0,0
87393,SwComposite,138751206776832,866382,104355664,483.0,38639560685210,5954,d384e,188646000,6385750,10:43:59,70,67,198,252,0,211,13,3,8,4,14,0,0
87393,SwComposite,138751206780928,866383,104355664,484.0,38639560690129,5954,d384f,188647000,6385750,10:43:59,71,67,198,252,0,211,13,3,8,4,15,0,0
87393,SwComposite,138751206785024,825328,104355664,485.0,38639560694537,5954,c97f0,188648000,6385750,10:43:59,72,67,198,252,0,201,12,9,7,15,0,0,0
87393,SwComposite,138751206789120,825329,104355664,486.0,38639560698944,5954,c97f1,188649000,6385750,10:43:59,73,67,198,252,0,201,12,9,7,15,1,0,0
87393,SwComposite,138751206793216,825330,104355664,487.0,38639560703382,5954,c97f2,18864a000,6385750,10:43:59,74,67,198,252,0,201,12,9,7,15,2,0,0
87393,SwComposite,138751206797312,825331,104355664,488.0,38639560708140,5954,c97f3,18864b000,6385750,10:43:59,75,67,198,252,0,201,12,9,7,15,3,0,0
87393,SwComposite,138751206801408,825332,104355664,489.0,38639560712698,5954,c97f4,18864c000,6385750,10:43:59,76,67,198,252,0,201,12,9,7,15,4,0,0
87393,SwComposite,138751206805504,825333,104355664,490.0,38639560717136,5954,c97f5,18864d000,6385750,10:43:59,77,67,198,252,0,201,12,9,7,15,5,0,0
87393,SwComposite,138751206809600,825334,104355664,491.0,38639560721644,5954,c97f6,18864e000,6385750,10:43:59,78,67,198,252,0,201,12,9,7,15,6,0,0
87393,SwComposite,138751206813696,825335,104355664,492.0,38639560727125,5954,c97f7,18864f000,6385750,10:43:59,79,67,198,252,0,201,12,9,7,15,7,0,0
87393,SwComposite,138751206821888,244313,104355664,494.0,38639560736673,5954,3ba59,188651000,6385750,10:43:59,81,67,198,252,0,59,3,11,10,5,9,0,0
87393,SwComposite,138751206825984,244314,104355664,495.0,38639560741311,5954,3ba5a,188652000,6385750,10:43:59,82,67,198,252,0,59,3,11,10,5,10,0,0
87393,SwComposite,138751206830080,244315,104355664,496.0,38639560745879,5954,3ba5b,188653000,6385750,10:43:59,83,67,198,252,0,59,3,11,10,5,11,0,0
87393,SwComposite,138751206834176,244316,104355664,497.0,38639560753178,5954,3ba5c,188654000,6385750,10:43:59,84,67,198,252,0,59,3,11,10,5,12,0,0
87393,SwComposite,138751206838272,244317,104355664,498.0,38639560758669,5954,3ba5d,188655000,6385750,10:43:59,85,67,198,252,0,59,3,11,10,5,13,0,0
87393,SwComposite,138751206842368,244318,104355664,499.0,38639560763699,5954,3ba5e,188656000,6385750,10:43:59,86,67,198,252,0,59,3,11,10,5,14,0,0
87393,SwComposite,138751206846464,244319,104355664,500.0,38639560768699,5954,3ba5f,188657000,6385750,10:43:59,87,67,198,252,0,59,3,11,10,5,15,0,0
87393,SwComposite,138751206850560,233976,104355664,501.0,38639560774070,5954,391f8,188658000,6385750,10:43:59,88,67,198,252,0,57,3,9,1,15,8,0,0
87393,SwComposite,138751206854656,233977,104355664,502.0,38639560779010,5954,391f9,188659000,6385750,10:43:59,89,67,198,252,0,57,3,9,1,15,9,0,0
87393,SwComposite,138751206858752,233978,104355664,503.0,38639560784461,5954,391fa,18865a000,6385750,10:43:59,90,67,198,252,0,57,3,9,1,15,10,0,0
87393,SwComposite,138751206862848,233979,104355664,504.0,38639560789933,5954,391fb,18865b000,6385750,10:43:59,91,67,198,252,0,57,3,9,1,15,11,0,0
87393,SwComposite,138751206866944,233980,104355664,505.0,38639560794962,5954,391fc,18865c000,6385750,10:43:59,92,67,198,252,0,57,3,9,1,15,12,0,0
87393,SwComposite,138751206871040,233981,104355664,506.0,38639560800123,5954,391fd,18865d000,6385750,10:43:59,93,67,198,252,0,57,3,9,1,15,13,0,0
87393,SwComposite,138751206875136,233982,104355664,507.0,38639560805263,5954,391fe,18865e000,6385750,10:43:59,94,67,198,252,0,57,3,9,1,15,14,0,0
87393,SwComposite,138751206879232,233983,104355664,508.0,38639560810463,5954,391ff,18865f000,6385750,10:43:59,95,67,198,252,0,57,3,9,1,15,15,0,0
87393,SwComposite,138751206887424,285889,104355664,510.0,38639560819620,5954,45cc1,188661000,6385750,10:43:59,97,67,198,252,0,69,4,5,12,12,1,0,0
87393,SwComposite,138751206891520,285890,104355664,511.0,38639560824529,5954,45cc2,188662000,6385750,10:43:59,98,67,198,252,0,69,4,5,12,12,2,0,0
87393,SwComposite,138751206895616,285891,104355664,512.0,38639560831998,5954,45cc3,188663000,6385750,10:43:59,99,67,198,252,0,69,4,5,12,12,3,0,0
87393,SwComposite,138751206899712,285892,104355664,513.0,38639560837088,5954,45cc4,188664000,6385750,10:43:59,100,67,198,252,0,69,4,5,12,12,4,0,0
87393,SwComposite,138751206903808,285893,104355664,514.0,38639560842038,5954,45cc5,188665000,6385750,10:43:59,101,67,198,252,0,69,4,5,12,12,5,0,0
87393,SwComposite,138751206907904,285894,104355664,515.0,38639560846827,5954,45cc6,188666000,6385750,10:43:59,102,67,198,252,0,69,4,5,12,12,6,0,0
87393,SwComposite,138751206912000,285895,104355664,516.0,38639560851465,5954,45cc7,188667000,6385750,10:43:59,103,67,198,252,0,69,4,5,12,12,7,0,0
87393,SwComposite,138751206916096,665304,104355664,517.0,38639560855993,5954,a26d8,188668000,6385750,10:43:59,104,67,198,252,0,162,10,2,6,13,8,0,0
87393,SwComposite,138751206920192,665305,104355664,518.0,38639560860501,5954,a26d9,188669000,6385750,10:43:59,105,67,198,252,0,162,10,2,6,13,9,0,0
87393,SwComposite,138751206924288,665306,104355664,519.0,38639560865129,5954,a26da,18866a000,6385750,10:43:59,106,67,198,252,0,162,10,2,6,13,10,0,0
87393,SwComposite,138751206928384,665307,104355664,520.0,38639560869928,5954,a26db,18866b000,6385750,10:43:59,107,67,198,252,0,162,10,2,6,13,11,0,0
87393,SwComposite,138751206932480,665308,104355664,521.0,38639560874506,5954,a26dc,18866c000,6385750,10:43:59,108,67,198,252,0,162,10,2,6,13,12,0,0
87393,SwComposite,138751206936576,665309,104355664,522.0,38639560879114,5954,a26dd,18866d000,6385750,10:43:59,109,67,198,252,0,162,10,2,6,13,13,0,0
87393,SwComposite,138751206940672,665310,104355664,523.0,38639560883792,5954,a26de,18866e000,6385750,10:43:59,110,67,198,252,0,162,10,2,6,13,14,0,0
87393,SwComposite,138751206944768,665311,104355664,524.0,38639560888782,5954,a26df,18866f000,6385750,10:43:59,111,67,198,252,0,162,10,2,6,13,15,0,0
87393,SwComposite,138751206952960,831769,104355664,526.0,38639560897095,5954,cb119,188671000,6385750,10:43:59,113,67,198,252,0,203,12,11,1,1,9,0,0
87393,SwComposite,138751206957056,831770,104355664,527.0,38639560903962,5954,cb11a,188672000,6385750,10:43:59,114,67,198,252,0,203,12,11,1,1,10,0,0
87393,SwComposite,138751206961152,831771,104355664,528.0,38639560908510,5954,cb11b,188673000,6385750,10:43:59,115,67,198,252,0,203,12,11,1,1,11,0,0
87393,SwComposite,138751206965248,831772,104355664,529.0,38639560913038,5954,cb11c,188674000,6385750,10:43:59,116,67,198,252,0,203,12,11,1,1,12,0,0
87393,SwComposite,138751206969344,831773,104355664,530.0,38639560917816,5954,cb11d,188675000,6385750,10:43:59,117,67,198,252,0,203,12,11,1,1,13,0,0
87393,SwComposite,138751206973440,831774,104355664,531.0,38639560922374,5954,cb11e,188676000,6385750,10:43:59,118,67,198,252,0,203,12,11,1,1,14,0,0
87393,SwComposite,138751206977536,831775,104355664,532.0,38639560927223,5954,cb11f,188677000,6385750,10:43:59,119,67,198,252,0,203,12,11,1,1,15,0,0
87393,SwComposite,138751206981632,820808,104355664,533.0,38639560931591,5954,c8648,188678000,6385750,10:43:59,120,67,198,252,0,200,12,8,6,4,8,0,0
87393,SwComposite,138751206985728,820809,104355664,534.0,38639560936219,5954,c8649,188679000,6385750,10:43:59,121,67,198,252,0,200,12,8,6,4,9,0,0
87393,SwComposite,138751206989824,820810,104355664,535.0,38639560940807,5954,c864a,18867a000,6385750,10:43:59,122,67,198,252,0,200,12,8,6,4,10,0,0
87393,SwComposite,138751206993920,820811,104355664,536.0,38639560945365,5954,c864b,18867b000,6385750,10:43:59,123,67,198,252,0,200,12,8,6,4,11,0,0
87393,SwComposite,138751206998016,820812,104355664,537.0,38639560949863,5954,c864c,18867c000,6385750,10:43:59,124,67,198,252,0,200,12,8,6,4,12,0,0
87393,SwComposite,138751207002112,820813,104355664,538.0,38639560954340,5954,c864d,18867d000,6385750,10:43:59,125,67,198,252,0,200,12,8,6,4,13,0,0
87393,SwComposite,138751207006208,820814,104355664,539.0,38639560958798,5954,c864e,18867e000,6385750,10:43:59,126,67,198,252,0,200,12,8,6,4,14,0,0
87393,SwComposite,138751207010304,820815,104355664,540.0,38639561130615,5954,c864f,18867f000,6385750,10:43:59,127,67,198,252,0,200,12,8,6,4,15,0,0
87393,SwComposite,138751207018496,626601,104355664,542.0,38639561144128,5954,98fa9,188681000,6385750,10:43:59,129,67,198,252,0,152,9,8,15,10,9,0,0
87393,SwComposite,138751207022592,626602,104355664,543.0,38639561148525,5954,98faa,188682000,6385750,10:43:59,130,67,198,252,0,152,9,8,15,10,10,0,0
87393,SwComposite,138751207026688,626603,104355664,544.0,38639561152752,5954,98fab,188683000,6385750,10:43:59,131,67,198,252,0,152,9,8,15,10,11,0,0
87393,SwComposite,138751207030784,626604,104355664,545.0,38639561157189,5954,98fac,188684000,6385750,10:43:59,132,67,198,252,0,152,9,8,15,10,12,0,0
87393,SwComposite,138751207034880,626605,104355664,546.0,38639561161627,5954,98fad,188685000,6385750,10:43:59,133,67,198,252,0,152,9,8,15,10,13,0,0
90448,SwComposite,136349245399040,502043,633255892,15.0,38660395781533,978,7a91b,248566000,25beb7d4,10:44:20,358,66,9,248,0,122,7,10,9,1,11,0,0
90448,SwComposite,136349245415424,502043,633255892,15.0,38660395796575,978,7a91b,24856a000,25beb7d4,10:44:20,362,66,9,248,0,122,7,10,9,1,11,0,0
90448,SwComposite,136349245452288,502054,633255892,29.0,38660395807656,978,7a926,248573000,25beb7d4,10:44:20,371,66,9,248,0,122,7,10,9,2,6,0,0
90448,SwComposite,136349245468672,502054,633255892,29.0,38660395815458,978,7a926,248577000,25beb7d4,10:44:20,375,66,9,248,0,122,7,10,9,2,6,0,0
90448,SwComposite,136349245485056,502054,633255892,29.0,38660395822858,978,7a926,24857b000,25beb7d4,10:44:20,379,66,9,248,0,122,7,10,9,2,6,0,0
90448,SwComposite,136349245505536,502066,633255892,45.0,38660395837088,978,7a932,248580000,25beb7d4,10:44:20,384,66,9,248,0,122,7,10,9,3,2,0,0
90448,SwComposite,136349245521920,502066,633255892,45.0,38660395844710,978,7a932,248584000,25beb7d4,10:44:20,388,66,9,248,0,122,7,10,9,3,2,0,0
90448,SwComposite,136349245538304,502066,633255892,45.0,38660395852933,978,7a932,248588000,25beb7d4,10:44:20,392,66,9,248,0,122,7,10,9,3,2,0,0
90448,SwComposite,136349245558784,502066,633255892,45.0,38660395862339,978,7a932,24858d000,25beb7d4,10:44:20,397,66,9,248,0,122,7,10,9,3,2,0,0
90448,SwComposite,136349245575168,502076,633255892,57.0,38660395869890,978,7a93c,248591000,25beb7d4,10:44:20,401,66,9,248,0,122,7,10,9,3,12,0,0
90448,SwComposite,136349245591552,502076,633255892,57.0,38660395877080,978,7a93c,248595000,25beb7d4,10:44:20,405,66,9,248,0,122,7,10,9,3,12,0,0
90448,SwComposite,136349245612032,502076,633255892,57.0,38660395885123,978,7a93c,24859a000,25beb7d4,10:44:20,410,66,9,248,0,122,7,10,9,3,12,0,0
90448,SwComposite,136349245620224,502076,633255892,57.0,38660395890458,978,7a93c,24859c000,25beb7d4,10:44:20,412,66,9,248,0,122,7,10,9,3,12,0,0
90448,SwComposite,136349245624320,425339,633255892,58.0,38660395895201,978,67d7b,24859d000,25beb7d4,10:44:20,413,66,9,248,0,103,6,7,13,7,11,0,0
90448,SwComposite,136349245628416,425371,633255892,59.0,38660395899794,978,67d9b,24859e000,25beb7d4,10:44:20,414,66,9,248,0,103,6,7,13,9,11,0,0
90448,SwComposite,136349245632512,425381,633255892,60.0,38660395904668,978,67da5,24859f000,25beb7d4,10:44:20,415,66,9,248,0,103,6,7,13,10,5,0,0
90448,SwComposite,136349245640704,425688,633255892,62.0,38660395913833,978,67ed8,2485a1000,25beb7d4,10:44:20,417,66,9,248,0,103,6,7,14,13,8,0,0
90448,SwComposite,136349245644800,425722,633255892,63.0,38660395918687,978,67efa,2485a2000,25beb7d4,10:44:20,418,66,9,248,0,103,6,7,14,15,10,0,0
90448,SwComposite,136349245648896,427314,633255892,64.0,38660395923531,978,68532,2485a3000,25beb7d4,10:44:20,419,66,9,248,0,104,6,8,5,3,2,0,0
90448,SwComposite,136349245652992,427319,633255892,65.0,38660395930971,978,68537,2485a4000,25beb7d4,10:44:20,420,66,9,248,0,104,6,8,5,3,7,0,0
90448,SwComposite,136349245657088,426919,633255892,66.0,38660395935454,978,683a7,2485a5000,25beb7d4,10:44:20,421,66,9,248,0,104,6,8,3,10,7,0,0
90448,SwComposite,136349245661184,426920,633255892,67.0,38660395939947,978,683a8,2485a6000,25beb7d4,10:44:20,422,66,9,248,0,104,6,8,3,10,8,0,0
90448,SwComposite,136349245665280,426927,633255892,68.0,38660395945221,978,683af,2485a7000,25beb7d4,10:44:20,423,66,9,248,0,104,6,8,3,10,15,0,0
90448,SwComposite,136349245669376,426935,633255892,69.0,38660395950065,978,683b7,2485a8000,25beb7d4,10:44:20,424,66,9,248,0,104,6,8,3,11,7,0,0
90448,SwComposite,136349245673472,426040,633255892,70.0,38660395954698,978,68038,2485a9000,25beb7d4,10:44:20,425,66,9,248,0,104,6,8,0,3,8,0,0
90448,SwComposite,136349245677568,426076,633255892,71.0,38660395959872,978,6805c,2485aa000,25beb7d4,10:44:20,426,66,9,248,0,104,6,8,0,5,12,0,0
90448,SwComposite,136349245681664,426079,633255892,72.0,38660395965268,978,6805f,2485ab000,25beb7d4,10:44:20,427,66,9,248,0,104,6,8,0,5,15,0,0
90448,SwComposite,136349245685760,442882,633255892,73.0,38660395970552,978,6c202,2485ac000,25beb7d4,10:44:20,428,66,9,248,0,108,6,12,2,0,2,0,0
90448,SwComposite,136349245689856,443147,633255892,74.0,38660395975536,978,6c30b,2485ad000,25beb7d4,10:44:20,429,66,9,248,0,108,6,12,3,0,11,0,0
90448,SwComposite,136349245693952,440927,633255892,75.0,38660395980169,978,6ba5f,2485ae000,25beb7d4,10:44:20,430,66,9,248,0,107,6,11,10,5,15,0,0
90448,SwComposite,136349245698048,440929,633255892,76.0,38660395985143,978,6ba61,2485af000,25beb7d4,10:44:20,431,66,9,248,0,107,6,11,10,6,1,0,0
90448,SwComposite,136349245706240,441000,633255892,78.0,38660395994279,978,6baa8,2485b1000,25beb7d4,10:44:20,433,66,9,248,0,107,6,11,10,10,8,0,0
90448,SwComposite,136349245710336,441305,633255892,79.0,38660395998661,978,6bbd9,2485b2000,25beb7d4,10:44:20,434,66,9,248,0,107,6,11,11,13,9,0,0
90448,SwComposite,136349245714432,441306,633255892,80.0,38660396006814,978,6bbda,2485b3000,25beb7d4,10:44:20,435,66,9,248,0,107,6,11,11,13,10,0,0
90448,SwComposite,136349245718528,440606,633255892,81.0,38660396012039,978,6b91e,2485b4000,25beb7d4,10:44:20,436,66,9,248,0,107,6,11,9,1,14,0,0
90448,SwComposite,136349245722624,441820,633255892,82.0,38660396018116,978,6bddc,2485b5000,25beb7d4,10:44:20,437,66,9,248,0,107,6,11,13,13,12,0,0
90448,SwComposite,136349245726720,442010,633255892,83.0,38660396025406,978,6be9a,2485b6000,25beb7d4,10:44:20,438,66,9,248,0,107,6,11,14,9,10,0,0
90448,SwComposite,136349245730816,442013,633255892,84.0,38660396032205,978,6be9d,2485b7000,25beb7d4,10:44:20,439,66,9,248,0,107,6,11,14,9,13,0,0
90448,SwComposite,136349245734912,442014,633255892,85.0,38660396038001,978,6be9e,2485b8000,25beb7d4,10:44:20,440,66,9,248,0,107,6,11,14,9,14,0,0
90448,SwComposite,136349245739008,441448,633255892,86.0,38660396045753,978,6bc68,2485b9000,25beb7d4,10:44:20,441,66,9,248,0,107,6,11,12,6,8,0,0
90448,SwComposite,136349245743104,441452,633255892,87.0,38660396051780,978,6bc6c,2485ba000,25beb7d4,10:44:20,442,66,9,248,0,107,6,11,12,6,12,0,0
90448,SwComposite,136349245747200,441634,633255892,88.0,38660396066050,978,6bd22,2485bb000,25beb7d4,10:44:20,443,66,9,248,0,107,6,11,13,2,2,0,0
90448,SwComposite,136349245751296,442728,633255892,89.0,38660396071565,978,6c168,2485bc000,25beb7d4,10:44:20,444,66,9,248,0,108,6,12,1,6,8,0,0
90448,SwComposite,136349245755392,442880,633255892,90.0,38660396077261,978,6c200,2485bd000,25beb7d4,10:44:20,445,66,9,248,0,108,6,12,2,0,0,0,0
90448,SwComposite,136349245759488,703942,633255892,91.0,38660396085164,978,abdc6,2485be000,25beb7d4,10:44:20,446,66,9,248,0,171,10,11,13,12,6,0,0
90448,SwComposite,136349245763584,703990,633255892,92.0,38660396091531,978,abdf6,2485bf000,25beb7d4,10:44:20,447,66,9,248,0,171,10,11,13,15,6,0,0
90448,SwComposite,136349245767680,502077,633255892,109.0,38660396097558,978,7a93d,2485c0000,25beb7d4,10:44:20,448,66,9,248,0,122,7,10,9,3,13,0,0
90448,SwComposite,136349245771776,502077,633255892,109.0,38660396102522,978,7a93d,2485c1000,25beb7d4,10:44:20,449,66,9,248,0,122,7,10,9,3,13,0,0
90448,SwComposite,136349245775872,502077,633255892,109.0,38660396110043,978,7a93d,2485c2000,25beb7d4,10:44:20,450,66,9,248,0,122,7,10,9,3,13,0,0
90448,SwComposite,136349245779968,502077,633255892,109.0,38660396114616,978,7a93d,2485c3000,25beb7d4,10:44:20,451,66,9,248,0,122,7,10,9,3,13,0,0
90448,SwComposite,136349245784064,502077,633255892,109.0,38660396119259,978,7a93d,2485c4000,25beb7d4,10:44:20,452,66,9,248,0,122,7,10,9,3,13,0,0
90448,SwComposite,136349245788160,502077,633255892,109.0,38660396123772,978,7a93d,2485c5000,25beb7d4,10:44:20,453,66,9,248,0,122,7,10,9,3,13,0,0
90448,SwComposite,136349245792256,502077,633255892,109.0,38660396128395,978,7a93d,2485c6000,25beb7d4,10:44:20,454,66,9,248,0,122,7,10,9,3,13,0,0
90448,SwComposite,136349245796352,502077,633255892,109.0,38660396132978,978,7a93d,2485c7000,25beb7d4,10:44:20,455,66,9,248,0,122,7,10,9,3,13,0,0
90448,SwComposite,136349245800448,502077,633255892,109.0,38660396164957,978,7a93d,2485c8000,25beb7d4,10:44:20,456,66,9,248,0,122,7,10,9,3,13,0,0
90448,SwComposite,136349245804544,502077,633255892,109.0,38660396170703,978,7a93d,2485c9000,25beb7d4,10:44:20,457,66,9,248,0,122,7,10,9,3,13,0,0
90448,SwComposite,136349245808640,502077,633255892,109.0,38660396175677,978,7a93d,2485ca000,25beb7d4,10:44:20,458,66,9,248,0,122,7,10,9,3,13,0,0
90448,SwComposite,136349245812736,502077,633255892,109.0,38660396180481,978,7a93d,2485cb000,25beb7d4,10:44:20,459,66,9,248,0,122,7,10,9,3,13,0,0
90448,SwComposite,136349245816832,502077,633255892,109.0,38660396185154,978,7a93d,2485cc000,25beb7d4,10:44:20,460,66,9,248,0,122,7,10,9,3,13,0,0
90448,SwComposite,136349245820928,502077,633255892,109.0,38660396189947,978,7a93d,2485cd000,25beb7d4,10:44:20,461,66,9,248,0,122,7,10,9,3,13,0,0
90448,SwComposite,136349245825024,502077,633255892,109.0,38660396194660,978,7a93d,2485ce000,25beb7d4,10:44:20,462,66,9,248,0,122,7,10,9,3,13,0,0
90448,SwComposite,136349245837312,502078,633255892,110.0,38660396200758,978,7a93e,2485d1000,25beb7d4,10:44:20,465,66,9,248,0,122,7,10,9,3,14,0,0
90448,SwComposite,136349245841408,704288,633255892,111.0,38660396206052,978,abf20,2485d2000,25beb7d4,10:44:20,466,66,9,248,0,171,10,11,15,2,0,0,0
90448,SwComposite,136349245845504,702062,633255892,112.0,38660396213985,978,ab66e,2485d3000,25beb7d4,10:44:20,467,66,9,248,0,171,10,11,6,6,14,0,0
90448,SwComposite,136349245849600,702067,633255892,113.0,38660396218788,978,ab673,2485d4000,25beb7d4,10:44:20,468,66,9,248,0,171,10,11,6,7,3,0,0
90448,SwComposite,136349245853696,702104,633255892,114.0,38660396223401,978,ab698,2485d5000,25beb7d4,10:44:20,469,66,9,248,0,171,10,11,6,9,8,0,0
90448,SwComposite,136349245857792,702107,633255892,115.0,38660396228455,978,ab69b,2485d6000,25beb7d4,10:44:20,470,66,9,248,0,171,10,11,6,9,11,0,0
90448,SwComposite,136349245861888,702150,633255892,116.0,38660396233209,978,ab6c6,2485d7000,25beb7d4,10:44:20,471,66,9,248,0,171,10,11,6,12,6,0,0
90448,SwComposite,136349245865984,704961,633255892,117.0,38660396238132,978,ac1c1,2485d8000,25beb7d4,10:44:20,472,66,9,248,0,172,10,12,1,12,1,0,0
90448,SwComposite,136349245870080,702045,633255892,118.0,38660396242825,978,ab65d,2485d9000,25beb7d4,10:44:20,473,66,9,248,0,171,10,11,6,5,13,0,0
90448,SwComposite,136349245874176,705381,633255892,119.0,38660396247509,978,ac365,2485da000,25beb7d4,10:44:20,474,66,9,248,0,172,10,12,3,6,5,0,0
90448,SwComposite,136349245878272,705385,633255892,120.0,38660396252232,978,ac369,2485db000,25beb7d4,10:44:20,475,66,9,248,0,172,10,12,3,6,9,0,0
90448,SwComposite,136349245882368,705295,633255892,121.0,38660396257356,978,ac30f,2485dc000,25beb7d4,10:44:20,476,66,9,248,0,172,10,12,3,0,15,0,0
90448,SwComposite,136349245886464,705378,633255892,122.0,38660396262290,978,ac362,2485dd000,25beb7d4,10:44:20,477,66,9,248,0,172,10,12,3,6,2,0,0
90448,SwComposite,136349245890560,705244,633255892,123.0,38660396267083,978,ac2dc,2485de000,25beb7d4,10:44:20,478,66,9,248,0,172,10,12,2,13,12,0,0
90448,SwComposite,136349245894656,705247,633255892,124.0,38660396271967,978,ac2df,2485df000,25beb7d4,10:44:20,479,66,9,248,0,172,10,12,2,13,15,0,0
90448,SwComposite,136349245902848,705286,633255892,126.0,38660396280611,978,ac306,2485e1000,25beb7d4,10:44:20,481,66,9,248,0,172,10,12,3,0,6,0,0
90448,SwComposite,136349245906944,705280,633255892,127.0,38660396290680,978,ac300,2485e2000,25beb7d4,10:44:20,482,66,9,248,0,172,10,12,3,0,0,0,0
90448,SwComposite,136349245911040,705201,633255892,128.0,38660396295283,978,ac2b1,2485e3000,25beb7d4,10:44:20,483,66,9,248,0,172,10,12,2,11,1,0,0
90448,SwComposite,136349245915136,702156,633255892,129.0,38660396299855,978,ab6cc,2485e4000,25beb7d4,10:44:20,484,66,9,248,0,171,10,11,6,12,12,0,0
90448,SwComposite,136349245919232,702100,633255892,130.0,38660396304518,978,ab694,2485e5000,25beb7d4,10:44:20,485,66,9,248,0,171,10,11,6,9,4,0,0
90448,SwComposite,136349245923328,704297,633255892,131.0,38660396309141,978,abf29,2485e6000,25beb7d4,10:44:20,486,66,9,248,0,171,10,11,15,2,9,0,0
90448,SwComposite,136349245927424,705005,633255892,132.0,38660396313905,978,ac1ed,2485e7000,25beb7d4,10:44:20,487,66,9,248,0,172,10,12,1,14,13,0,0
90448,SwComposite,136349245931520,704965,633255892,133.0,38660396318457,978,ac1c5,2485e8000,25beb7d4,10:44:20,488,66,9,248,0,172,10,12,1,12,5,0,0
90448,SwComposite,136349245935616,704913,633255892,134.0,38660396323271,978,ac191,2485e9000,25beb7d4,10:44:20,489,66,9,248,0,172,10,12,1,9,1,0,0
90448,SwComposite,136349245939712,703754,633255892,135.0,38660396327814,978,abd0a,2485ea000,25beb7d4,10:44:20,490,66,9,248,0,171,10,11,13,0,10,0,0
90448,SwComposite,136349245943808,703873,633255892,136.0,38660396332467,978,abd81,2485eb000,25beb7d4,10:44:20,491,66,9,248,0,171,10,11,13,8,1,0,0
90448,SwComposite,136349245947904,703977,633255892,137.0,38660396337150,978,abde9,2485ec000,25beb7d4,10:44:20,492,66,9,248,0,171,10,11,13,14,9,0,0
90448,SwComposite,136349245952000,703885,633255892,138.0,38660401979154,984,abd8d,2485ed000,25beb7d4,10:44:20,493,66,9,248,0,171,10,11,13,8,13,0,0
90448,SwComposite,136349245956096,443901,633255892,139.0,38660402008135,984,6c5fd,2485ee000,25beb7d4,10:44:20,494,66,9,248,0,108,6,12,5,15,13,0,0
90448,SwComposite,136349245960192,441445,633255892,140.0,38660402014162,984,6bc65,2485ef000,25beb7d4,10:44:20,495,66,9,248,0,107,6,11,12,6,5,0,0
90448,SwComposite,136349245968384,440940,633255892,142.0,38660402028221,984,6ba6c,2485f1000,25beb7d4,10:44:20,497,66,9,248,0,107,6,11,10,6,12,0,0
90448,SwComposite,136349245972480,426928,633255892,143.0,38660402033305,984,683b0,2485f2000,25beb7d4,10:44:20,498,66,9,248,0,104,6,8,3,11,0,0,0
90448,SwComposite,136349245976576,428389,633255892,144.0,38660402038039,984,68965,2485f3000,25beb7d4,10:44:20,499,66,9,248,0,104,6,8,9,6,5,0,0
90448,SwComposite,136349245980672,428857,633255892,145.0,38660402042722,984,68b39,2485f4000,25beb7d4,10:44:20,500,66,9,248,0,104,6,8,11,3,9,0,0
90448,SwComposite,136349245984768,668819,633255892,146.0,38660402047605,984,a3493,2485f5000,25beb7d4,10:44:20,501,66,9,248,0,163,10,3,4,9,3,0,0
90448,SwComposite,136349245988864,668827,633255892,147.0,38660402053683,984,a349b,2485f6000,25beb7d4,10:44:20,502,66,9,248,0,163,10,3,4,9,11,0,0
90448,SwComposite,136349245992960,877860,633255892,148.0,38660402058586,984,d6524,2485f7000,25beb7d4,10:44:20,503,66,9,248,0,214,13,6,5,2,4,0,0
90448,SwComposite,136349245997056,877862,633255892,149.0,38660402063671,984,d6526,2485f8000,25beb7d4,10:44:20,504,66,9,248,0,214,13,6,5,2,6,0,0
90448,SwComposite,136349246001152,367562,633255892,150.0,38660402068444,984,59bca,2485f9000,25beb7d4,10:44:20,505,66,9,248,0,89,5,9,11,12,10,0,0
90448,SwComposite,136349246005248,625906,633255892,151.0,38660402073438,984,98cf2,2485fa000,25beb7d4,10:44:20,506,66,9,248,0,152,9,8,12,15,2,0,0
90448,SwComposite,136349246009344,876447,633255892,152.0,38660402078161,984,d5f9f,2485fb000,25beb7d4,10:44:20,507,66,9,248,0,213,13,5,15,9,15,0,0
90448,SwComposite,136349246013440,737215,633255892,153.0,38660402107142,984,b3fbf,2485fc000,25beb7d4,10:44:20,508,66,9,248,0,179,11,3,15,11,15,0,0
90448,SwComposite,136349246017536,380814,633255892,154.0,38660402112427,984,5cf8e,2485fd000,25beb7d4,10:44:20,509,66,9,248,0,92,5,12,15,8,14,0,0
90448,SwComposite,136349246021632,824154,633255892,155.0,38660402117351,984,c935a,2485fe000,25beb7d4,10:44:20,510,66,9,248,0,201,12,9,3,5,10,0,0
90448,SwComposite,136349246025728,770642,633255892,156.0,38660402122255,984,bc252,2485ff000,25beb7d4,10:44:20,511,66,9,248,0,188,11,12,2,5,2,0,0
90448,SwComposite,136349246033920,263270,633255892,158.0,38660402136094,984,40466,248601000,25beb7d4,10:44:20,1,67,9,248,0,64,4,0,4,6,6,0,0
90448,SwComposite,136349246038016,692187,633255892,159.0,38660402140716,984,a8fdb,248602000,25beb7d4,10:44:20,2,67,9,248,0,168,10,8,15,13,11,0,0
90448,SwComposite,136349246042112,276436,633255892,160.0,38660402145490,984,437d4,248603000,25beb7d4,10:44:20,3,67,9,248,0,67,4,3,7,13,4,0,0
90448,SwComposite,136349246046208,843931,633255892,161.0,38660402150163,984,ce09b,248604000,25beb7d4,10:44:20,4,67,9,248,0,206,12,14,0,9,11,0,0
90448,SwComposite,136349246050304,834787,633255892,162.0,38660402154816,984,cbce3,248605000,25beb7d4,10:44:20,5,67,9,248,0,203,12,11,12,14,3,0,0
90448,SwComposite,136349246054400,335975,633255892,163.0,38660402159369,984,52067,248606000,25beb7d4,10:44:20,6,67,9,248,0,82,5,2,0,6,7,0,0
90448,SwComposite,136349246058496,421506,633255892,164.0,38660402164032,984,66e82,248607000,25beb7d4,10:44:20,7,67,9,248,0,102,6,6,14,8,2,0,0
90448,SwComposite,136349246062592,846402,633255892,165.0,38660402168765,984,cea42,248608000,25beb7d4,10:44:20,8,67,9,248,0,206,12,14,10,4,2,0,0
90448,SwComposite,136349246066688,884046,633255892,166.0,38660402175323,984,d7d4e,248609000,25beb7d4,10:44:20,9,67,9,248,0,215,13,7,13,4,14,0,0
90448,SwComposite,136349246070784,884045,633255892,167.0,38660402180217,984,d7d4d,24860a000,25beb7d4,10:44:20,10,67,9,248,0,215,13,7,13,4,13,0,0
90448,SwComposite,136349246074880,379513,633255892,168.0,38660402185041,984,5ca79,24860b000,25beb7d4,10:44:20,11,67,9,248,0,92,5,12,10,7,9,0,0
90448,SwComposite,136349246078976,832927,633255892,169.0,38660402190015,984,cb59f,24860c000,25beb7d4,10:44:20,12,67,9,248,0,203,12,11,5,9,15,0,0
90448,SwComposite,136349246083072,328989,633255892,170.0,38660402194608,984,5051d,24860d000,25beb7d4,10:44:20,13,67,9,248,0,80,5,0,5,1,13,0,0
90448,SwComposite,136349246087168,446735,633255892,171.0,38660402199802,984,6d10f,24860e000,25beb7d4,10:44:20,14,67,9,248,0,109,6,13,1,0,15,0,0
90448,SwComposite,136349246091264,868751,633255892,172.0,38660402207153,984,d418f,24860f000,25beb7d4,10:44:20,15,67,9,248,0,212,13,4,1,8,15,0,0
90448,SwComposite,136349246099456,626739,633255892,174.0,38660402217702,984,99033,248611000,25beb7d4,10:44:20,17,67,9,248,0,153,9,9,0,3,3,0,0
90448,SwComposite,136349246103552,627522,633255892,175.0,38660402222165,984,99342,248612000,25beb7d4,10:44:20,18,67,9,248,0,153,9,9,3,4,2,0,0
90448,SwComposite,136349246107648,378647,633255892,176.0,38660402226808,984,5c717,248613000,25beb7d4,10:44:20,19,67,9,248,0,92,5,12,7,1,7,0,0
90448,SwComposite,136349246111744,677945,633255892,177.0,38660402231872,984,a5839,248614000,25beb7d4,10:44:20,20,67,9,248,0,165,10,5,8,3,9,0,0
90448,SwComposite,136349246115840,761860,633255892,178.0,38660402236465,984,ba004,248615000,25beb7d4,10:44:20,21,67,9,248,0,186,11,10,0,0,4,0,0
90448,SwComposite,136349246119936,356307,633255892,179.0,38660402240987,984,56fd3,248616000,25beb7d4,10:44:20,22,67,9,248,0,86,5,6,15,13,3,0,0
90448,SwComposite,136349246124032,636182,633255892,180.0,38660402245992,984,9b516,248617000,25beb7d4,10:44:20,23,67,9,248,0,155,9,11,5,1,6,0,0
90448,SwComposite,136349246128128,802394,633255892,181.0,38660402250685,984,c3e5a,248618000,25beb7d4,10:44:20,24,67,9,248,0,195,12,3,14,5,10,0,0
90448,SwComposite,136349246132224,884350,633255892,182.0,38660402255428,984,d7e7e,248619000,25beb7d4,10:44:20,25,67,9,248,0,215,13,7,14,7,14,0,0
90448,SwComposite,136349246136320,278503,633255892,183.0,38660402259951,984,43fe7,24861a000,25beb7d4,10:44:20,26,67,9,248,0,67,4,3,15,14,7,0,0
90448,SwComposite,136349246140416,382799,633255892,184.0,38660402264654,984,5d74f,24861b000,25beb7d4,10:44:20,27,67,9,248,0,93,5,13,7,4,15,0,0
90448,SwComposite,136349246144512,736050,633255892,185.0,38660402269487,984,b3b32,24861c000,25beb7d4,10:44:20,28,67,9,248,0,179,11,3,11,3,2,0,0
90448,SwComposite,136349246148608,465088,633255892,186.0,38660402274351,984,718c0,24861d000,25beb7d4,10:44:20,29,67,9,248,0,113,7,1,8,12,0,0,0
90448,SwComposite,136349246152704,303111,633255892,187.0,38660402281611,984,4a007,24861e000,25beb7d4,10:44:20,30,67,9,248,0,74,4,10,0,0,7,0,0
90448,SwComposite,136349246156800,377834,633255892,188.0,38660402286565,984,5c3ea,24861f000,25beb7d4,10:44:20,31,67,9,248,0,92,5,12,3,14,10,0,0
90448,SwComposite,136349246164992,321829,633255892,190.0,38660402295641,984,4e925,248621000,25beb7d4,10:44:20,33,67,9,248,0,78,4,14,9,2,5,0,0
90448,SwComposite,136349246169088,454249,633255892,191.0,38660402302169,984,6ee69,248622000,25beb7d4,10:44:20,34,67,9,248,0,110,6,14,14,6,9,0,0
90448,SwComposite,136349246173184,581940,633255892,192.0,38660402306912,984,8e134,248623000,25beb7d4,10:44:20,35,67,9,248,0,142,8,14,1,3,4,0,0
90448,SwComposite,136349246177280,284385,633255892,193.0,38660402311575,984,456e1,248624000,25beb7d4,10:44:20,36,67,9,248,0,69,4,5,6,14,1,0,0
90448,SwComposite,136349246181376,361969,633255892,194.0,38660402316188,984,585f1,248625000,25beb7d4,10:44:20,37,67,9,248,0,88,5,8,5,15,1,0,0
90448,SwComposite,136349246185472,688405,633255892,195.0,38660402320821,984,a8115,248626000,25beb7d4,10:44:20,38,67,9,248,0,168,10,8,1,1,5,0,0
90448,SwComposite,136349246189568,442633,633255892,196.0,38660402325524,984,6c109,248627000,25beb7d4,10:44:20,39,67,9,248,0,108,6,12,1,0,9,0,0
90448,SwComposite,136349246193664,236328,633255892,197.0,38660402330198,984,39b28,248628000,25beb7d4,10:44:20,40,67,9,248,0,57,3,9,11,2,8,0,0
90448,SwComposite,136349246197760,319913,633255892,198.0,38660402334971,984,4e1a9,248629000,25beb7d4,10:44:20,41,67,9,248,0,78,4,14,1,10,9,0,0
90448,SwComposite,136349246201856,797796,633255892,199.0,38660402340296,984,c2c64,24862a000,25beb7d4,10:44:20,42,67,9,248,0,194,12,2,12,6,4,0,0
90448,SwComposite,136349246205952,241060,633255892,200.0,38660402345280,984,3ada4,24862b000,25beb7d4,10:44:20,43,67,9,248,0,58,3,10,13,10,4,0,0
90448,SwComposite,136349246210048,434773,633255892,201.0,38660402350113,984,6a255,24862c000,25beb7d4,10:44:20,44,67,9,248,0,106,6,10,2,5,5,0,0
90448,SwComposite,136349246214144,242533,633255892,202.0,38660402357855,984,3b365,24862d000,25beb7d4,10:44:20,45,67,9,248,0,59,3,11,3,6,5,0,0
90448,SwComposite,136349246218240,900097,633255892,203.0,38660402363020,984,dbc01,24862e000,25beb7d4,10:44:20,46,67,9,248,0,219,13,11,12,0,1,0,0
90448,SwComposite,136349246222336,403357,633255892,204.0,38660402367893,984,6279d,24862f000,25beb7d4,10:44:20,47,67,9,248,0,98,6,2,7,9,13,0,0
90448,SwComposite,136349246230528,299437,633255892,206.0,38660402376497,984,491ad,248631000,25beb7d4,10:44:20,49,67,9,248,0,73,4,9,1,10,13,0,0
90448,SwComposite,136349246234624,353993,633255892,207.0,38660402381291,985,566c9,248632000,25beb7d4,10:44:20,50,67,9,248,0,86,5,6,6,12,9,0,0
90448,SwComposite,136349246238720,834913,633255892,208.0,38660402385833,985,cbd61,248633000,25beb7d4,10:44:20,51,67,9,248,0,203,12,11,13,6,1,0,0
90448,SwComposite,136349246242816,269069,633255892,209.0,38660402390426,985,41b0d,248634000,25beb7d4,10:44:20,52,67,9,248,0,65,4,1,11,0,13,0,0
90448,SwComposite,136349246246912,857565,633255892,210.0,38660402394889,985,d15dd,248635000,25beb7d4,10:44:20,53,67,9,248,0,209,13,1,5,13,13,0,0
90448,SwComposite,136349246251008,237375,633255892,211.0,38660402399612,985,39f3f,248636000,25beb7d4,10:44:20,54,67,9,248,0,57,3,9,15,3,15,0,0
90448,SwComposite,136349246255104,433641,633255892,212.0,38660402404355,985,69de9,248637000,25beb7d4,10:44:20,55,67,9,248,0,105,6,9,13,14,9,0,0
90448,SwComposite,136349246259200,871097,633255892,213.0,38660402409179,985,d4ab9,248638000,25beb7d4,10:44:20,56,67,9,248,0,212,13,4,10,11,9,0,0
90448,SwComposite,136349246263296,235701,633255892,214.0,38660402413902,985,398b5,248639000,25beb7d4,10:44:20,57,67,9,248,0,57,3,9,8,11,5,0,0
90448,SwComposite,136349246267392,251817,633255892,215.0,38660402418716,985,3d7a9,24863a000,25beb7d4,10:44:20,58,67,9,248,0,61,3,13,7,10,9,0,0
90448,SwComposite,136349246271488,827293,633255892,216.0,38660402423489,985,c9f9d,24863b000,25beb7d4,10:44:20,59,67,9,248,0,201,12,9,15,9,13,0,0
90448,SwComposite,136349246275584,247801,633255892,217.0,38660402430709,985,3c7f9,24863c000,25beb7d4,10:44:20,60,67,9,248,0,60,3,12,7,15,9,0,0
90448,SwComposite,136349246279680,831741,633255892,218.0,38660402435643,985,cb0fd,24863d000,25beb7d4,10:44:20,61,67,9,248,0,203,12,11,0,15,13,0,0
90448,SwComposite,136349246283776,309229,633255892,219.0,38660402440607,985,4b7ed,24863e000,25beb7d4,10:44:20,62,67,9,248,0,75,4,11,7,14,13,0,0
90448,SwComposite,136349246287872,290780,633255892,220.0,38660402445651,985,46fdc,24863f000,25beb7d4,10:44:20,63,67,9,248,0,70,4,6,15,13,12,0,0
90448,SwComposite,136349246296064,875227,633255892,222.0,38660402454817,985,d5adb,248641000,25beb7d4,10:44:20,65,67,9,248,0,213,13,5,10,13,11,0,0
90448,SwComposite,136349246300160,359776,633255892,223.0,38660402459299,985,57d60,248642000,25beb7d4,10:44:20,66,67,9,248,0,87,5,7,13,6,0,0,0
90448,SwComposite,136349246304256,851332,633255892,224.0,38660402463772,985,cfd84,248643000,25beb7d4,10:44:20,67,67,9,248,0,207,12,15,13,8,4,0,0
90448,SwComposite,136349246308352,851324,633255892,225.0,38660402468365,985,cfd7c,248644000,25beb7d4,10:44:20,68,67,9,248,0,207,12,15,13,7,12,0,0
90448,SwComposite,136349246312448,382289,633255892,226.0,38660402473158,985,5d551,248645000,25beb7d4,10:44:20,69,67,9,248,0,93,5,13,5,5,1,0,0
90448,SwComposite,136349246316544,298105,633255892,227.0,38660402477912,985,48c79,248646000,25beb7d4,10:44:20,70,67,9,248,0,72,4,8,12,7,9,0,0
90448,SwComposite,136349246320640,273065,633255892,228.0,38660402482785,985,42aa9,248647000,25beb7d4,10:44:20,71,67,9,248,0,66,4,2,10,10,9,0,0
90448,SwComposite,136349246324736,371635,633255892,229.0,38660402487679,985,5abb3,248648000,25beb7d4,10:44:20,72,67,9,248,0,90,5,10,11,11,3,0,0
90448,SwComposite,136349246328832,236476,633255892,230.0,38660402492202,985,39bbc,248649000,25beb7d4,10:44:20,73,67,9,248,0,57,3,9,11,11,12,0,0
90448,SwComposite,136349246332928,436110,633255892,231.0,38660402497296,985,6a78e,24864a000,25beb7d4,10:44:20,74,67,9,248,0,106,6,10,7,8,14,0,0
90448,SwComposite,136349246337024,440819,633255892,232.0,38660402504857,985,6b9f3,24864b000,25beb7d4,10:44:20,75,67,9,248,0,107,6,11,9,15,3,0,0
90448,SwComposite,136349246341120,439916,633255892,233.0,38660402509731,985,6b66c,24864c000,25beb7d4,10:44:20,76,67,9,248,0,107,6,11,6,6,12,0,0
90448,SwComposite,136349246345216,429194,633255892,234.0,38660402514574,985,68c8a,24864d000,25beb7d4,10:44:20,77,67,9,248,0,104,6,8,12,8,10,0,0
90448,SwComposite,136349246349312,233884,633255892,235.0,38660402519638,985,3919c,24864e000,25beb7d4,10:44:20,78,67,9,248,0,57,3,9,1,9,12,0,0
90448,SwComposite,136349246353408,233881,633255892,236.0,38660402524422,985,39199,24864f000,25beb7d4,10:44:20,79,67,9,248,0,57,3,9,1,9,9,0,0
90448,SwComposite,136349246361600,858081,633255892,238.0,38660402533377,985,d17e1,248651000,25beb7d4,10:44:20,81,67,9,248,0,209,13,1,7,14,1,0,0
90448,SwComposite,136349246365696,308609,633255892,239.0,38660402537860,985,4b581,248652000,25beb7d4,10:44:20,82,67,9,248,0,75,4,11,5,8,1,0,0
90448,SwComposite,136349246369792,302268,633255892,240.0,38660402542703,985,49cbc,248653000,25beb7d4,10:44:20,83,67,9,248,0,73,4,9,12,11,12,0,0
90448,SwComposite,136349246373888,308222,633255892,241.0,38660402572998,985,4b3fe,248654000,25beb7d4,10:44:20,84,67,9,248,0,75,4,11,3,15,14,0,0
90448,SwComposite,136349246377984,307706,633255892,242.0,38660402579637,985,4b1fa,248655000,25beb7d4,10:44:20,85,67,9,248,0,75,4,11,1,15,10,0,0
90448,SwComposite,136349246382080,307705,633255892,243.0,38660402584741,985,4b1f9,248656000,25beb7d4,10:44:20,86,67,9,248,0,75,4,11,1,15,9,0,0
90448,SwComposite,136349246386176,424940,633255892,244.0,38660402589835,985,67bec,248657000,25beb7d4,10:44:20,87,67,9,248,0,103,6,7,11,14,12,0,0
90448,SwComposite,136349246390272,424177,633255892,245.0,38660402594468,985,678f1,248658000,25beb7d4,10:44:20,88,67,9,248,0,103,6,7,8,15,1,0,0
90448,SwComposite,136349246394368,706487,633255892,246.0,38660402599462,985,ac7b7,248659000,25beb7d4,10:44:20,89,67,9,248,0,172,10,12,7,11,7,0,0
90448,SwComposite,136349246398464,707041,633255892,247.0,38660402607053,985,ac9e1,24865a000,25beb7d4,10:44:20,90,67,9,248,0,172,10,12,9,14,1,0,0
90448,SwComposite,136349246402560,706110,633255892,248.0,38660402611827,985,ac63e,24865b000,25beb7d4,10:44:20,91,67,9,248,0,172,10,12,6,3,14,0,0
90448,SwComposite,136349246406656,706158,633255892,249.0,38660402616751,985,ac66e,24865c000,25beb7d4,10:44:20,92,67,9,248,0,172,10,12,6,6,14,0,0
90448,SwComposite,136349246410752,706180,633255892,250.0,38660402621624,985,ac684,24865d000,25beb7d4,10:44:20,93,67,9,248,0,172,10,12,6,8,4,0,0
90448,SwComposite,136349246414848,706187,633255892,251.0,38660402626398,985,ac68b,24865e000,25beb7d4,10:44:20,94,67,9,248,0,172,10,12,6,8,11,0,0
90448,SwComposite,136349246418944,706210,633255892,252.0,38660402631081,985,ac6a2,24865f000,25beb7d4,10:44:20,95,67,9,248,0,172,10,12,6,10,2,0,0
90448,SwComposite,136349246427136,877908,633255892,254.0,38660402639535,985,d6554,248661000,25beb7d4,10:44:20,97,67,9,248,0,214,13,6,5,5,4,0,0
90448,SwComposite,136349246431232,877910,633255892,255.0,38660402644789,985,d6556,248662000,25beb7d4,10:44:20,98,67,9,248,0,214,13,6,5,5,6,0,0
90448,SwComposite,136349246435328,877915,633255892,256.0,38660402649372,985,d655b,248663000,25beb7d4,10:44:20,99,67,9,248,0,214,13,6,5,5,11,0,0
90448,SwComposite,136349246439424,877917,633255892,257.0,38660402653734,985,d655d,248664000,25beb7d4,10:44:20,100,67,9,248,0,214,13,6,5,5,13,0,0
90263,Renderer,136349248118784,398218,633255892,667.0,38660404506077,2155,6138a,2487fe000,25beb7d4,10:44:20,510,67,9,248,0,97,6,1,3,8,10,0,0
90263,Renderer,136349248122880,398041,633255892,668.0,38660404518161,2155,612d9,2487ff000,25beb7d4,10:44:20,511,67,9,248,0,97,6,1,2,13,9,0,0
90263,Renderer,136349248131072,397977,633255892,670.0,38660404529443,2155,61299,248801000,25beb7d4,10:44:20,1,68,9,248,0,97,6,1,2,9,9,0,0
90263,Renderer,136349248135168,345530,633255892,671.0,38660404533966,2155,545ba,248802000,25beb7d4,10:44:20,2,68,9,248,0,84,5,4,5,11,10,0,0
90263,Renderer,136349248139264,245560,633255892,672.0,38660404538669,2155,3bf38,248803000,25beb7d4,10:44:20,3,68,9,248,0,59,3,11,15,3,8,0,0
90263,Renderer,136349248143360,245764,633255892,673.0,38660404543913,2155,3c004,248804000,25beb7d4,10:44:20,4,68,9,248,0,60,3,12,0,0,4,0,0
90263,Renderer,136349248147456,245831,633255892,674.0,38660404550853,2155,3c047,248805000,25beb7d4,10:44:20,5,68,9,248,0,60,3,12,0,4,7,0,0
90263,Renderer,136349248151552,245778,633255892,675.0,38660404555075,2155,3c012,248806000,25beb7d4,10:44:20,6,68,9,248,0,60,3,12,0,1,2,0,0
90263,Renderer,136349248155648,245854,633255892,676.0,38660404559347,2155,3c05e,248807000,25beb7d4,10:44:20,7,68,9,248,0,60,3,12,0,5,14,0,0
90263,Renderer,136349248159744,246862,633255892,677.0,38660404563859,2155,3c44e,248808000,25beb7d4,10:44:20,8,68,9,248,0,60,3,12,4,4,14,0,0
90263,Renderer,136349248163840,246738,633255892,678.0,38660404568151,2155,3c3d2,248809000,25beb7d4,10:44:20,9,68,9,248,0,60,3,12,3,13,2,0,0
90263,Renderer,136349248167936,246686,633255892,679.0,38660404572514,2155,3c39e,24880a000,25beb7d4,10:44:20,10,68,9,248,0,60,3,12,3,9,14,0,0
90263,Renderer,136349248172032,246683,633255892,680.0,38660404577076,2155,3c39b,24880b000,25beb7d4,10:44:20,11,68,9,248,0,60,3,12,3,9,11,0,0
90263,Renderer,136349248176128,247983,633255892,681.0,38660404581659,2155,3c8af,24880c000,25beb7d4,10:44:20,12,68,9,248,0,60,3,12,8,10,15,0,0
90263,Renderer,136349248180224,262170,633255892,682.0,38660404586192,2155,4001a,24880d000,25beb7d4,10:44:20,13,68,9,248,0,64,4,0,0,1,10,0,0
90263,Renderer,136349248184320,404078,633255892,683.0,38660404590815,2155,62a6e,24880e000,25beb7d4,10:44:20,14,68,9,248,0,98,6,2,10,6,14,0,0
90263,Renderer,136349248188416,404930,633255892,684.0,38660404595267,2155,62dc2,24880f000,25beb7d4,10:44:20,15,68,9,248,0,98,6,2,13,12,2,0,0
90263,Renderer,136349248196608,560387,633255892,686.0,38660404603390,2155,88d03,248811000,25beb7d4,10:44:20,17,68,9,248,0,136,8,8,13,0,3,0,0
90263,Renderer,136349248200704,628218,633255892,687.0,38660404607492,2155,995fa,248812000,25beb7d4,10:44:20,18,68,9,248,0,153,9,9,5,15,10,0,0
90263,Renderer,136349248204800,561308,633255892,688.0,38660404611764,2155,8909c,248813000,25beb7d4,10:44:20,19,68,9,248,0,137,8,9,0,9,12,0,0
90263,Renderer,136349248208896,438678,633255892,689.0,38660404618693,2155,6b196,248814000,25beb7d4,10:44:20,20,68,9,248,0,107,6,11,1,9,6,0,0
90263,Renderer,136349248212992,739294,633255892,690.0,38660404623196,2155,b47de,248815000,25beb7d4,10:44:20,21,68,9,248,0,180,11,4,7,13,14,0,0
90263,Renderer,136349248217088,272757,633255892,691.0,38660404628129,2155,42975,248816000,25beb7d4,10:44:20,22,68,9,248,0,66,4,2,9,7,5,0,0
90263,Renderer,136349248221184,402362,633255892,692.0,38660404632411,2155,623ba,248817000,25beb7d4,10:44:20,23,68,9,248,0,98,6,2,3,11,10,0,0
90263,Renderer,136349248225280,127287,633255892,693.0,38660404637014,2155,1f137,248818000,25beb7d4,10:44:20,24,68,9,248,0,31,1,15,1,3,7,0,0
90263,Renderer,136349248229376,730064,633255892,694.0,38660404641447,2155,b23d0,248819000,25beb7d4,10:44:20,25,68,9,248,0,178,11,2,3,13,0,0,0
90263,Renderer,136349248233472,739261,633255892,695.0,38660404645839,2155,b47bd,24881a000,25beb7d4,10:44:20,26,68,9,248,0,180,11,4,7,11,13,0,0
90263,Renderer,136349248237568,409098,633255892,696.0,38660404650141,2155,63e0a,24881b000,25beb7d4,10:44:20,27,68,9,248,0,99,6,3,14,0,10,0,0
90263,Renderer,136349248241664,409094,633255892,697.0,38660404654604,2155,63e06,24881c000,25beb7d4,10:44:20,28,68,9,248,0,99,6,3,14,0,6,0,0
90263,Renderer,136349248245760,409037,633255892,698.0,38660404658966,2155,63dcd,24881d000,25beb7d4,10:44:20,29,68,9,248,0,99,6,3,13,12,13,0,0
90263,Renderer,136349248249856,267693,633255892,699.0,38660404663298,2155,415ad,24881e000,25beb7d4,10:44:20,30,68,9,248,0,65,4,1,5,10,13,0,0
90263,Renderer,136349248253952,262831,633255892,700.0,38660404667911,2155,402af,24881f000,25beb7d4,10:44:20,31,68,9,248,0,64,4,0,2,10,15,0,0
90263,Renderer,136349248262144,400439,633255892,702.0,38660404675883,2155,61c37,248821000,25beb7d4,10:44:20,33,68,9,248,0,97,6,1,12,3,7,0,0
90263,Renderer,136349248266240,281254,633255892,703.0,38660404680937,2155,44aa6,248822000,25beb7d4,10:44:20,34,68,9,248,0,68,4,4,10,10,6,0,0
90263,Renderer,136349248270336,296071,633255892,704.0,38660404687877,2155,48487,248823000,25beb7d4,10:44:20,35,68,9,248,0,72,4,8,4,8,7,0,0
90263,Renderer,136349248274432,296118,633255892,705.0,38660404692009,2155,484b6,248824000,25beb7d4,10:44:20,36,68,9,248,0,72,4,8,4,11,6,0,0
90263,Renderer,136349248278528,251246,633255892,706.0,38660404696652,2155,3d56e,248825000,25beb7d4,10:44:20,37,68,9,248,0,61,3,13,5,6,14,0,0
90263,Renderer,136349248282624,252406,633255892,707.0,38660404701505,2155,3d9f6,248826000,25beb7d4,10:44:20,38,68,9,248,0,61,3,13,9,15,6,0,0
90263,Renderer,136349248286720,438568,633255892,708.0,38660404706248,2155,6b128,248827000,25beb7d4,10:44:20,39,68,9,248,0,107,6,11,1,2,8,0,0
90263,Renderer,136349248290816,358400,633255892,709.0,38660404710952,2155,57800,248828000,25beb7d4,10:44:20,40,68,9,248,0,87,5,7,8,0,0,0,0
90263,Renderer,136349248294912,683840,633255892,710.0,38660404715695,2155,a6f40,248829000,25beb7d4,10:44:20,41,68,9,248,0,166,10,6,15,4,0,0,0
90263,Renderer,136349248299008,684507,633255892,711.0,38660404720388,2155,a71db,24882a000,25beb7d4,10:44:20,42,68,9,248,0,167,10,7,1,13,11,0,0
90263,Renderer,136349248303104,685082,633255892,712.0,38660404725151,2155,a741a,24882b000,25beb7d4,10:44:20,43,68,9,248,0,167,10,7,4,1,10,0,0
90263,Renderer,136349248307200,685084,633255892,713.0,38660404729915,2155,a741c,24882c000,25beb7d4,10:44:20,44,68,9,248,0,167,10,7,4,1,12,0,0
90263,Renderer,136349248311296,685396,633255892,714.0,38660404734327,2155,a7554,24882d000,25beb7d4,10:44:20,45,68,9,248,0,167,10,7,5,5,4,0,0
90263,Renderer,136349248315392,685405,633255892,715.0,38660404738800,2155,a755d,24882e000,25beb7d4,10:44:20,46,68,9,248,0,167,10,7,5,5,13,0,0
90263,Renderer,136349248319488,685416,633255892,716.0,38660404743242,2155,a7568,24882f000,25beb7d4,10:44:20,47,68,9,248,0,167,10,7,5,6,8,0,0
90263,Renderer,136349248327680,535765,633255892,718.0,38660404751606,2155,82cd5,248831000,25beb7d4,10:44:20,49,68,9,248,0,130,8,2,12,13,5,0,0
90263,Renderer,136349248331776,251672,633255892,719.0,38660404758425,2155,3d718,248832000,25beb7d4,10:44:20,50,68,9,248,0,61,3,13,7,1,8,0,0
90263,Renderer,136349248335872,369521,633255892,720.0,38660404762717,2155,5a371,248833000,25beb7d4,10:44:20,51,68,9,248,0,90,5,10,3,7,1,0,0
90263,Renderer,136349248339968,283388,633255892,721.0,38660404767139,2155,452fc,248834000,25beb7d4,10:44:20,52,68,9,248,0,69,4,5,2,15,12,0,0
90263,Renderer,136349248344064,869841,633255892,722.0,38660404771521,2155,d45d1,248835000,25beb7d4,10:44:20,53,68,9,248,0,212,13,4,5,13,1,0,0
90263,Renderer,136349248348160,354356,633255892,723.0,38660404775653,2155,56834,248836000,25beb7d4,10:44:20,54,68,9,248,0,86,5,6,8,3,4,0,0
90263,Renderer,136349248352256,873760,633255892,724.0,38660404779925,2155,d5520,248837000,25beb7d4,10:44:20,55,68,9,248,0,213,13,5,5,2,0,0,0
90263,Renderer,136349248356352,256896,633255892,725.0,38660404784297,2155,3eb80,248838000,25beb7d4,10:44:20,56,68,9,248,0,62,3,14,11,8,0,0,0
90263,Renderer,136349248360448,455173,633255892,726.0,38660404788409,2155,6f205,248839000,25beb7d4,10:44:20,57,68,9,248,0,111,6,15,2,0,5,0,0
90263,Renderer,136349248364544,736429,633255892,727.0,38660404792741,2155,b3cad,24883a000,25beb7d4,10:44:20,58,68,9,248,0,179,11,3,12,10,13,0,0
90263,Renderer,136349248368640,250649,633255892,728.0,38660404797143,2155,3d319,24883b000,25beb7d4,10:44:20,59,68,9,248,0,61,3,13,3,1,9,0,0
90263,Renderer,136349248372736,338687,633255892,729.0,38660404801666,2155,52aff,24883c000,25beb7d4,10:44:20,60,68,9,248,0,82,5,2,10,15,15,0,0
90263,Renderer,136349248376832,683789,633255892,730.0,38660404806329,2155,a6f0d,24883d000,25beb7d4,10:44:20,61,68,9,248,0,166,10,6,15,0,13,0,0
90263,Renderer,136349248380928,394530,633255892,731.0,38660404810691,2155,60522,24883e000,25beb7d4,10:44:20,62,68,9,248,0,96,6,0,5,2,2,0,0
90263,Renderer,136349248385024,388642,633255892,732.0,38660404815334,2155,5ee22,24883f000,25beb7d4,10:44:20,63,68,9,248,0,94,5,14,14,2,2,0,0
90263,Renderer,136349248393216,576354,633255892,734.0,38660404826245,2155,8cb62,248841000,25beb7d4,10:44:20,65,68,9,248,0,140,8,12,11,6,2,0,0
90263,Renderer,136349248397312,453312,633255892,735.0,38660404830306,2155,6eac0,248842000,25beb7d4,10:44:20,66,68,9,248,0,110,6,14,10,12,0,0,0
90263,Renderer,136349248401408,382615,633255892,736.0,38660404834598,2155,5d697,248843000,25beb7d4,10:44:20,67,68,9,248,0,93,5,13,6,9,7,0,0
90263,Renderer,136349248405504,388789,633255892,737.0,38660404838830,2155,5eeb5,248844000,25beb7d4,10:44:20,68,68,9,248,0,94,5,14,14,11,5,0,0
90263,Renderer,136349248409600,394601,633255892,738.0,38660404843272,2155,60569,248845000,25beb7d4,10:44:20,69,68,9,248,0,96,6,0,5,6,9,0,0
90263,Renderer,136349248413696,391925,633255892,739.0,38660404847424,2155,5faf5,248846000,25beb7d4,10:44:20,70,68,9,248,0,95,5,15,10,15,5,0,0
90263,Renderer,136349248417792,262257,633255892,740.0,38660404851927,2155,40071,248847000,25beb7d4,10:44:20,71,68,9,248,0,64,4,0,0,7,1,0,0
90263,Renderer,136349248421888,262265,633255892,741.0,38660404856329,2155,40079,248848000,25beb7d4,10:44:20,72,68,9,248,0,64,4,0,0,7,9,0,0
90263,Renderer,136349248425984,315534,633255892,742.0,38660405074200,2156,4d08e,248849000,25beb7d4,10:44:20,73,68,9,248,0,77,4,13,0,8,14,0,0
90263,Renderer,136349248430080,683321,633255892,743.0,38660405083546,2156,a6d39,24884a000,25beb7d4,10:44:20,74,68,9,248,0,166,10,6,13,3,9,0,0
90263,Renderer,136349248434176,683316,633255892,744.0,38660405088269,2156,a6d34,24884b000,25beb7d4,10:44:20,75,68,9,248,0,166,10,6,13,3,4,0,0
90263,Renderer,136349248438272,299709,633255892,745.0,38660405092842,2156,492bd,24884c000,25beb7d4,10:44:20,76,68,9,248,0,73,4,9,2,11,13,0,0
90263,Renderer,136349248442368,255427,633255892,746.0,38660405097435,2156,3e5c3,24884d000,25beb7d4,10:44:20,77,68,9,248,0,62,3,14,5,12,3,0,0
90263,Renderer,136349248446464,251931,633255892,747.0,38660405102038,2156,3d81b,24884e000,25beb7d4,10:44:20,78,68,9,248,0,61,3,13,8,1,11,0,0
90263,Renderer,136349248450560,297801,633255892,748.0,38660405106149,2156,48b49,24884f000,25beb7d4,10:44:20,79,68,9,248,0,72,4,8,11,4,9,0,0
90263,Renderer,136349248458752,297808,633255892,750.0,38660405117641,2156,48b50,248851000,25beb7d4,10:44:20,81,68,9,248,0,72,4,8,11,5,0,0,0
90263,Renderer,136349248462848,297473,633255892,751.0,38660405121803,2156,48a01,248852000,25beb7d4,10:44:20,82,68,9,248,0,72,4,8,10,0,1,0,0
90263,Renderer,136349248466944,355662,633255892,752.0,38660405126366,2156,56d4e,248853000,25beb7d4,10:44:20,83,68,9,248,0,86,5,6,13,4,14,0,0
90263,Renderer,136349248471040,849737,633255892,753.0,38660405130578,2156,cf749,248854000,25beb7d4,10:44:20,84,68,9,248,0,207,12,15,7,4,9,0,0
90263,Renderer,136349248475136,436197,633255892,754.0,38660405134739,2156,6a7e5,248855000,25beb7d4,10:44:20,85,68,9,248,0,106,6,10,7,14,5,0,0
90263,Renderer,136349248479232,709157,633255892,755.0,38660405139753,2156,ad225,248856000,25beb7d4,10:44:20,86,68,9,248,0,173,10,13,2,2,5,0,0
90263,Renderer,136349248483328,741404,633255892,756.0,38660405144226,2156,b501c,248857000,25beb7d4,10:44:20,87,68,9,248,0,181,11,5,0,1,12,0,0
90263,Renderer,136349248487424,431397,633255892,757.0,38660405148588,2156,69525,248858000,25beb7d4,10:44:20,88,68,9,248,0,105,6,9,5,2,5,0,0
90263,Renderer,136349248491520,299425,633255892,758.0,38660405152920,2156,491a1,248859000,25beb7d4,10:44:20,89,68,9,248,0,73,4,9,1,10,1,0,0
90263,Renderer,136349248495616,742361,633255892,759.0,38660405157403,2156,b53d9,24885a000,25beb7d4,10:44:20,90,68,9,248,0,181,11,5,3,13,9,0,0
90263,Renderer,136349248499712,654285,633255892,760.0,38660405161815,2156,9fbcd,24885b000,25beb7d4,10:44:20,91,68,9,248,0,159,9,15,11,12,13,0,0
90263,Renderer,136349248503808,283077,633255892,761.0,38660405165987,2156,451c5,24885c000,25beb7d4,10:44:20,92,68,9,248,0,69,4,5,1,12,5,0,0
90263,Renderer,136349248507904,250162,633255892,762.0,38660405170399,2156,3d132,24885d000,25beb7d4,10:44:20,93,68,9,248,0,61,3,13,1,3,2,0,0
90263,Renderer,136349248512000,318442,633255892,763.0,38660405174812,2156,4dbea,24885e000,25beb7d4,10:44:20,94,68,9,248,0,77,4,13,11,14,10,0,0
90263,Renderer,136349248516096,318394,633255892,764.0,38660405182132,2156,4dbba,24885f000,25beb7d4,10:44:20,95,68,9,248,0,77,4,13,11,11,10,0,0
90263,Renderer,136349248524288,275175,633255892,766.0,38660405189954,2156,432e7,248861000,25beb7d4,10:44:20,97,68,9,248,0,67,4,3,2,14,7,0,0
90263,Renderer,136349248528384,275035,633255892,767.0,38660405196091,2156,4325b,248862000,25beb7d4,10:44:20,98,68,9,248,0,67,4,3,2,5,11,0,0
90263,Renderer,136349248532480,276975,633255892,768.0,38660405200584,2156,439ef,248863000,25beb7d4,10:44:20,99,68,9,248,0,67,4,3,9,14,15,0,0
90263,Renderer,136349248536576,608175,633255892,769.0,38660405205087,2156,947af,248864000,25beb7d4,10:44:20,100,68,9,248,0,148,9,4,7,10,15,0,0
90263,Renderer,136349248540672,306993,633255892,770.0,38660405209348,2156,4af31,248865000,25beb7d4,10:44:20,101,68,9,248,0,74,4,10,15,3,1,0,0
90263,Renderer,136349248544768,457246,633255892,771.0,38660405213580,2156,6fa1e,248866000,25beb7d4,10:44:20,102,68,9,248,0,111,6,15,10,1,14,0,0
90263,Renderer,136349248548864,395486,633255892,772.0,38660405217822,2156,608de,248867000,25beb7d4,10:44:20,103,68,9,248,0,96,6,0,8,13,14,0,0
90263,Renderer,136349248552960,608171,633255892,773.0,38660405222385,2156,947ab,248868000,25beb7d4,10:44:20,104,68,9,248,0,148,9,4,7,10,11,0,0
90263,Renderer,136349248557056,650261,633255892,774.0,38660405424361,2156,9ec15,248869000,25beb7d4,10:44:20,105,68,9,248,0,158,9,14,12,1,5,0,0
90263,Renderer,136349248561152,757072,633255892,775.0,38660405431080,2156,b8d50,24886a000,25beb7d4,10:44:20,106,68,9,248,0,184,11,8,13,5,0,0,0
90263,Renderer,136349248565248,662160,633255892,776.0,38660405435723,2156,a1a90,24886b000,25beb7d4,10:44:20,107,68,9,248,0,161,10,1,10,9,0,0,0
90263,Renderer,136349248569344,277121,633255892,777.0,38660405440356,2156,43a81,24886c000,25beb7d4,10:44:20,108,68,9,248,0,67,4,3,10,8,1,0,0
90263,Renderer,136349248573440,300418,633255892,778.0,38660405444949,2156,49582,24886d000,25beb7d4,10:44:20,109,68,9,248,0,73,4,9,5,8,2,0,0
90263,Renderer,136349248577536,300485,633255892,779.0,38660405452650,2156,495c5,24886e000,25beb7d4,10:44:20,110,68,9,248,0,73,4,9,5,12,5,0,0
90263,Renderer,136349248581632,900238,633255892,780.0,38660405457203,2156,dbc8e,24886f000,25beb7d4,10:44:20,111,68,9,248,0,219,13,11,12,8,14,0,0
90263,Renderer,136349248589824,839357,633255892,782.0,38660405465697,2156,ccebd,248871000,25beb7d4,10:44:20,113,68,9,248,0,204,12,12,14,11,13,0,0
90263,Renderer,136349248593920,743125,633255892,783.0,38660405469698,2156,b56d5,248872000,25beb7d4,10:44:20,114,68,9,248,0,181,11,5,6,13,5,0,0
90263,Renderer,136349248598016,741737,633255892,784.0,38660405473930,2156,b5169,248873000,25beb7d4,10:44:20,115,68,9,248,0,181,11,5,1,6,9,0,0
90263,Renderer,136349248602112,742157,633255892,785.0,38660405478142,2156,b530d,248874000,25beb7d4,10:44:20,116,68,9,248,0,181,11,5,3,0,13,0,0
90263,Renderer,136349248606208,693254,633255892,786.0,38660405482524,2156,a9406,248875000,25beb7d4,10:44:20,117,68,9,248,0,169,10,9,4,0,6,0,0
90263,Renderer,136349248610304,704310,633255892,787.0,38660405486856,2156,abf36,248876000,25beb7d4,10:44:20,118,68,9,248,0,171,10,11,15,3,6,0,0
90263,Renderer,136349248614400,406546,633255892,788.0,38660405491158,2156,63412,248877000,25beb7d4,10:44:20,119,68,9,248,0,99,6,3,4,1,2,0,0
90263,Renderer,136349248618496,283124,633255892,789.0,38660405495480,2156,451f4,248878000,25beb7d4,10:44:20,120,68,9,248,0,69,4,5,1,15,4,0,0
90263,Renderer,136349248622592,871942,633255892,790.0,38660405499863,2156,d4e06,248879000,25beb7d4,10:44:20,121,68,9,248,0,212,13,4,14,0,6,0,0
90263,Renderer,136349248626688,887624,633255892,791.0,38660405504145,2156,d8b48,24887a000,25beb7d4,10:44:20,122,68,9,248,0,216,13,8,11,4,8,0,0
90263,Renderer,136349248630784,851530,633255892,792.0,38660405508617,2156,cfe4a,24887b000,25beb7d4,10:44:20,123,68,9,248,0,207,12,15,14,4,10,0,0
90263,Renderer,136349248634880,851553,633255892,793.0,38660405512949,2156,cfe61,24887c000,25beb7d4,10:44:20,124,68,9,248,0,207,12,15,14,6,1,0,0
90263,Renderer,136349248638976,851557,633255892,794.0,38660405567823,2156,cfe65,24887d000,25beb7d4,10:44:20,125,68,9,248,0,207,12,15,14,6,5,0,0
90263,Renderer,136349248643072,857641,633255892,795.0,38660405577741,2156,d1629,24887e000,25beb7d4,10:44:20,126,68,9,248,0,209,13,1,6,2,9,0,0
90263,Renderer,136349248647168,860441,633255892,796.0,38660405654426,2156,d2119,24887f000,25beb7d4,10:44:20,127,68,9,248,0,210,13,2,1,1,9,0,0
90263,Renderer,136349248655360,417989,633255892,798.0,38660405662960,2156,660c5,248881000,25beb7d4,10:44:20,129,68,9,248,0,102,6,6,0,12,5,0,0
90263,Renderer,136349248659456,417791,633255892,799.0,38660405667342,2156,65fff,248882000,25beb7d4,10:44:20,130,68,9,248,0,101,6,5,15,15,15,0,0
90263,Renderer,136349248663552,420193,633255892,800.0,38660405671323,2156,66961,248883000,25beb7d4,10:44:20,131,68,9,248,0,102,6,6,9,6,1,0,0
90263,Renderer,136349248667648,418523,633255892,801.0,38660405675505,2156,662db,248884000,25beb7d4,10:44:20,132,68,9,248,0,102,6,6,2,13,11,0,0
90263,Renderer,136349248671744,421302,633255892,802.0,38660405679777,2156,66db6,248885000,25beb7d4,10:44:20,133,68,9,248,0,102,6,6,13,11,6,0,0
90263,Renderer,136349248675840,420581,633255892,803.0,38660405684029,2156,66ae5,248886000,25beb7d4,10:44:20,134,68,9,248,0,102,6,6,10,14,5,0,0
90263,Renderer,136349248679936,420641,633255892,804.0,38660405688090,2156,66b21,248887000,25beb7d4,10:44:20,135,68,9,248,0,102,6,6,11,2,1,0,0
90263,Renderer,136349248684032,420642,633255892,805.0,38660405692372,2156,66b22,248888000,25beb7d4,10:44:20,136,68,9,248,0,102,6,6,11,2,2,0,0
90263,Renderer,136349248688128,420666,633255892,806.0,38660405696674,2156,66b3a,248889000,25beb7d4,10:44:20,137,68,9,248,0,102,6,6,11,3,10,0,0
90263,Renderer,136349248692224,840704,633255892,807.0,38660405701067,2156,cd400,24888a000,25beb7d4,10:44:20,138,68,9,248,0,205,12,13,4,0,0,0,0
90263,Renderer,136349248696320,841569,633255892,808.0,38660405705700,2156,cd761,24888b000,25beb7d4,10:44:20,139,68,9,248,0,205,12,13,7,6,1,0,0
90263,Renderer,136349248700416,723875,633255892,809.0,38660405712529,2156,b0ba3,24888c000,25beb7d4,10:44:20,140,68,9,248,0,176,11,0,11,10,3,0,0
90263,Renderer,136349248704512,723873,633255892,810.0,38660405717202,2156,b0ba1,24888d000,25beb7d4,10:44:20,141,68,9,248,0,176,11,0,11,10,1,0,0
90263,Renderer,136349248708608,706408,633255892,811.0,38660405721654,2156,ac768,24888e000,25beb7d4,10:44:20,142,68,9,248,0,172,10,12,7,6,8,0,0
90263,Renderer,136349248712704,705752,633255892,812.0,38660405726117,2156,ac4d8,24888f000,25beb7d4,10:44:20,143,68,9,248,0,172,10,12,4,13,8,0,0
90263,Renderer,136349248720896,705588,633255892,814.0,38660405734019,2156,ac434,248891000,25beb7d4,10:44:20,145,68,9,248,0,172,10,12,4,3,4,0,0
90263,Renderer,136349248724992,610012,633255892,815.0,38660405738151,2156,94edc,248892000,25beb7d4,10:44:20,146,68,9,248,0,148,9,4,14,13,12,0,0
90263,Renderer,136349248729088,607373,633255892,816.0,38660405742463,2156,9448d,248893000,25beb7d4,10:44:20,147,68,9,248,0,148,9,4,4,8,13,0,0
90263,Renderer,136349248733184,607368,633255892,817.0,38660405746664,2156,94488,248894000,25beb7d4,10:44:20,148,68,9,248,0,148,9,4,4,8,8,0,0
90263,Renderer,136349248737280,608217,633255892,818.0,38660405751849,2156,947d9,248895000,25beb7d4,10:44:20,149,68,9,248,0,148,9,4,7,13,9,0,0
90263,Renderer,136349248741376,608153,633255892,819.0,38660405756442,2156,94799,248896000,25beb7d4,10:44:20,150,68,9,248,0,148,9,4,7,9,9,0,0
90263,Renderer,136349248745472,608144,633255892,820.0,38660405760804,2156,94790,248897000,25beb7d4,10:44:20,151,68,9,248,0,148,9,4,7,9,0,0,0
90263,Renderer,136349248749568,256458,633255892,821.0,38660405765226,2156,3e9ca,248898000,25beb7d4,10:44:20,152,68,9,248,0,62,3,14,9,12,10,0,0
90263,Renderer,136349248753664,256452,633255892,822.0,38660405769729,2156,3e9c4,248899000,25beb7d4,10:44:20,153,68,9,248,0,62,3,14,9,12,4,0,0
90263,Renderer,136349248757760,255584,633255892,823.0,38660405774322,2156,3e660,24889a000,25beb7d4,10:44:20,154,68,9,248,0,62,3,14,6,6,0,0,0
90263,Renderer,136349248761856,255570,633255892,824.0,38660405781131,2156,3e652,24889b000,25beb7d4,10:44:20,155,68,9,248,0,62,3,14,6,5,2,0,0
90263,Renderer,136349248765952,255568,633255892,825.0,38660405785594,2156,3e650,24889c000,25beb7d4,10:44:20,156,68,9,248,0,62,3,14,6,5,0,0,0
90263,Renderer,136349248770048,257425,633255892,826.0,38660405790176,2156,3ed91,24889d000,25beb7d4,10:44:20,157,68,9,248,0,62,3,14,13,9,1,0,0
90263,Renderer,136349248774144,670442,633255892,827.0,38660405794819,2156,a3aea,24889e000,25beb7d4,10:44:20,158,68,9,248,0,163,10,3,10,14,10,0,0
90263,Renderer,136349248778240,730026,633255892,828.0,38660405799372,2156,b23aa,24889f000,25beb7d4,10:44:20,159,68,9,248,0,178,11,2,3,10,10,0,0
90263,Renderer,136349248786432,213421,633255892,830.0,38660405807144,2156,341ad,2488a1000,25beb7d4,10:44:20,161,68,9,248,0,52,3,4,1,10,13,0,0
90263,Renderer,136349248790528,213352,633255892,831.0,38660405812208,2156,34168,2488a2000,25beb7d4,10:44:20,162,68,9,248,0,52,3,4,1,6,8,0,0
90263,Renderer,136349248794624,900940,633255892,832.0,38660405816580,2156,dbf4c,2488a3000,25beb7d4,10:44:20,163,68,9,248,0,219,13,11,15,4,12,0,0
90263,Renderer,136349248798720,722198,633255892,833.0,38660405820802,2156,b0516,2488a4000,25beb7d4,10:44:20,164,68,9,248,0,176,11,0,5,1,6,0,0
90263,Renderer,136349248802816,213413,633255892,834.0,38660405824984,2156,341a5,2488a5000,25beb7d4,10:44:20,165,68,9,248,0,52,3,4,1,10,5,0,0
90263,Renderer,136349248806912,213386,633255892,835.0,38660405829567,2156,3418a,2488a6000,25beb7d4,10:44:20,166,68,9,248,0,52,3,4,1,8,10,0,0
90263,Renderer,136349248811008,795551,633255892,836.0,38660405833789,2156,c239f,2488a7000,25beb7d4,10:44:20,167,68,9,248,0,194,12,2,3,9,15,0,0
90263,Renderer,136349248815104,858798,633255892,837.0,38660405838321,2156,d1aae,2488a8000,25beb7d4,10:44:20,168,68,9,248,0,209,13,1,10,10,14,0,0
90263,Renderer,136349248819200,569475,633255892,838.0,38660405842914,2156,8b083,2488a9000,25beb7d4,10:44:20,169,68,9,248,0,139,8,11,0,8,3,0,0
90263,Renderer,136349248823296,634149,633255892,839.0,38660405850074,2156,9ad25,2488aa000,25beb7d4,10:44:20,170,68,9,248,0,154,9,10,13,2,5,0,0
90263,Renderer,136349248827392,822511,633255892,840.0,38660405854707,2156,c8cef,2488ab000,25beb7d4,10:44:20,171,68,9,248,0,200,12,8,12,14,15,0,0
90263,Renderer,136349248831488,814115,633255892,841.0,38660405859140,2156,c6c23,2488ac000,25beb7d4,10:44:20,172,68,9,248,0,198,12,6,12,2,3,0,0
90263,Renderer,136349248835584,451982,633255892,842.0,38660405863502,2156,6e58e,2488ad000,25beb7d4,10:44:20,173,68,9,248,0,110,6,14,5,8,14,0,0
90263,Renderer,136349248839680,840017,633255892,843.0,38660405868325,2156,cd151,2488ae000,25beb7d4,10:44:20,174,68,9,248,0,205,12,13,1,5,1,0,0
90263,Renderer,136349248843776,592591,633255892,844.0,38660405872738,2156,90acf,2488af000,25beb7d4,10:44:20,175,68,9,248,0,144,9,0,10,12,15,0,0
90263,Renderer,136349248851968,820186,633255892,846.0,38660405880690,2156,c83da,2488b1000,25beb7d4,10:44:20,177,68,9,248,0,200,12,8,3,13,10,0,0
90263,Renderer,136349248856064,660323,633255892,847.0,38660405884842,2156,a1363,2488b2000,25beb7d4,10:44:20,178,68,9,248,0,161,10,1,3,6,3,0,0
90263,Renderer,136349248860160,636032,633255892,848.0,38660405889114,2156,9b480,2488b3000,25beb7d4,10:44:20,179,68,9,248,0,155,9,11,4,8,0,0,0
90263,Renderer,136349248864256,784126,633255892,849.0,38660405893456,2156,bf6fe,2488b4000,25beb7d4,10:44:20,180,68,9,248,0,191,11,15,6,15,14,0,0
90263,Renderer,136349248868352,755245,633255892,850.0,38660405897808,2156,b862d,2488b5000,25beb7d4,10:44:20,181,68,9,248,0,184,11,8,6,2,13,0,0
90263,Renderer,136349248872448,763140,633255892,851.0,38660405901799,2156,ba504,2488b6000,25beb7d4,10:44:20,182,68,9,248,0,186,11,10,5,0,4,0,0
90263,Renderer,136349248876544,755246,633255892,852.0,38660405905991,2156,b862e,2488b7000,25beb7d4,10:44:20,183,68,9,248,0,184,11,8,6,2,14,0,0
90263,Renderer,136349248880640,242081,633255892,853.0,38660405910283,2156,3b1a1,2488b8000,25beb7d4,10:44:20,184,68,9,248,0,59,3,11,1,10,1,0,0
90263,Renderer,136349248884736,863278,633255892,854.0,38660405917102,2156,d2c2e,2488b9000,25beb7d4,10:44:20,185,68,9,248,0,210,13,2,12,2,14,0,0
90263,Renderer,136349248888832,863281,633255892,855.0,38660405921585,2156,d2c31,2488ba000,25beb7d4,10:44:20,186,68,9,248,0,210,13,2,12,3,1,0,0
90263,Renderer,136349248892928,863276,633255892,856.0,38660405925676,2156,d2c2c,2488bb000,25beb7d4,10:44:20,187,68,9,248,0,210,13,2,12,2,12,0,0
90263,Renderer,136349248897024,863282,633255892,857.0,38660405930339,2156,d2c32,2488bc000,25beb7d4,10:44:20,188,68,9,248,0,210,13,2,12,3,2,0,0
90263,Renderer,136349248901120,863286,633255892,858.0,38660405934982,2156,d2c36,2488bd000,25beb7d4,10:44:20,189,68,9,248,0,210,13,2,12,3,6,0,0
90263,Renderer,136349248905216,863290,633255892,859.0,38660405939555,2156,d2c3a,2488be000,25beb7d4,10:44:20,190,68,9,248,0,210,13,2,12,3,10,0,0
90263,Renderer,136349248909312,747503,633255892,860.0,38660405943907,2156,b67ef,2488bf000,25beb7d4,10:44:20,191,68,9,248,0,182,11,6,7,14,15,0,0
90263,Renderer,136349248917504,399455,633255892,862.0,38660405951749,2156,6185f,2488c1000,25beb7d4,10:44:20,193,68,9,248,0,97,6,1,8,5,15,0,0
90263,Renderer,136349248921600,399498,633255892,863.0,38660405955941,2156,6188a,2488c2000,25beb7d4,10:44:20,194,68,9,248,0,97,6,1,8,8,10,0,0
90263,Renderer,136349248925696,399537,633255892,864.0,38660405960113,2156,618b1,2488c3000,25beb7d4,10:44:20,195,68,9,248,0,97,6,1,8,11,1,0,0
90263,Renderer,136349248929792,433759,633255892,865.0,38660405964345,2156,69e5f,2488c4000,25beb7d4,10:44:20,196,68,9,248,0,105,6,9,14,5,15,0,0
90263,Renderer,136349248933888,444874,633255892,866.0,38660405968707,2156,6c9ca,2488c5000,25beb7d4,10:44:20,197,68,9,248,0,108,6,12,9,12,10,0,0
90263,Renderer,136349248937984,879620,633255892,867.0,38660405972959,2156,d6c04,2488c6000,25beb7d4,10:44:20,198,68,9,248,0,214,13,6,12,0,4,0,0
90263,Renderer,136349248942080,883329,633255892,868.0,38660405977000,2156,d7a81,2488c7000,25beb7d4,10:44:20,199,68,9,248,0,215,13,7,10,8,1,0,0
90263,Renderer,136349248946176,883330,633255892,869.0,38660405983528,2156,d7a82,2488c8000,25beb7d4,10:44:20,200,68,9,248,0,215,13,7,10,8,2,0,0
90263,Renderer,136349248950272,883335,633255892,870.0,38660405987840,2156,d7a87,2488c9000,25beb7d4,10:44:20,201,68,9,248,0,215,13,7,10,8,7,0,0
90263,Renderer,136349248954368,884108,633255892,871.0,38660405992052,2156,d7d8c,2488ca000,25beb7d4,10:44:20,202,68,9,248,0,215,13,7,13,8,12,0,0
90263,Renderer,136349248958464,884112,633255892,872.0,38660405996515,2156,d7d90,2488cb000,25beb7d4,10:44:20,203,68,9,248,0,215,13,7,13,9,0,0,0
90263,Renderer,136349248962560,884114,633255892,873.0,38660406001368,2156,d7d92,2488cc000,25beb7d4,10:44:20,204,68,9,248,0,215,13,7,13,9,2,0,0
90263,Renderer,136349248966656,884170,633255892,874.0,38660406005711,2156,d7dca,2488cd000,25beb7d4,10:44:20,205,68,9,248,0,215,13,7,13,12,10,0,0
90263,Renderer,136349248970752,884176,633255892,875.0,38660406010053,2156,d7dd0,2488ce000,25beb7d4,10:44:20,206,68,9,248,0,215,13,7,13,13,0,0,0
90263,Renderer,136349248974848,884179,633255892,876.0,38660406014485,2156,d7dd3,2488cf000,25beb7d4,10:44:20,207,68,9,248,0,215,13,7,13,13,3,0,0
90263,Renderer,136349248983040,360523,633255892,878.0,38660406023079,2156,5804b,2488d1000,25beb7d4,10:44:20,209,68,9,248,0,88,5,8,0,4,11,0,0
90263,Renderer,136349248987136,356406,633255892,879.0,38660406027191,2156,57036,2488d2000,25beb7d4,10:44:20,210,68,9,248,0,87,5,7,0,3,6,0,0
90263,Renderer,136349248991232,268476,633255892,880.0,38660406031312,2156,418bc,2488d3000,25beb7d4,10:44:20,211,68,9,248,0,65,4,1,8,11,12,0,0
94272,SwComposite,128369844183040,770159,2039978266,15.0,38696576986623,1478,bc06f,6ef66000,7997991a,10:44:56,358,375,257,233,0,188,11,12,0,6,15,0,0
94272,SwComposite,128369844199424,770159,2039978266,15.0,38696577028246,1478,bc06f,6ef6a000,7997991a,10:44:56,362,375,257,233,0,188,11,12,0,6,15,0,0
94272,SwComposite,128369844236288,770871,2039978266,29.0,38696577050740,1478,bc337,6ef73000,7997991a,10:44:56,371,375,257,233,0,188,11,12,3,3,7,0,0
94272,SwComposite,128369844252672,770871,2039978266,29.0,38696577066161,1478,bc337,6ef77000,7997991a,10:44:56,375,375,257,233,0,188,11,12,3,3,7,0,0
94272,SwComposite,128369844269056,770871,2039978266,29.0,38696577077864,1478,bc337,6ef7b000,7997991a,10:44:56,379,375,257,233,0,188,11,12,3,3,7,0,0
94272,SwComposite,128369844289536,525185,2039978266,45.0,38696577090760,1478,80381,6ef80000,7997991a,10:44:56,384,375,257,233,0,128,8,0,3,8,1,0,0
94272,SwComposite,128369844305920,525185,2039978266,45.0,38696577102974,1478,80381,6ef84000,7997991a,10:44:56,388,375,257,233,0,128,8,0,3,8,1,0,0
94272,SwComposite,128369844322304,525185,2039978266,45.0,38696577114557,1478,80381,6ef88000,7997991a,10:44:56,392,375,257,233,0,128,8,0,3,8,1,0,0
94272,SwComposite,128369844342784,525185,2039978266,45.0,38696577127462,1478,80381,6ef8d000,7997991a,10:44:56,397,375,257,233,0,128,8,0,3,8,1,0,0
94272,SwComposite,128369844359168,222152,2039978266,57.0,38696577139957,1478,363c8,6ef91000,7997991a,10:44:56,401,375,257,233,0,54,3,6,3,12,8,0,0
94272,SwComposite,128369844375552,222152,2039978266,57.0,38696577156851,1478,363c8,6ef95000,7997991a,10:44:56,405,375,257,233,0,54,3,6,3,12,8,0,0
94272,SwComposite,128369844396032,222152,2039978266,57.0,38696577168574,1478,363c8,6ef9a000,7997991a,10:44:56,410,375,257,233,0,54,3,6,3,12,8,0,0
94272,SwComposite,128369844404224,222152,2039978266,57.0,38696577174806,1478,363c8,6ef9c000,7997991a,10:44:56,412,375,257,233,0,54,3,6,3,12,8,0,0
94272,SwComposite,128369844408320,255878,2039978266,58.0,38696577180357,1478,3e786,6ef9d000,7997991a,10:44:56,413,375,257,233,0,62,3,14,7,8,6,0,0
94272,SwComposite,128369844412416,255871,2039978266,59.0,38696577185558,1478,3e77f,6ef9e000,7997991a,10:44:56,414,375,257,233,0,62,3,14,7,7,15,0,0
94272,SwComposite,128369844416512,255872,2039978266,60.0,38696577191019,1478,3e780,6ef9f000,7997991a,10:44:56,415,375,257,233,0,62,3,14,7,8,0,0,0
94272,SwComposite,128369844424704,278031,2039978266,62.0,38696577201930,1478,43e0f,6efa1000,7997991a,10:44:56,417,375,257,233,0,67,4,3,14,0,15,0,0
94272,SwComposite,128369844428800,282835,2039978266,63.0,38696577207491,1478,450d3,6efa2000,7997991a,10:44:56,418,375,257,233,0,69,4,5,0,13,3,0,0
94272,SwComposite,128369844432896,262545,2039978266,64.0,38696577213052,1478,40191,6efa3000,7997991a,10:44:56,419,375,257,233,0,64,4,0,1,9,1,0,0
94272,SwComposite,128369844436992,245074,2039978266,65.0,38696577218473,1478,3bd52,6efa4000,7997991a,10:44:56,420,375,257,233,0,59,3,11,13,5,2,0,0
94272,SwComposite,128369844441088,267911,2039978266,66.0,38696577223824,1478,41687,6efa5000,7997991a,10:44:56,421,375,257,233,0,65,4,1,6,8,7,0,0
94272,SwComposite,128369844445184,334694,2039978266,67.0,38696577229345,1478,51b66,6efa6000,7997991a,10:44:56,422,375,257,233,0,81,5,1,11,6,6,0,0
94272,SwComposite,128369844449280,591224,2039978266,68.0,38696577235317,1478,90578,6efa7000,7997991a,10:44:56,423,375,257,233,0,144,9,0,5,7,8,0,0
94272,SwComposite,128369844453376,309215,2039978266,69.0,38696577241098,1478,4b7df,6efa8000,7997991a,10:44:56,424,375,257,233,0,75,4,11,7,13,15,0,0
94272,SwComposite,128369844457472,577542,2039978266,70.0,38696577249344,1478,8d006,6efa9000,7997991a,10:44:56,425,375,257,233,0,141,8,13,0,0,6,0,0
94272,SwComposite,128369844461568,299836,2039978266,71.0,38696577254745,1478,4933c,6efaa000,7997991a,10:44:56,426,375,257,233,0,73,4,9,3,3,12,0,0
94272,SwComposite,128369844465664,580814,2039978266,72.0,38696577260046,1478,8dcce,6efab000,7997991a,10:44:56,427,375,257,233,0,141,8,13,12,12,14,0,0
94272,SwComposite,128369844469760,590142,2039978266,73.0,38696577265557,1478,9013e,6efac000,7997991a,10:44:56,428,375,257,233,0,144,9,0,1,3,14,0,0
94272,SwComposite,128369844473856,588548,2039978266,74.0,38696577271108,1478,8fb04,6efad000,7997991a,10:44:56,429,375,257,233,0,143,8,15,11,0,4,0,0
94272,SwComposite,128369844477952,247575,2039978266,75.0,38696577276819,1478,3c717,6efae000,7997991a,10:44:56,430,375,257,233,0,60,3,12,7,1,7,0,0
94272,SwComposite,128369844482048,456877,2039978266,76.0,38696577282570,1478,6f8ad,6efaf000,7997991a,10:44:56,431,375,257,233,0,111,6,15,8,10,13,0,0
94272,SwComposite,128369844490240,236347,2039978266,78.0,38696577292961,1478,39b3b,6efb1000,7997991a,10:44:56,433,375,257,233,0,57,3,9,11,3,11,0,0
94272,SwComposite,128369844494336,347268,2039978266,79.0,38696577297941,1479,54c84,6efb2000,7997991a,10:44:56,434,375,257,233,0,84,5,4,12,8,4,0,0
94272,SwComposite,128369844498432,254092,2039978266,80.0,38696577303051,1479,3e08c,6efb3000,7997991a,10:44:56,435,375,257,233,0,62,3,14,0,8,12,0,0
94272,SwComposite,128369844502528,215844,2039978266,81.0,38696577308121,1479,34b24,6efb4000,7997991a,10:44:56,436,375,257,233,0,52,3,4,11,2,4,0,0
94272,SwComposite,128369844506624,262764,2039978266,82.0,38696577313953,1479,4026c,6efb5000,7997991a,10:44:56,437,375,257,233,0,64,4,0,2,6,12,0,0
94272,SwComposite,128369844510720,263870,2039978266,83.0,38696577319163,1479,406be,6efb6000,7997991a,10:44:56,438,375,257,233,0,64,4,0,6,11,14,0,0
94272,SwComposite,128369844514816,352555,2039978266,84.0,38696577324273,1479,5612b,6efb7000,7997991a,10:44:56,439,375,257,233,0,86,5,6,1,2,11,0,0
94272,SwComposite,128369844518912,574717,2039978266,85.0,38696577332549,1479,8c4fd,6efb8000,7997991a,10:44:56,440,375,257,233,0,140,8,12,4,15,13,0,0
94272,SwComposite,128369844523008,455105,2039978266,86.0,38696577338030,1479,6f1c1,6efb9000,7997991a,10:44:56,441,375,257,233,0,111,6,15,1,12,1,0,0
94272,SwComposite,128369844527104,354312,2039978266,87.0,38696577343161,1479,56808,6efba000,7997991a,10:44:56,442,375,257,233,0,86,5,6,8,0,8,0,0
94272,SwComposite,128369844531200,352553,2039978266,88.0,38696577348431,1479,56129,6efbb000,7997991a,10:44:56,443,375,257,233,0,86,5,6,1,2,9,0,0
94272,SwComposite,128369844535296,574694,2039978266,89.0,38696577353661,1479,8c4e6,6efbc000,7997991a,10:44:56,444,375,257,233,0,140,8,12,4,14,6,0,0
94272,SwComposite,128369844539392,574701,2039978266,90.0,38696577359052,1479,8c4ed,6efbd000,7997991a,10:44:56,445,375,257,233,0,140,8,12,4,14,13,0,0
94272,SwComposite,128369844543488,651475,2039978266,91.0,38696577364533,1479,9f0d3,6efbe000,7997991a,10:44:56,446,375,257,233,0,159,9,15,0,13,3,0,0
94272,SwComposite,128369844547584,317173,2039978266,92.0,38696577370024,1479,4d6f5,6efbf000,7997991a,10:44:56,447,375,257,233,0,77,4,13,6,15,5,0,0
94272,SwComposite,128369844551680,221576,2039978266,109.0,38696577375314,1479,36188,6efc0000,7997991a,10:44:56,448,375,257,233,0,54,3,6,1,8,8,0,0
94272,SwComposite,128369844555776,221576,2039978266,109.0,38696577380535,1479,36188,6efc1000,7997991a,10:44:56,449,375,257,233,0,54,3,6,1,8,8,0,0
94272,SwComposite,128369844559872,221576,2039978266,109.0,38696577386557,1479,36188,6efc2000,7997991a,10:44:56,450,375,257,233,0,54,3,6,1,8,8,0,0
94272,SwComposite,128369844563968,221576,2039978266,109.0,38696577392138,1479,36188,6efc3000,7997991a,10:44:56,451,375,257,233,0,54,3,6,1,8,8,0,0
94272,SwComposite,128369844568064,221576,2039978266,109.0,38696577397258,1479,36188,6efc4000,7997991a,10:44:56,452,375,257,233,0,54,3,6,1,8,8,0,0
94272,SwComposite,128369844572160,221576,2039978266,109.0,38696577402458,1479,36188,6efc5000,7997991a,10:44:56,453,375,257,233,0,54,3,6,1,8,8,0,0
94272,SwComposite,128369844576256,221576,2039978266,109.0,38696577408089,1479,36188,6efc6000,7997991a,10:44:56,454,375,257,233,0,54,3,6,1,8,8,0,0
94272,SwComposite,128369844580352,221576,2039978266,109.0,38696577416376,1479,36188,6efc7000,7997991a,10:44:56,455,375,257,233,0,54,3,6,1,8,8,0,0
94272,SwComposite,128369844584448,221576,2039978266,109.0,38696577421586,1479,36188,6efc8000,7997991a,10:44:56,456,375,257,233,0,54,3,6,1,8,8,0,0
94272,SwComposite,128369844588544,221576,2039978266,109.0,38696577426827,1479,36188,6efc9000,7997991a,10:44:56,457,375,257,233,0,54,3,6,1,8,8,0,0
94272,SwComposite,128369844592640,221576,2039978266,109.0,38696577432057,1479,36188,6efca000,7997991a,10:44:56,458,375,257,233,0,54,3,6,1,8,8,0,0
94272,SwComposite,128369844596736,221576,2039978266,109.0,38696577437568,1479,36188,6efcb000,7997991a,10:44:56,459,375,257,233,0,54,3,6,1,8,8,0,0
94272,SwComposite,128369844600832,221576,2039978266,109.0,38696577443119,1479,36188,6efcc000,7997991a,10:44:56,460,375,257,233,0,54,3,6,1,8,8,0,0
94272,SwComposite,128369844604928,221576,2039978266,109.0,38696577448710,1479,36188,6efcd000,7997991a,10:44:56,461,375,257,233,0,54,3,6,1,8,8,0,0
94272,SwComposite,128369844609024,221576,2039978266,109.0,38696577454532,1479,36188,6efce000,7997991a,10:44:56,462,375,257,233,0,54,3,6,1,8,8,0,0
94272,SwComposite,128369844621312,221597,2039978266,110.0,38696577461946,1479,3619d,6efd1000,7997991a,10:44:56,465,375,257,233,0,54,3,6,1,9,13,0,0
94272,SwComposite,128369844625408,353608,2039978266,111.0,38696577467157,1479,56548,6efd2000,7997991a,10:44:56,466,375,257,233,0,86,5,6,5,4,8,0,0
94272,SwComposite,128369844629504,688122,2039978266,112.0,38696577472447,1479,a7ffa,6efd3000,7997991a,10:44:56,467,375,257,233,0,167,10,7,15,15,10,0,0
94272,SwComposite,128369844633600,639290,2039978266,113.0,38696577477968,1479,9c13a,6efd4000,7997991a,10:44:56,468,375,257,233,0,156,9,12,1,3,10,0,0
94272,SwComposite,128369844637696,449886,2039978266,114.0,38696577483028,1479,6dd5e,6efd5000,7997991a,10:44:56,469,375,257,233,0,109,6,13,13,5,14,0,0
94272,SwComposite,128369844641792,279437,2039978266,115.0,38696577488419,1479,4438d,6efd6000,7997991a,10:44:56,470,375,257,233,0,68,4,4,3,8,13,0,0
94272,SwComposite,128369844645888,259320,2039978266,116.0,38696577493850,1479,3f4f8,6efd7000,7997991a,10:44:56,471,375,257,233,0,63,3,15,4,15,8,0,0
94272,SwComposite,128369844649984,315904,2039978266,117.0,38696577502106,1479,4d200,6efd8000,7997991a,10:44:56,472,375,257,233,0,77,4,13,2,0,0,0,0
94272,SwComposite,128369844654080,236865,2039978266,118.0,38696577507427,1479,39d41,6efd9000,7997991a,10:44:56,473,375,257,233,0,57,3,9,13,4,1,0,0
94272,SwComposite,128369844658176,315273,2039978266,119.0,38696577512737,1479,4cf89,6efda000,7997991a,10:44:56,474,375,257,233,0,76,4,12,15,8,9,0,0
94272,SwComposite,128369844662272,561105,2039978266,120.0,38696577518188,1479,88fd1,6efdb000,7997991a,10:44:56,475,375,257,233,0,136,8,8,15,13,1,0,0
94272,SwComposite,128369844666368,537417,2039978266,121.0,38696577523909,1479,83349,6efdc000,7997991a,10:44:56,476,375,257,233,0,131,8,3,3,4,9,0,0
94272,SwComposite,128369844670464,270851,2039978266,122.0,38696577529671,1479,42203,6efdd000,7997991a,10:44:56,477,375,257,233,0,66,4,2,2,0,3,0,0
94272,SwComposite,128369844674560,560644,2039978266,123.0,38696577535142,1479,88e04,6efde000,7997991a,10:44:56,478,375,257,233,0,136,8,8,14,0,4,0,0
94272,SwComposite,128369844678656,298555,2039978266,124.0,38696577540753,1479,48e3b,6efdf000,7997991a,10:44:56,479,375,257,233,0,72,4,8,14,3,11,0,0
94272,SwComposite,128369844686848,560607,2039978266,126.0,38696577550412,1479,88ddf,6efe1000,7997991a,10:44:56,481,375,257,233,0,136,8,8,13,13,15,0,0
94272,SwComposite,128369844690944,560705,2039978266,127.0,38696577557566,1479,88e41,6efe2000,7997991a,10:44:56,482,375,257,233,0,136,8,8,14,4,1,0,0
94272,SwComposite,128369844695040,451931,2039978266,128.0,38696577562987,1479,6e55b,6efe3000,7997991a,10:44:56,483,375,257,233,0,110,6,14,5,5,11,0,0
94272,SwComposite,128369844699136,296666,2039978266,129.0,38696577568408,1479,486da,6efe4000,7997991a,10:44:56,484,375,257,233,0,72,4,8,6,13,10,0,0
94272,SwComposite,128369844703232,252764,2039978266,130.0,38696577573788,1479,3db5c,6efe5000,7997991a,10:44:56,485,375,257,233,0,61,3,13,11,5,12,0,0
94272,SwComposite,128369844707328,468196,2039978266,131.0,38696577579259,1479,724e4,6efe6000,7997991a,10:44:56,486,375,257,233,0,114,7,2,4,14,4,0,0
94272,SwComposite,128369844711424,614901,2039978266,132.0,38696577587646,1479,961f5,6efe7000,7997991a,10:44:56,487,375,257,233,0,150,9,6,1,15,5,0,0
94272,SwComposite,128369844715520,296002,2039978266,133.0,38696577593227,1479,48442,6efe8000,7997991a,10:44:56,488,375,257,233,0,72,4,8,4,4,2,0,0
94272,SwComposite,128369844719616,462590,2039978266,134.0,38696577598938,1479,70efe,6efe9000,7997991a,10:44:56,489,375,257,233,0,112,7,0,14,15,14,0,0
94272,SwComposite,128369844723712,599716,2039978266,135.0,38696577604459,1479,926a4,6efea000,7997991a,10:44:56,490,375,257,233,0,146,9,2,6,10,4,0,0
94272,SwComposite,128369844727808,420096,2039978266,136.0,38696577609910,1479,66900,6efeb000,7997991a,10:44:56,491,375,257,233,0,102,6,6,9,0,0,0,0
94272,SwComposite,128369844731904,271449,2039978266,137.0,38696577615351,1479,42459,6efec000,7997991a,10:44:56,492,375,257,233,0,66,4,2,4,5,9,0,0
94272,SwComposite,128369844736000,227526,2039978266,138.0,38696577621022,1479,378c6,6efed000,7997991a,10:44:56,493,375,257,233,0,55,3,7,8,12,6,0,0
94272,SwComposite,128369844740096,295721,2039978266,139.0,38696577626353,1479,48329,6efee000,7997991a,10:44:56,494,375,257,233,0,72,4,8,3,2,9,0,0
94272,SwComposite,128369844744192,389288,2039978266,140.0,38696577631663,1479,5f0a8,6efef000,7997991a,10:44:56,495,375,257,233,0,95,5,15,0,10,8,0,0
94272,SwComposite,128369844752384,306970,2039978266,142.0,38696577642094,1479,4af1a,6eff1000,7997991a,10:44:56,497,375,257,233,0,74,4,10,15,1,10,0,0
94272,SwComposite,128369844756480,399240,2039978266,143.0,38696577647264,1479,61788,6eff2000,7997991a,10:44:56,498,375,257,233,0,97,6,1,7,8,8,0,0
94272,SwComposite,128369844760576,467511,2039978266,144.0,38696577652374,1479,72237,6eff3000,7997991a,10:44:56,499,375,257,233,0,114,7,2,2,3,7,0,0
94272,SwComposite,128369844764672,460475,2039978266,145.0,38696577658256,1479,706bb,6eff4000,7997991a,10:44:56,500,375,257,233,0,112,7,0,6,11,11,0,0
94272,SwComposite,128369844768768,631294,2039978266,146.0,38696577663677,1479,9a1fe,6eff5000,7997991a,10:44:56,501,375,257,233,0,154,9,10,1,15,14,0,0
94272,SwComposite,128369844772864,304453,2039978266,147.0,38696577672705,1479,4a545,6eff6000,7997991a,10:44:56,502,375,257,233,0,74,4,10,5,4,5,0,0
94272,SwComposite,128369844776960,873060,2039978266,148.0,38696577678035,1479,d5264,6eff7000,7997991a,10:44:56,503,375,257,233,0,213,13,5,2,6,4,0,0
94272,SwComposite,128369844781056,808926,2039978266,149.0,38696577683376,1479,c57de,6eff8000,7997991a,10:44:56,504,375,257,233,0,197,12,5,7,13,14,0,0
94272,SwComposite,128369844785152,302853,2039978266,150.0,38696577688987,1479,49f05,6eff9000,7997991a,10:44:56,505,375,257,233,0,73,4,9,15,0,5,0,0
94272,SwComposite,128369844789248,418456,2039978266,151.0,38696577694538,1479,66298,6effa000,7997991a,10:44:56,506,375,257,233,0,102,6,6,2,9,8,0,0
94272,SwComposite,128369844793344,290997,2039978266,152.0,38696577699858,1479,470b5,6effb000,7997991a,10:44:56,507,375,257,233,0,71,4,7,0,11,5,0,0
94272,SwComposite,128369844797440,271362,2039978266,153.0,38696577705249,1479,42402,6effc000,7997991a,10:44:56,508,375,257,233,0,66,4,2,4,0,2,0,0
94272,SwComposite,128369844801536,535174,2039978266,154.0,38696577710750,1479,82a86,6effd000,7997991a,10:44:56,509,375,257,233,0,130,8,2,10,8,6,0,0
94272,SwComposite,128369844805632,633631,2039978266,155.0,38696577716201,1479,9ab1f,6effe000,7997991a,10:44:56,510,375,257,233,0,154,9,10,11,1,15,0,0
94272,SwComposite,128369844809728,451003,2039978266,156.0,38696577721782,1479,6e1bb,6efff000,7997991a,10:44:56,511,375,257,233,0,110,6,14,1,11,11,0,0
94272,SwComposite,128369844817920,223205,2039978266,158.0,38696577735188,1479,367e5,6f001000,7997991a,10:44:56,1,376,257,233,0,54,3,6,7,14,5,0,0
94272,SwComposite,128369844822016,331792,2039978266,159.0,38696577740539,1479,51010,6f002000,7997991a,10:44:56,2,376,257,233,0,81,5,1,0,1,0,0,0
94272,SwComposite,128369844826112,308620,2039978266,160.0,38696577746291,1479,4b58c,6f003000,7997991a,10:44:56,3,376,257,233,0,75,4,11,5,8,12,0,0
94272,SwComposite,128369844830208,405677,2039978266,161.0,38696577751611,1479,630ad,6f004000,7997991a,10:44:56,4,376,257,233,0,99,6,3,0,10,13,0,0
94272,SwComposite,128369844834304,322565,2039978266,162.0,38696577759978,1479,4ec05,6f005000,7997991a,10:44:56,5,376,257,233,0,78,4,14,12,0,5,0,0
94272,SwComposite,128369844838400,470781,2039978266,163.0,38696577765258,1479,72efd,6f006000,7997991a,10:44:56,6,376,257,233,0,114,7,2,14,15,13,0,0
94272,SwComposite,128369844842496,285150,2039978266,164.0,38696577770839,1479,459de,6f007000,7997991a,10:44:56,7,376,257,233,0,69,4,5,9,13,14,0,0
94272,SwComposite,128369844846592,673585,2039978266,165.0,38696577776240,1479,a4731,6f008000,7997991a,10:44:56,8,376,257,233,0,164,10,4,7,3,1,0,0
94272,SwComposite,128369844850688,391767,2039978266,166.0,38696577783384,1479,5fa57,6f009000,7997991a,10:44:56,9,376,257,233,0,95,5,15,10,5,7,0,0
94272,SwComposite,128369844854784,733713,2039978266,167.0,38696577788935,1479,b3211,6f00a000,7997991a,10:44:56,10,376,257,233,0,179,11,3,2,1,1,0,0
94272,SwComposite,128369844858880,419238,2039978266,168.0,38696577794987,1479,665a6,6f00b000,7997991a,10:44:56,11,376,257,233,0,102,6,6,5,10,6,0,0
94272,SwComposite,128369844862976,620716,2039978266,169.0,38696577800779,1479,978ac,6f00c000,7997991a,10:44:56,12,376,257,233,0,151,9,7,8,10,12,0,0
94272,SwComposite,128369844867072,612951,2039978266,170.0,38696577806420,1479,95a57,6f00d000,7997991a,10:44:56,13,376,257,233,0,149,9,5,10,5,7,0,0
94272,SwComposite,128369844871168,224674,2039978266,171.0,38696577811911,1479,36da2,6f00e000,7997991a,10:44:56,14,376,257,233,0,54,3,6,13,10,2,0,0
94272,SwComposite,128369844875264,692633,2039978266,172.0,38696577817552,1479,a9199,6f00f000,7997991a,10:44:56,15,376,257,233,0,169,10,9,1,9,9,0,0
94272,SwComposite,128369844883456,366068,2039978266,174.0,38696577829125,1479,595f4,6f011000,7997991a,10:44:56,17,376,257,233,0,89,5,9,5,15,4,0,0
94272,SwComposite,128369844887552,365125,2039978266,175.0,38696577834956,1479,59245,6f012000,7997991a,10:44:56,18,376,257,233,0,89,5,9,2,4,5,0,0
94272,SwComposite,128369844891648,607810,2039978266,176.0,38696577840417,1479,94642,6f013000,7997991a,10:44:56,19,376,257,233,0,148,9,4,6,4,2,0,0
94272,SwComposite,128369844895744,707112,2039978266,177.0,38696577848774,1479,aca28,6f014000,7997991a,10:44:56,20,376,257,233,0,172,10,12,10,2,8,0,0
94272,SwComposite,128369844899840,572335,2039978266,178.0,38696577855607,1479,8bbaf,6f015000,7997991a,10:44:56,21,376,257,233,0,139,8,11,11,10,15,0,0
94272,SwComposite,128369844903936,226207,2039978266,179.0,38696577862972,1479,3739f,6f016000,7997991a,10:44:56,22,376,257,233,0,55,3,7,3,9,15,0,0
94272,SwComposite,128369844908032,525300,2039978266,180.0,38696577870527,1479,803f4,6f017000,7997991a,10:44:56,23,376,257,233,0,128,8,0,3,15,4,0,0
94272,SwComposite,128369844912128,382023,2039978266,181.0,38696577877260,1479,5d447,6f018000,7997991a,10:44:56,24,376,257,233,0,93,5,13,4,4,7,0,0
94272,SwComposite,128369844916224,350738,2039978266,182.0,38696577884906,1479,55a12,6f019000,7997991a,10:44:56,25,376,257,233,0,85,5,5,10,1,2,0,0
94272,SwComposite,128369844920320,235155,2039978266,183.0,38696577891178,1479,39693,6f01a000,7997991a,10:44:56,26,376,257,233,0,57,3,9,6,9,3,0,0
94272,SwComposite,128369844924416,274954,2039978266,184.0,38696577898503,1479,4320a,6f01b000,7997991a,10:44:56,27,376,257,233,0,67,4,3,2,0,10,0,0
94272,SwComposite,128369844928512,316642,2039978266,185.0,38696577905787,1479,4d4e2,6f01c000,7997991a,10:44:56,28,376,257,233,0,77,4,13,4,14,2,0,0
94272,SwComposite,128369844932608,219185,2039978266,186.0,38696577912841,1479,35831,6f01d000,7997991a,10:44:56,29,376,257,233,0,53,3,5,8,3,1,0,0
94272,SwComposite,128369844936704,461217,2039978266,187.0,38696577919945,1479,709a1,6f01e000,7997991a,10:44:56,30,376,257,233,0,112,7,0,9,10,1,0,0
94272,SwComposite,128369844940800,316526,2039978266,188.0,38696577926819,1479,4d46e,6f01f000,7997991a,10:44:56,31,376,257,233,0,77,4,13,4,6,14,0,0
94272,SwComposite,128369844948992,247067,2039978266,190.0,38696577937159,1479,3c51b,6f021000,7997991a,10:44:56,33,376,257,233,0,60,3,12,5,1,11,0,0
94272,SwComposite,128369844953088,441019,2039978266,191.0,38696577943692,1479,6babb,6f022000,7997991a,10:44:56,34,376,257,233,0,107,6,11,10,11,11,0,0
94272,SwComposite,128369844957184,318046,2039978266,192.0,38696577952149,1479,4da5e,6f023000,7997991a,10:44:56,35,376,257,233,0,77,4,13,10,5,14,0,0
94272,SwComposite,128369844961280,235302,2039978266,193.0,38696577957319,1479,39726,6f024000,7997991a,10:44:56,36,376,257,233,0,57,3,9,7,2,6,0,0
94272,SwComposite,128369844965376,270079,2039978266,194.0,38696577962800,1479,41eff,6f025000,7997991a,10:44:56,37,376,257,233,0,65,4,1,14,15,15,0,0
94272,SwComposite,128369844969472,285062,2039978266,195.0,38696577967980,1479,45986,6f026000,7997991a,10:44:56,38,376,257,233,0,69,4,5,9,8,6,0,0
94272,SwComposite,128369844973568,707622,2039978266,196.0,38696577973311,1479,acc26,6f027000,7997991a,10:44:56,39,376,257,233,0,172,10,12,12,2,6,0,0
94272,SwComposite,128369844977664,683355,2039978266,197.0,38696577978812,1479,a6d5b,6f028000,7997991a,10:44:56,40,376,257,233,0,166,10,6,13,5,11,0,0
94272,SwComposite,128369844981760,465895,2039978266,198.0,38696577984112,1479,71be7,6f029000,7997991a,10:44:56,41,376,257,233,0,113,7,1,11,14,7,0,0
94272,SwComposite,128369844985856,676140,2039978266,199.0,38696577989754,1479,a512c,6f02a000,7997991a,10:44:56,42,376,257,233,0,165,10,5,1,2,12,0,0
94272,SwComposite,128369844989952,683346,2039978266,200.0,38696577995485,1479,a6d52,6f02b000,7997991a,10:44:56,43,376,257,233,0,166,10,6,13,5,2,0,0
94272,SwComposite,128369844994048,368378,2039978266,201.0,38696578000996,1479,59efa,6f02c000,7997991a,10:44:56,44,376,257,233,0,89,5,9,14,15,10,0,0
94272,SwComposite,128369844998144,649803,2039978266,202.0,38696578006477,1479,9ea4b,6f02d000,7997991a,10:44:56,45,376,257,233,0,158,9,14,10,4,11,0,0
94272,SwComposite,128369845002240,288465,2039978266,203.0,38696578012349,1479,466d1,6f02e000,7997991a,10:44:56,46,376,257,233,0,70,4,6,6,13,1,0,0
94272,SwComposite,128369845006336,622239,2039978266,204.0,38696578017719,1479,97e9f,6f02f000,7997991a,10:44:56,47,376,257,233,0,151,9,7,14,9,15,0,0
94272,SwComposite,128369845014528,273166,2039978266,206.0,38696578027659,1479,42b0e,6f031000,7997991a,10:44:56,49,376,257,233,0,66,4,2,11,0,14,0,0
94272,SwComposite,128369845018624,280797,2039978266,207.0,38696578035895,1479,448dd,6f032000,7997991a,10:44:56,50,376,257,233,0,68,4,4,8,13,13,0,0
94272,SwComposite,128369845022720,265753,2039978266,208.0,38696578041186,1479,40e19,6f033000,7997991a,10:44:56,51,376,257,233,0,64,4,0,14,1,9,0,0
94272,SwComposite,128369845026816,645797,2039978266,209.0,38696578046176,1479,9daa5,6f034000,7997991a,10:44:56,52,376,257,233,0,157,9,13,10,10,5,0,0
94272,SwComposite,128369845030912,561501,2039978266,210.0,38696578051456,1479,8915d,6f035000,7997991a,10:44:56,53,376,257,233,0,137,8,9,1,5,13,0,0
94272,SwComposite,128369845035008,296716,2039978266,211.0,38696578056636,1479,4870c,6f036000,7997991a,10:44:56,54,376,257,233,0,72,4,8,7,0,12,0,0
94272,SwComposite,128369845039104,356383,2039978266,212.0,38696578062057,1479,5701f,6f037000,7997991a,10:44:56,55,376,257,233,0,87,5,7,0,1,15,0,0
94272,SwComposite,128369845043200,393485,2039978266,213.0,38696578067107,1479,6010d,6f038000,7997991a,10:44:56,56,376,257,233,0,96,6,0,1,0,13,0,0
94272,SwComposite,128369845047296,390409,2039978266,214.0,38696578072648,1479,5f509,6f039000,7997991a,10:44:56,57,376,257,233,0,95,5,15,5,0,9,0,0
94272,SwComposite,128369845051392,393580,2039978266,215.0,38696578078009,1479,6016c,6f03a000,7997991a,10:44:56,58,376,257,233,0,96,6,0,1,6,12,0,0
94272,SwComposite,128369845055488,661210,2039978266,216.0,38696578083580,1479,a16da,6f03b000,7997991a,10:44:56,59,376,257,233,0,161,10,1,6,13,10,0,0
94272,SwComposite,128369845059584,296429,2039978266,217.0,38696578088940,1479,485ed,6f03c000,7997991a,10:44:56,60,376,257,233,0,72,4,8,5,14,13,0,0
94272,SwComposite,128369845063680,436795,2039978266,218.0,38696578094181,1479,6aa3b,6f03d000,7997991a,10:44:56,61,376,257,233,0,106,6,10,10,3,11,0,0
94272,SwComposite,128369845067776,573962,2039978266,219.0,38696578099792,1479,8c20a,6f03e000,7997991a,10:44:56,62,376,257,233,0,140,8,12,2,0,10,0,0
94272,SwComposite,128369845071872,336430,2039978266,220.0,38696578105664,1479,5222e,6f03f000,7997991a,10:44:56,63,376,257,233,0,82,5,2,2,2,14,0,0
94272,SwComposite,128369845080064,575749,2039978266,222.0,38696578119030,1479,8c905,6f041000,7997991a,10:44:56,65,376,257,233,0,140,8,12,9,0,5,0,0
94272,SwComposite,128369845084160,337010,2039978266,223.0,38696578124251,1479,52472,6f042000,7997991a,10:44:56,66,376,257,233,0,82,5,2,4,7,2,0,0
94272,SwComposite,128369845088256,901034,2039978266,224.0,38696578129421,1479,dbfaa,6f043000,7997991a,10:44:56,67,376,257,233,0,219,13,11,15,10,10,0,0
94272,SwComposite,128369845092352,271397,2039978266,225.0,38696578134721,1479,42425,6f044000,7997991a,10:44:56,68,376,257,233,0,66,4,2,4,2,5,0,0
94272,SwComposite,128369845096448,625866,2039978266,226.0,38696578139791,1479,98cca,6f045000,7997991a,10:44:56,69,376,257,233,0,152,9,8,12,12,10,0,0
94272,SwComposite,128369845100544,300025,2039978266,227.0,38696578145052,1479,493f9,6f046000,7997991a,10:44:56,70,376,257,233,0,73,4,9,3,15,9,0,0
94272,SwComposite,128369845104640,256605,2039978266,228.0,38696578150573,1479,3ea5d,6f047000,7997991a,10:44:56,71,376,257,233,0,62,3,14,10,5,13,0,0
94272,SwComposite,128369845108736,668613,2039978266,229.0,38696578155883,1479,a33c5,6f048000,7997991a,10:44:56,72,376,257,233,0,163,10,3,3,12,5,0,0
94272,SwComposite,128369845112832,228037,2039978266,230.0,38696578160983,1479,37ac5,6f049000,7997991a,10:44:56,73,376,257,233,0,55,3,7,10,12,5,0,0
94272,SwComposite,128369845116928,228034,2039978266,231.0,38696578166494,1479,37ac2,6f04a000,7997991a,10:44:56,74,376,257,233,0,55,3,7,10,12,2,0,0
94272,SwComposite,128369845121024,254422,2039978266,232.0,38696578171945,1479,3e1d6,6f04b000,7997991a,10:44:56,75,376,257,233,0,62,3,14,1,13,6,0,0
94272,SwComposite,128369845125120,568628,2039978266,233.0,38696578177476,1479,8ad34,6f04c000,7997991a,10:44:56,76,376,257,233,0,138,8,10,13,3,4,0,0
94272,SwComposite,128369845129216,244348,2039978266,234.0,38696578182787,1479,3ba7c,6f04d000,7997991a,10:44:56,77,376,257,233,0,59,3,11,10,7,12,0,0
94272,SwComposite,128369845133312,634385,2039978266,235.0,38696578188037,1479,9ae11,6f04e000,7997991a,10:44:56,78,376,257,233,0,154,9,10,14,1,1,0,0
94272,SwComposite,128369845137408,337934,2039978266,236.0,38696578193598,1479,5280e,6f04f000,7997991a,10:44:56,79,376,257,233,0,82,5,2,8,0,14,0,0
94272,SwComposite,128369845145600,335056,2039978266,238.0,38696578206875,1479,51cd0,6f051000,7997991a,10:44:56,81,376,257,233,0,81,5,1,12,13,0,0,0
94272,SwComposite,128369845149696,351794,2039978266,239.0,38696578212746,1479,55e32,6f052000,7997991a,10:44:56,82,376,257,233,0,85,5,5,14,3,2,0,0
94272,SwComposite,128369845153792,351793,2039978266,240.0,38696578218117,1479,55e31,6f053000,7997991a,10:44:56,83,376,257,233,0,85,5,5,14,3,1,0,0
94272,SwComposite,128369845157888,628208,2039978266,241.0,38696578223227,1479,995f0,6f054000,7997991a,10:44:56,84,376,257,233,0,153,9,9,5,15,0,0,0
94272,SwComposite,128369845161984,220074,2039978266,242.0,38696578228447,1479,35baa,6f055000,7997991a,10:44:56,85,376,257,233,0,53,3,5,11,10,10,0,0
94272,SwComposite,128369845166080,220072,2039978266,243.0,38696578233598,1479,35ba8,6f056000,7997991a,10:44:56,86,376,257,233,0,53,3,5,11,10,8,0,0
94272,SwComposite,128369845170176,220070,2039978266,244.0,38696578238728,1479,35ba6,6f057000,7997991a,10:44:56,87,376,257,233,0,53,3,5,11,10,6,0,0
94272,SwComposite,128369845174272,220069,2039978266,245.0,38696578244269,1479,35ba5,6f058000,7997991a,10:44:56,88,376,257,233,0,53,3,5,11,10,5,0,0
94272,SwComposite,128369845178368,421041,2039978266,246.0,38696578545617,1480,66cb1,6f059000,7997991a,10:44:56,89,376,257,233,0,102,6,6,12,11,1,0,0
94272,SwComposite,128369845182464,421052,2039978266,247.0,38696578554324,1480,66cbc,6f05a000,7997991a,10:44:56,90,376,257,233,0,102,6,6,12,11,12,0,0
94272,SwComposite,128369845186560,421057,2039978266,248.0,38696578560546,1480,66cc1,6f05b000,7997991a,10:44:56,91,376,257,233,0,102,6,6,12,12,1,0,0
94272,SwComposite,128369845190656,421058,2039978266,249.0,38696578566979,1480,66cc2,6f05c000,7997991a,10:44:56,92,376,257,233,0,102,6,6,12,12,2,0,0
94272,SwComposite,128369845194752,269408,2039978266,250.0,38696578572600,1480,41c60,6f05d000,7997991a,10:44:56,93,376,257,233,0,65,4,1,12,6,0,0,0
94272,SwComposite,128369845198848,239557,2039978266,251.0,38696578578292,1480,3a7c5,6f05e000,7997991a,10:44:56,94,376,257,233,0,58,3,10,7,12,5,0,0
94272,SwComposite,128369845202944,373424,2039978266,252.0,38696578586829,1480,5b2b0,6f05f000,7997991a,10:44:56,95,376,257,233,0,91,5,11,2,11,0,0,0
94272,SwComposite,128369845211136,336623,2039978266,254.0,38696578596558,1480,522ef,6f061000,7997991a,10:44:56,97,376,257,233,0,82,5,2,2,14,15,0,0
94272,SwComposite,128369845215232,385578,2039978266,255.0,38696578602480,1480,5e22a,6f062000,7997991a,10:44:56,98,376,257,233,0,94,5,14,2,2,10,0,0
94272,SwComposite,128369845219328,233098,2039978266,256.0,38696578607750,1480,38e8a,6f063000,7997991a,10:44:56,99,376,257,233,0,56,3,8,14,8,10,0,0
94272,SwComposite,128369845223424,613168,2039978266,257.0,38696578613031,1480,95b30,6f064000,7997991a,10:44:56,100,376,257,233,0,149,9,5,11,3,0,0,0
92552,Renderer,128369846898688,414897,2039978266,665.0,38696583753722,1485,654b1,6f1fd000,7997991a,10:44:56,509,376,257,233,0,101,6,5,4,11,1,0,0
92552,Renderer,128369846902784,674823,2039978266,667.0,38696583771958,1485,a4c07,6f1fe000,7997991a,10:44:56,510,376,257,233,0,164,10,4,12,0,7,0,0
92552,Renderer,128369846906880,673984,2039978266,668.0,38696583777319,1485,a48c0,6f1ff000,7997991a,10:44:56,511,376,257,233,0,164,10,4,8,12,0,0,0
92552,Renderer,128369846915072,420256,2039978266,670.0,38696583788411,1485,669a0,6f201000,7997991a,10:44:56,1,377,257,233,0,102,6,6,9,10,0,0,0
92552,Renderer,128369846919168,777815,2039978266,671.0,38696583793310,1485,bde57,6f202000,7997991a,10:44:56,2,377,257,233,0,189,11,13,14,5,7,0,0
92552,Renderer,128369846923264,671639,2039978266,672.0,38696583797920,1485,a3f97,6f203000,7997991a,10:44:56,3,377,257,233,0,163,10,3,15,9,7,0,0
92552,Renderer,128369846927360,679656,2039978266,673.0,38696583802539,1485,a5ee8,6f204000,7997991a,10:44:56,4,377,257,233,0,165,10,5,14,14,8,0,0
92552,Renderer,128369846931456,679625,2039978266,674.0,38696583807368,1485,a5ec9,6f205000,7997991a,10:44:56,5,377,257,233,0,165,10,5,14,12,9,0,0
92552,Renderer,128369846935552,676433,2039978266,675.0,38696583811857,1485,a5251,6f206000,7997991a,10:44:56,6,377,257,233,0,165,10,5,2,5,1,0,0
92552,Renderer,128369846939648,677203,2039978266,676.0,38696583819713,1485,a5553,6f207000,7997991a,10:44:56,7,377,257,233,0,165,10,5,5,5,3,0,0
92552,Renderer,128369846943744,677174,2039978266,677.0,38696583824542,1485,a5536,6f208000,7997991a,10:44:56,8,377,257,233,0,165,10,5,5,3,6,0,0
92552,Renderer,128369846947840,677068,2039978266,678.0,38696583829552,1485,a54cc,6f209000,7997991a,10:44:56,9,377,257,233,0,165,10,5,4,12,12,0,0
92552,Renderer,128369846951936,685273,2039978266,679.0,38696583834302,1485,a74d9,6f20a000,7997991a,10:44:56,10,377,257,233,0,167,10,7,4,13,9,0,0
92552,Renderer,128369846956032,686739,2039978266,680.0,38696583839252,1485,a7a93,6f20b000,7997991a,10:44:56,11,377,257,233,0,167,10,7,10,9,3,0,0
92552,Renderer,128369846960128,687631,2039978266,681.0,38696583844111,1485,a7e0f,6f20c000,7997991a,10:44:56,12,377,257,233,0,167,10,7,14,0,15,0,0
92552,Renderer,128369846964224,674734,2039978266,682.0,38696583848961,1485,a4bae,6f20d000,7997991a,10:44:56,13,377,257,233,0,164,10,4,11,10,14,0,0
92552,Renderer,128369846968320,675168,2039978266,683.0,38696583853971,1485,a4d60,6f20e000,7997991a,10:44:56,14,377,257,233,0,164,10,4,13,6,0,0,0
92552,Renderer,128369846972416,675302,2039978266,684.0,38696583858951,1485,a4de6,6f20f000,7997991a,10:44:56,15,377,257,233,0,164,10,4,13,14,6,0,0
92552,Renderer,128369846980608,674185,2039978266,686.0,38696583868149,1485,a4989,6f211000,7997991a,10:44:56,17,377,257,233,0,164,10,4,9,8,9,0,0
92552,Renderer,128369846984704,425200,2039978266,687.0,38696583873159,1485,67cf0,6f212000,7997991a,10:44:56,18,377,257,233,0,103,6,7,12,15,0,0,0
92552,Renderer,128369846988800,420627,2039978266,688.0,38696583877878,1485,66b13,6f213000,7997991a,10:44:56,19,377,257,233,0,102,6,6,11,1,3,0,0
92552,Renderer,128369846992896,413484,2039978266,689.0,38696583882608,1485,64f2c,6f214000,7997991a,10:44:56,20,377,257,233,0,100,6,4,15,2,12,0,0
92552,Renderer,128369846996992,412304,2039978266,690.0,38696583887517,1485,64a90,6f215000,7997991a,10:44:56,21,377,257,233,0,100,6,4,10,9,0,0,0
92552,Renderer,128369847001088,840535,2039978266,691.0,38696583895173,1485,cd357,6f216000,7997991a,10:44:56,22,377,257,233,0,205,12,13,3,5,7,0,0
92552,Renderer,128369847005184,776747,2039978266,692.0,38696583899712,1485,bda2b,6f217000,7997991a,10:44:56,23,377,257,233,0,189,11,13,10,2,11,0,0
92552,Renderer,128369847009280,671480,2039978266,693.0,38696583904772,1485,a3ef8,6f218000,7997991a,10:44:56,24,377,257,233,0,163,10,3,14,15,8,0,0
92552,Renderer,128369847013376,417483,2039978266,694.0,38696583909762,1485,65ecb,6f219000,7997991a,10:44:56,25,377,257,233,0,101,6,5,14,12,11,0,0
92552,Renderer,128369847017472,645772,2039978266,695.0,38696583914751,1485,9da8c,6f21a000,7997991a,10:44:56,26,377,257,233,0,157,9,13,10,8,12,0,0
92552,Renderer,128369847021568,805716,2039978266,696.0,38696583919421,1485,c4b54,6f21b000,7997991a,10:44:56,27,377,257,233,0,196,12,4,11,5,4,0,0
92552,Renderer,128369847025664,402728,2039978266,697.0,38696583924381,1485,62528,6f21c000,7997991a,10:44:56,28,377,257,233,0,98,6,2,5,2,8,0,0
92552,Renderer,128369847029760,726048,2039978266,698.0,38696583929310,1485,b1420,6f21d000,7997991a,10:44:56,29,377,257,233,0,177,11,1,4,2,0,0,0
92552,Renderer,128369847033856,789314,2039978266,699.0,38696583934511,1485,c0b42,6f21e000,7997991a,10:44:56,30,377,257,233,0,192,12,0,11,4,2,0,0
92552,Renderer,128369847037952,789320,2039978266,700.0,38696583940212,1485,c0b48,6f21f000,7997991a,10:44:56,31,377,257,233,0,192,12,0,11,4,8,0,0
92552,Renderer,128369847046144,202808,2039978266,702.0,38696583949240,1485,31838,6f221000,7997991a,10:44:56,33,377,257,233,0,49,3,1,8,3,8,0,0
92552,Renderer,128369847050240,97485,2039978266,703.0,38696583956063,1485,17ccd,6f222000,7997991a,10:44:56,34,377,257,233,0,23,1,7,12,12,13,0,0
92552,Renderer,128369847054336,894683,2039978266,704.0,38696583961374,1485,da6db,6f223000,7997991a,10:44:56,35,377,257,233,0,218,13,10,6,13,11,0,0
92552,Renderer,128369847058432,262723,2039978266,705.0,38696583966234,1485,40243,6f224000,7997991a,10:44:56,36,377,257,233,0,64,4,0,2,4,3,0,0
92552,Renderer,128369847062528,519948,2039978266,706.0,38696583973949,1485,7ef0c,6f225000,7997991a,10:44:56,37,377,257,233,0,126,7,14,15,0,12,0,0
92552,Renderer,128369847066624,260231,2039978266,707.0,38696583978929,1485,3f887,6f226000,7997991a,10:44:56,38,377,257,233,0,63,3,15,8,8,7,0,0
92552,Renderer,128369847070720,835877,2039978266,708.0,38696583984019,1485,cc125,6f227000,7997991a,10:44:56,39,377,257,233,0,204,12,12,1,2,5,0,0
92552,Renderer,128369847074816,350164,2039978266,709.0,38696583988748,1485,557d4,6f228000,7997991a,10:44:56,40,377,257,233,0,85,5,5,7,13,4,0,0
92552,Renderer,128369847078912,281484,2039978266,710.0,38696583993959,1485,44b8c,6f229000,7997991a,10:44:56,41,377,257,233,0,68,4,4,11,8,12,0,0
92552,Renderer,128369847083008,873913,2039978266,711.0,38696583998848,1485,d55b9,6f22a000,7997991a,10:44:56,42,377,257,233,0,213,13,5,5,11,9,0,0
92552,Renderer,128369847087104,657959,2039978266,712.0,38696584004099,1485,a0a27,6f22b000,7997991a,10:44:56,43,377,257,233,0,160,10,0,10,2,7,0,0
92552,Renderer,128369847091200,187364,2039978266,713.0,38696584009209,1485,2dbe4,6f22c000,7997991a,10:44:56,44,377,257,233,0,45,2,13,11,14,4,0,0
92552,Renderer,128369847095296,800028,2039978266,714.0,38696584014319,1485,c351c,6f22d000,7997991a,10:44:56,45,377,257,233,0,195,12,3,5,1,12,0,0
92552,Renderer,128369847099392,876793,2039978266,715.0,38696584019309,1485,d60f9,6f22e000,7997991a,10:44:56,46,377,257,233,0,214,13,6,0,15,9,0,0
92552,Renderer,128369847103488,235804,2039978266,716.0,38696584024379,1485,3991c,6f22f000,7997991a,10:44:56,47,377,257,233,0,57,3,9,9,1,12,0,0
92552,Renderer,128369847111680,563379,2039978266,718.0,38696584033387,1485,898b3,6f231000,7997991a,10:44:56,49,377,257,233,0,137,8,9,8,11,3,0,0
92552,Renderer,128369847115776,94472,2039978266,719.0,38696584038547,1485,17108,6f232000,7997991a,10:44:56,50,377,257,233,0,23,1,7,1,0,8,0,0
92552,Renderer,128369847119872,94513,2039978266,720.0,38696584043277,1485,17131,6f233000,7997991a,10:44:56,51,377,257,233,0,23,1,7,1,3,1,0,0
92552,Renderer,128369847123968,267362,2039978266,721.0,38696584050962,1485,41462,6f234000,7997991a,10:44:56,52,377,257,233,0,65,4,1,4,6,2,0,0
92552,Renderer,128369847128064,805251,2039978266,722.0,38696584055611,1485,c4983,6f235000,7997991a,10:44:56,53,377,257,233,0,196,12,4,9,8,3,0,0
92552,Renderer,128369847132160,687865,2039978266,723.0,38696584060451,1485,a7ef9,6f236000,7997991a,10:44:56,54,377,257,233,0,167,10,7,14,15,9,0,0
92552,Renderer,128369847136256,220956,2039978266,724.0,38696584065130,1485,35f1c,6f237000,7997991a,10:44:56,55,377,257,233,0,53,3,5,15,1,12,0,0
92552,Renderer,128369847140352,670790,2039978266,725.0,38696584070300,1485,a3c46,6f238000,7997991a,10:44:56,56,377,257,233,0,163,10,3,12,4,6,0,0
92552,Renderer,128369847144448,752213,2039978266,726.0,38696584075951,1485,b7a55,6f239000,7997991a,10:44:56,57,377,257,233,0,183,11,7,10,5,5,0,0
92552,Renderer,128369847148544,465854,2039978266,727.0,38696584080971,1485,71bbe,6f23a000,7997991a,10:44:56,58,377,257,233,0,113,7,1,11,11,14,0,0
92552,Renderer,128369847152640,823852,2039978266,728.0,38696584086041,1485,c922c,6f23b000,7997991a,10:44:56,59,377,257,233,0,201,12,9,2,2,12,0,0
92552,Renderer,128369847156736,22607,2039978266,729.0,38696584091041,1485,584f,6f23c000,7997991a,10:44:56,60,377,257,233,0,5,0,5,8,4,15,0,0
92552,Renderer,128369847160832,554003,2039978266,730.0,38696584096202,1485,87413,6f23d000,7997991a,10:44:56,61,377,257,233,0,135,8,7,4,1,3,0,0
92552,Renderer,128369847164928,554006,2039978266,731.0,38696584101222,1485,87416,6f23e000,7997991a,10:44:56,62,377,257,233,0,135,8,7,4,1,6,0,0
92552,Renderer,128369847169024,291598,2039978266,732.0,38696584106231,1485,4730e,6f23f000,7997991a,10:44:56,63,377,257,233,0,71,4,7,3,0,14,0,0
92552,Renderer,128369847177216,809205,2039978266,734.0,38696584115189,1485,c58f5,6f241000,7997991a,10:44:56,65,377,257,233,0,197,12,5,8,15,5,0,0
92552,Renderer,128369847181312,793940,2039978266,735.0,38696584119698,1485,c1d54,6f242000,7997991a,10:44:56,66,377,257,233,0,193,12,1,13,5,4,0,0
92552,Renderer,128369847185408,553985,2039978266,736.0,38696584127393,1485,87401,6f243000,7997991a,10:44:56,67,377,257,233,0,135,8,7,4,0,1,0,0
92552,Renderer,128369847189504,225259,2039978266,737.0,38696584132864,1485,36feb,6f244000,7997991a,10:44:56,68,377,257,233,0,54,3,6,15,14,11,0,0
92552,Renderer,128369847193600,350698,2039978266,738.0,38696584137794,1485,559ea,6f245000,7997991a,10:44:56,69,377,257,233,0,85,5,5,9,14,10,0,0
92552,Renderer,128369847197696,402074,2039978266,739.0,38696584142644,1485,6229a,6f246000,7997991a,10:44:56,70,377,257,233,0,98,6,2,2,9,10,0,0
92552,Renderer,128369847201792,837120,2039978266,740.0,38696584147283,1485,cc600,6f247000,7997991a,10:44:56,71,377,257,233,0,204,12,12,6,0,0,0,0
92552,Renderer,128369847205888,350656,2039978266,741.0,38696584152042,1485,559c0,6f248000,7997991a,10:44:56,72,377,257,233,0,85,5,5,9,12,0,0,0
92552,Renderer,128369847209984,107551,2039978266,742.0,38696584156992,1485,1a41f,6f249000,7997991a,10:44:56,73,377,257,233,0,26,1,10,4,1,15,0,0
92552,Renderer,128369847214080,387648,2039978266,743.0,38696584161992,1485,5ea40,6f24a000,7997991a,10:44:56,74,377,257,233,0,94,5,14,10,4,0,0,0
92552,Renderer,128369847218176,387632,2039978266,744.0,38696584166772,1485,5ea30,6f24b000,7997991a,10:44:56,75,377,257,233,0,94,5,14,10,3,0,0,0
92552,Renderer,128369847222272,405591,2039978266,745.0,38696584171952,1485,63057,6f24c000,7997991a,10:44:56,76,377,257,233,0,99,6,3,0,5,7,0,0
92552,Renderer,128369847226368,837942,2039978266,746.0,38696584176781,1485,cc936,6f24d000,7997991a,10:44:56,77,377,257,233,0,204,12,12,9,3,6,0,0
92552,Renderer,128369847230464,560538,2039978266,747.0,38696584181651,1485,88d9a,6f24e000,7997991a,10:44:56,78,377,257,233,0,136,8,8,13,9,10,0,0
92552,Renderer,128369847234560,727403,2039978266,748.0,38696584186340,1485,b196b,6f24f000,7997991a,10:44:56,79,377,257,233,0,177,11,1,9,6,11,0,0
92552,Renderer,128369847242752,341107,2039978266,750.0,38696584195549,1485,53473,6f251000,7997991a,10:44:56,81,377,257,233,0,83,5,3,4,7,3,0,0
92552,Renderer,128369847246848,542434,2039978266,751.0,38696584203304,1485,846e2,6f252000,7997991a,10:44:56,82,377,257,233,0,132,8,4,6,14,2,0,0
92552,Renderer,128369847250944,228259,2039978266,752.0,38696584208164,1485,37ba3,6f253000,7997991a,10:44:56,83,377,257,233,0,55,3,7,11,10,3,0,0
92552,Renderer,128369847255040,759164,2039978266,753.0,38696584212903,1485,b957c,6f254000,7997991a,10:44:56,84,377,257,233,0,185,11,9,5,7,12,0,0
92552,Renderer,128369847259136,678560,2039978266,754.0,38696584217572,1485,a5aa0,6f255000,7997991a,10:44:56,85,377,257,233,0,165,10,5,10,10,0,0,0
92552,Renderer,128369847263232,185842,2039978266,755.0,38696584222312,1485,2d5f2,6f256000,7997991a,10:44:56,86,377,257,233,0,45,2,13,5,15,2,0,0
92552,Renderer,128369847267328,397911,2039978266,756.0,38696584227322,1485,61257,6f257000,7997991a,10:44:56,87,377,257,233,0,97,6,1,2,5,7,0,0
92552,Renderer,128369847271424,561872,2039978266,757.0,38696584232001,1485,892d0,6f258000,7997991a,10:44:56,88,377,257,233,0,137,8,9,2,13,0,0,0
92552,Renderer,128369847275520,383232,2039978266,758.0,38696584236831,1485,5d900,6f259000,7997991a,10:44:56,89,377,257,233,0,93,5,13,9,0,0,0,0
92552,Renderer,128369847279616,354370,2039978266,759.0,38696584241710,1485,56842,6f25a000,7997991a,10:44:56,90,377,257,233,0,86,5,6,8,4,2,0,0
92552,Renderer,128369847283712,354304,2039978266,760.0,38696584246750,1485,56800,6f25b000,7997991a,10:44:56,91,377,257,233,0,86,5,6,8,0,0,0,0
92552,Renderer,128369847287808,561785,2039978266,761.0,38696584251490,1485,89279,6f25c000,7997991a,10:44:56,92,377,257,233,0,137,8,9,2,7,9,0,0
92552,Renderer,128369847291904,387877,2039978266,762.0,38696584256630,1485,5eb25,6f25d000,7997991a,10:44:56,93,377,257,233,0,94,5,14,11,2,5,0,0
92552,Renderer,128369847296000,360078,2039978266,763.0,38696584261459,1485,57e8e,6f25e000,7997991a,10:44:56,94,377,257,233,0,87,5,7,14,8,14,0,0
92552,Renderer,128369847300096,223315,2039978266,764.0,38696584266459,1485,36853,6f25f000,7997991a,10:44:56,95,377,257,233,0,54,3,6,8,5,3,0,0
92552,Renderer,128369847308288,732500,2039978266,766.0,38696584278123,1485,b2d54,6f261000,7997991a,10:44:56,97,377,257,233,0,178,11,2,13,5,4,0,0
92552,Renderer,128369847312384,770293,2039978266,767.0,38696584283092,1485,bc0f5,6f262000,7997991a,10:44:56,98,377,257,233,0,188,11,12,0,15,5,0,0
92552,Renderer,128369847316480,794559,2039978266,768.0,38696584287842,1485,c1fbf,6f263000,7997991a,10:44:56,99,377,257,233,0,193,12,1,15,11,15,0,0
92552,Renderer,128369847320576,671319,2039978266,769.0,38696584293243,1485,a3e57,6f264000,7997991a,10:44:56,100,377,257,233,0,163,10,3,14,5,7,0,0
92552,Renderer,128369847324672,245353,2039978266,770.0,38696584297972,1486,3be69,6f265000,7997991a,10:44:56,101,377,257,233,0,59,3,11,14,6,9,0,0
92552,Renderer,128369847328768,287724,2039978266,771.0,38696584302912,1486,463ec,6f266000,7997991a,10:44:56,102,377,257,233,0,70,4,6,3,14,12,0,0
92552,Renderer,128369847332864,360293,2039978266,772.0,38696584307741,1486,57f65,6f267000,7997991a,10:44:56,103,377,257,233,0,87,5,7,15,6,5,0,0
92552,Renderer,128369847336960,237268,2039978266,773.0,38696584312641,1486,39ed4,6f268000,7997991a,10:44:56,104,377,257,233,0,57,3,9,14,13,4,0,0
92552,Renderer,128369847341056,840883,2039978266,774.0,38696584317370,1486,cd4b3,6f269000,7997991a,10:44:56,105,377,257,233,0,205,12,13,4,11,3,0,0
92552,Renderer,128369847345152,693083,2039978266,775.0,38696584323062,1486,a935b,6f26a000,7997991a,10:44:56,106,377,257,233,0,169,10,9,3,5,11,0,0
92552,Renderer,128369847349248,693714,2039978266,776.0,38696584328994,1486,a95d2,6f26b000,7997991a,10:44:56,107,377,257,233,0,169,10,9,5,13,2,0,0
92552,Renderer,128369847353344,878147,2039978266,777.0,38696584336428,1486,d6643,6f26c000,7997991a,10:44:56,108,377,257,233,0,214,13,6,6,4,3,0,0
92552,Renderer,128369847357440,779233,2039978266,778.0,38696584344574,1486,be3e1,6f26d000,7997991a,10:44:56,109,377,257,233,0,190,11,14,3,14,1,0,0
92552,Renderer,128369847361536,817969,2039978266,779.0,38696584351859,1486,c7b31,6f26e000,7997991a,10:44:56,110,377,257,233,0,199,12,7,11,3,1,0,0
92552,Renderer,128369847365632,504917,2039978266,780.0,38696584361989,1486,7b455,6f26f000,7997991a,10:44:56,111,377,257,233,0,123,7,11,4,5,5,0,0
92552,Renderer,128369847373824,241939,2039978266,782.0,38696584379714,1486,3b113,6f271000,7997991a,10:44:56,113,377,257,233,0,59,3,11,1,1,3,0,0
92552,Renderer,128369847377920,887520,2039978266,783.0,38696584386217,1486,d8ae0,6f272000,7997991a,10:44:56,114,377,257,233,0,216,13,8,10,14,0,0,0
92552,Renderer,128369847382016,803852,2039978266,784.0,38696584392349,1486,c440c,6f273000,7997991a,10:44:56,115,377,257,233,0,196,12,4,4,0,12,0,0
92552,Renderer,128369847386112,142591,2039978266,785.0,38696584397750,1486,22cff,6f274000,7997991a,10:44:56,116,377,257,233,0,34,2,2,12,15,15,0,0
92552,Renderer,128369847390208,18862,2039978266,786.0,38696584402830,1486,49ae,6f275000,7997991a,10:44:56,117,377,257,233,0,4,0,4,9,10,14,0,0
92552,Renderer,128369847394304,453235,2039978266,787.0,38696584407409,1486,6ea73,6f276000,7997991a,10:44:56,118,377,257,233,0,110,6,14,10,7,3,0,0
92552,Renderer,128369847398400,449746,2039978266,788.0,38696584412189,1486,6dcd2,6f277000,7997991a,10:44:56,119,377,257,233,0,109,6,13,12,13,2,0,0
92552,Renderer,128369847402496,402038,2039978266,789.0,38696584417890,1486,62276,6f278000,7997991a,10:44:56,120,377,257,233,0,98,6,2,2,7,6,0,0
92552,Renderer,128369847406592,412170,2039978266,790.0,38696584423200,1486,64a0a,6f279000,7997991a,10:44:56,121,377,257,233,0,100,6,4,10,0,10,0,0
92552,Renderer,128369847410688,415997,2039978266,791.0,38696584428190,1486,658fd,6f27a000,7997991a,10:44:56,122,377,257,233,0,101,6,5,8,15,13,0,0
92552,Renderer,128369847414784,683337,2039978266,792.0,38696584433060,1486,a6d49,6f27b000,7997991a,10:44:56,123,377,257,233,0,166,10,6,13,4,9,0,0
92552,Renderer,128369847418880,617443,2039978266,793.0,38696584438090,1486,96be3,6f27c000,7997991a,10:44:56,124,377,257,233,0,150,9,6,11,14,3,0,0
92552,Renderer,128369847422976,560774,2039978266,794.0,38696584445344,1486,88e86,6f27d000,7997991a,10:44:56,125,377,257,233,0,136,8,8,14,8,6,0,0
92552,Renderer,128369847427072,624381,2039978266,795.0,38696584450665,1486,986fd,6f27e000,7997991a,10:44:56,126,377,257,233,0,152,9,8,6,15,13,0,0
92552,Renderer,128369847431168,671831,2039978266,796.0,38696584458460,1486,a4057,6f27f000,7997991a,10:44:56,127,377,257,233,0,164,10,4,0,5,7,0,0
92552,Renderer,128369847439360,589983,2039978266,798.0,38696584467769,1486,9009f,6f281000,7997991a,10:44:56,129,377,257,233,0,144,9,0,0,9,15,0,0
92552,Renderer,128369847443456,289732,2039978266,799.0,38696584472328,1486,46bc4,6f282000,7997991a,10:44:56,130,377,257,233,0,70,4,6,11,12,4,0,0
92552,Renderer,128369847447552,361900,2039978266,800.0,38696584476707,1486,585ac,6f283000,7997991a,10:44:56,131,377,257,233,0,88,5,8,5,10,12,0,0
92552,Renderer,128369847451648,297909,2039978266,801.0,38696584481566,1486,48bb5,6f284000,7997991a,10:44:56,132,377,257,233,0,72,4,8,11,11,5,0,0
92552,Renderer,128369847455744,587934,2039978266,802.0,38696584486556,1486,8f89e,6f285000,7997991a,10:44:56,133,377,257,233,0,143,8,15,8,9,14,0,0
92552,Renderer,128369847459840,255916,2039978266,803.0,38696584491596,1486,3e7ac,6f286000,7997991a,10:44:56,134,377,257,233,0,62,3,14,7,10,12,0,0
92552,Renderer,128369847463936,225672,2039978266,804.0,38696584496526,1486,37188,6f287000,7997991a,10:44:56,135,377,257,233,0,55,3,7,1,8,8,0,0
92552,Renderer,128369847468032,700155,2039978266,805.0,38696584501295,1486,aaefb,6f288000,7997991a,10:44:56,136,377,257,233,0,170,10,10,14,15,11,0,0
92552,Renderer,128369847472128,758836,2039978266,806.0,38696584506145,1486,b9434,6f289000,7997991a,10:44:56,137,377,257,233,0,185,11,9,4,3,4,0,0
92552,Renderer,128369847476224,755785,2039978266,807.0,38696584511065,1486,b8849,6f28a000,7997991a,10:44:56,138,377,257,233,0,184,11,8,8,4,9,0,0
92552,Renderer,128369847480320,756662,2039978266,808.0,38696584516506,1486,b8bb6,6f28b000,7997991a,10:44:56,139,377,257,233,0,184,11,8,11,11,6,0,0
92552,Renderer,128369847484416,323192,2039978266,809.0,38696584521245,1486,4ee78,6f28c000,7997991a,10:44:56,140,377,257,233,0,78,4,14,14,7,8,0,0
92552,Renderer,128369847488512,319844,2039978266,810.0,38696584526215,1486,4e164,6f28d000,7997991a,10:44:56,141,377,257,233,0,78,4,14,1,6,4,0,0
92552,Renderer,128369847492608,319904,2039978266,811.0,38696584533980,1486,4e1a0,6f28e000,7997991a,10:44:56,142,377,257,233,0,78,4,14,1,10,0,0,0
92552,Renderer,128369847496704,244916,2039978266,812.0,38696584539110,1486,3bcb4,6f28f000,7997991a,10:44:56,143,377,257,233,0,59,3,11,12,11,4,0,0
92552,Renderer,128369847504896,214547,2039978266,814.0,38696584548209,1486,34613,6f291000,7997991a,10:44:56,145,377,257,233,0,52,3,4,6,1,3,0,0
92552,Renderer,128369847508992,214286,2039978266,815.0,38696584552808,1486,3450e,6f292000,7997991a,10:44:56,146,377,257,233,0,52,3,4,5,0,14,0,0
92552,Renderer,128369847513088,214519,2039978266,816.0,38696584557447,1486,345f7,6f293000,7997991a,10:44:56,147,377,257,233,0,52,3,4,5,15,7,0,0
92552,Renderer,128369847517184,262549,2039978266,817.0,38696584562307,1486,40195,6f294000,7997991a,10:44:56,148,377,257,233,0,64,4,0,1,9,5,0,0
92552,Renderer,128369847521280,355474,2039978266,818.0,38696584567166,1486,56c92,6f295000,7997991a,10:44:56,149,377,257,233,0,86,5,6,12,9,2,0,0
92552,Renderer,128369847525376,354171,2039978266,819.0,38696584572036,1486,5677b,6f296000,7997991a,10:44:56,150,377,257,233,0,86,5,6,7,7,11,0,0
92552,Renderer,128369847529472,392338,2039978266,820.0,38696584576685,1486,5fc92,6f297000,7997991a,10:44:56,151,377,257,233,0,95,5,15,12,9,2,0,0
92552,Renderer,128369847533568,617719,2039978266,821.0,38696584581565,1486,96cf7,6f298000,7997991a,10:44:56,152,377,257,233,0,150,9,6,12,15,7,0,0
92552,Renderer,128369847537664,588736,2039978266,822.0,38696584586184,1486,8fbc0,6f299000,7997991a,10:44:56,153,377,257,233,0,143,8,15,11,12,0,0,0
92552,Renderer,128369847541760,247900,2039978266,823.0,38696584591013,1486,3c85c,6f29a000,7997991a,10:44:56,154,377,257,233,0,60,3,12,8,5,12,0,0
92552,Renderer,128369847545856,255855,2039978266,824.0,38696584595733,1486,3e76f,6f29b000,7997991a,10:44:56,155,377,257,233,0,62,3,14,7,6,15,0,0
92552,Renderer,128369847549952,316176,2039978266,825.0,38696584600683,1486,4d310,6f29c000,7997991a,10:44:56,156,377,257,233,0,77,4,13,3,1,0,0,0
92552,Renderer,128369847554048,255608,2039978266,826.0,38696584608198,1486,3e678,6f29d000,7997991a,10:44:56,157,377,257,233,0,62,3,14,6,7,8,0,0
92552,Renderer,128369847558144,699692,2039978266,827.0,38696584613117,1486,aad2c,6f29e000,7997991a,10:44:56,158,377,257,233,0,170,10,10,13,2,12,0,0
92552,Renderer,128369847562240,699680,2039978266,828.0,38696584618037,1486,aad20,6f29f000,7997991a,10:44:56,159,377,257,233,0,170,10,10,13,2,0,0,0
92552,Renderer,128369847570432,755823,2039978266,830.0,38696584626714,1486,b886f,6f2a1000,7997991a,10:44:56,161,377,257,233,0,184,11,8,8,6,15,0,0
92552,Renderer,128369847574528,756689,2039978266,831.0,38696584632285,1486,b8bd1,6f2a2000,7997991a,10:44:56,162,377,257,233,0,184,11,8,11,13,1,0,0
92552,Renderer,128369847578624,756681,2039978266,832.0,38696584637396,1486,b8bc9,6f2a3000,7997991a,10:44:56,163,377,257,233,0,184,11,8,11,12,9,0,0
92552,Renderer,128369847582720,767214,2039978266,833.0,38696584642646,1486,bb4ee,6f2a4000,7997991a,10:44:56,164,377,257,233,0,187,11,11,4,14,14,0,0
92552,Renderer,128369847586816,186060,2039978266,834.0,38696584647516,1486,2d6cc,6f2a5000,7997991a,10:44:56,165,377,257,233,0,45,2,13,6,12,12,0,0
92552,Renderer,128369847590912,401242,2039978266,835.0,38696584652075,1486,61f5a,6f2a6000,7997991a,10:44:56,166,377,257,233,0,97,6,1,15,5,10,0,0
92552,Renderer,128369847595008,759499,2039978266,836.0,38696584656794,1486,b96cb,6f2a7000,7997991a,10:44:56,167,377,257,233,0,185,11,9,6,12,11,0,0
92552,Renderer,128369847599104,770295,2039978266,837.0,38696584661774,1486,bc0f7,6f2a8000,7997991a,10:44:56,168,377,257,233,0,188,11,12,0,15,7,0,0
92552,Renderer,128369847603200,856761,2039978266,838.0,38696584666934,1486,d12b9,6f2a9000,7997991a,10:44:56,169,377,257,233,0,209,13,1,2,11,9,0,0
92552,Renderer,128369847607296,272680,2039978266,839.0,38696584672094,1486,42928,6f2aa000,7997991a,10:44:56,170,377,257,233,0,66,4,2,9,2,8,0,0
92552,Renderer,128369847611392,378013,2039978266,840.0,38696584677144,1486,5c49d,6f2ab000,7997991a,10:44:56,171,377,257,233,0,92,5,12,4,9,13,0,0
92552,Renderer,128369847615488,574699,2039978266,841.0,38696584684970,1486,8c4eb,6f2ac000,7997991a,10:44:56,172,377,257,233,0,140,8,12,4,14,11,0,0
92552,Renderer,128369847619584,399923,2039978266,842.0,38696584689960,1486,61a33,6f2ad000,7997991a,10:44:56,173,377,257,233,0,97,6,1,10,3,3,0,0
92552,Renderer,128369847623680,347580,2039978266,843.0,38696584694829,1486,54dbc,6f2ae000,7997991a,10:44:56,174,377,257,233,0,84,5,4,13,11,12,0,0
92552,Renderer,128369847627776,296431,2039978266,844.0,38696584699859,1486,485ef,6f2af000,7997991a,10:44:56,175,377,257,233,0,72,4,8,5,14,15,0,0
92552,Renderer,128369847635968,393487,2039978266,846.0,38696584708998,1486,6010f,6f2b1000,7997991a,10:44:56,177,377,257,233,0,96,6,0,1,0,15,0,0
92552,Renderer,128369847640064,877252,2039978266,847.0,38696584713577,1486,d62c4,6f2b2000,7997991a,10:44:56,178,377,257,233,0,214,13,6,2,12,4,0,0
92552,Renderer,128369847644160,674338,2039978266,848.0,38696584718607,1486,a4a22,6f2b3000,7997991a,10:44:56,179,377,257,233,0,164,10,4,10,2,2,0,0
92552,Renderer,128369847648256,694355,2039978266,849.0,38696584723436,1486,a9853,6f2b4000,7997991a,10:44:56,180,377,257,233,0,169,10,9,8,5,3,0,0
92552,Renderer,128369847652352,437838,2039978266,850.0,38696584728136,1486,6ae4e,6f2b5000,7997991a,10:44:56,181,377,257,233,0,106,6,10,14,4,14,0,0
92552,Renderer,128369847656448,446723,2039978266,851.0,38696584733246,1486,6d103,6f2b6000,7997991a,10:44:56,182,377,257,233,0,109,6,13,1,0,3,0,0
92552,Renderer,128369847660544,739097,2039978266,852.0,38696584738025,1486,b4719,6f2b7000,7997991a,10:44:56,183,377,257,233,0,180,11,4,7,1,9,0,0
92552,Renderer,128369847664640,41063,2039978266,853.0,38696584743175,1486,a067,6f2b8000,7997991a,10:44:56,184,377,257,233,0,10,0,10,0,6,7,0,0
92552,Renderer,128369847668736,706742,2039978266,854.0,38696584748356,1486,ac8b6,6f2b9000,7997991a,10:44:56,185,377,257,233,0,172,10,12,8,11,6,0,0
92552,Renderer,128369847672832,782468,2039978266,855.0,38696584753316,1486,bf084,6f2ba000,7997991a,10:44:56,186,377,257,233,0,191,11,15,0,8,4,0,0
92552,Renderer,128369847676928,653841,2039978266,856.0,38696584761041,1486,9fa11,6f2bb000,7997991a,10:44:56,187,377,257,233,0,159,9,15,10,1,1,0,0
92552,Renderer,128369847681024,488771,2039978266,857.0,38696584766011,1486,77543,6f2bc000,7997991a,10:44:56,188,377,257,233,0,119,7,7,5,4,3,0,0
92552,Renderer,128369847685120,820076,2039978266,858.0,38696584770951,1486,c836c,6f2bd000,7997991a,10:44:56,189,377,257,233,0,200,12,8,3,6,12,0,0
92552,Renderer,128369847689216,634348,2039978266,859.0,38696584775850,1486,9adec,6f2be000,7997991a,10:44:56,190,377,257,233,0,154,9,10,13,14,12,0,0
92552,Renderer,128369847693312,392213,2039978266,860.0,38696584781361,1486,5fc15,6f2bf000,7997991a,10:44:56,191,377,257,233,0,95,5,15,12,1,5,0,0
92552,Renderer,128369847701504,696123,2039978266,862.0,38696584790289,1486,a9f3b,6f2c1000,7997991a,10:44:56,193,377,257,233,0,169,10,9,15,3,11,0,0
92552,Renderer,128369847705600,817473,2039978266,863.0,38696584795078,1486,c7941,6f2c2000,7997991a,10:44:56,194,377,257,233,0,199,12,7,9,4,1,0,0
92552,Renderer,128369847709696,204580,2039978266,864.0,38696584799778,1486,31f24,6f2c3000,7997991a,10:44:56,195,377,257,233,0,49,3,1,15,2,4,0,0
92552,Renderer,128369847713792,227679,2039978266,865.0,38696584804788,1486,3795f,6f2c4000,7997991a,10:44:56,196,377,257,233,0,55,3,7,9,5,15,0,0
92552,Renderer,128369847717888,667063,2039978266,866.0,38696584809557,1486,a2db7,6f2c5000,7997991a,10:44:56,197,377,257,233,0,162,10,2,13,11,7,0,0
92552,Renderer,128369847721984,819933,2039978266,867.0,38696584814998,1486,c82dd,6f2c6000,7997991a,10:44:56,198,377,257,233,0,200,12,8,2,13,13,0,0
92552,Renderer,128369847726080,819549,2039978266,868.0,38696584821611,1486,c815d,6f2c7000,7997991a,10:44:56,199,377,257,233,0,200,12,8,1,5,13,0,0
92552,Renderer,128369847730176,753645,2039978266,869.0,38696584829256,1486,b7fed,6f2c8000,7997991a,10:44:56,200,377,257,233,0,183,11,7,15,14,13,0,0
92552,Renderer,128369847734272,747260,2039978266,870.0,38696584834807,1486,b66fc,6f2c9000,7997991a,10:44:56,201,377,257,233,0,182,11,6,6,15,12,0,0
92552,Renderer,128369847738368,862463,2039978266,871.0,38696584843785,1486,d28ff,6f2ca000,7997991a,10:44:56,202,377,257,233,0,210,13,2,8,15,15,0,0
92552,Renderer,128369847742464,862198,2039978266,872.0,38696584849486,1486,d27f6,6f2cb000,7997991a,10:44:56,203,377,257,233,0,210,13,2,7,15,6,0,0
92552,Renderer,128369847746560,729932,2039978266,873.0,38696584855057,1486,b234c,6f2cc000,7997991a,10:44:56,204,377,257,233,0,178,11,2,3,4,12,0,0
92552,Renderer,128369847750656,669925,2039978266,874.0,38696584860659,1486,a38e5,6f2cd000,7997991a,10:44:56,205,377,257,233,0,163,10,3,8,14,5,0,0
92552,Renderer,128369847754752,561174,2039978266,875.0,38696584866640,1486,89016,6f2ce000,7997991a,10:44:56,206,377,257,233,0,137,8,9,0,1,6,0,0
92552,Renderer,128369847758848,561586,2039978266,876.0,38696584872332,1486,891b2,6f2cf000,7997991a,10:44:56,207,377,257,233,0,137,8,9,1,11,2,0,0
92552,Renderer,128369847767040,443150,2039978266,878.0,38696584883293,1486,6c30e,6f2d1000,7997991a,10:44:56,209,377,257,233,0,108,6,12,3,0,14,0,0
92552,Renderer,128369847771136,852888,2039978266,879.0,38696584888855,1486,d0398,6f2d2000,7997991a,10:44:56,210,377,257,233,0,208,13,0,3,9,8,0,0
