PID,COMM,VA,PFN,mapping,folio_index,start_ns,latency_ns
1752,pipewire-pulse,0x7029fa775000,0x9e2f1,000000001fdf32c9,0.0,0.0,1121761.0
1752,pipewire-pulse,0x7029fa776000,0x14e52,000000001fdf32c9,1.0,14168.0,1135929.0
1752,pipewire-pulse,0x7029fa777000,0x597d5,000000001fdf32c9,2.0,18175.0,1139936.0
1752,pipewire-pulse,0x7029fa778000,0x3583d,000000001fdf32c9,3.0,21098.0,1142859.0
1752,pipewire-pulse,0x7029fa779000,0x14e67,000000001fdf32c9,4.0,24077.0,1145838.0
1752,pipewire-pulse,0x7029fa77a000,0xd32fc,000000001fdf32c9,5.0,27215.0,1148976.0
1752,pipewire-pulse,0x7029fa77b000,0x99202,000000001fdf32c9,6.0,30098.0,1151859.0
1752,pipewire-pulse,0x7029fa77c000,0x578bb,000000001fdf32c9,7.0,33160.0,1154921.0
1752,pipewire-pulse,0x7029fa76c000,0x578bd,00000000b99e754f,0.0,52794.0,1174555.0
1752,pipewire-pulse,0x7029fa76d000,0x9e2fd,00000000b99e754f,1.0,55881.0,1177642.0
1752,pipewire-pulse,0x7029fa76e000,0x35824,00000000b99e754f,2.0,58893.0,1180654.0
1752,pipewire-pulse,0x7029fa76f000,0xb41e7,00000000b99e754f,3.0,60736.0,1182497.0
1752,pipewire-pulse,0x7029fa771000,0x14e45,00000000b99e754f,5.0,63615.0,1185376.0
1752,pipewire-pulse,0x7029fa772000,0x32f4,00000000b99e754f,6.0,65154.0,1186915.0
1752,pipewire-pulse,0x7029fa773000,0xd2118,00000000b99e754f,7.0,66946.0,1188707.0
1752,pipewire-pulse,0x7029fa775000,0x52ff9,000000001fdf32c9,0.0,6538675017.0,4868772.0
1752,pipewire-pulse,0x7029fa776000,0xa4a54,000000001fdf32c9,1.0,6538687833.0,4881588.0
1752,pipewire-pulse,0x7029fa777000,0x97c91,000000001fdf32c9,2.0,6538691807.0,4885562.0
1752,pipewire-pulse,0x7029fa778000,0x2d80,000000001fdf32c9,3.0,6538695251.0,4889006.0
1752,pipewire-pulse,0x7029fa779000,0xd132f,000000001fdf32c9,4.0,6538764212.0,4957967.0
1752,pipewire-pulse,0x7029fa77a000,0x97c9f,000000001fdf32c9,5.0,6538767897.0,4961652.0
1752,pipewire-pulse,0x7029fa77b000,0xd1fde,000000001fdf32c9,6.0,6538771195.0,4964950.0
1752,pipewire-pulse,0x7029fa77c000,0xd4bdc,000000001fdf32c9,7.0,6538774652.0,4968407.0
1752,pipewire-pulse,0x7029fa76c000,0x97c9b,0000000098009147,0.0,6538800608.0,4994363.0
1752,pipewire-pulse,0x7029fa76d000,0x57a02,0000000098009147,1.0,6538803967.0,4997722.0
1752,pipewire-pulse,0x7029fa76e000,0x14e5b,0000000098009147,2.0,6538807138.0,5000893.0
1752,pipewire-pulse,0x7029fa76f000,0x3d6a7,0000000098009147,3.0,6538809076.0,5002831.0
1752,pipewire-pulse,0x7029fa771000,0x97cb5,0000000098009147,5.0,6538812596.0,5006351.0
1752,pipewire-pulse,0x7029fa772000,0xd6018,0000000098009147,6.0,6538814287.0,5008042.0
1752,pipewire-pulse,0x7029fa773000,0x33ed1,0000000098009147,7.0,6538816186.0,5009941.0
1752,pipewire-pulse,0x7029fa761000,0x4a84f,00000000821379b8,1.0,6667653154.0,4554282.0
1752,pipewire-pulse,0x7029fa762000,0xd9cdb,00000000821379b8,2.0,6667655483.0,4556611.0
1752,pipewire-pulse,0x7029fa763000,0xaadf8,00000000821379b8,3.0,6667657350.0,4558478.0
1752,pipewire-pulse,0x7029fa764000,0xb086a,00000000821379b8,4.0,6667659078.0,4560206.0
1752,pipewire-pulse,0x7029fa765000,0xd603b,00000000821379b8,5.0,6667660674.0,4561802.0
1752,pipewire-pulse,0x7029fa766000,0x597e6,00000000821379b8,6.0,6667662283.0,4563411.0
1752,pipewire-pulse,0x7029fa767000,0x822a5,00000000821379b8,7.0,6667664021.0,4565149.0
1752,pipewire-pulse,0x7029fa757000,0x572fd,0000000016b9dd53,0.0,6667922822.0,4823950.0
1752,pipewire-pulse,0x7029fa758000,0x41dba,0000000016b9dd53,1.0,6667924978.0,4826106.0
1752,pipewire-pulse,0x7029fa759000,0xa7b9e,0000000016b9dd53,2.0,6667926822.0,4827950.0
1752,pipewire-pulse,0x7029fa75a000,0x41c00,0000000016b9dd53,3.0,6667931690.0,4832818.0
1752,pipewire-pulse,0x7029fa75b000,0x578b8,0000000016b9dd53,4.0,6667934282.0,4835410.0
1752,pipewire-pulse,0x7029fa75c000,0x3fff9,0000000016b9dd53,5.0,6667936792.0,4837920.0
1752,pipewire-pulse,0x7029fa75d000,0x85ba8,0000000016b9dd53,6.0,6667939159.0,4840287.0
1752,pipewire-pulse,0x7029fa75e000,0x49c6e,0000000016b9dd53,7.0,6667941686.0,4842814.0
1752,pipewire-pulse,0x7029fa775000,0x3fff9,0000000089219341,0.0,7243645205.0,6812759.0
1752,pipewire-pulse,0x7029fa776000,0x85ba8,0000000089219341,1.0,7243647919.0,6815473.0
1752,pipewire-pulse,0x7029fa777000,0xab3fc,0000000089219341,2.0,7243649801.0,6817355.0
1752,pipewire-pulse,0x7029fa778000,0xcc71d,0000000089219341,3.0,7243651529.0,6819083.0
1752,pipewire-pulse,0x7029fa779000,0x67399,0000000089219341,4.0,7243653213.0,6820767.0
1752,pipewire-pulse,0x7029fa77a000,0x47450,0000000089219341,5.0,7243654917.0,6822471.0
1752,pipewire-pulse,0x7029fa77b000,0x2d2bd,0000000089219341,6.0,7243656493.0,6824047.0
1752,pipewire-pulse,0x7029fa77c000,0x2d2bb,0000000089219341,7.0,7243658160.0,6825714.0
1752,pipewire-pulse,0x7029fa76c000,0x7a976,00000000bd4d0cc1,0.0,7243691220.0,6858774.0
1752,pipewire-pulse,0x7029fa76d000,0x93b5,00000000bd4d0cc1,1.0,7243692988.0,6860542.0
1752,pipewire-pulse,0x7029fa76e000,0x8231e,00000000bd4d0cc1,2.0,7243694456.0,6862010.0
1752,pipewire-pulse,0x7029fa76f000,0x82319,00000000bd4d0cc1,3.0,7243696006.0,6863560.0
1752,pipewire-pulse,0x7029fa771000,0x82317,00000000bd4d0cc1,5.0,7243698965.0,6866519.0
1752,pipewire-pulse,0x7029fa772000,0x82315,00000000bd4d0cc1,6.0,7243700531.0,6868085.0
1752,pipewire-pulse,0x7029fa773000,0x41c05,00000000bd4d0cc1,7.0,7243702040.0,6869594.0
3074,firefox,0x75641e831000,0x355fb,000000008bbe964b,10.0,31200367794.0,153396.0
3074,firefox,0x75641e831000,0x10afd6,000000008bbe964b,10.0,58034264686.0,987700.0
8485,Isolated Servic,0x738900350000,0x10cd71,00000000953423f4,28.0,63669087925.0,71739.0
8485,Isolated Servic,0x73890034f000,0x10c52a,00000000953423f4,15.0,63677065147.0,72405.0
8485,Isolated Servic,0x738900385000,0x10e260,00000000953423f4,63.0,63678033963.0,863172.0
2271,gsd-housekeepin,0x55585acb5000,0x22bdb,00000000f275917a,9.0,65200728098.0,972313.0
2269,gsd-color,0x7c843e525000,0x1117f5,00000000defd2c8d,10.0,69224577414.0,1289852.0
3074,firefox,0x75643329a000,0x12b24b,00000000fb79b51f,347.0,70216015458.0,93630.0
3676,Isolated Web Co,0x738900325000,0x10cacd,0000000007643c4d,24.0,75433903954.0,73750.0
3676,Isolated Web Co,0x73890031b000,0x12dae7,0000000007643c4d,17.0,75437842345.0,1029237.0
3676,Isolated Web Co,0x73890032b000,0x12f4b3,0000000007643c4d,30.0,81097967068.0,94289.0
3664,DOMCacheThread,0x75643329a000,0x118aa7,00000000fb79b51f,347.0,81602685079.0,112781.0
3676,Isolated Web Co,0x738900325000,0x11a206,0000000007643c4d,31.0,81802636795.0,1191944.0
3676,Isolated Web Co,0x73890031c000,0x11e0cb,0000000007643c4d,17.0,81805157188.0,810424.0
3074,firefox,0x75641a07b000,0x123249,00000000953423f4,13.0,84296847553.0,918699.0
3074,firefox,0x75641a082000,0x123249,00000000953423f4,13.0,84302780143.0,91397.0
3074,firefox,0x75641a086000,0x123249,00000000953423f4,13.0,84305166087.0,71614.0
3074,firefox,0x75641a091000,0xcbfd1,00000000953423f4,33.0,84305998695.0,904222.0
3074,firefox,0x75641a09f000,0xcbfd1,00000000953423f4,33.0,84308091370.0,208403.0
3074,firefox,0x75641a0b0000,0x10f8cb,00000000953423f4,66.0,84309254439.0,1371472.0
3074,firefox,0x75641a097000,0x88206,00000000953423f4,36.0,84310219397.0,102978.0
3074,firefox,0x75641a0b3000,0x10f8cb,00000000953423f4,66.0,84312964420.0,2848001.0
3074,firefox,0x75641a09b000,0x88206,00000000953423f4,36.0,84323295971.0,10238614.0
3074,firefox,0x75641a0b2000,0x10f8cb,00000000953423f4,66.0,84345061721.0,1013025.0
3074,firefox,0x75641a0b5000,0x10f8cb,00000000953423f4,66.0,84364663792.0,88355.0
3074,firefox,0x75641a08d000,0x123249,00000000953423f4,13.0,84386787878.0,114669.0
8485,Isolated Servic,0x7388ff488000,0x12b549,000000000e109d6e,147.0,87158335822.0,76245.0
8759,MainThread,0x738900346000,0x123249,00000000953423f4,13.0,87226332993.0,68795.0
8759,MainThread,0x738900344000,0x123249,00000000953423f4,13.0,87232797962.0,420521.0
8759,MainThread,0x738900358000,0x882aa,00000000953423f4,28.0,87235609497.0,264941.0
8759,MainThread,0x73890035d000,0x882aa,00000000953423f4,28.0,87238161584.0,82057.0
8759,MainThread,0x73890037f000,0x9768c,00000000953423f4,58.0,87245079701.0,119300.0
8759,MainThread,0x73890036a000,0x88204,00000000953423f4,43.0,87248568482.0,74644.0
8759,MainThread,0x73890037c000,0x121de7,00000000953423f4,60.0,87250649220.0,286903.0
8759,MainThread,0x738900376000,0x121de7,00000000953423f4,60.0,87252068403.0,410216.0
8759,MainThread,0x738900379000,0x121de7,00000000953423f4,60.0,87258255673.0,102013.0
8759,MainThread,0x738900352000,0x882aa,00000000953423f4,28.0,87261297220.0,98795.0
8759,MainThread,0x73890036f000,0x88204,00000000953423f4,43.0,87262280116.0,77427.0
8759,MainThread,0x73890036b000,0x10df5f,00000000953423f4,44.0,87263355494.0,70602.0
8759,MainThread,0x738900357000,0x882aa,00000000953423f4,28.0,87268201530.0,179609.0
8759,MainThread,0x73890037e000,0x121de7,00000000953423f4,60.0,87271846090.0,155470.0
8759,MainThread,0x738900353000,0x882aa,00000000953423f4,28.0,87274149058.0,279462.0
8759,MainThread,0x73890035e000,0x882aa,00000000953423f4,28.0,87284266588.0,74188.0
8759,MainThread,0x738900371000,0x121de7,00000000953423f4,60.0,87285087426.0,70596.0
8759,MainThread,0x738900377000,0x121de7,00000000953423f4,60.0,87286076172.0,71390.0
8759,MainThread,0x738900362000,0x10df5f,00000000953423f4,44.0,87286849651.0,844869.0
8759,MainThread,0x738900380000,0x10f8cb,00000000953423f4,66.0,87288214365.0,71644.0
8759,MainThread,0x73890035c000,0x882aa,00000000953423f4,28.0,87289904666.0,1596608.0
8759,MainThread,0x738900372000,0x121de7,00000000953423f4,60.0,87291742834.0,79541.0
8759,MainThread,0x738900368000,0x10df5f,00000000953423f4,44.0,87292849916.0,72253.0
8759,MainThread,0x73890035a000,0x882aa,00000000953423f4,28.0,87294083985.0,79771.0
8759,MainThread,0x738900375000,0x121de7,00000000953423f4,60.0,87295303677.0,69982.0
8759,MainThread,0x738900366000,0x10df5f,00000000953423f4,44.0,87297836616.0,979449.0
8759,MainThread,0x73890036d000,0x10df5f,00000000953423f4,44.0,87300298705.0,751868.0
8759,MainThread,0x738900370000,0x121de7,00000000953423f4,60.0,87301689423.0,68748.0
8759,MainThread,0x738900373000,0x121de7,00000000953423f4,60.0,87302858619.0,66404.0
8759,MainThread,0x738900381000,0x10f8cb,00000000953423f4,66.0,87303981609.0,1035966.0
8759,MainThread,0x738900382000,0x10f8cb,00000000953423f4,66.0,87306247742.0,76561.0
8759,MainThread,0x73890036c000,0x10df5f,00000000953423f4,44.0,87307155072.0,807739.0
8759,MainThread,0x738900383000,0x10f8cb,00000000953423f4,66.0,87308171553.0,89827.0
8759,MainThread,0x738900361000,0x10df5f,00000000953423f4,44.0,87308898238.0,73855.0
8759,MainThread,0x738900365000,0x10df5f,00000000953423f4,44.0,87309865063.0,749603.0
8759,MainThread,0x738900384000,0x10f8cb,00000000953423f4,66.0,87312294362.0,268556.0
8759,MainThread,0x73890035b000,0x882aa,00000000953423f4,28.0,87313027548.0,1001742.0
8759,MainThread,0x738900360000,0x10df5f,00000000953423f4,44.0,87317894862.0,72575.0
8759,MainThread,0x738900356000,0x882aa,00000000953423f4,28.0,87319041431.0,69863.0
8759,MainThread,0x738900369000,0x10df5f,00000000953423f4,44.0,87320283982.0,68716.0
8759,MainThread,0x738900374000,0x121de7,00000000953423f4,60.0,87322956196.0,94598.0
8759,MainThread,0x738900354000,0x882aa,00000000953423f4,28.0,87324170616.0,80782.0
8759,MainThread,0x738900351000,0x882aa,00000000953423f4,28.0,87325103238.0,790581.0
8759,MainThread,0x738900345000,0x11c6e7,00000000953423f4,15.0,87327779541.0,69435.0
8759,MainThread,0x738900348000,0x11c6e7,00000000953423f4,15.0,87329001164.0,76247.0
8759,MainThread,0x738900347000,0x11c6e7,00000000953423f4,15.0,87330697832.0,79725.0
8759,MainThread,0x738900349000,0x11c6e7,00000000953423f4,15.0,87338976300.0,70945.0
8759,MainThread,0x73890034c000,0x11c6e7,00000000953423f4,15.0,87341220594.0,74309.0
8759,MainThread,0x73890034b000,0x11c6e7,00000000953423f4,15.0,87342025889.0,726007.0
8759,MainThread,0x73890034d000,0x11c6e7,00000000953423f4,15.0,87345238457.0,226719.0
8713,DOM Worker,0x73890033d000,0x115619,0000000007643c4d,51.0,87737338235.0,78077.0
3664,DOMCacheThread,0x75643329a000,0x85fd0,00000000fb79b51f,347.0,89649222607.0,107057.0
8759,MainThread,0x73890030d000,0x8eac5,0000000007643c4d,0.0,89816062157.0,80870.0
8759,MainThread,0x73890030e000,0x66422,0000000007643c4d,1.0,89818532841.0,291387.0
8759,MainThread,0x73890030f000,0x502ab,0000000007643c4d,2.0,89831099159.0,116730.0
8759,MainThread,0x738900310000,0x115dd9,0000000007643c4d,18.0,89832968527.0,83600.0
8759,MainThread,0x738900311000,0x115dd9,0000000007643c4d,18.0,89845515396.0,208341.0
8759,MainThread,0x738900312000,0x115dd9,0000000007643c4d,18.0,89848223483.0,76037.0
8759,MainThread,0x738900313000,0x115dd9,0000000007643c4d,18.0,89850298833.0,82550.0
8759,MainThread,0x738900314000,0x115dd9,0000000007643c4d,18.0,89854778194.0,74678.0
8759,MainThread,0x738900315000,0x115dd9,0000000007643c4d,18.0,89855751500.0,175140.0
8759,MainThread,0x738900316000,0x115dd9,0000000007643c4d,18.0,89856995431.0,280790.0
8759,MainThread,0x738900317000,0x115dd9,0000000007643c4d,18.0,89858799345.0,83473.0
8759,MainThread,0x738900318000,0x115dd9,0000000007643c4d,18.0,89860979935.0,117637.0
8759,MainThread,0x738900319000,0x115dd9,0000000007643c4d,18.0,89862072948.0,264704.0
8759,MainThread,0x73890031a000,0x115dd9,0000000007643c4d,18.0,89862914040.0,78648.0
8759,MainThread,0x73890031b000,0x115dd9,0000000007643c4d,18.0,89863996593.0,367715.0
8759,MainThread,0x73890031c000,0x115dd9,0000000007643c4d,18.0,89876962501.0,76769.0
8759,MainThread,0x73890031d000,0x115dd9,0000000007643c4d,18.0,89876972831.0,87099.0
8759,MainThread,0x73890031f000,0x115dd9,0000000007643c4d,18.0,89878070087.0,69058.0
8759,MainThread,0x738900320000,0x11a206,0000000007643c4d,31.0,89879160524.0,74526.0
8759,MainThread,0x738900321000,0x11a206,0000000007643c4d,31.0,89880761014.0,139152.0
8759,MainThread,0x738900322000,0x11a206,0000000007643c4d,31.0,89906262311.0,73967.0
8759,MainThread,0x738900323000,0x11a206,0000000007643c4d,31.0,89908351413.0,150467.0
8759,MainThread,0x738900324000,0x11a206,0000000007643c4d,31.0,89910181049.0,75018.0
8759,MainThread,0x738900326000,0x11a206,0000000007643c4d,31.0,89913867795.0,78511.0
8759,MainThread,0x738900327000,0x11a206,0000000007643c4d,31.0,89915100718.0,75524.0
8759,MainThread,0x738900328000,0x11a206,0000000007643c4d,31.0,89921603175.0,324509.0
8759,MainThread,0x738900329000,0x11a206,0000000007643c4d,31.0,89922783791.0,74783.0
8759,MainThread,0x73890032c000,0x11a206,0000000007643c4d,31.0,89924824473.0,100920.0
8759,MainThread,0x73890032d000,0xf192,0000000007643c4d,32.0,89926063665.0,67303.0
8759,MainThread,0x73890032e000,0x3ec14,0000000007643c4d,33.0,89927193084.0,69881.0
8759,MainThread,0x73890032f000,0x3ec9f,0000000007643c4d,34.0,89929919654.0,93186.0
8759,MainThread,0x738900330000,0x115619,0000000007643c4d,51.0,89934831546.0,76447.0
8759,MainThread,0x738900331000,0x115619,0000000007643c4d,51.0,89939140284.0,102935.0
8759,MainThread,0x738900332000,0x115619,0000000007643c4d,51.0,89940515118.0,225341.0
8759,MainThread,0x738900333000,0x115619,0000000007643c4d,51.0,89944925915.0,86198.0
8759,MainThread,0x738900334000,0x115619,0000000007643c4d,51.0,89947006783.0,73086.0
8759,MainThread,0x738900335000,0x115619,0000000007643c4d,51.0,89948999416.0,73478.0
8759,MainThread,0x738900336000,0x115619,0000000007643c4d,51.0,89949865633.0,73143.0
8759,MainThread,0x738900337000,0x115619,0000000007643c4d,51.0,89951327650.0,75580.0
8759,MainThread,0x738900338000,0x115619,0000000007643c4d,51.0,89951898340.0,78809.0
8759,MainThread,0x738900339000,0x115619,0000000007643c4d,51.0,89961905952.0,71418.0
8759,MainThread,0x73890033a000,0x115619,0000000007643c4d,51.0,89975124652.0,76498.0
8759,MainThread,0x73890033b000,0x115619,0000000007643c4d,51.0,89975933268.0,80165.0
8759,MainThread,0x73890033c000,0x115619,0000000007643c4d,51.0,89976756382.0,77382.0
8759,MainThread,0x73890033e000,0x115619,0000000007643c4d,51.0,89977563267.0,73553.0
8759,MainThread,0x738900341000,0xd1661,0000000007643c4d,52.0,89979722913.0,93210.0
8759,MainThread,0x738900342000,0x7d05f,0000000007643c4d,53.0,89982599275.0,82268.0
8759,MainThread,0x73890034a000,0x114648,00000000953423f4,0.0,93372365423.0,1039256.0
8759,MainThread,0x73890034e000,0x128a1e,00000000953423f4,7.0,93379663155.0,436272.0
8759,MainThread,0x738900350000,0x11fe2b,00000000953423f4,22.0,93385152575.0,132105.0
8759,MainThread,0x73890036e000,0x1294f0,00000000953423f4,33.0,93389863613.0,1532531.0
8759,MainThread,0x738900367000,0x13004a,00000000953423f4,43.0,93392228452.0,219542.0
8759,MainThread,0x738900351000,0x11fe2b,00000000953423f4,22.0,93395970361.0,126526.0
8759,MainThread,0x73890035c000,0x11fe2b,00000000953423f4,22.0,93406646615.0,2027488.0
8759,MainThread,0x73890036b000,0x13004a,00000000953423f4,43.0,93415821915.0,165724.0
8759,MainThread,0x738900377000,0x121de7,00000000953423f4,60.0,93418341772.0,2215397.0
8759,MainThread,0x738900352000,0x10f2f6,00000000953423f4,25.0,93421332188.0,866622.0
8759,MainThread,0x73890037d000,0x121de7,00000000953423f4,60.0,93427147529.0,140650.0
8759,MainThread,0x738900376000,0x121de7,00000000953423f4,60.0,93435838393.0,149352.0
8759,MainThread,0x738900370000,0x121de7,00000000953423f4,60.0,93446230832.0,172228.0
8759,MainThread,0x738900365000,0x13004a,00000000953423f4,43.0,93451314396.0,2930214.0
8759,MainThread,0x73890037a000,0x121de7,00000000953423f4,60.0,93455423405.0,1535506.0
8759,MainThread,0x73890036c000,0x13004a,00000000953423f4,43.0,93457724532.0,344000.0
8759,MainThread,0x738900374000,0x121de7,00000000953423f4,60.0,93463283654.0,441410.0
8759,MainThread,0x738900362000,0x13004a,00000000953423f4,43.0,93472282991.0,125200.0
8759,MainThread,0x738900363000,0x13004a,00000000953423f4,43.0,93489811952.0,481692.0
8759,MainThread,0x738900361000,0x13004a,00000000953423f4,43.0,93495852601.0,158394.0
8759,MainThread,0x738900355000,0x10f2f6,00000000953423f4,25.0,93497249195.0,141806.0
8759,MainThread,0x738900354000,0x10f2f6,00000000953423f4,25.0,93509816674.0,139957.0
8759,MainThread,0x738900378000,0x121de7,00000000953423f4,60.0,93521024775.0,148066.0
8759,MainThread,0x73890035d000,0x10f2f6,00000000953423f4,25.0,93543341230.0,259791.0
8759,MainThread,0x73890037b000,0x121de7,00000000953423f4,60.0,93548962468.0,410430.0
8759,MainThread,0x738900369000,0x13004a,00000000953423f4,43.0,93550938001.0,1786686.0
8759,MainThread,0x738900385000,0x129ead,00000000953423f4,65.0,93598056152.0,418642.0
8759,MainThread,0x73890034c000,0x11dd10,00000000953423f4,15.0,94178898682.0,1852734.0
8759,MainThread,0x73890035e000,0x10e338,00000000953423f4,26.0,94181165959.0,1015439.0
8759,MainThread,0x73890034b000,0x11dd10,00000000953423f4,15.0,94181989038.0,99902.0
8759,MainThread,0x738900375000,0x121de7,00000000953423f4,60.0,94183223069.0,1122543.0
8759,MainThread,0x738900368000,0x13004a,00000000953423f4,43.0,94194323667.0,211899.0
8759,MainThread,0x738900360000,0x13004a,00000000953423f4,43.0,94206351962.0,253468.0
8759,MainThread,0x738900358000,0x108d90,00000000953423f4,27.0,94207176827.0,1078333.0
8759,MainThread,0x738900366000,0x13004a,00000000953423f4,43.0,94214130424.0,89330.0
8759,MainThread,0x738900346000,0x11dd10,00000000953423f4,15.0,95010054829.0,1928971.0
8759,MainThread,0x738900348000,0x11dd10,00000000953423f4,15.0,95042739981.0,3624313.0
8759,MainThread,0x738900349000,0x11dd10,00000000953423f4,15.0,95061125459.0,3395374.0
8759,MainThread,0x73890035b000,0x108d90,00000000953423f4,27.0,95118449203.0,3800239.0
8759,MainThread,0x738900371000,0x121de7,00000000953423f4,60.0,95542288821.0,8837035.0
8759,MainThread,0x73890035a000,0x108d90,00000000953423f4,27.0,95594466653.0,21547294.0
3676,Isolated Web Co,0x73890032b000,0x12f4b3,0000000007643c4d,30.0,96221825824.0,4202205.0
3676,Isolated Web Co,0x73890031c000,0x115dd9,0000000007643c4d,18.0,97289146462.0,1032408.0
8759,MainThread,0x7389104bc000,0x50c2f,0000000099085667,1.0,97419973101.0,5564128.0
8759,MainThread,0x73890036a000,0x13004a,00000000953423f4,43.0,99654446085.0,580320.0
8759,MainThread,0x738900353000,0x108d90,00000000953423f4,27.0,99732389138.0,7116405.0
8759,MainThread,0x738900344000,0x11dd10,00000000953423f4,15.0,99779016959.0,4744654.0
8759,MainThread,0x73890036d000,0x13004a,00000000953423f4,43.0,99877526576.0,5485506.0
8759,MainThread,0x738900357000,0x108d90,00000000953423f4,27.0,101105157078.0,135170.0
8759,MainThread,0x73890036f000,0x13004a,00000000953423f4,43.0,101125205917.0,108343.0
8759,MainThread,0x73890035f000,0x108d90,00000000953423f4,27.0,101140309990.0,1063556.0
8759,MainThread,0x738900373000,0x121de7,00000000953423f4,60.0,101169097445.0,2073095.0
8759,MainThread,0x738900372000,0x121de7,00000000953423f4,60.0,101175811049.0,209845.0
8759,MainThread,0x738900356000,0x116caa,00000000953423f4,28.0,101205356740.0,1349563.0
8759,MainThread,0x738900345000,0x11dd10,00000000953423f4,15.0,101218301352.0,56951.0
8759,MainThread,0x738900347000,0x11dd10,00000000953423f4,15.0,101229127766.0,996999.0
8759,MainThread,0x73890034d000,0x11dd10,00000000953423f4,15.0,101243898004.0,180816.0
8759,MainThread,0x73890034f000,0x11dd10,00000000953423f4,15.0,101268334235.0,2055654.0
8713,DOM Worker,0x73890033e000,0x11fde0,0000000007643c4d,49.0,101450446521.0,280587.0
8713,DOM Worker,0x738900341000,0x11fde2,0000000007643c4d,52.0,101784133481.0,148232.0
8713,DOM Worker,0x73890033a000,0x128fb1,0000000007643c4d,50.0,101794355363.0,188322.0
8713,DOM Worker,0x738900316000,0x115dd9,0000000007643c4d,18.0,101825303910.0,142781.0
8713,DOM Worker,0x738900319000,0x115dd9,0000000007643c4d,18.0,101853120654.0,144489.0
8713,DOM Worker,0x738900339000,0x128fb1,0000000007643c4d,50.0,102877808533.0,161201.0
8713,DOM Worker,0x738900315000,0x115dd9,0000000007643c4d,18.0,102905647489.0,91320.0
8713,DOM Worker,0x738900317000,0x115dd9,0000000007643c4d,18.0,102918301592.0,136967.0
8713,DOM Worker,0x73890033f000,0x128fb1,0000000007643c4d,50.0,102933211628.0,136837.0
8713,DOM Worker,0x73890031d000,0x115dd9,0000000007643c4d,18.0,102955313025.0,133064.0
8713,DOM Worker,0x73890031b000,0x115dd9,0000000007643c4d,18.0,102978698790.0,447613.0
2191,gnome-shell,0x7d297bc57000,0x124f60,00000000defd2c8d,10.0,103088463785.0,1277313.0
8713,DOM Worker,0x738900318000,0x115dd9,0000000007643c4d,18.0,103853820794.0,11501630.0
8713,DOM Worker,0x738900325000,0x5e55f,0000000007643c4d,31.0,103919743471.0,3946268.0
8713,DOM Worker,0x738900322000,0x5e55f,0000000007643c4d,31.0,106869249612.0,132356.0
8713,DOM Worker,0x738900329000,0x5e55f,0000000007643c4d,31.0,106896685617.0,147589.0
8759,MainThread,0x7388ff892000,0x119530,000000003173245c,1.0,111648318631.0,483171.0
8759,MainThread,0x7388ff891000,0x127b42,000000003173245c,3.0,111920416838.0,4723126.0
8759,MainThread,0x73891002d000,0x11dc44,00000000ece80123,1.0,114730877295.0,6664822.0
8759,MainThread,0x738900324000,0x5e55f,0000000007643c4d,31.0,118796329118.0,73542.0
8759,MainThread,0x73890033c000,0x122b06,0000000007643c4d,51.0,118818374119.0,163911.0
8759,MainThread,0x738900342000,0x120f9f,0000000007643c4d,53.0,118836551218.0,226349.0
8759,MainThread,0x73890033b000,0x122b06,0000000007643c4d,51.0,118880601297.0,76039.0
8759,MainThread,0x73890032c000,0x5e55f,0000000007643c4d,31.0,118884293658.0,95485.0
8759,MainThread,0x7388ff13c000,0xd7924,00000000b2755ae4,0.0,119072908084.0,345769.0
8759,MainThread,0x7388ff163000,0xd5e12,00000000b2755ae4,38.0,119078974026.0,79957.0
8759,MainThread,0x7388ff168000,0xae3fe,00000000b2755ae4,41.0,119108935656.0,76946.0
8759,MainThread,0x7388ff1e0000,0xd022a,00000000b2755ae4,173.0,119130981037.0,96687.0
8759,MainThread,0x7388ff164000,0x103ed,00000000b2755ae4,46.0,119132165604.0,71135.0
8759,MainThread,0x7388ff167000,0x103ed,00000000b2755ae4,46.0,119160011942.0,71453.0
8759,MainThread,0x7388ff162000,0x103ed,00000000b2755ae4,46.0,119169838831.0,80182.0
8759,MainThread,0x7388ff166000,0x103ed,00000000b2755ae4,46.0,119181004685.0,77686.0
8759,MainThread,0x7388ff161000,0x103ed,00000000b2755ae4,46.0,119194832296.0,74449.0
8759,MainThread,0x7388ff1e8000,0xd022a,00000000b2755ae4,173.0,119209927805.0,73937.0
8759,MainThread,0x7388ff1e9000,0x579c4,00000000b2755ae4,174.0,119211590300.0,70698.0
8759,MainThread,0x7388ff1ea000,0x586a4,00000000b2755ae4,175.0,119217969134.0,155478.0
8759,MainThread,0x7388ff1eb000,0x1a516,00000000b2755ae4,176.0,119236060653.0,115860.0
8759,MainThread,0x7388ff1ec000,0xd00bc,00000000b2755ae4,177.0,119249910396.0,75125.0
8759,MainThread,0x7388ff1ed000,0xcd858,00000000b2755ae4,178.0,119263592572.0,75879.0
8759,MainThread,0x7388ff1ee000,0x9f14,00000000b2755ae4,179.0,119265305321.0,78947.0
8759,MainThread,0x7388ff1ef000,0x9fc08,00000000b2755ae4,180.0,119284044709.0,134450.0
8759,MainThread,0x7388ff1f1000,0x9120a,00000000b2755ae4,182.0,119314228679.0,121906.0
8759,MainThread,0x7388ff1f2000,0xbb235,00000000b2755ae4,183.0,119315535810.0,307898.0
8759,MainThread,0x7388ff1f3000,0x62962,00000000b2755ae4,184.0,119316905347.0,81211.0
8759,MainThread,0x7388ff1f4000,0x5b99b,00000000b2755ae4,185.0,119316917338.0,93202.0
8759,MainThread,0x7388ff1f5000,0x5b99a,00000000b2755ae4,186.0,119319620128.0,78114.0
8759,MainThread,0x7388ff1f6000,0x9b7a3,00000000b2755ae4,187.0,119331092233.0,175208.0
8759,MainThread,0x7388ff1f7000,0xb289a,00000000b2755ae4,188.0,119332208976.0,136691.0
8759,MainThread,0x7388ff1f8000,0x82c4e,00000000b2755ae4,189.0,119335812534.0,178920.0
8759,MainThread,0x7388ff1f9000,0x19b95,00000000b2755ae4,190.0,119335830496.0,196882.0
8759,MainThread,0x7388ff1fa000,0x9b7a4,00000000b2755ae4,191.0,119335836910.0,203296.0
8759,MainThread,0x7388ff1fb000,0x4ea3f,00000000b2755ae4,192.0,119337183300.0,71493.0
8759,MainThread,0x7388ff1fc000,0xc7603,00000000b2755ae4,193.0,119337195503.0,83696.0
8759,MainThread,0x7388ff1fd000,0x11671,00000000b2755ae4,194.0,119349679598.0,74037.0
8759,MainThread,0x7388ff1fe000,0xc760c,00000000b2755ae4,195.0,119353313046.0,143644.0
8759,MainThread,0x7388ff1ff000,0x15625,00000000b2755ae4,196.0,119364735426.0,77026.0
2271,gsd-housekeepin,0x55585acb5000,0x3d0ea,00000000f275917a,9.0,125205684687.0,767120.0
2269,gsd-color,0x7c843e525000,0x11e41b,00000000defd2c8d,10.0,130022570779.0,2839517.0
3074,firefox,0x75643329a000,0x10f393,00000000fb79b51f,347.0,137720328833.0,95125.0
3074,firefox,0x75641a07e000,0x12de70,00000000953423f4,7.0,150218341873.0,71552.0
3074,firefox,0x75641a080000,0x12de70,00000000953423f4,7.0,150222006817.0,68616.0
3074,firefox,0x75641a096000,0x127684,00000000953423f4,33.0,150223070141.0,68637.0
3074,firefox,0x75641a07f000,0x12de70,00000000953423f4,7.0,150223840187.0,687299.0
3074,firefox,0x75641a0a8000,0x12d6d4,00000000953423f4,43.0,150228168681.0,1071321.0
3074,firefox,0x75641a092000,0x127684,00000000953423f4,33.0,150229244389.0,691118.0
3074,firefox,0x75641a0a5000,0x13099b,00000000953423f4,45.0,150231315904.0,1055411.0
3074,firefox,0x75641a0a0000,0x13099b,00000000953423f4,45.0,150234759301.0,1718610.0
3074,firefox,0x75641e831000,0x12afb0,000000008bbe964b,10.0,155536096126.0,151366.0
3670,sqldb:c~lite #6,0x75643329a000,0x123b88,00000000fb79b51f,347.0,156275005054.0,126279.0
8852,systemd-timedat,0x7bb6b7d35000,0x12c0e0,000000006ccb5761,6.0,161082239753.0,1169051.0
3074,firefox,0x75641a07e000,0x12abf3,00000000953423f4,7.0,170352140464.0,72908.0
2191,gnome-shell,0x7d297bc57000,0x122d1c,00000000defd2c8d,10.0,170394705150.0,2018700.0
3074,firefox,0x75641a080000,0x12abf3,00000000953423f4,7.0,170410940755.0,8336260.0
3074,firefox,0x75641a096000,0x129e9a,00000000953423f4,33.0,170418004628.0,70791.0
3074,firefox,0x75641a07f000,0x12abf3,00000000953423f4,7.0,170418737670.0,803833.0
3074,firefox,0x75641a0a8000,0x11e15c,00000000953423f4,43.0,170423788558.0,82030.0
3074,firefox,0x75641a092000,0x129e9a,00000000953423f4,33.0,170424561061.0,203908.0
3074,firefox,0x75641a0b0000,0x11d03f,00000000953423f4,58.0,170429101627.0,75282.0
3074,firefox,0x75641a08c000,0x12abf3,00000000953423f4,7.0,170466228662.0,69211.0
3074,firefox,0x75641a08a000,0x129f6d,00000000953423f4,17.0,170474141730.0,82838.0
3074,firefox,0x75641a08e000,0x129f6d,00000000953423f4,17.0,170481177946.0,485678.0
3074,firefox,0x75641a09f000,0x129e9a,00000000953423f4,33.0,170494396580.0,619354.0
3074,firefox,0x75641a086000,0x12f16d,00000000953423f4,19.0,172216979092.0,74231.0
3074,firefox,0x75641a091000,0x12a2d2,00000000953423f4,36.0,172222880632.0,68180.0
3074,firefox,0x75641a088000,0x12f16d,00000000953423f4,19.0,172224946698.0,69170.0
3074,firefox,0x75641a087000,0x12f16d,00000000953423f4,19.0,172227590445.0,77993.0
3074,firefox,0x75641a09e000,0x12a2d2,00000000953423f4,36.0,172229865276.0,1578525.0
3074,firefox,0x75641a0b4000,0x11d03f,00000000953423f4,58.0,172231617530.0,93213.0
3074,firefox,0x75641a08f000,0x12f16d,00000000953423f4,19.0,172234136219.0,136585.0
3074,firefox,0x75641a0a7000,0x128040,00000000953423f4,45.0,172235183015.0,68455.0
3074,firefox,0x75641a0b2000,0x11d03f,00000000953423f4,58.0,172236256399.0,68119.0
3074,firefox,0x75641a0a0000,0x128040,00000000953423f4,45.0,172237194238.0,69461.0
3074,firefox,0x75641a0b7000,0x11d03f,00000000953423f4,58.0,172238246749.0,70267.0
3074,firefox,0x75641a0ae000,0x128040,00000000953423f4,45.0,172239005646.0,68779.0
3074,firefox,0x75641a0a4000,0x10fc08,00000000953423f4,51.0,172242637499.0,72189.0
3074,firefox,0x75641e831000,0x1236b6,000000008bbe964b,10.0,172359345358.0,149539.0
3074,firefox,0x75641e831000,0x128db7,000000008bbe964b,10.0,178683373677.0,146590.0
3074,firefox,0x75641a07f000,0x124de9,00000000953423f4,13.0,180124902253.0,199616.0
3074,firefox,0x75641a0b5000,0x125935,00000000953423f4,60.0,180129937511.0,94391.0
3074,firefox,0x75641a0a8000,0x10fc08,00000000953423f4,51.0,180130831297.0,74205.0
3074,firefox,0x75641a092000,0x1234a9,00000000953423f4,35.0,180132730690.0,1973598.0
3074,firefox,0x75641a0b0000,0x125935,00000000953423f4,60.0,180136272491.0,77732.0
3074,firefox,0x75641a08c000,0x128f54,00000000953423f4,20.0,180137126098.0,931339.0
3074,firefox,0x75641a08a000,0x128f54,00000000953423f4,20.0,180152218674.0,77875.0
3074,firefox,0x75641a0af000,0x10fc08,00000000953423f4,51.0,180153661578.0,105020.0
3074,firefox,0x75641a090000,0x1234a9,00000000953423f4,35.0,180167800586.0,86553.0
3074,firefox,0x75641a0ac000,0xab4bd,00000000953423f4,52.0,180181107282.0,69434.0
3029,update-notifier,0x6294f3e19000,0x329d5,000000003454c90c,15.0,182196306550.0,83667.0
2271,gsd-housekeepin,0x55585acb5000,0x10bc6a,00000000f275917a,9.0,185229056520.0,78247.0
3074,firefox,0x75643329a000,0x8c05d,00000000fb79b51f,347.0,198812772893.0,99759.0
3676,Isolated Web Co,0x73890034a000,0x126cca,00000000953423f4,0.0,212245741675.0,1205263.0
3676,Isolated Web Co,0x738900346000,0x1292de,00000000953423f4,7.0,212247148754.0,2612342.0
3676,Isolated Web Co,0x73890036e000,0x11facc,00000000953423f4,33.0,212247801135.0,3264723.0
3676,Isolated Web Co,0x738900348000,0x1292de,00000000953423f4,7.0,212248743010.0,4206598.0
3676,Isolated Web Co,0x738900347000,0x1292de,00000000953423f4,7.0,212250246451.0,5710039.0
3676,Isolated Web Co,0x738900370000,0x120a83,00000000953423f4,58.0,212251645864.0,7109452.0
3676,Isolated Web Co,0x738900353000,0x12cc07,00000000953423f4,27.0,212252783103.0,8246691.0
3676,Isolated Web Co,0x73890036b000,0x12b600,00000000953423f4,43.0,212253620898.0,9084486.0
3676,Isolated Web Co,0x73890036a000,0x12b600,00000000953423f4,43.0,212254269641.0,9733229.0
3676,Isolated Web Co,0x738900357000,0x12cc07,00000000953423f4,27.0,212255183116.0,626492.0
3676,Isolated Web Co,0x73890032b000,0x130581,0000000007643c4d,25.0,217515604829.0,78817.0
2191,gnome-shell,0x7d297bc57000,0x10cbd7,00000000defd2c8d,10.0,217959011355.0,705375.0
3676,Isolated Web Co,0x73890031c000,0x11c992,0000000007643c4d,18.0,228683027759.0,74413.0
2191,gnome-shell,0x7d297bc57000,0x10eeaa,00000000defd2c8d,10.0,233463168479.0,983772.0
2191,gnome-shell,0x7d297a29a000,0x118994,000000005c5f66ac,12.0,233642653774.0,1111206.0
3676,Isolated Web Co,0x73890034a000,0x10add7,00000000953423f4,0.0,239359154130.0,1385678.0
3676,Isolated Web Co,0x738900346000,0x10add6,00000000953423f4,7.0,239360775344.0,3006892.0
3676,Isolated Web Co,0x73890036e000,0x10add5,00000000953423f4,33.0,239362695270.0,4926818.0
3676,Isolated Web Co,0x738900348000,0x10add6,00000000953423f4,7.0,239363526982.0,5758530.0
3676,Isolated Web Co,0x738900347000,0x10add6,00000000953423f4,7.0,239365727462.0,7959010.0
3676,Isolated Web Co,0x738900370000,0x12469f,00000000953423f4,58.0,239367632596.0,9864144.0
3676,Isolated Web Co,0x738900353000,0x120dda,00000000953423f4,27.0,239368642034.0,10873582.0
3676,Isolated Web Co,0x73890036b000,0x10add3,00000000953423f4,43.0,239369241637.0,11473185.0
3676,Isolated Web Co,0x73890036a000,0x10add3,00000000953423f4,43.0,239369917834.0,12149382.0
3676,Isolated Web Co,0x738900357000,0x120dda,00000000953423f4,27.0,239370800806.0,13032354.0
3676,Isolated Web Co,0x73890032b000,0x11f122,0000000007643c4d,25.0,240184892003.0,629362.0
3676,Isolated Web Co,0x738900326000,0x12970e,0000000007643c4d,31.0,241694980364.0,101533.0
3676,Isolated Web Co,0x73890031b000,0x128052,0000000007643c4d,16.0,241778162979.0,104102.0
9064,sleep,0x57f9f1ec6000,0x11c456,000000004655acdd,0.0,244886943774.0,69936.0
2271,gsd-housekeepin,0x55585acb5000,0x11f93c,00000000f275917a,9.0,245221916337.0,882483.0
2269,gsd-color,0x7c843e525000,0xc2aa8,00000000defd2c8d,10.0,249291725965.0,78820.0
3676,Isolated Web Co,0x73890034a000,0x12a0d9,00000000953423f4,0.0,256236078266.0,79230.0
3676,Isolated Web Co,0x738900346000,0x128ec2,00000000953423f4,7.0,256237919286.0,138769.0
3676,Isolated Web Co,0x73890036e000,0x127de1,00000000953423f4,33.0,256237932309.0,151792.0
3676,Isolated Web Co,0x738900348000,0x128ec2,00000000953423f4,7.0,256240293155.0,2131464.0
3676,Isolated Web Co,0x738900347000,0x128ec2,00000000953423f4,7.0,256242328745.0,69950.0
3676,Isolated Web Co,0x738900370000,0x12df98,00000000953423f4,58.0,256243948096.0,355042.0
3676,Isolated Web Co,0x738900353000,0x1275fa,00000000953423f4,27.0,256245263124.0,90408.0
3676,Isolated Web Co,0x73890036b000,0x12cef6,00000000953423f4,43.0,256246274870.0,928646.0
3676,Isolated Web Co,0x73890036a000,0x12cef6,00000000953423f4,43.0,256247306331.0,72728.0
3676,Isolated Web Co,0x738900357000,0x1275fa,00000000953423f4,27.0,256247999789.0,381119.0
3074,firefox,0x75643329a000,0x11f2d6,00000000fb79b51f,347.0,261675110747.0,822405.0
3074,firefox,0x75641a07e000,0x12ddac,00000000953423f4,7.0,278875342666.0,68239.0
3676,Isolated Web Co,0x73890032a000,0x124d30,0000000007643c4d,22.0,278886142783.0,67005.0
3074,firefox,0x75641a07c000,0x12ddac,00000000953423f4,7.0,278886218865.0,64498.0
3074,firefox,0x75641a090000,0x129624,00000000953423f4,33.0,278890318976.0,711689.0
3074,firefox,0x75641a07d000,0x12ddac,00000000953423f4,7.0,278894076517.0,65410.0
3074,firefox,0x75641a08d000,0x12ddac,00000000953423f4,7.0,278895153215.0,69787.0
3074,firefox,0x75641a0a3000,0x12e0b0,00000000953423f4,43.0,278897226851.0,77696.0
3074,firefox,0x75641a0a8000,0x12e0b0,00000000953423f4,43.0,278898278965.0,69330.0
3074,firefox,0x75641a0af000,0x12d860,00000000953423f4,45.0,278899554726.0,204040.0
3074,firefox,0x75641a091000,0x129624,00000000953423f4,33.0,278900320747.0,65946.0
3074,firefox,0x75641a086000,0x105083,00000000953423f4,18.0,278950940908.0,70876.0
3074,firefox,0x75641a088000,0x105083,00000000953423f4,18.0,278952018284.0,66298.0
3074,firefox,0x75641a09f000,0x129624,00000000953423f4,33.0,278952880252.0,62915.0
3074,firefox,0x75641a089000,0x105083,00000000953423f4,18.0,278953881785.0,68692.0
3074,firefox,0x75641a094000,0x12d9ed,00000000953423f4,36.0,278954997711.0,66822.0
3074,firefox,0x75641a08a000,0x105083,00000000953423f4,18.0,278955883228.0,65693.0
3074,firefox,0x75641a0a5000,0x129b6a,00000000953423f4,52.0,278958284086.0,67252.0
3074,firefox,0x75641a08b000,0x105083,00000000953423f4,18.0,278959338403.0,63953.0
3074,firefox,0x75641a097000,0x12d9ed,00000000953423f4,36.0,278960543954.0,183342.0
3074,firefox,0x75641a0bc000,0x12dace,00000000953423f4,58.0,281036182815.0,102573.0
3074,firefox,0x75641e831000,0x11a5f5,000000008bbe964b,10.0,284776408179.0,1051814.0
2274,gsd-power,0x7d32c75c5000,0x62325,00000000defd2c8d,10.0,287242146839.0,791142.0
3074,firefox,0x75641a0a8000,0x12e0b0,00000000953423f4,43.0,290508224445.0,72216.0
3074,firefox,0x75641a0af000,0x123c3c,00000000953423f4,45.0,290513131784.0,70597.0
3074,firefox,0x75641a091000,0x129624,00000000953423f4,33.0,290515017557.0,68705.0
2191,gnome-shell,0x7d297a29a000,0x114e3c,000000005c5f66ac,12.0,290625272721.0,976054.0
3074,firefox,0x75641e831000,0x125ef7,000000008bbe964b,10.0,291206209472.0,1070512.0
3074,firefox,0x75641cea6000,0x216af,0000000007643c4d,28.0,305148791044.0,81311.0
2271,gsd-housekeepin,0x55585acb5000,0xa347a,00000000f275917a,9.0,305284937903.0,76721.0
3676,Isolated Web Co,0x73890034a000,0x17aaf,00000000953423f4,0.0,305798013500.0,67636.0
3676,Isolated Web Co,0x738900346000,0x17ab6,00000000953423f4,7.0,305805158124.0,68882.0
3676,Isolated Web Co,0x73890036e000,0x7a6a,00000000953423f4,33.0,305809821498.0,81922.0
3676,Isolated Web Co,0x738900348000,0x17ab6,00000000953423f4,7.0,305812624664.0,74827.0
3676,Isolated Web Co,0x738900347000,0x17ab6,00000000953423f4,7.0,305816171840.0,113304.0
3676,Isolated Web Co,0x738900370000,0xcfb3e,00000000953423f4,58.0,305818740254.0,66561.0
3676,Isolated Web Co,0x738900353000,0x5c8ac,00000000953423f4,27.0,305819983046.0,68376.0
3676,Isolated Web Co,0x73890036b000,0xe65d,00000000953423f4,43.0,305821933122.0,76188.0
3676,Isolated Web Co,0x73890036a000,0xe65d,00000000953423f4,43.0,305825154254.0,71428.0
3676,Isolated Web Co,0x738900357000,0x5c8ac,00000000953423f4,27.0,305826086877.0,77147.0
3074,firefox,0x75641cea3000,0x216af,0000000007643c4d,28.0,306737105048.0,119746.0
3074,firefox,0x75641a086000,0x86c8b,00000000953423f4,20.0,308700285469.0,71597.0
3074,firefox,0x75641a091000,0x7a6a,00000000953423f4,33.0,308710144627.0,103631.0
3074,firefox,0x75641a084000,0x86c8b,00000000953423f4,20.0,308714783654.0,117217.0
3074,firefox,0x75641a085000,0x86c8b,00000000953423f4,20.0,308716982903.0,71496.0
3074,firefox,0x75641a094000,0x7a6a,00000000953423f4,33.0,308719131926.0,67550.0
3074,firefox,0x75641a0ad000,0xcfb42,00000000953423f4,45.0,308722973820.0,65984.0
3074,firefox,0x75641a09a000,0x7a6a,00000000953423f4,33.0,308725660994.0,70159.0
3074,firefox,0x75641a0ac000,0x12e01e,00000000953423f4,50.0,308727157550.0,69218.0
3074,firefox,0x75641a0a7000,0x12e01e,00000000953423f4,50.0,308729246950.0,265292.0
3074,firefox,0x75641a0af000,0x12e01e,00000000953423f4,50.0,308736909504.0,65197.0
3074,firefox,0x75641a09f000,0x7a6a,00000000953423f4,33.0,308738264870.0,63560.0
3074,firefox,0x75641a0b8000,0xd63c4,00000000953423f4,65.0,308739134057.0,70302.0
3074,firefox,0x75641a09d000,0x11cade,00000000953423f4,36.0,308743089878.0,71251.0
3074,firefox,0x75641a0bb000,0xd63c4,00000000953423f4,65.0,308766138446.0,71638.0
3074,firefox,0x75641a0a0000,0x123b59,00000000953423f4,52.0,308823069261.0,53399.0
3074,firefox,0x75641a0ae000,0x123b59,00000000953423f4,52.0,308851892083.0,70886.0
3074,firefox,0x75641a0bd000,0xd63c4,00000000953423f4,65.0,308853051679.0,34337.0
3074,firefox,0x75641e831000,0x121db5,000000008bbe964b,10.0,309175312656.0,164455.0
3676,Isolated Web Co,0x738900321000,0x216af,0000000007643c4d,28.0,309567778163.0,82359.0
3676,Isolated Web Co,0x73890032a000,0x216af,0000000007643c4d,28.0,309716191039.0,93388.0
3676,Isolated Web Co,0x738900326000,0x1186bc,0000000007643c4d,30.0,309777075493.0,73054.0
3676,Isolated Web Co,0x738900327000,0x1186bc,0000000007643c4d,30.0,309781878272.0,68029.0
3676,Isolated Web Co,0x73890031c000,0x10f27c,0000000007643c4d,17.0,313918487071.0,690164.0
3074,firefox,0x75641a088000,0x86c8b,00000000953423f4,20.0,314529594265.0,78697.0
3074,firefox,0x75641a087000,0x86c8b,00000000953423f4,20.0,314530265067.0,70795.0
3074,firefox,0x75641a09e000,0x11cade,00000000953423f4,36.0,314531143925.0,949653.0
3074,firefox,0x75641a0b2000,0x1080a0,00000000953423f4,66.0,314531155250.0,960978.0
3074,firefox,0x75641a0b0000,0x1080a0,00000000953423f4,66.0,314532199297.0,954784.0
3074,firefox,0x75641a0ab000,0x123b59,00000000953423f4,52.0,314533142647.0,853649.0
3074,firefox,0x75641a09b000,0x11cade,00000000953423f4,36.0,314534580918.0,73503.0
3074,firefox,0x75641a0b7000,0x1080a0,00000000953423f4,66.0,314535729782.0,1222367.0
3676,Isolated Web Co,0x73890032b000,0x216af,0000000007643c4d,28.0,321128557375.0,222136.0
3676,Isolated Web Co,0x73890031d000,0x111cc0,0000000007643c4d,15.0,325677906956.0,83427.0
3074,firefox,0x75643329a000,0x2157e,00000000fb79b51f,347.0,333801501448.0,276703.0
3676,Isolated Web Co,0x738900324000,0x216af,0000000007643c4d,28.0,335042491006.0,196433.0
3074,firefox,0x75641a086000,0x86c8b,00000000953423f4,20.0,337693178121.0,69610.0
3074,firefox,0x75641a091000,0x7a6a,00000000953423f4,33.0,337694567356.0,230120.0
3074,firefox,0x75641a088000,0x86c8b,00000000953423f4,20.0,337695694622.0,1036039.0
3074,firefox,0x75641a087000,0x86c8b,00000000953423f4,20.0,337696867579.0,95828.0
3074,firefox,0x75641a09e000,0x7a6a,00000000953423f4,33.0,337697945548.0,998594.0
3074,firefox,0x75641a0b2000,0xcfb3e,00000000953423f4,58.0,337699221921.0,75902.0
3074,firefox,0x75641a0b0000,0xcfb3e,00000000953423f4,58.0,337700551584.0,1405565.0
3074,firefox,0x75641a0ab000,0xcfb42,00000000953423f4,45.0,337701901891.0,68164.0
3074,firefox,0x75641a09a000,0x10b2f3,00000000953423f4,35.0,337702912286.0,1078559.0
3074,firefox,0x75641a092000,0x10b2f3,00000000953423f4,35.0,337704270495.0,69219.0
3074,firefox,0x75641a0a9000,0x12df21,00000000953423f4,48.0,337705188017.0,986741.0
3074,firefox,0x75641a09b000,0x10b2f3,00000000953423f4,35.0,337706587782.0,78236.0
3074,firefox,0x75641a094000,0x10b2f3,00000000953423f4,35.0,337707183322.0,522609.0
3676,Isolated Web Co,0x73890031e000,0x12a9a6,0000000007643c4d,17.0,337818354231.0,71848.0
3676,Isolated Web Co,0x73890031c000,0x11223f,0000000007643c4d,18.0,337822348993.0,645484.0
3676,Isolated Web Co,0x73890032b000,0x216af,0000000007643c4d,28.0,337917919950.0,34296.0
3074,firefox,0x75641e831000,0x116f76,000000008bbe964b,10.0,338093975120.0,891220.0
3074,firefox,0x75641a07e000,0x17ab6,00000000953423f4,7.0,342623688699.0,94157.0
3074,firefox,0x75641a080000,0x17ab6,00000000953423f4,7.0,342627216718.0,136822.0
3074,firefox,0x75641a096000,0x7a6a,00000000953423f4,33.0,342628459926.0,1380030.0
3074,firefox,0x75641a07f000,0x17ab6,00000000953423f4,7.0,342629917042.0,2837146.0
3074,firefox,0x75641a098000,0x7a6a,00000000953423f4,33.0,342632021899.0,844016.0
3074,firefox,0x75641a08d000,0x17ab6,00000000953423f4,7.0,342634599472.0,76337.0
3074,firefox,0x75641a0a9000,0xe65d,00000000953423f4,43.0,342643136460.0,54702.0
3074,firefox,0x75641a08e000,0x11aa15,00000000953423f4,18.0,342645112852.0,84547.0
3074,firefox,0x75641a097000,0x7a6a,00000000953423f4,33.0,342647021548.0,958735.0
3074,firefox,0x75641a0a2000,0x108c58,00000000953423f4,46.0,342650079050.0,71421.0
3074,firefox,0x75641a0a0000,0x108c58,00000000953423f4,46.0,342651366860.0,531464.0
3676,Isolated Web Co,0x738900370000,0x10fe66,00000000953423f4,58.0,342968127683.0,33071.0
3676,Isolated Web Co,0x738900353000,0x113a47,00000000953423f4,28.0,342969155232.0,19928.0
3676,Isolated Web Co,0x738900357000,0x113a47,00000000953423f4,28.0,342970632662.0,205164.0
3074,firefox,0x75641a088000,0x118f29,00000000953423f4,20.0,344071010535.0,70199.0
3074,firefox,0x75641a0bc000,0x11a1fb,00000000953423f4,66.0,346092020030.0,96539.0
3676,Isolated Web Co,0x73890032a000,0x96b3b,0000000007643c4d,25.0,350276105219.0,73346.0
3676,Isolated Web Co,0x73890032b000,0x13088a,0000000007643c4d,30.0,350281208370.0,878425.0
3074,firefox,0x75641e831000,0x32274,000000008bbe964b,10.0,352659615196.0,290263.0
2191,gnome-shell,0x7d297a29a000,0x10edf8,000000005c5f66ac,12.0,355603017570.0,839680.0
3029,update-notifier,0x6294f3e19000,0x15891,000000003454c90c,15.0,362337900566.0,77685.0
2271,gsd-housekeepin,0x55585acb5000,0x2163d,00000000f275917a,9.0,365978144182.0,149248.0
3676,Isolated Web Co,0x738900326000,0x12e432,0000000007643c4d,31.0,367645006271.0,67996.0
3676,Isolated Web Co,0x738900327000,0x12e432,0000000007643c4d,31.0,367646179805.0,70577.0
3676,Isolated Web Co,0x738900329000,0x12e432,0000000007643c4d,31.0,367816908740.0,84352.0
3676,Isolated Web Co,0x73890034a000,0x11536c,00000000953423f4,0.0,372367890051.0,2566070.0
3676,Isolated Web Co,0x738900346000,0x11536a,00000000953423f4,7.0,372371495757.0,6171776.0
3676,Isolated Web Co,0x73890036e000,0x115369,00000000953423f4,33.0,372371514968.0,6190987.0
3676,Isolated Web Co,0x738900348000,0x11536a,00000000953423f4,7.0,372373207386.0,7883405.0
3676,Isolated Web Co,0x738900347000,0x11536a,00000000953423f4,7.0,372376065373.0,10741392.0
3676,Isolated Web Co,0x738900370000,0x115353,00000000953423f4,58.0,372378360151.0,13036170.0
3676,Isolated Web Co,0x738900353000,0x11535a,00000000953423f4,27.0,372379622845.0,239510.0
3676,Isolated Web Co,0x73890036b000,0x115368,00000000953423f4,43.0,372380695244.0,105877.0
3676,Isolated Web Co,0x73890036a000,0x115368,00000000953423f4,43.0,372381712944.0,1123577.0
3676,Isolated Web Co,0x738900357000,0x11535a,00000000953423f4,27.0,372382598654.0,2009287.0
2191,gnome-shell,0x7d297a29a000,0x5c7b5,000000005c5f66ac,12.0,401816372400.0,1460794.0
3074,firefox,0x75641a086000,0x124486,00000000953423f4,7.0,415981843975.0,1529057.0
3074,firefox,0x75641a091000,0x12b6a4,00000000953423f4,33.0,415987096617.0,133865.0
3074,firefox,0x75641a084000,0x128158,00000000953423f4,11.0,416095271195.0,135098.0
3074,firefox,0x75641a096000,0x12b6a4,00000000953423f4,33.0,416143162970.0,139165.0
3074,firefox,0x75641a085000,0x128158,00000000953423f4,11.0,416161019733.0,440419.0
3074,firefox,0x75641a094000,0x12b6a4,00000000953423f4,33.0,416175688952.0,375221.0
3074,firefox,0x75641a0ad000,0x123d94,00000000953423f4,43.0,416189958047.0,371399.0
3074,firefox,0x75641a09a000,0x12b6a4,00000000953423f4,33.0,416195745502.0,1476069.0
3074,firefox,0x75641a0ac000,0x119654,00000000953423f4,50.0,416204375653.0,131445.0
3074,firefox,0x75641a0a7000,0x119654,00000000953423f4,50.0,416252811707.0,139178.0
3074,firefox,0x75641a0af000,0x119654,00000000953423f4,50.0,416259392358.0,1535729.0
3074,firefox,0x75641a09f000,0x12b6a4,00000000953423f4,33.0,416267680464.0,343009.0
3074,firefox,0x75641a09d000,0x125ee9,00000000953423f4,36.0,416377266963.0,122445.0
3074,firefox,0x75641a0a8000,0x1274a4,00000000953423f4,52.0,416435814452.0,419556.0
3074,firefox,0x75641a0bb000,0x11f338,00000000953423f4,61.0,416443814729.0,393384.0
3074,firefox,0x75641a0a0000,0x1274a4,00000000953423f4,52.0,416576934590.0,1280730.0
3074,firefox,0x75641a0ae000,0x1274a4,00000000953423f4,52.0,416586301556.0,860501.0
3074,firefox,0x75641a0bd000,0x1271d6,00000000953423f4,64.0,416593771589.0,1615219.0
3074,firefox,0x75641a0bc000,0x10ea97,00000000953423f4,66.0,416707414372.0,566659.0
3074,firefox,0x75641e831000,0xc5c69,000000008bbe964b,10.0,417250428196.0,1195701.0
3074,firefox,0x75641a088000,0x128158,00000000953423f4,11.0,424260551719.0,1679189.0
3074,firefox,0x75641a087000,0x4e1ac,00000000953423f4,13.0,424284683719.0,21374563.0
3074,firefox,0x75641a09e000,0x125ee9,00000000953423f4,36.0,424329428405.0,42983207.0
3074,firefox,0x75641a0b2000,0x10ea97,00000000953423f4,66.0,424388168914.0,55434508.0
3074,firefox,0x75641a0b0000,0x10ea97,00000000953423f4,66.0,424429627947.0,23341952.0
3074,firefox,0x75641a0ab000,0x1274a4,00000000953423f4,52.0,424480032595.0,10724820.0
3074,firefox,0x75641a0b5000,0x10ea97,00000000953423f4,66.0,424532607632.0,5257204.0
3074,firefox,0x75641a09b000,0x125ee9,00000000953423f4,36.0,424569372359.0,1388600.0
3074,firefox,0x75641a0a2000,0x1274a4,00000000953423f4,52.0,424601556013.0,634295.0
3074,firefox,0x75641a0b7000,0x10ea97,00000000953423f4,66.0,424615279251.0,10435159.0
2191,gnome-shell,0x7d297bc57000,0x118db9,00000000defd2c8d,10.0,425968268419.0,132805.0
2271,gsd-housekeepin,0x55585acb5000,0x12fb91,00000000f275917a,9.0,426203945025.0,155923.0
3074,firefox,0x75641a092000,0x125ee9,00000000953423f4,36.0,433205882086.0,128938.0
3074,firefox,0x75641a0a3000,0x1274a4,00000000953423f4,52.0,433208744592.0,438704.0
3074,firefox,0x75641a0a9000,0x1274a4,00000000953423f4,52.0,433211369260.0,126098.0
3074,firefox,0x75641e826000,0x8110c,000000008337a262,10.0,447656234764.0,1478048.0
2274,gsd-power,0x59aee295b000,0x99a19,000000006677494f,22.0,451072883086.0,134813.0
2191,gnome-shell,0x7d297a29a000,0x2b1b6,000000005c5f66ac,12.0,451197637055.0,6736409.0
3074,firefox,0x75643329a000,0x11b2e0,00000000fb79b51f,347.0,453266134098.0,204152.0
2191,gnome-shell,0x7d2970b58000,0x5088a,0000000033460c6c,7.0,457720187128.0,1447470.0
3029,update-notifier,0x7023433b6000,0x72976,00000000dbed4c91,26.0,458396894906.0,2081679.0
3676,Isolated Web Co,0x738900346000,0x4e1ac,00000000953423f4,13.0,463724331864.0,374819.0
3676,Isolated Web Co,0x738900348000,0x4e1ac,00000000953423f4,13.0,463725760049.0,517672.0
3676,Isolated Web Co,0x738900347000,0x4e1ac,00000000953423f4,13.0,463726974977.0,1041650.0
3676,Isolated Web Co,0x738900353000,0x123415,00000000953423f4,27.0,463728780608.0,76185.0
3676,Isolated Web Co,0x738900357000,0x123415,00000000953423f4,27.0,463730501368.0,200189.0
3676,Isolated Web Co,0x73890032a000,0x1197ac,0000000007643c4d,25.0,474815104059.0,106962.0
3074,firefox,0x75641a098000,0x12b6a4,00000000953423f4,33.0,481835581941.0,74108.0
3074,firefox,0x75641a08d000,0x11dd87,00000000953423f4,20.0,481837199228.0,84909.0
3074,firefox,0x75641a0a9000,0x11942c,00000000953423f4,45.0,481838755754.0,95538.0
3074,firefox,0x75641a08e000,0x11dd87,00000000953423f4,20.0,481850087351.0,80296.0
3074,firefox,0x75641a097000,0x12b6a4,00000000953423f4,33.0,481852655362.0,78540.0
3074,firefox,0x75641a0a0000,0x11f44c,00000000953423f4,46.0,481854399458.0,98333.0
2271,gsd-housekeepin,0x55585acb5000,0x12f6e4,00000000f275917a,9.0,486212713600.0,80762.0
3074,firefox,0x75641a088000,0x11dd87,00000000953423f4,20.0,486899181957.0,69977.0
3074,firefox,0x75641a0b3000,0x50a84,00000000953423f4,61.0,486901566507.0,230760.0
3074,firefox,0x75641a0bc000,0x50a84,00000000953423f4,61.0,487462325866.0,78991.0
2191,gnome-shell,0x7d297a29a000,0x10d589,000000005c5f66ac,12.0,487751845371.0,1129886.0
3074,firefox,0x75641e831000,0x122b91,000000008bbe964b,10.0,492860735299.0,158334.0
3664,DOMCacheThread,0x75643329a000,0x115325,00000000fb79b51f,347.0,494278875081.0,76711.0
3074,firefox,0x75641e831000,0x128b7b,000000008bbe964b,10.0,504133892550.0,1569319.0
3074,firefox,0x75643329a000,0x11e696,00000000fb79b51f,347.0,518181560542.0,217367.0
2191,gnome-shell,0x7d297bc57000,0x73dca,00000000defd2c8d,10.0,530242132739.0,10896493.0
3676,Isolated Web Co,0x73890034a000,0x2f175,00000000953423f4,0.0,530439166651.0,70867.0
3676,Isolated Web Co,0x738900346000,0x47583,00000000953423f4,7.0,530442305552.0,85315.0
3676,Isolated Web Co,0x73890036e000,0x4ea93,00000000953423f4,33.0,530443496753.0,233296.0
3676,Isolated Web Co,0x738900348000,0x47583,00000000953423f4,7.0,530447526505.0,86819.0
3676,Isolated Web Co,0x738900347000,0x47583,00000000953423f4,7.0,530451882167.0,69360.0
3676,Isolated Web Co,0x738900370000,0xd0d53,00000000953423f4,58.0,530463962927.0,69246.0
3676,Isolated Web Co,0x738900353000,0xdbcaa,00000000953423f4,27.0,530465084854.0,94050.0
3676,Isolated Web Co,0x73890036b000,0xb55a7,00000000953423f4,43.0,530468306274.0,205804.0
3676,Isolated Web Co,0x73890036a000,0xb55a7,00000000953423f4,43.0,530469319576.0,1219106.0
3676,Isolated Web Co,0x738900357000,0xdbcaa,00000000953423f4,27.0,530470309110.0,2208640.0
2191,gnome-shell,0x7d297a29a000,0xb1dfc,000000005c5f66ac,12.0,530488503351.0,1102672.0
3074,firefox,0x75641a092000,0x4ea93,00000000953423f4,33.0,531591226061.0,88633.0
3074,firefox,0x75641a0a5000,0x23230,00000000953423f4,45.0,531594223439.0,108523.0
3074,firefox,0x75641a0a0000,0x23230,00000000953423f4,45.0,531595046180.0,84472.0
3074,firefox,0x75641e831000,0x118cfb,000000008bbe964b,10.0,535021618206.0,1259050.0
3029,update-notifier,0x6294f3e19000,0xd032a,000000003454c90c,15.0,542214515695.0,196631.0
3676,Isolated Web Co,0x738900343000,0xac79b,00000000953423f4,5.0,542919585525.0,76406.0
3676,Isolated Web Co,0x73890034a000,0xac79b,00000000953423f4,5.0,542920801414.0,168667.0
3676,Isolated Web Co,0x738900353000,0xdbcaa,00000000953423f4,27.0,542921959318.0,161425.0
3676,Isolated Web Co,0x738900357000,0xdbcaa,00000000953423f4,27.0,542924267425.0,98376.0
2269,gsd-color,0x7c843e525000,0x100766,00000000defd2c8d,10.0,549225543976.0,12311869.0
3676,Isolated Web Co,0x738900343000,0xac79b,00000000953423f4,5.0,562446819460.0,214310.0
3676,Isolated Web Co,0x73890034a000,0xac79b,00000000953423f4,5.0,562448013478.0,71068.0
3676,Isolated Web Co,0x738900353000,0xdbcaa,00000000953423f4,27.0,562460834021.0,77197.0
3676,Isolated Web Co,0x738900357000,0xdbcaa,00000000953423f4,27.0,562461912863.0,970073.0
3676,Isolated Web Co,0x738900343000,0xac79b,00000000953423f4,5.0,567551913599.0,8607239.0
3676,Isolated Web Co,0x73890034a000,0xac79b,00000000953423f4,5.0,567553441543.0,10135183.0
3676,Isolated Web Co,0x738900353000,0xdbcaa,00000000953423f4,27.0,567554742740.0,11436380.0
3676,Isolated Web Co,0x738900357000,0xdbcaa,00000000953423f4,27.0,567556340261.0,13033901.0
3074,firefox,0x75643329a000,0x474c4,00000000fb79b51f,347.0,576340882309.0,361805.0
3676,Isolated Web Co,0x738900326000,0x1194d5,0000000007643c4d,25.0,586088348740.0,644445.0
3676,Isolated Web Co,0x73890031b000,0x123bb8,0000000007643c4d,16.0,586092328585.0,624136.0
2191,gnome-shell,0x7d297a29a000,0x1095b4,000000005c5f66ac,12.0,590810666741.0,3100133.0
3676,Isolated Web Co,0x73890032a000,0x116cb1,0000000007643c4d,25.0,604957102720.0,73306.0
2271,gsd-housekeepin,0x55585acb5000,0x60807,00000000f275917a,9.0,606209150654.0,1057409.0
3676,Isolated Web Co,0x73890032a000,0x116cb1,0000000007643c4d,25.0,609707150003.0,14104.0
3676,Isolated Web Co,0x73890034a000,0x1159fb,00000000953423f4,0.0,615720821404.0,77497.0
3676,Isolated Web Co,0x738900346000,0x10de0b,00000000953423f4,7.0,615732035663.0,78233.0
3676,Isolated Web Co,0x73890036e000,0x119b83,00000000953423f4,33.0,615733105156.0,86985.0
3676,Isolated Web Co,0x738900348000,0x10de0b,00000000953423f4,7.0,615737693012.0,75701.0
3676,Isolated Web Co,0x738900347000,0x10de0b,00000000953423f4,7.0,615743629879.0,76666.0
3676,Isolated Web Co,0x738900370000,0x118c59,00000000953423f4,58.0,615746495247.0,200724.0
3676,Isolated Web Co,0x738900353000,0x10fc53,00000000953423f4,27.0,615748958499.0,92951.0
3676,Isolated Web Co,0x73890036b000,0x1167ea,00000000953423f4,43.0,615750835563.0,13352.0
3676,Isolated Web Co,0x73890036a000,0x1167ea,00000000953423f4,43.0,615754934429.0,75894.0
3676,Isolated Web Co,0x738900357000,0x10fc53,00000000953423f4,27.0,615758567965.0,76206.0
2274,gsd-power,0x7d32c75c5000,0x11db2a,00000000defd2c8d,10.0,625538521114.0,238235.0
3676,Isolated Web Co,0x738900321000,0x111ed5,0000000007643c4d,25.0,639752870552.0,13721788.0
3676,Isolated Web Co,0x738900322000,0x111ed5,0000000007643c4d,25.0,639814762839.0,75614075.0
3676,Isolated Web Co,0x738900325000,0x32994,0000000007643c4d,22.0,642269186177.0,1197157.0
2191,gnome-shell,0x7d297a29a000,0xc7dad,000000005c5f66ac,12.0,650493999719.0,1247951.0
3676,Isolated Web Co,0x73890034a000,0x125472,00000000953423f4,0.0,653745179572.0,681327.0
3676,Isolated Web Co,0x738900346000,0x125470,00000000953423f4,7.0,653748745688.0,974219.0
3676,Isolated Web Co,0x73890036e000,0x12a467,00000000953423f4,33.0,653760507139.0,270948.0
3676,Isolated Web Co,0x738900348000,0x125470,00000000953423f4,7.0,653761499807.0,1263616.0
3676,Isolated Web Co,0x738900347000,0x125470,00000000953423f4,7.0,653762839561.0,1079227.0
3676,Isolated Web Co,0x738900370000,0x1222c0,00000000953423f4,58.0,653766982424.0,143075.0
3676,Isolated Web Co,0x738900353000,0x10bd0e,00000000953423f4,27.0,653766996725.0,157376.0
3676,Isolated Web Co,0x73890036b000,0x11f04b,00000000953423f4,43.0,653767925042.0,105072.0
3676,Isolated Web Co,0x73890036a000,0x11f04b,00000000953423f4,43.0,653767936555.0,116585.0
3676,Isolated Web Co,0x738900357000,0x10bd0e,00000000953423f4,27.0,653768740299.0,920329.0
3676,Isolated Web Co,0x73890034a000,0x9f8e9,00000000953423f4,0.0,661006521524.0,20306039.0
3676,Isolated Web Co,0x738900346000,0x9f8ea,00000000953423f4,7.0,661058034834.0,71819349.0
3676,Isolated Web Co,0x73890036e000,0x74780,00000000953423f4,33.0,661150834719.0,92227.0
3676,Isolated Web Co,0x738900348000,0x9f8ea,00000000953423f4,7.0,661161239557.0,80632.0
3676,Isolated Web Co,0x738900347000,0x9f8ea,00000000953423f4,7.0,661165806132.0,167555.0
3676,Isolated Web Co,0x738900370000,0x8c77e,00000000953423f4,58.0,661169779317.0,90969.0
3676,Isolated Web Co,0x738900353000,0x10bd0e,00000000953423f4,27.0,661174583867.0,276522.0
3676,Isolated Web Co,0x73890036b000,0x6d781,00000000953423f4,43.0,661175408244.0,155366.0
3676,Isolated Web Co,0x73890036a000,0x6d781,00000000953423f4,43.0,661183103095.0,73983.0
3676,Isolated Web Co,0x738900357000,0x10bd0e,00000000953423f4,27.0,661184786911.0,77722.0
3676,Isolated Web Co,0x73890032b000,0xb250e,0000000007643c4d,24.0,663055803413.0,67710.0
3676,Isolated Web Co,0x738900325000,0xb266b,0000000007643c4d,31.0,663055817254.0,81551.0
2271,gsd-housekeepin,0x55585acb5000,0x12677a,00000000f275917a,9.0,666218916702.0,76869.0
2269,gsd-color,0x7c843e525000,0x544d2,00000000defd2c8d,10.0,669284501569.0,852780.0
3074,firefox,0x75641e831000,0x112f8b,000000008bbe964b,10.0,672196074685.0,222078.0
3676,Isolated Web Co,0x73890034a000,0x13092f,00000000953423f4,0.0,676580724029.0,1578102.0
3676,Isolated Web Co,0x738900346000,0x12f6de,00000000953423f4,7.0,676584092180.0,1144714.0
3676,Isolated Web Co,0x73890036e000,0x11d44d,00000000953423f4,33.0,676587243846.0,244432.0
3676,Isolated Web Co,0x738900348000,0x12f6de,00000000953423f4,7.0,676588463537.0,131864.0
3676,Isolated Web Co,0x738900347000,0x12f6de,00000000953423f4,7.0,676589941640.0,265138.0
3676,Isolated Web Co,0x738900370000,0x11c871,00000000953423f4,58.0,676592310353.0,71977.0
3676,Isolated Web Co,0x738900353000,0x1304bb,00000000953423f4,27.0,676593809974.0,114751.0
3676,Isolated Web Co,0x73890036b000,0x1214bf,00000000953423f4,43.0,676595072596.0,1061913.0
3676,Isolated Web Co,0x73890036a000,0x1214bf,00000000953423f4,43.0,676596250760.0,2240077.0
3676,Isolated Web Co,0x738900357000,0x1304bb,00000000953423f4,27.0,676597563158.0,234961.0
3670,sqldb:c~lite #6,0x75643329a000,0x130775,00000000fb79b51f,347.0,676648306917.0,270547.0
3074,firefox,0x75641a098000,0x11d44d,00000000953423f4,33.0,677596837944.0,70831.0
3074,firefox,0x75641a08d000,0x120571,00000000953423f4,20.0,677599334909.0,71905.0
3074,firefox,0x75641a0a9000,0x1303e8,00000000953423f4,45.0,677604120478.0,180376.0
8759,MainThread,0x73890034a000,0x11fdd0,00000000953423f4,0.0,681994096840.0,77843.0
8759,MainThread,0x738900346000,0x1284f1,00000000953423f4,7.0,682004631036.0,80204.0
8759,MainThread,0x73890036e000,0x12a17c,00000000953423f4,33.0,682011517147.0,194829.0
8759,MainThread,0x738900348000,0x1284f1,00000000953423f4,7.0,682013605346.0,77260.0
8759,MainThread,0x738900347000,0x1284f1,00000000953423f4,7.0,682014260882.0,732796.0
8759,MainThread,0x738900360000,0x127979,00000000953423f4,43.0,682022003739.0,80707.0
8759,MainThread,0x738900355000,0x1304bb,00000000953423f4,27.0,682023098158.0,92614.0
2191,gnome-shell,0x7d297bc57000,0x129f59,00000000defd2c8d,10.0,694107619448.0,777713.0
3676,Isolated Web Co,0x73890034a000,0x257cd,00000000953423f4,0.0,698551821993.0,72378.0
3676,Isolated Web Co,0x738900346000,0x257fd,00000000953423f4,7.0,698554980682.0,78374.0
3676,Isolated Web Co,0x73890036e000,0xa9019,00000000953423f4,33.0,698558812365.0,75121.0
3676,Isolated Web Co,0x738900348000,0x257fd,00000000953423f4,7.0,698561681621.0,76093.0
3676,Isolated Web Co,0x738900347000,0x257fd,00000000953423f4,7.0,698563885752.0,95684.0
3676,Isolated Web Co,0x738900370000,0x43262,00000000953423f4,58.0,698599556999.0,199443.0
3676,Isolated Web Co,0x738900353000,0x4315d,00000000953423f4,27.0,698614680327.0,7761493.0
3676,Isolated Web Co,0x73890036b000,0xa918d,00000000953423f4,43.0,698641713334.0,685395.0
3676,Isolated Web Co,0x73890036a000,0xa918d,00000000953423f4,43.0,698665728449.0,138583.0
3676,Isolated Web Co,0x738900357000,0x4315d,00000000953423f4,27.0,698668062302.0,129268.0
3664,DOMCacheThread,0x75643329a000,0x117d50,00000000fb79b51f,347.0,699004282201.0,96936.0
2191,gnome-shell,0x7d297bc57000,0x119121,00000000defd2c8d,10.0,710547211330.0,67233.0
2191,gnome-shell,0x7d297a29a000,0x129557,000000005c5f66ac,12.0,710920884032.0,71654.0
3664,DOMCacheThread,0x75643329a000,0x126815,00000000fb79b51f,347.0,716822812050.0,455676.0
3029,update-notifier,0x6294f3e19000,0x12f767,000000003454c90c,15.0,722617108581.0,137275.0
2271,gsd-housekeepin,0x55585acb5000,0xd45a8,00000000f275917a,9.0,726222254594.0,1561987.0
2191,gnome-shell,0x7d297bc57000,0x1e72a,00000000defd2c8d,10.0,770252628293.0,4255376.0
2191,gnome-shell,0x7d297a29a000,0x115d1b,000000005c5f66ac,12.0,771153307418.0,1304716.0
2271,gsd-housekeepin,0x55585acb5000,0x11060b,00000000f275917a,9.0,786329915762.0,135058.0
3676,Isolated Web Co,0x73890034a000,0x67365,00000000953423f4,0.0,790671217647.0,120259.0
3676,Isolated Web Co,0x738900346000,0x71b07,00000000953423f4,7.0,790682197141.0,151370.0
3676,Isolated Web Co,0x73890036e000,0x71b0f,00000000953423f4,33.0,790684325501.0,139835.0
3676,Isolated Web Co,0x738900348000,0x71b07,00000000953423f4,7.0,790731922087.0,126518.0
3676,Isolated Web Co,0x738900347000,0x71b07,00000000953423f4,7.0,790752896506.0,126547.0
3676,Isolated Web Co,0x738900370000,0x27717,00000000953423f4,58.0,790788919148.0,245208.0
3676,Isolated Web Co,0x738900353000,0x55dad,00000000953423f4,27.0,790797669231.0,383159.0
3676,Isolated Web Co,0x73890036b000,0xf8bb,00000000953423f4,43.0,790823417529.0,233677.0
3676,Isolated Web Co,0x73890036a000,0xf8bb,00000000953423f4,43.0,790891059430.0,175945.0
3676,Isolated Web Co,0x738900357000,0x55dad,00000000953423f4,27.0,790893857309.0,406056.0
3670,sqldb:c~lite #6,0x75643329a000,0x12b850,00000000fb79b51f,347.0,823364099149.0,213203.0
2191,gnome-shell,0x7d297a29a000,0x78d71,000000005c5f66ac,12.0,830253935180.0,70262.0
2191,gnome-shell,0x7d2970b48000,0x111f90,00000000b223d080,8.0,837292804263.0,2870538.0
2191,gnome-shell,0x7d2970cef000,0x1304df,000000008999f8dd,82.0,839340732553.0,1071693.0
3029,update-notifier,0x7023433b6000,0x372ef,00000000dbed4c91,26.0,842401652054.0,91107.0
2271,gsd-housekeepin,0x55585acb5000,0x10c819,00000000f275917a,9.0,846152782509.0,93991.0
3676,Isolated Web Co,0x738900343000,0xd6ddc,00000000953423f4,10.0,867924173355.0,72250.0
3676,Isolated Web Co,0x73890034a000,0xd6ddc,00000000953423f4,10.0,867924724626.0,623521.0
3676,Isolated Web Co,0x738900364000,0xd6a09,00000000953423f4,44.0,867925568193.0,489350.0
3676,Isolated Web Co,0x738900346000,0xd6ddc,00000000953423f4,10.0,867926838271.0,1759428.0
3676,Isolated Web Co,0x73890036e000,0xd6a09,00000000953423f4,44.0,867927818509.0,819959.0
3676,Isolated Web Co,0x738900348000,0xd6ddc,00000000953423f4,10.0,867928982961.0,81736.0
3676,Isolated Web Co,0x738900347000,0xd6ddc,00000000953423f4,10.0,867929850932.0,949707.0
3676,Isolated Web Co,0x73890037d000,0xd6a5e,00000000953423f4,50.0,867930968113.0,867697.0
3676,Isolated Web Co,0x738900370000,0x127450,00000000953423f4,58.0,867931995972.0,911430.0
3676,Isolated Web Co,0x738900353000,0xd4eac,00000000953423f4,27.0,867932742368.0,1657826.0
3676,Isolated Web Co,0x73890036b000,0xd6a09,00000000953423f4,44.0,867933846703.0,75421.0
3676,Isolated Web Co,0x73890036a000,0xd6a09,00000000953423f4,44.0,867934855094.0,80819.0
3676,Isolated Web Co,0x738900357000,0xd4eac,00000000953423f4,27.0,867935714896.0,940621.0
2191,gnome-shell,0x7d297bc57000,0x12d353,00000000defd2c8d,10.0,879256906498.0,869534.0
2191,gnome-shell,0x7d297a29a000,0x80937,000000005c5f66ac,12.0,882642970649.0,1258588.0
3676,Isolated Web Co,0x73890032a000,0x1079e,0000000007643c4d,25.0,887194315008.0,116255.0
2191,gnome-shell,0x7d297bc57000,0x12252a,00000000defd2c8d,10.0,890264355901.0,5840947.0
2191,gnome-shell,0x7d297a29a000,0x10b5b6,000000005c5f66ac,12.0,890446240445.0,8543139.0
3676,Isolated Web Co,0x73890034a000,0x120ed5,00000000953423f4,0.0,897063957611.0,865337.0
3676,Isolated Web Co,0x738900346000,0x120d05,00000000953423f4,7.0,897068558193.0,71823.0
3676,Isolated Web Co,0x73890036e000,0x119c42,00000000953423f4,33.0,897070177685.0,82944.0
3676,Isolated Web Co,0x738900348000,0x120d05,00000000953423f4,7.0,897072816493.0,89931.0
3676,Isolated Web Co,0x738900347000,0x120d05,00000000953423f4,7.0,897077326377.0,68623.0
3676,Isolated Web Co,0x738900370000,0x12d57b,00000000953423f4,58.0,897081498329.0,188004.0
3676,Isolated Web Co,0x738900353000,0x12f407,00000000953423f4,27.0,897083016867.0,148775.0
3029,update-notifier,0x6294f3e19000,0x10f6a0,000000003454c90c,15.0,902206812159.0,73943.0
3670,sqldb:c~lite #6,0x75643329a000,0xda870,00000000fb79b51f,347.0,904846857194.0,96897.0
2271,gsd-housekeepin,0x55585acb5000,0x1db5c,00000000f275917a,9.0,906222158689.0,916743.0
2269,gsd-color,0x7c843e525000,0x12b61a,00000000defd2c8d,10.0,909248637293.0,67810.0
3664,DOMCacheThread,0x75643329a000,0x12d372,00000000fb79b51f,347.0,920430364053.0,197194.0
2191,gnome-shell,0x7d297bc57000,0x119ae2,00000000defd2c8d,10.0,926394239997.0,67346.0
2191,gnome-shell,0x7d297a29a000,0xc87ad,000000005c5f66ac,12.0,928558711041.0,1439894.0
2191,gnome-shell,0x7d297bc57000,0x12de93,00000000defd2c8d,10.0,948801701865.0,2338566.0
2191,gnome-shell,0x7d297a29a000,0x7d2d2,000000005c5f66ac,12.0,950611078332.0,1149306.0
2271,gsd-housekeepin,0x55585acb5000,0x10fc2f,00000000f275917a,9.0,966224799235.0,67162.0
2191,gnome-shell,0x7d2970a8a000,0x11ebd2,000000003db22c9e,11.0,968822815989.0,755919.0
2191,gnome-shell,0x7d297bc57000,0x130b47,00000000defd2c8d,10.0,976772981498.0,813093.0
3670,sqldb:c~lite #6,0x75643329a000,0x126d00,00000000fb79b51f,347.0,982730438847.0,1276663.0
3664,DOMCacheThread,0x75643329a000,0x11d8bc,00000000fb79b51f,347.0,993592852877.0,1049153.0
2191,gnome-shell,0x7d297bc57000,0x126923,00000000defd2c8d,10.0,1010233798352.0,106175.0
2191,gnome-shell,0x7d297a29a000,0x12ab9b,000000005c5f66ac,12.0,1010510763509.0,1138625.0
2271,gsd-housekeepin,0x55585acb5000,0x12df71,00000000f275917a,9.0,1026227510537.0,898452.0
2191,gnome-shell,0x7d297bc57000,0x30c50,00000000defd2c8d,10.0,1047606753912.0,843573.0
2191,gnome-shell,0x7d297bc57000,0x11f99d,00000000defd2c8d,10.0,1070450607697.0,17057540.0
2191,gnome-shell,0x7d297a29a000,0x1145d1,000000005c5f66ac,12.0,1072047344188.0,704658.0
3029,update-notifier,0x6294f3e19000,0x112c87,000000003454c90c,15.0,1083078399506.0,8267326.0
2271,gsd-housekeepin,0x55585acb5000,0x246b9,00000000f275917a,9.0,1086225345557.0,740313.0
2269,gsd-color,0x7c843e525000,0x12fd10,00000000defd2c8d,10.0,1089497984429.0,65142.0
3670,sqldb:c~lite #6,0x75643329a000,0x8a3ae,00000000fb79b51f,347.0,1110406948260.0,1555453.0
2191,gnome-shell,0x7d297bc57000,0x10f206,00000000defd2c8d,10.0,1130257272654.0,6362320.0
2191,gnome-shell,0x7d297a29a000,0x130d74,000000005c5f66ac,12.0,1130879864773.0,2764367.0
2271,gsd-housekeepin,0x55585acb5000,0x8c0e6,00000000f275917a,9.0,1146239025152.0,1705527.0
2271,gsd-housekeepin,0x55585acb5000,0xfea3,00000000f275917a,9.0,1206170067604.0,1423572.0
2191,gnome-shell,0x7d2970cef000,0x205a,000000008999f8dd,82.0,1231916892567.0,8929871.0
3029,update-notifier,0x7023433b6000,0x6dbc2,00000000dbed4c91,26.0,1233928735867.0,600424.0
3029,update-notifier,0x6294f3e19000,0xa28b9,000000003454c90c,15.0,1262174578873.0,239536.0
2271,gsd-housekeepin,0x55585acb5000,0x113899,00000000f275917a,9.0,1266175205530.0,185286.0
2269,gsd-color,0x7c843e525000,0xc8d18,00000000defd2c8d,10.0,1269262997665.0,75466.0
2191,gnome-shell,0x7d297bc57000,0x117782,00000000defd2c8d,10.0,1310274913123.0,802851.0
2191,gnome-shell,0x7d297a29a000,0x1239a1,000000005c5f66ac,12.0,1310553167147.0,1009133.0
3670,sqldb:c~lite #6,0x75643329a000,0xcf8ab,00000000fb79b51f,347.0,1312964566874.0,443000.0
2271,gsd-housekeepin,0x55585acb5000,0x10b49c,00000000f275917a,9.0,1326624365588.0,8582385.0
2191,gnome-shell,0x7d297bc57000,0xab799,00000000defd2c8d,10.0,1342624155039.0,948180.0
2191,gnome-shell,0x7d297a29a000,0x770e3,000000005c5f66ac,12.0,1359600146727.0,1506658.0
2191,gnome-shell,0x7d297bc57000,0x10560f,00000000defd2c8d,10.0,1366501240745.0,903709.0
2191,gnome-shell,0x7d297b276000,0x11a83a,00000000d68d9082,22.0,1367707928712.0,1260067.0
3670,sqldb:c~lite #6,0x75643329a000,0x11bb24,00000000fb79b51f,347.0,1385252130034.0,92214.0
2271,gsd-housekeepin,0x55585acb5000,0x11228f,00000000f275917a,9.0,1386200121297.0,803280.0
2269,gsd-color,0x7c843e525000,0x10d977,00000000defd2c8d,10.0,1389333906549.0,1052508.0
3664,DOMCacheThread,0x75643329a000,0x7eaca,00000000fb79b51f,347.0,1398361160807.0,125393.0
2191,gnome-shell,0x7d297a29a000,0x123756,000000005c5f66ac,12.0,1407944122121.0,188161.0
2191,gnome-shell,0x7d297a29a000,0x124c7f,000000005c5f66ac,12.0,1430488706760.0,1419978.0
3029,update-notifier,0x6294f3e19000,0x1300a2,000000003454c90c,15.0,1442313662267.0,74380.0
2271,gsd-housekeepin,0x55585acb5000,0x1224ce,00000000f275917a,9.0,1446228237323.0,5516405.0
2191,gnome-shell,0x7d297bc57000,0x12bd27,00000000defd2c8d,10.0,1452055315073.0,80927.0
2191,gnome-shell,0x7d297a29a000,0x13096c,000000005c5f66ac,12.0,1454436294291.0,969756.0
3670,sqldb:c~lite #6,0x75643329a000,0x12d661,00000000fb79b51f,347.0,1482074258720.0,1089690.0
2191,gnome-shell,0x7d297bc57000,0x3eccb,00000000defd2c8d,10.0,1490229286225.0,71945.0
2191,gnome-shell,0x7d297a29a000,0x1e0a7,000000005c5f66ac,12.0,1490566355824.0,74966.0
2271,gsd-housekeepin,0x55585acb5000,0x127a96,00000000f275917a,9.0,1506212041840.0,68770.0
2269,gsd-color,0x7c843e525000,0x12e178,00000000defd2c8d,10.0,1511430803952.0,1056247.0
2191,gnome-shell,0x7d297a29a000,0x117fb6,000000005c5f66ac,12.0,1550698557024.0,1402760.0
2271,gsd-housekeepin,0x55585acb5000,0xa15c8,00000000f275917a,9.0,1566210280626.0,90017.0
3664,DOMCacheThread,0x75643329a000,0x1264fb,00000000fb79b51f,347.0,1625780127283.0,110781.0
2271,gsd-housekeepin,0x55585acb5000,0x115062,00000000f275917a,9.0,1626205371123.0,837733.0
2191,gnome-shell,0x7d297bc57000,0x11a1cc,00000000defd2c8d,10.0,1670258771288.0,1117378.0
2191,gnome-shell,0x7d297a29a000,0x12ec3b,000000005c5f66ac,12.0,1670638992195.0,964692.0
2271,gsd-housekeepin,0x55585acb5000,0x65d19,00000000f275917a,9.0,1686335640265.0,89069.0
2269,gsd-color,0x7c843e525000,0x3009e,00000000defd2c8d,10.0,1691265191593.0,616895.0
2191,gnome-shell,0x7d297a29a000,0x947e5,000000005c5f66ac,12.0,1730384990456.0,1298895.0
2271,gsd-housekeepin,0x55585acb5000,0x12a2a8,00000000f275917a,9.0,1746225270169.0,929922.0
2191,gnome-shell,0x7d297a29a000,0x10c6bc,000000005c5f66ac,12.0,1791699279793.0,12573051.0
3029,update-notifier,0x6294f3e19000,0x11ffb2,000000003454c90c,15.0,1803565224059.0,83839.0
2271,gsd-housekeepin,0x55585acb5000,0xafb1f,00000000f275917a,9.0,1806223285257.0,4267438.0
3670,sqldb:c~lite #6,0x75643329a000,0x129115,00000000fb79b51f,347.0,1817253969508.0,396043.0
2191,gnome-shell,0x7d297bc57000,0x92e42,00000000defd2c8d,10.0,1842372869040.0,706815.0
2191,gnome-shell,0x7d297a29a000,0x86437,000000005c5f66ac,12.0,1843333771501.0,1244860.0
2271,gsd-housekeepin,0x55585acb5000,0x12e927,00000000f275917a,9.0,1866227772314.0,103805.0
2269,gsd-color,0x7c843e525000,0x113a36,00000000defd2c8d,10.0,1871241066804.0,72760.0
2191,gnome-shell,0x7d297b276000,0xac28a,00000000d68d9082,22.0,1873016058320.0,1244265.0
3670,sqldb:c~lite #6,0x75643329a000,0x12aed5,00000000fb79b51f,347.0,1911442584494.0,91356.0
3664,DOMCacheThread,0x75643329a000,0x5e209,00000000fb79b51f,347.0,1920759642633.0,119015.0
2271,gsd-housekeepin,0x55585acb5000,0xa5fc1,00000000f275917a,9.0,1926315057668.0,4220796.0
3029,update-notifier,0x6294f3e19000,0x776bd,000000003454c90c,15.0,1983362884394.0,82839.0
2271,gsd-housekeepin,0x55585acb5000,0x25d67,00000000f275917a,9.0,1986200038809.0,76178.0
2271,gsd-housekeepin,0x55585acb5000,0xc8574,00000000f275917a,9.0,2046209121314.0,77879.0
3670,sqldb:c~lite #6,0x75643329a000,0x81c4d,00000000fb79b51f,347.0,2070904922523.0,9668342.0
2191,gnome-shell,0x7d297bc57000,0x119eba,00000000defd2c8d,10.0,2090977686353.0,785578.0
2191,gnome-shell,0x7d297a29a000,0x12974d,000000005c5f66ac,12.0,2091820533191.0,219828.0
2271,gsd-housekeepin,0x55585acb5000,0x10d92b,00000000f275917a,9.0,2106485098849.0,1010829.0
2274,gsd-power,0x7d32c75c5000,0x11ce4d,00000000defd2c8d,10.0,2108382639678.0,78076.0
3664,DOMCacheThread,0x75643329a000,0x1268dc,00000000fb79b51f,347.0,2109881049870.0,97580.0
3664,DOMCacheThread,0x75643329a000,0x12d8d9,00000000fb79b51f,347.0,2114766698720.0,109697.0
2191,gnome-shell,0x7d297bc57000,0x12a40b,00000000defd2c8d,10.0,2150224976558.0,779026.0
2191,gnome-shell,0x7d297bc57000,0x116256,00000000defd2c8d,10.0,2161666256495.0,71565.0
3029,update-notifier,0x6294f3e19000,0x4657,000000003454c90c,15.0,2163264124168.0,70668.0
2271,gsd-housekeepin,0x55585acb5000,0x129fcc,00000000f275917a,9.0,2167229893862.0,733643.0
2269,gsd-color,0x7c843e525000,0x11df4b,00000000defd2c8d,10.0,2171627570237.0,5593692.0
2191,gnome-shell,0x7d297bc57000,0x1294f7,00000000defd2c8d,10.0,2210288914111.0,25374737.0
2191,gnome-shell,0x7d297a29a000,0x10c986,000000005c5f66ac,12.0,2210927674514.0,1134169.0
3029,update-notifier,0x702342bac000,0x109697,00000000defd2c8d,10.0,2219787364527.0,1522241.0
2271,gsd-housekeepin,0x55585acb5000,0xc558b,00000000f275917a,9.0,2227244208245.0,71629.0
3670,sqldb:c~lite #6,0x75643329a000,0x53a21,00000000fb79b51f,347.0,2241438621481.0,96075.0
2191,gnome-shell,0x7d297bc57000,0x3c87,00000000defd2c8d,10.0,2270241496100.0,2155288.0
2191,gnome-shell,0x7d297a29a000,0xb1486,000000005c5f66ac,12.0,2270426240710.0,1415494.0
2271,gsd-housekeepin,0x55585acb5000,0x1252b5,00000000f275917a,9.0,2287221682454.0,710560.0
2191,gnome-shell,0x7d297bc57000,0xda236,00000000defd2c8d,10.0,2326611001058.0,667190.0
2191,gnome-shell,0x7d297a29a000,0x588db,000000005c5f66ac,12.0,2328157677810.0,1431564.0
3029,update-notifier,0x6294f3e19000,0x128266,000000003454c90c,15.0,2343222781287.0,909956.0
2191,gnome-shell,0x7d297bc57000,0xa144a,00000000defd2c8d,10.0,2344643483600.0,203473.0
2271,gsd-housekeepin,0x55585acb5000,0x11b705,00000000f275917a,9.0,2347273066866.0,1236632.0
2269,gsd-color,0x7c843e525000,0x12c829,00000000defd2c8d,10.0,2351313342341.0,974546.0
2271,gsd-housekeepin,0x55585acb5000,0xa4937,00000000f275917a,9.0,2407218182084.0,868232.0
3670,sqldb:c~lite #6,0x75643329a000,0x10db93,00000000fb79b51f,347.0,2422421620874.0,349722.0
2191,gnome-shell,0x7d297bc57000,0x1089fc,00000000defd2c8d,10.0,2450256313379.0,77151.0
2191,gnome-shell,0x7d297bc57000,0x92b71,00000000defd2c8d,10.0,2464883034259.0,1222533.0
2271,gsd-housekeepin,0x55585acb5000,0x12e294,00000000f275917a,9.0,2467212568254.0,1295768.0
2269,gsd-color,0x7c843e525000,0x68b3f,00000000defd2c8d,10.0,2471267727255.0,978776.0
2191,gnome-shell,0x7d297bc57000,0x1192a0,00000000defd2c8d,10.0,2497291706032.0,1119513.0
2191,gnome-shell,0x7d297a29a000,0x6ee98,000000005c5f66ac,12.0,2510413183736.0,1865072.0
3029,update-notifier,0x6294f3e19000,0x836dd,000000003454c90c,15.0,2523321936204.0,78167.0
2274,gsd-power,0x7d32c75c5000,0x127d29,00000000defd2c8d,10.0,2526205959437.0,1159687.0
2271,gsd-housekeepin,0x55585acb5000,0x11d02d,00000000f275917a,9.0,2527293103599.0,85846.0
3670,sqldb:c~lite #6,0x75643329a000,0x11cf9c,00000000fb79b51f,347.0,2538316339940.0,287241.0
2191,gnome-shell,0x7d297bc57000,0x12645f,00000000defd2c8d,10.0,2570314352078.0,3190754.0
2191,gnome-shell,0x7d297a29a000,0x1258ea,000000005c5f66ac,12.0,2570640781861.0,98510.0
2271,gsd-housekeepin,0x55585acb5000,0x12900a,00000000f275917a,9.0,2587223848798.0,810322.0
2191,gnome-shell,0x7d297bc57000,0x12f993,00000000defd2c8d,10.0,2610438778840.0,1137943.0
2191,gnome-shell,0x7d297a29a000,0x6b767,000000005c5f66ac,12.0,2632585746708.0,2095012.0
2271,gsd-housekeepin,0x55585acb5000,0x129682,00000000f275917a,9.0,2647232648509.0,9344700.0
2269,gsd-color,0x7c843e525000,0x11a591,00000000defd2c8d,10.0,2651756929245.0,1646474.0
2191,gnome-shell,0x7d297bc57000,0x117ebb,00000000defd2c8d,10.0,2687514028871.0,1341164.0
2191,gnome-shell,0x7d297a29a000,0xdabd6,000000005c5f66ac,12.0,2697739217054.0,78848.0
3029,update-notifier,0x7023433b6000,0x3d3b1,00000000dbed4c91,26.0,2700754859140.0,761998.0
3029,update-notifier,0x6294f3e19000,0x6e03e,000000003454c90c,15.0,2703165955110.0,91833.0
2271,gsd-housekeepin,0x55585acb5000,0x3416,00000000f275917a,9.0,2707150835980.0,275503.0
2191,gnome-shell,0x7d297bc57000,0x129907,00000000defd2c8d,10.0,2751672186344.0,1855200.0
2191,gnome-shell,0x7d297a29a000,0x1306c0,000000005c5f66ac,12.0,2752052306052.0,978331.0
2271,gsd-housekeepin,0x55585acb5000,0xd67af,00000000f275917a,9.0,2767223004027.0,77354.0
2191,gnome-shell,0x7d297bc57000,0x1171f2,00000000defd2c8d,10.0,2808702694977.0,756392.0
2191,gnome-shell,0x7d297a29a000,0xbf953,000000005c5f66ac,12.0,2810959962323.0,1053848.0
3664,DOMCacheThread,0x75643329a000,0x1174b2,00000000fb79b51f,347.0,2826763091303.0,127558.0
2271,gsd-housekeepin,0x55585acb5000,0x2d1cc,00000000f275917a,9.0,2827275689612.0,76961.0
3664,DOMCacheThread,0x75643329a000,0x12a82e,00000000fb79b51f,347.0,2843361954558.0,94873.0
3029,update-notifier,0x6294f3e19000,0x1173b6,000000003454c90c,15.0,2848358490828.0,1367826.0
3029,update-notifier,0x702342bac000,0x129dc0,00000000defd2c8d,10.0,2849043937690.0,66850.0
2191,gnome-shell,0x7d297a29a000,0x111889,000000005c5f66ac,12.0,2854061112977.0,1248170.0
2191,gnome-shell,0x7d297a29a000,0x10974d,000000005c5f66ac,12.0,2871281846720.0,73803.0
2271,gsd-housekeepin,0x55585acb5000,0x107e07,00000000f275917a,9.0,2887221753126.0,6110410.0
2191,gnome-shell,0x7d297a29a000,0x60c65,000000005c5f66ac,12.0,2899578485256.0,1300136.0
2191,gnome-shell,0x7d297bc57000,0x117d99,00000000defd2c8d,10.0,2930230866985.0,82631.0
2191,gnome-shell,0x7d297a29a000,0x125f61,000000005c5f66ac,12.0,2930462337514.0,1118167.0
2271,gsd-housekeepin,0x55585acb5000,0x117142,00000000f275917a,9.0,2947618192971.0,1382282.0
3670,sqldb:c~lite #6,0x75643329a000,0x31704,00000000fb79b51f,347.0,2960625363646.0,277250.0
2191,gnome-shell,0x7d297a29a000,0x127488,000000005c5f66ac,12.0,2993612652928.0,2024979.0
2271,gsd-housekeepin,0x55585acb5000,0x112da6,00000000f275917a,9.0,3008240100632.0,2178266.0
2191,gnome-shell,0x7d297a29a000,0x1121c2,000000005c5f66ac,12.0,3025165734903.0,377050.0
2191,gnome-shell,0x7d297a29a000,0x1262c9,000000005c5f66ac,12.0,3051137936743.0,2890004.0
3029,update-notifier,0x6294f3e19000,0x844e8,000000003454c90c,15.0,3063229979931.0,303024.0
3670,sqldb:c~lite #6,0x75643329a000,0x128521,00000000fb79b51f,347.0,3095184180844.0,15589872.0
2274,gsd-power,0x59aee295b000,0x9b71e,000000006677494f,22.0,3100595769573.0,916649.0
2191,gnome-shell,0x7d2970bec000,0xa17b9,000000009a60b3e1,12.0,3113933024658.0,5002786.0
3029,update-notifier,0x7023433b6000,0xac00,00000000dbed4c91,26.0,3119821702278.0,796635.0
3670,sqldb:c~lite #6,0x75643329a000,0x123fdd,00000000fb79b51f,347.0,3164944879855.0,119846.0
2191,gnome-shell,0x7d297bc57000,0x12933e,00000000defd2c8d,10.0,3170237806514.0,1027798.0
2191,gnome-shell,0x7d297a29a000,0x12d52f,000000005c5f66ac,12.0,3170543883173.0,979563.0
2271,gsd-housekeepin,0x55585acb5000,0x129d94,00000000f275917a,9.0,3188245291032.0,73207.0
2269,gsd-color,0x7c843e525000,0x6fd93,00000000defd2c8d,10.0,3191237011849.0,889293.0
2191,gnome-shell,0x7d297a29a000,0x119123,000000005c5f66ac,12.0,3234379971034.0,366315.0
3029,update-notifier,0x6294f3e19000,0xa6eff,000000003454c90c,15.0,3243842270558.0,288486.0
2271,gsd-housekeepin,0x55585acb5000,0x830be,00000000f275917a,9.0,3248215707898.0,898259.0
2191,gnome-shell,0x7d297a29a000,0x29677,000000005c5f66ac,12.0,3290935970649.0,750163.0
2271,gsd-housekeepin,0x55585acb5000,0x109d28,00000000f275917a,9.0,3308259992750.0,371855.0
2269,gsd-color,0x7c843e525000,0x4922e,00000000defd2c8d,10.0,3311219517365.0,1254672.0
2191,gnome-shell,0x7d297a29a000,0x119ab8,000000005c5f66ac,12.0,3338022559615.0,196407.0
2191,gnome-shell,0x7d2970b48000,0x8cc16,00000000b223d080,8.0,3355143219100.0,865817.0
2271,gsd-housekeepin,0x55585acb5000,0x116099,00000000f275917a,9.0,3368223089340.0,74737.0
2191,gnome-shell,0x7d297a29a000,0x8148b,000000005c5f66ac,12.0,3381942973716.0,1145226.0
2191,gnome-shell,0x7d297bc57000,0x12ccf7,00000000defd2c8d,10.0,3410375617442.0,15758185.0
2191,gnome-shell,0x7d297a29a000,0x12dd76,000000005c5f66ac,12.0,3411988844103.0,16206895.0
3670,sqldb:c~lite #6,0x75643329a000,0x12e3b8,00000000fb79b51f,347.0,3413837204557.0,109130.0
3029,update-notifier,0x702342bac000,0x12899e,00000000defd2c8d,10.0,3419607272345.0,84738.0
2191,gnome-shell,0x7d297bc57000,0x128173,00000000defd2c8d,10.0,3470240221207.0,67671.0
2191,gnome-shell,0x7d297a29a000,0x124000,000000005c5f66ac,12.0,3470621781428.0,1221718.0
2191,gnome-shell,0x7d297bc57000,0x305b2,00000000defd2c8d,10.0,3477131632230.0,904484.0
3664,DOMCacheThread,0x75643329a000,0x12c3ad,00000000fb79b51f,347.0,3480693107293.0,9777711.0
2271,gsd-housekeepin,0x55585acb5000,0x8ec12,00000000f275917a,9.0,3488233083385.0,70986.0
2274,gsd-power,0x7d32c75c5000,0x8fb88,00000000defd2c8d,10.0,3504624509298.0,229811.0
2191,gnome-shell,0x7d297a29a000,0x10b5ab,000000005c5f66ac,12.0,3531048608786.0,1290992.0
2271,gsd-housekeepin,0x55585acb5000,0x1256fc,00000000f275917a,9.0,3548226785775.0,1549195.0
2191,gnome-shell,0x7d297bc57000,0x11918b,00000000defd2c8d,10.0,3572385682269.0,72752.0
2191,gnome-shell,0x7d297bc57000,0xaf458,00000000defd2c8d,10.0,3590231625485.0,6853953.0
2191,gnome-shell,0x7d297a29a000,0x1a41,000000005c5f66ac,12.0,3590442117226.0,1142860.0
3029,update-notifier,0x6294f3e19000,0x34dfa,000000003454c90c,15.0,3604760603952.0,1591354.0
2271,gsd-housekeepin,0x55585acb5000,0xc48d,00000000f275917a,9.0,3608231858659.0,1530835.0
2191,gnome-shell,0x7d297bc57000,0xcd956,00000000defd2c8d,10.0,3650256284667.0,8413960.0
2191,gnome-shell,0x7d297a29a000,0x27090,000000005c5f66ac,12.0,3650721067497.0,1971396.0
2271,gsd-housekeepin,0x55585acb5000,0xb29e7,00000000f275917a,9.0,3668207616295.0,137371.0
2191,gnome-shell,0x7d297a29a000,0x27090,000000005c5f66ac,12.0,3692869708285.0,77216.0
2191,gnome-shell,0x7d2970bec000,0x130900,000000009a60b3e1,12.0,3694714589799.0,1880223.0
2191,gnome-shell,0x7d2970cef000,0x2b97c,000000008999f8dd,82.0,3696545032373.0,866498.0
3029,update-notifier,0x7023433b6000,0xa4c3f,00000000dbed4c91,26.0,3700054082538.0,229627.0
3664,DOMCacheThread,0x75643329a000,0x110379,00000000fb79b51f,347.0,3700847776351.0,1005888.0
2271,gsd-housekeepin,0x55585acb5000,0x12c710,00000000f275917a,9.0,3728169242768.0,1138015.0
2191,gnome-shell,0x7d297bc57000,0x111fa8,00000000defd2c8d,10.0,3772993873172.0,903368.0
2191,gnome-shell,0x7d297bc57000,0x11da96,00000000defd2c8d,10.0,3778146719937.0,901669.0
3029,update-notifier,0x6294f3e19000,0x11f8fe,000000003454c90c,15.0,3785159136050.0,92895.0
2271,gsd-housekeepin,0x55585acb5000,0x6685a,00000000f275917a,9.0,3788201857459.0,114384770.0
3670,sqldb:c~lite #6,0x75643329a000,0x116ac4,00000000fb79b51f,347.0,3797228191238.0,87005.0
2191,gnome-shell,0x7d297a29a000,0x11d4a8,000000005c5f66ac,12.0,3816396186332.0,1126847.0
2271,gsd-housekeepin,0x55585acb5000,0x12308d,00000000f275917a,9.0,3848199656054.0,733010.0
2269,gsd-color,0x7c843e525000,0x1097ca,00000000defd2c8d,10.0,3851303018961.0,841085.0
2191,gnome-shell,0x7d297a29a000,0x326b,000000005c5f66ac,12.0,3865747587149.0,939407.0
2191,gnome-shell,0x7d297bc57000,0x1219c4,00000000defd2c8d,10.0,3890364726626.0,877689.0
2191,gnome-shell,0x7d297a29a000,0x112c83,000000005c5f66ac,12.0,3890815580392.0,1578525.0
2271,gsd-housekeepin,0x55585acb5000,0x11d103,00000000f275917a,9.0,3908296266880.0,97425.0
2191,gnome-shell,0x7d297bc57000,0x131bdb,00000000defd2c8d,10.0,3909033265178.0,718302.0
3670,sqldb:c~lite #6,0x75643329a000,0x12f0ff,00000000fb79b51f,347.0,3926444175584.0,1625906.0
2191,gnome-shell,0x7d297bc57000,0x11ffbc,00000000defd2c8d,10.0,3938341223157.0,1084100.0
2191,gnome-shell,0x7d297a29a000,0xaa05,000000005c5f66ac,12.0,3950408773591.0,1715308.0
3029,update-notifier,0x6294f3e19000,0x112176,000000003454c90c,15.0,3965272115346.0,612021.0
2271,gsd-housekeepin,0x55585acb5000,0x12415c,00000000f275917a,9.0,3968300916036.0,4084802.0
2269,gsd-color,0x7c843e525000,0x12e289,00000000defd2c8d,10.0,3971250094580.0,532230.0
2191,gnome-shell,0x7d297bc57000,0x12133e,00000000defd2c8d,10.0,4010239790108.0,954562.0
2191,gnome-shell,0x7d297a29a000,0x130932,000000005c5f66ac,12.0,4010658568662.0,252004.0
3029,update-notifier,0x702342bac000,0x1286e6,00000000defd2c8d,10.0,4021804596438.0,74973.0
2271,gsd-housekeepin,0x55585acb5000,0x10d620,00000000f275917a,9.0,4028241836008.0,67526.0
2191,gnome-shell,0x7d297a29a000,0x111f05,000000005c5f66ac,12.0,4070619159662.0,7786774.0
2271,gsd-housekeepin,0x55585acb5000,0x11c68d,00000000f275917a,9.0,4088206991808.0,6789381.0
2191,gnome-shell,0x7d297a29a000,0x12a252,000000005c5f66ac,12.0,4106938497802.0,1562011.0
3029,update-notifier,0x7023433b6000,0x92b3c,00000000dbed4c91,26.0,4109766566473.0,1469589.0
2191,gnome-shell,0x7d2970b48000,0x117ff1,00000000b223d080,8.0,4129010012250.0,1069332.0
2191,gnome-shell,0x7d297a29a000,0x12a252,000000005c5f66ac,12.0,4141378831916.0,71619.0
3029,update-notifier,0x6294f3e19000,0x10fdfa,000000003454c90c,15.0,4145279043507.0,8381276.0
2271,gsd-housekeepin,0x55585acb5000,0xaab8b,00000000f275917a,9.0,4148181913225.0,942968.0
3670,sqldb:c~lite #6,0x75643329a000,0xc991d,00000000fb79b51f,347.0,4161794683552.0,90230.0
2191,gnome-shell,0x7d297a29a000,0x131bd2,000000005c5f66ac,12.0,4192260673102.0,1632035.0
2271,gsd-housekeepin,0x55585acb5000,0x117861,00000000f275917a,9.0,4208201482588.0,198770.0
2191,gnome-shell,0x7d297a29a000,0x131bd2,000000005c5f66ac,12.0,4213053127457.0,1169966.0
3670,sqldb:c~lite #6,0x75643329a000,0x10ff10,00000000fb79b51f,347.0,4246427240490.0,1041610.0
2191,gnome-shell,0x7d297a29a000,0x103a8d,000000005c5f66ac,12.0,4252917060469.0,786692.0
3664,DOMCacheThread,0x75643329a000,0x12c0a5,00000000fb79b51f,347.0,4258812430185.0,330463.0
2271,gsd-housekeepin,0x55585acb5000,0x130d48,00000000f275917a,9.0,4268250555682.0,65303537.0
2191,gnome-shell,0x7d297a29a000,0x4dce7,000000005c5f66ac,12.0,4299279963666.0,111272.0
3029,update-notifier,0x6294f3e19000,0x1254e2,000000003454c90c,15.0,4325140870533.0,76260.0
2191,gnome-shell,0x7d297b276000,0x6784b,00000000d68d9082,22.0,4328053618248.0,90441.0
2271,gsd-housekeepin,0x55585acb5000,0xc75b5,00000000f275917a,9.0,4328199896654.0,839639.0
3670,sqldb:c~lite #6,0x75643329a000,0x3bb23,00000000fb79b51f,347.0,4333376073764.0,349561.0
2191,gnome-shell,0x7d297a29a000,0x981c7,000000005c5f66ac,12.0,4346086969633.0,1239672.0
3664,DOMCacheThread,0x75643329a000,0x1203f7,00000000fb79b51f,347.0,4358965902209.0,22014394.0
2271,gsd-housekeepin,0x55585acb5000,0x429cf,00000000f275917a,9.0,4388224175700.0,67645.0
2191,gnome-shell,0x7d297a29a000,0x10b4ca,000000005c5f66ac,12.0,4410220145272.0,1215689.0
2271,gsd-housekeepin,0x55585acb5000,0x12a877,00000000f275917a,9.0,4448243209617.0,908521.0
2191,gnome-shell,0x7d297a29a000,0x11f863,000000005c5f66ac,12.0,4490937198089.0,1310003.0
3029,update-notifier,0x6294f3e19000,0xcf946,000000003454c90c,15.0,4505241602503.0,81921.0
3670,sqldb:c~lite #6,0x75643329a000,0x77b9e,00000000fb79b51f,347.0,4506996711944.0,89069.0
2271,gsd-housekeepin,0x55585acb5000,0x1175c6,00000000f275917a,9.0,4508214943046.0,811633.0
2191,gnome-shell,0x7d297a29a000,0x10c14f,000000005c5f66ac,12.0,4550438789848.0,1048237.0
2271,gsd-housekeepin,0x55585acb5000,0xcfc6f,00000000f275917a,9.0,4568217845898.0,967370.0
2274,gsd-power,0x7d32c75c5000,0x11ca16,00000000defd2c8d,10.0,4598637822597.0,74405.0
2191,gnome-shell,0x7d297a29a000,0x12cd01,000000005c5f66ac,12.0,4610595872430.0,828231.0
2271,gsd-housekeepin,0x55585acb5000,0x12f1bd,00000000f275917a,9.0,4628203534545.0,77547.0
2191,gnome-shell,0x7d297bc57000,0x2c246,00000000defd2c8d,10.0,4670830162025.0,1898736.0
2191,gnome-shell,0x7d297a29a000,0x27157,000000005c5f66ac,12.0,4671019293469.0,1249944.0
3029,update-notifier,0x6294f3e19000,0x1219d8,000000003454c90c,15.0,4685350782287.0,179839.0
2271,gsd-housekeepin,0x55585acb5000,0x8178e,00000000f275917a,9.0,4688237098288.0,1432958.0
2269,gsd-color,0x7c843e525000,0x128d02,00000000defd2c8d,10.0,4691434456448.0,7284416.0
2191,gnome-shell,0x7d297a29a000,0x129b81,000000005c5f66ac,12.0,4693247888892.0,16305.0
2191,gnome-shell,0x7d297a29a000,0x66deb,000000005c5f66ac,12.0,4712726922485.0,1945195.0
2191,gnome-shell,0x7d29773f8000,0x117d78,00000000b7af918c,39.0,4717063102252.0,994648.0
2191,gnome-shell,0x7d297b276000,0x12ac59,00000000d68d9082,22.0,4733628871373.0,746909.0
3670,sqldb:c~lite #6,0x75643329a000,0x12103c,00000000fb79b51f,347.0,4734379222381.0,1230711.0
2191,gnome-shell,0x7d2970b48000,0x855df,00000000b223d080,6.0,4739317201689.0,14075793.0
2191,gnome-shell,0x7d297a29a000,0x128732,000000005c5f66ac,12.0,4741141883180.0,1106413.0
2271,gsd-housekeepin,0x55585acb5000,0x117fb3,00000000f275917a,9.0,4748200833351.0,75354.0
3664,DOMCacheThread,0x75643329a000,0x115f47,00000000fb79b51f,347.0,4771010932454.0,382957.0
2191,gnome-shell,0x7d297a29a000,0xa040,000000005c5f66ac,12.0,4786418991191.0,1123045.0
2271,gsd-housekeepin,0x55585acb5000,0x13035b,00000000f275917a,9.0,4808228666853.0,1180995.0
2191,gnome-shell,0x7d297a29a000,0x10c001,000000005c5f66ac,12.0,4833386229675.0,620475.0
2191,gnome-shell,0x7d297a29a000,0x1219d9,000000005c5f66ac,12.0,4852638918073.0,1002691.0
3029,update-notifier,0x6294f3e19000,0x1188c3,000000003454c90c,15.0,4865281056347.0,119290.0
2271,gsd-housekeepin,0x55585acb5000,0xaf578,00000000f275917a,9.0,4868200900170.0,74919.0
2191,gnome-shell,0x7d297a29a000,0x1257aa,000000005c5f66ac,12.0,4910537048168.0,1241449.0
2271,gsd-housekeepin,0x55585acb5000,0x13051b,00000000f275917a,9.0,4928213607264.0,255880.0
2191,gnome-shell,0x7d297a29a000,0x7c603,000000005c5f66ac,12.0,4928836303295.0,146705.0
2191,gnome-shell,0x7d297bc57000,0x1273be,00000000defd2c8d,10.0,4955802047820.0,742278.0
2191,gnome-shell,0x7d297bc57000,0x122eb6,00000000defd2c8d,10.0,4972843139290.0,1054955.0
2191,gnome-shell,0x7d297a29a000,0x130685,000000005c5f66ac,12.0,4973109090299.0,1217847.0
2271,gsd-housekeepin,0x55585acb5000,0x11d2d6,00000000f275917a,9.0,4988353027081.0,86453.0
2269,gsd-color,0x7c843e525000,0x88df3,00000000defd2c8d,10.0,4991254662362.0,905725.0
2191,gnome-shell,0x7d297bc57000,0x112c03,00000000defd2c8d,10.0,5030250989781.0,141392.0
2191,gnome-shell,0x7d297a29a000,0x10f09b,000000005c5f66ac,12.0,5030813362151.0,1606021.0
3029,update-notifier,0x6294f3e19000,0x8e15,000000003454c90c,15.0,5045524638370.0,137510.0
2271,gsd-housekeepin,0x55585acb5000,0x12a04f,00000000f275917a,9.0,5048238215637.0,138666.0
2269,gsd-color,0x7c843e525000,0x1b284,00000000defd2c8d,10.0,5051329988693.0,151642.0
3670,sqldb:c~lite #6,0x75643329a000,0x4e89c,00000000fb79b51f,347.0,5068398625663.0,80333.0
2191,gnome-shell,0x7d297bc57000,0x127c25,00000000defd2c8d,10.0,5076186630976.0,1074761.0
3664,DOMCacheThread,0x75643329a000,0x1301ab,00000000fb79b51f,347.0,5082647102787.0,563672.0
2191,gnome-shell,0x7d297a29a000,0x10c5b7,000000005c5f66ac,12.0,5095220033385.0,1443680.0
2271,gsd-housekeepin,0x55585acb5000,0x2b3e,00000000f275917a,9.0,5108215813243.0,78462.0
2269,gsd-color,0x7c843e525000,0x11ec5a,00000000defd2c8d,10.0,5111245841040.0,72301.0
2191,gnome-shell,0x7d297bc57000,0x12fe9b,00000000defd2c8d,10.0,5150334124547.0,2072103.0
2191,gnome-shell,0x7d297a29a000,0x11fb01,000000005c5f66ac,12.0,5150821030933.0,80440.0
2271,gsd-housekeepin,0x55585acb5000,0x12a36,00000000f275917a,9.0,5168213900401.0,71925.0
2191,gnome-shell,0x7d297a29a000,0x63bb3,000000005c5f66ac,12.0,5168783666882.0,1639961.0
2191,gnome-shell,0x7d297bc57000,0x9792b,00000000defd2c8d,10.0,5168826835782.0,929441.0
2191,gnome-shell,0x7d297bc57000,0x11c3d3,00000000defd2c8d,10.0,5210282347488.0,2153717.0
2191,gnome-shell,0x7d297a29a000,0x11ca76,000000005c5f66ac,12.0,5210711624453.0,75276.0
3670,sqldb:c~lite #6,0x75643329a000,0x122d1e,00000000fb79b51f,347.0,5221635010798.0,3093191.0
3029,update-notifier,0x702342bac000,0x125d08,00000000defd2c8d,10.0,5222105957199.0,75114.0
2191,gnome-shell,0x7d297a29a000,0x1100d8,000000005c5f66ac,12.0,5224893379425.0,886137.0
2271,gsd-housekeepin,0x55585acb5000,0xae80b,00000000f275917a,9.0,5228213757753.0,98831.0
3664,DOMCacheThread,0x75643329a000,0x12224a,00000000fb79b51f,347.0,5266125561421.0,584321.0
2191,gnome-shell,0x7d297bc57000,0x117669,00000000defd2c8d,10.0,5269639814343.0,509225.0
2191,gnome-shell,0x7d297a29a000,0x98dfd,000000005c5f66ac,12.0,5272072869326.0,339554.0
2191,gnome-shell,0x7d297a29a000,0x11c5c7,000000005c5f66ac,12.0,5287785312562.0,65953.0
2191,gnome-shell,0x7d297bc57000,0x10c555,00000000defd2c8d,10.0,5287949989372.0,66402.0
2271,gsd-housekeepin,0x55585acb5000,0x109ec4,00000000f275917a,9.0,5288221103569.0,1027776.0
2191,gnome-shell,0x7d297bc57000,0x10cb96,00000000defd2c8d,10.0,5316458160124.0,600786.0
2191,gnome-shell,0x7d297a29a000,0x7b260,000000005c5f66ac,12.0,5318373682849.0,1416250.0
2191,gnome-shell,0x7d297bc57000,0x12b699,00000000defd2c8d,10.0,5330489765297.0,4314697.0
3670,sqldb:c~lite #6,0x75643329a000,0xcf6bf,00000000fb79b51f,347.0,5347068126588.0,89681.0
2271,gsd-housekeepin,0x55585acb5000,0x9657,00000000f275917a,9.0,5348216803744.0,81171.0
2191,gnome-shell,0x7d297bc57000,0x12ef70,00000000defd2c8d,10.0,5390249042304.0,820425.0
2191,gnome-shell,0x7d297a29a000,0x124802,000000005c5f66ac,12.0,5390611622182.0,1256597.0
3029,update-notifier,0x6294f3e19000,0xd1a74,000000003454c90c,15.0,5405332580184.0,300741.0
2271,gsd-housekeepin,0x55585acb5000,0x116d02,00000000f275917a,9.0,5408218871470.0,72084.0
2191,gnome-shell,0x7d297a29a000,0x108a5b,000000005c5f66ac,12.0,5408363195845.0,1138700.0
2191,gnome-shell,0x7d297bc57000,0x128548,00000000defd2c8d,10.0,5408403788730.0,70415.0
2191,gnome-shell,0x7d297bc57000,0x118b1f,00000000defd2c8d,10.0,5431041551398.0,1673860.0
2191,gnome-shell,0x7d297bc57000,0x127916,00000000defd2c8d,10.0,5450359803558.0,1600438.0
2191,gnome-shell,0x7d297a29a000,0x11d0c9,000000005c5f66ac,12.0,5450789115941.0,259301.0
2271,gsd-housekeepin,0x55585acb5000,0xbeb53,00000000f275917a,9.0,5468203730740.0,1573312.0
2269,gsd-color,0x7c843e525000,0x11e848,00000000defd2c8d,10.0,5471236371842.0,1291169.0
3664,DOMCacheThread,0x75643329a000,0xb4cb9,00000000fb79b51f,347.0,5500116787095.0,160333.0
2191,gnome-shell,0x7d2970cef000,0xc4323,000000008999f8dd,82.0,5529955097735.0,11446703.0
3029,update-notifier,0x7023433b6000,0x82be3,00000000dbed4c91,26.0,5535065241113.0,134613.0
2191,gnome-shell,0x7d297b276000,0x89095,00000000d68d9082,22.0,5538780072081.0,1767146.0
2191,gnome-shell,0x7d297a29a000,0x11b7a8,000000005c5f66ac,12.0,5572188364423.0,831355.0
3029,update-notifier,0x6294f3e19000,0x10f831,000000003454c90c,15.0,5585185927604.0,283515.0
2271,gsd-housekeepin,0x55585acb5000,0x926c4,00000000f275917a,9.0,5588193974323.0,74976.0
2191,gnome-shell,0x7d297a29a000,0x106e53,000000005c5f66ac,12.0,5633023824312.0,1489080.0
2191,gnome-shell,0x7d297a29a000,0x125fcb,000000005c5f66ac,12.0,5644091722253.0,535441.0
2271,gsd-housekeepin,0x55585acb5000,0x118967,00000000f275917a,9.0,5648760128943.0,73171.0
2191,gnome-shell,0x7d297a29a000,0x10b5bf,000000005c5f66ac,12.0,5666927197787.0,937455.0
2191,gnome-shell,0x7d297a29a000,0x12e7aa,000000005c5f66ac,12.0,5690483713825.0,69410.0
2271,gsd-housekeepin,0x55585acb5000,0x129474,00000000f275917a,9.0,5709201060768.0,995454.0
2191,gnome-shell,0x7d297a29a000,0x50dcb,000000005c5f66ac,12.0,5710206602460.0,1057354.0
2191,gnome-shell,0x7d297a29a000,0x129744,000000005c5f66ac,12.0,5750818609604.0,992858.0
3029,update-notifier,0x6294f3e19000,0x12af03,000000003454c90c,15.0,5766288953726.0,1214980.0
2271,gsd-housekeepin,0x55585acb5000,0x12e019,00000000f275917a,9.0,5769340864775.0,884076.0
2191,gnome-shell,0x7d297a29a000,0x62cfd,000000005c5f66ac,12.0,5803228815032.0,4306269.0
3670,sqldb:c~lite #6,0x75643329a000,0x11a9ee,00000000fb79b51f,347.0,5818297814992.0,92109.0
2271,gsd-housekeepin,0x55585acb5000,0x125042,00000000f275917a,9.0,5829221142090.0,109082.0
2191,gnome-shell,0x7d297a29a000,0x128499,000000005c5f66ac,12.0,5864093786106.0,147053.0
2271,gsd-housekeepin,0x55585acb5000,0x126307,00000000f275917a,9.0,5889307778288.0,4760158.0
2191,gnome-shell,0x7d297a29a000,0x15be3,000000005c5f66ac,12.0,5930905309219.0,187797.0
3029,update-notifier,0x6294f3e19000,0x117558,000000003454c90c,15.0,5946534788677.0,147545.0
2271,gsd-housekeepin,0x55585acb5000,0x967ab,00000000f275917a,9.0,5949215184456.0,127951.0
2274,gsd-power,0x59aee295b000,0x4339a,000000006677494f,22.0,6001219980019.0,147586.0
2191,gnome-shell,0x7d297a29a000,0xba8b8,000000005c5f66ac,12.0,6001894878509.0,129112.0
2271,gsd-housekeepin,0x55585acb5000,0x40042,00000000f275917a,9.0,6009151712384.0,410184.0
2191,gnome-shell,0x7d297a29a000,0xba8b8,000000005c5f66ac,12.0,6050446169911.0,934563.0
2271,gsd-housekeepin,0x55585acb5000,0x1175dd,00000000f275917a,9.0,6069257262704.0,162042037.0
2191,gnome-shell,0x7d297a29a000,0x3caab,000000005c5f66ac,12.0,6110804867278.0,263005.0
2191,gnome-shell,0x7d2970b58000,0x2e4d9,0000000033460c6c,7.0,6116473864312.0,79938.0
2191,gnome-shell,0x7d2970c67000,0x3f27d,000000005392641f,7.0,6116510231049.0,78402.0
3029,update-notifier,0x6294f3e19000,0x3b9da,000000003454c90c,15.0,6126144935842.0,72599.0
2271,gsd-housekeepin,0x55585acb5000,0x8b144,00000000f275917a,9.0,6129222144423.0,69849.0
3029,update-notifier,0x7023433b6000,0x98243,00000000dbed4c91,26.0,6132396833224.0,73033.0
3670,sqldb:c~lite #6,0x75643329a000,0xa4bde,00000000fb79b51f,347.0,6134469129609.0,116235.0
2271,gsd-housekeepin,0x55585acb5000,0x123ea5,00000000f275917a,9.0,6189200758734.0,1119197.0
2271,gsd-housekeepin,0x55585acb5000,0x114905,00000000f275917a,9.0,6249214382698.0,958492.0
2269,gsd-color,0x7c843e525000,0x12870a,00000000defd2c8d,10.0,6251623010215.0,824556.0
3664,DOMCacheThread,0x75643329a000,0x1216f1,00000000fb79b51f,347.0,6253761935710.0,89587.0
3664,DOMCacheThread,0x75643329a000,0x11c745,00000000fb79b51f,347.0,6283898710610.0,98187.0
3029,update-notifier,0x6294f3e19000,0x123f39,000000003454c90c,15.0,6306279702744.0,71615.0
2271,gsd-housekeepin,0x55585acb5000,0x11ea03,00000000f275917a,9.0,6309253877806.0,2050475.0
2269,gsd-color,0x7c843e525000,0x12b609,00000000defd2c8d,10.0,6371490024845.0,6836321.0
3670,sqldb:c~lite #6,0x75643329a000,0x108cef,00000000fb79b51f,347.0,6486266069070.0,88515.0
3029,update-notifier,0x6294f3e19000,0x11ea67,000000003454c90c,15.0,6486326520278.0,187568.0
2271,gsd-housekeepin,0x55585acb5000,0x23f2a,00000000f275917a,9.0,6489220058848.0,904097.0
2271,gsd-housekeepin,0x55585acb5000,0x60fef,00000000f275917a,9.0,6549208536172.0,1035034.0
2269,gsd-color,0x7c843e525000,0xb51ff,00000000defd2c8d,10.0,6551253306291.0,565523.0
3664,DOMCacheThread,0x75643329a000,0x1b499,00000000fb79b51f,347.0,6565849339589.0,91602.0
2271,gsd-housekeepin,0x55585acb5000,0x125c33,00000000f275917a,9.0,6609220054412.0,749306.0
3029,update-notifier,0x6294f3e19000,0x6c083,000000003454c90c,15.0,6666380168220.0,83708.0
2271,gsd-housekeepin,0x55585acb5000,0x12225f,00000000f275917a,9.0,6669205712614.0,512963.0
3670,sqldb:c~lite #6,0x75643329a000,0x12e141,00000000fb79b51f,347.0,6721678001551.0,78937.0
2271,gsd-housekeepin,0x55585acb5000,0xd90d2,00000000f275917a,9.0,6729222694633.0,79275.0
3664,DOMCacheThread,0x75643329a000,0x8f7a3,00000000fb79b51f,347.0,6775542077939.0,113766.0
2271,gsd-housekeepin,0x55585acb5000,0x12da97,00000000f275917a,9.0,6789270616516.0,812984.0
3029,update-notifier,0x6294f3e19000,0x75cf8,000000003454c90c,15.0,6846156281071.0,81489.0
2271,gsd-housekeepin,0x55585acb5000,0x1252bb,00000000f275917a,9.0,6849216217943.0,78279.0
3670,sqldb:c~lite #6,0x75643329a000,0x114400,00000000fb79b51f,347.0,6874746422940.0,81672.0
2271,gsd-housekeepin,0x55585acb5000,0x93fe3,00000000f275917a,9.0,6909222591880.0,943751.0
2271,gsd-housekeepin,0x55585acb5000,0xafa4d,00000000f275917a,9.0,6969220284225.0,966867.0
2274,gsd-power,0x59aee295b000,0x527d8,000000006677494f,22.0,7033618254649.0,76971.0
3670,sqldb:c~lite #6,0x75643329a000,0x131b34,00000000fb79b51f,347.0,7087086941497.0,517583.0
2271,gsd-housekeepin,0x55585acb5000,0x12a293,00000000f275917a,9.0,7089201182412.0,72517.0
3029,update-notifier,0x6294f3e19000,0x3b05c,000000003454c90c,15.0,7206284852605.0,71766.0
2271,gsd-housekeepin,0x55585acb5000,0x106fd9,00000000f275917a,9.0,7209223117501.0,74564.0
2271,gsd-housekeepin,0x55585acb5000,0x1cf89,00000000f275917a,9.0,7269219075557.0,809081.0
2271,gsd-housekeepin,0x55585acb5000,0xb12d8,00000000f275917a,9.0,7329235869439.0,3177944.0
3670,sqldb:c~lite #6,0x75643329a000,0x122456,00000000fb79b51f,347.0,7373277903504.0,237496.0
3029,update-notifier,0x6294f3e19000,0xd1ed6,000000003454c90c,15.0,7386210135527.0,213969.0
2271,gsd-housekeepin,0x55585acb5000,0x12e587,00000000f275917a,9.0,7390022028816.0,330167.0
3664,DOMCacheThread,0x75643329a000,0x12ad97,00000000fb79b51f,347.0,7408946096787.0,94231.0
3664,DOMCacheThread,0x75643329a000,0x10a62d,00000000fb79b51f,347.0,7438715600818.0,202027.0
2271,gsd-housekeepin,0x55585acb5000,0x116268,00000000f275917a,9.0,7451441665215.0,84286.0
2269,gsd-color,0x7c843e525000,0x11219a,00000000defd2c8d,10.0,7511235230231.0,72027.0
2271,gsd-housekeepin,0x55585acb5000,0xda024,00000000f275917a,9.0,7512220206354.0,888379.0
2274,gsd-power,0x59aee295b000,0x32e27,000000006677494f,22.0,7530166589595.0,908384.0
2274,gsd-power,0x7d32c75c5000,0x3b708,00000000defd2c8d,10.0,7530246679058.0,75113.0
3029,update-notifier,0x6294f3e19000,0x5f17c,000000003454c90c,15.0,7566172326865.0,71397.0
2271,gsd-housekeepin,0x55585acb5000,0x12b77c,00000000f275917a,9.0,7572452515614.0,1306897.0
2271,gsd-housekeepin,0x55585acb5000,0x12deb2,00000000f275917a,9.0,7633216678996.0,3490982.0
3670,sqldb:c~lite #6,0x75643329a000,0x11526e,00000000fb79b51f,347.0,7657364376774.0,89519.0
2271,gsd-housekeepin,0x55585acb5000,0x130500,00000000f275917a,9.0,7693229786190.0,944271.0
3029,update-notifier,0x6294f3e19000,0x10c104,000000003454c90c,15.0,7747031343454.0,14790458.0
2271,gsd-housekeepin,0x55585acb5000,0x11d093,00000000f275917a,9.0,7753330689303.0,949997.0
2271,gsd-housekeepin,0x55585acb5000,0x34037,00000000f275917a,9.0,7813220799076.0,978209.0
2271,gsd-housekeepin,0x55585acb5000,0x125520,00000000f275917a,9.0,7873500558512.0,225534.0
3664,DOMCacheThread,0x75643329a000,0xc241d,00000000fb79b51f,347.0,7879751277661.0,116114.0
3670,sqldb:c~lite #6,0x75643329a000,0x11028e,00000000fb79b51f,347.0,7911200338390.0,92678.0
3029,update-notifier,0x6294f3e19000,0x10bbe1,000000003454c90c,15.0,7928175544813.0,115647.0
2271,gsd-housekeepin,0x55585acb5000,0x124fa9,00000000f275917a,9.0,7933283037539.0,50686840.0
3029,update-notifier,0x7023433b6000,0xb729f,00000000dbed4c91,26.0,8267342596025.0,401204.0
2271,gsd-housekeepin,0x55585acb5000,0x124a87,00000000f275917a,9.0,8293165544865.0,3212542.0
3670,sqldb:c~lite #6,0x75643329a000,0x11d2cc,00000000fb79b51f,347.0,8344110024592.0,114120.0
2271,gsd-housekeepin,0x55585acb5000,0x11a70b,00000000f275917a,9.0,8353267173288.0,2224940.0
2271,gsd-housekeepin,0x55585acb5000,0x65d82,00000000f275917a,9.0,8413205986256.0,1911385.0
3029,update-notifier,0x6294f3e19000,0xc8a16,000000003454c90c,15.0,8468711772266.0,137474.0
3670,sqldb:c~lite #6,0x75643329a000,0x1141ef,00000000fb79b51f,347.0,8478021767582.0,1843290.0
3029,update-notifier,0x6294f3e19000,0x109c74,000000003454c90c,15.0,8648149020250.0,1637480.0
2271,gsd-housekeepin,0x55585acb5000,0x10dcde,00000000f275917a,9.0,8773234560380.0,2271137.0
2271,gsd-housekeepin,0x55585acb5000,0x10df10,00000000f275917a,9.0,8833200960581.0,352307.0
3670,sqldb:c~lite #6,0x75643329a000,0x12fcf3,00000000fb79b51f,347.0,8916796170064.0,165430.0
2271,gsd-housekeepin,0x55585acb5000,0x123997,00000000f275917a,9.0,8953395451168.0,37236541.0
3664,DOMCacheThread,0x75643329a000,0x110d38,00000000fb79b51f,347.0,8972351130280.0,214806.0
3029,update-notifier,0x6294f3e19000,0x32fc3,000000003454c90c,15.0,9008666890867.0,10299986.0
3029,update-notifier,0x6294f3e19000,0x11c482,000000003454c90c,15.0,9188715133604.0,468007.0
2271,gsd-housekeepin,0x55585acb5000,0x6d0dd,00000000f275917a,9.0,9193202816538.0,129416.0
2271,gsd-housekeepin,0x55585acb5000,0xc2dcc,00000000f275917a,9.0,9253225329128.0,1554612.0
3670,sqldb:c~lite #6,0x75643329a000,0x4ae76,00000000fb79b51f,347.0,9362089324054.0,216971.0
3029,update-notifier,0x6294f3e19000,0x12c3ea,000000003454c90c,15.0,9369682462294.0,197038.0
2271,gsd-housekeepin,0x55585acb5000,0x16304,00000000f275917a,9.0,9373203112655.0,141323.0
3029,update-notifier,0x6294f3e19000,0x111ab5,000000003454c90c,15.0,9550957650881.0,8352417.0
2271,gsd-housekeepin,0x55585acb5000,0x5e14d,00000000f275917a,9.0,9553240267710.0,178409.0
3664,DOMCacheThread,0x75643329a000,0x104b98,00000000fb79b51f,347.0,9568874925160.0,8232069.0
2271,gsd-housekeepin,0x55585acb5000,0xc218a,00000000f275917a,9.0,9613212944014.0,239.518002
2271,gsd-housekeepin,0x55585acb5000,0x9c54e,00000000f275917a,9.0,9673201632308.0,3313077.0
3670,sqldb:c~lite #6,0x75643329a000,0x10e206,00000000fb79b51f,347.0,9697367790292.0,429079.0
3029,update-notifier,0x6294f3e19000,0x2c026,000000003454c90c,15.0,9731949716294.0,164496.0
2269,gsd-color,0x7c843e525000,0x1309b7,00000000defd2c8d,10.0,9791223148293.0,17232655.0
2271,gsd-housekeepin,0x55585acb5000,0x11e661,00000000f275917a,9.0,9793213821321.0,2108209.0
3029,update-notifier,0x6294f3e19000,0x11b642,000000003454c90c,15.0,9912143532262.0,7885775.0
3670,sqldb:c~lite #6,0x75643329a000,0x104a81,00000000fb79b51f,347.0,9915463347726.0,52199.0
3664,DOMCacheThread,0x75643329a000,0x10bb02,00000000fb79b51f,347.0,9931041551354.0,53031.0
2271,gsd-housekeepin,0x55585acb5000,0x12acc4,00000000f275917a,9.0,9973277559708.0,500075.0
3670,sqldb:c~lite #6,0x75643329a000,0x124f28,00000000fb79b51f,347.0,9999507696870.0,58803.0
2271,gsd-housekeepin,0x55585acb5000,0x12f256,00000000f275917a,9.0,10033296037402.0,778905.0
3670,sqldb:c~lite #6,0x75643329a000,0x124fa1,00000000fb79b51f,347.0,10075211142551.0,51492.0
3029,update-notifier,0x6294f3e19000,0x11f924,000000003454c90c,15.0,10092144564002.0,45768.0
2271,gsd-housekeepin,0x55585acb5000,0x24412,00000000f275917a,9.0,10093215885335.0,74985.0
2271,gsd-housekeepin,0x55585acb5000,0x1362ce,00000000f275917a,9.0,10153805016314.0,38264.0
2271,gsd-housekeepin,0x55585acb5000,0x126837,00000000f275917a,9.0,10213626557957.0,16610567.0
3670,sqldb:c~lite #6,0x75643329a000,0x114f61,00000000fb79b51f,347.0,10221978477910.0,118358.0
3029,update-notifier,0x6294f3e19000,0x121a82,000000003454c90c,15.0,10272230660148.0,1330201.0
2271,gsd-housekeepin,0x55585acb5000,0x129913,00000000f275917a,9.0,10274273043633.0,11697.0
2269,gsd-color,0x7c843e525000,0x1116b6,00000000defd2c8d,10.0,10275328418954.0,106197.0
3670,sqldb:c~lite #6,0x75643329a000,0x124326,00000000fb79b51f,347.0,10329494102706.0,92934.0
2271,gsd-housekeepin,0x55585acb5000,0x6fb46,00000000f275917a,9.0,10334215006031.0,465683.0
2269,gsd-color,0x7c843e525000,0x1103ec,00000000defd2c8d,10.0,10335244873362.0,540348.0
2271,gsd-housekeepin,0x55585acb5000,0x10ab5a,00000000f275917a,9.0,10394211340892.0,38969.0
3664,DOMCacheThread,0x75643329a000,0x102089,00000000fb79b51f,347.0,10426578923011.0,65831.0
3029,update-notifier,0x6294f3e19000,0x11702a,000000003454c90c,15.0,10453108169263.0,570278.0
2271,gsd-housekeepin,0x55585acb5000,0x126f80,00000000f275917a,9.0,10454208195458.0,499953.0
2269,gsd-color,0x7c843e525000,0x10e675,00000000defd2c8d,10.0,10455379599224.0,876448.0
2274,gsd-power,0x7d32c75c5000,0x68b09,00000000defd2c8d,10.0,10481482040697.0,396530.0
3670,sqldb:c~lite #6,0x75643329a000,0x1118e7,00000000fb79b51f,347.0,10502897615934.0,58610.0
3664,DOMCacheThread,0x75643329a000,0x10d88f,00000000fb79b51f,347.0,10508076980300.0,78635.0
2271,gsd-housekeepin,0x55585acb5000,0x10d8f0,00000000f275917a,9.0,10514205193524.0,438052.0
2269,gsd-color,0x7c843e525000,0x11d686,00000000defd2c8d,10.0,10515280617177.0,436249.0
2271,gsd-housekeepin,0x55585acb5000,0x130334,00000000f275917a,9.0,10574208798062.0,38373.0
2269,gsd-color,0x7c843e525000,0x92421,00000000defd2c8d,10.0,10575255047187.0,42553.0
3029,update-notifier,0x6294f3e19000,0x11d5e8,000000003454c90c,15.0,10633227869791.0,43988.0
2271,gsd-housekeepin,0x55585acb5000,0x10d9ad,00000000f275917a,9.0,10634188193397.0,39265.0
3670,sqldb:c~lite #6,0x75643329a000,0x7edb3,00000000fb79b51f,347.0,10670285748323.0,47630.0
3664,DOMCacheThread,0x75643329a000,0x10b76a,00000000fb79b51f,347.0,10676147189445.0,84942.0
2271,gsd-housekeepin,0x55585acb5000,0x9b8e6,00000000f275917a,9.0,10694200046975.0,537690.0
3029,update-notifier,0x7023433b6000,0x115373,00000000dbed4c91,26.0,10709585058296.0,41521.0
2271,gsd-housekeepin,0x55585acb5000,0x10ef0d,00000000f275917a,9.0,10754194923601.0,7913771.0
3670,sqldb:c~lite #6,0x75643329a000,0x12bd2f,00000000fb79b51f,347.0,10766044653540.0,180906.0
3664,DOMCacheThread,0x75643329a000,0xcd138,00000000fb79b51f,347.0,10777324628930.0,20549387.0
3664,DOMCacheThread,0x75643329a000,0x12119f,00000000fb79b51f,347.0,10792776072368.0,51286.0
3029,update-notifier,0x6294f3e19000,0x11218c,000000003454c90c,15.0,10813892714518.0,5523353.0
2271,gsd-housekeepin,0x55585acb5000,0x1252b9,00000000f275917a,9.0,10814212333945.0,472995.0
2271,gsd-housekeepin,0x55585acb5000,0x62f5e,00000000f275917a,9.0,10874212882583.0,446687.0
3670,sqldb:c~lite #6,0x75643329a000,0x129b60,00000000fb79b51f,347.0,10878767110535.0,196395.0
2271,gsd-housekeepin,0x55585acb5000,0x12eb52,00000000f275917a,9.0,10934209213834.0,489104.0
2269,gsd-color,0x7c843e525000,0x114083,00000000defd2c8d,10.0,10937500646968.0,433595.0
3670,sqldb:c~lite #6,0x75643329a000,0x12301d,00000000fb79b51f,347.0,10977848554450.0,53914.0
3664,DOMCacheThread,0x75643329a000,0x108a43,00000000fb79b51f,347.0,10987950200006.0,82662.0
3029,update-notifier,0x6294f3e19000,0x129386,000000003454c90c,15.0,10993422984184.0,954754.0
2271,gsd-housekeepin,0x55585acb5000,0x12e9e2,00000000f275917a,9.0,10994208117355.0,319056.0
3670,sqldb:c~lite #6,0x75643329a000,0x1264f7,00000000fb79b51f,347.0,11053680933409.0,83236.0
2271,gsd-housekeepin,0x55585acb5000,0x10d817,00000000f275917a,9.0,11054212172999.0,416288.0
2271,gsd-housekeepin,0x55585acb5000,0x10c90c,00000000f275917a,9.0,11114208240521.0,407140.0
1752,pipewire-pulse,0x7029fa771000,0x119190,0000000052ff8472,0.0,11130427666603.0,74286.0
1752,pipewire-pulse,0x7029fa772000,0x119191,0000000052ff8472,1.0,11130427674461.0,82144.0
1752,pipewire-pulse,0x7029fa773000,0x119192,0000000052ff8472,2.0,11130427676414.0,84097.0
1752,pipewire-pulse,0x7029fa774000,0x119193,0000000052ff8472,3.0,11130427678233.0,85916.0
1752,pipewire-pulse,0x7029fa775000,0x119194,0000000052ff8472,4.0,11130427679838.0,87521.0
1752,pipewire-pulse,0x7029fa776000,0x119195,0000000052ff8472,5.0,11130427681458.0,89141.0
1752,pipewire-pulse,0x7029fa777000,0x119196,0000000052ff8472,6.0,11130427683038.0,90721.0
1752,pipewire-pulse,0x7029fa778000,0x119197,0000000052ff8472,7.0,11130427684594.0,92277.0
1752,pipewire-pulse,0x7029fa768000,0x119199,000000001b5723ea,0.0,11130427696422.0,104105.0
1752,pipewire-pulse,0x7029fa769000,0x11919a,000000001b5723ea,1.0,11130427698159.0,105842.0
1752,pipewire-pulse,0x7029fa76a000,0x11919b,000000001b5723ea,2.0,11130427699818.0,107501.0
1752,pipewire-pulse,0x7029fa76b000,0x11919c,000000001b5723ea,3.0,11130427700716.0,108399.0
1752,pipewire-pulse,0x7029fa76c000,0x11919d,000000001b5723ea,4.0,11130427701493.0,109176.0
1752,pipewire-pulse,0x7029fa76d000,0x11919e,000000001b5723ea,5.0,11130427702285.0,109968.0
1752,pipewire-pulse,0x7029fa76e000,0x11919f,000000001b5723ea,6.0,11130427703183.0,110866.0
1752,pipewire-pulse,0x7029fa76f000,0x10e540,000000001b5723ea,7.0,11130427703983.0,111666.0
1752,pipewire-pulse,0x7029fa75f000,0x10e542,00000000612ad5dc,0.0,11130427717877.0,125560.0
1752,pipewire-pulse,0x7029fa761000,0x10e544,00000000612ad5dc,2.0,11130427719627.0,127310.0
1752,pipewire-pulse,0x7029fa762000,0x10e545,00000000612ad5dc,3.0,11130427720544.0,128227.0
1752,pipewire-pulse,0x7029fa763000,0x10e546,00000000612ad5dc,4.0,11130427721331.0,129014.0
1752,pipewire-pulse,0x7029fa764000,0x10e547,00000000612ad5dc,5.0,11130427722242.0,129925.0
1752,pipewire-pulse,0x7029fa765000,0x10e548,00000000612ad5dc,6.0,11130427723057.0,130740.0
1752,pipewire-pulse,0x7029fa766000,0x10e549,00000000612ad5dc,7.0,11130427723971.0,131654.0
1752,pipewire-pulse,0x7029fa756000,0x10e54c,00000000cad2b698,0.0,11130427733753.0,4855.0
1752,pipewire-pulse,0x7029fa757000,0x10e54d,00000000cad2b698,1.0,11130427734674.0,5776.0
1752,pipewire-pulse,0x7029fa758000,0x10e54e,00000000cad2b698,2.0,11130427767055.0,38157.0
1752,pipewire-pulse,0x7029fa759000,0x10e54f,00000000cad2b698,3.0,11130427767985.0,39087.0
1752,pipewire-pulse,0x7029fa75a000,0x11fa30,00000000cad2b698,4.0,11130427768832.0,39934.0
1752,pipewire-pulse,0x7029fa75b000,0x11fa31,00000000cad2b698,5.0,11130427769732.0,40834.0
1752,pipewire-pulse,0x7029fa75c000,0x11fa32,00000000cad2b698,6.0,11130427770617.0,41719.0
1752,pipewire-pulse,0x7029fa75d000,0x11fa33,00000000cad2b698,7.0,11130427771469.0,42571.0
1752,pipewire-pulse,0x7029fa74d000,0x11fa35,000000001d04570c,0.0,11130427780972.0,52074.0
1752,pipewire-pulse,0x7029fa74e000,0x11fa36,000000001d04570c,1.0,11130427781754.0,52856.0
1752,pipewire-pulse,0x7029fa74f000,0x11fa37,000000001d04570c,2.0,11130427782509.0,53611.0
1752,pipewire-pulse,0x7029fa751000,0x11fa39,000000001d04570c,4.0,11130427784019.0,55121.0
1752,pipewire-pulse,0x7029fa752000,0x11fa3a,000000001d04570c,5.0,11130427784796.0,55898.0
1752,pipewire-pulse,0x7029fa753000,0x11fa3b,000000001d04570c,6.0,11130427785601.0,56703.0
1752,pipewire-pulse,0x7029fa754000,0x11fa3c,000000001d04570c,7.0,11130427786378.0,57480.0
1752,pipewire-pulse,0x7029fa744000,0x11fa3e,00000000cfcfbc9e,0.0,11130427792530.0,63632.0
1752,pipewire-pulse,0x7029fa745000,0x11fa3f,00000000cfcfbc9e,1.0,11130427793468.0,64570.0
1752,pipewire-pulse,0x7029fa746000,0x1139a0,00000000cfcfbc9e,2.0,11130427794324.0,65426.0
1752,pipewire-pulse,0x7029fa747000,0x1139a1,00000000cfcfbc9e,3.0,11130427795204.0,66306.0
1752,pipewire-pulse,0x7029fa748000,0x1139a2,00000000cfcfbc9e,4.0,11130427796044.0,67146.0
1752,pipewire-pulse,0x7029fa749000,0x1139a3,00000000cfcfbc9e,5.0,11130427796939.0,68041.0
1752,pipewire-pulse,0x7029fa74a000,0x1139a4,00000000cfcfbc9e,6.0,11130427797709.0,68811.0
1752,pipewire-pulse,0x7029fa74b000,0x1139a5,00000000cfcfbc9e,7.0,11130427798513.0,69615.0
1752,pipewire-pulse,0x7029fa775000,0x10c06f,00000000611c7796,0.0,11138830584460.0,46334.0
1752,pipewire-pulse,0x7029fa776000,0x10c06e,00000000611c7796,1.0,11138830592714.0,54588.0
1752,pipewire-pulse,0x7029fa777000,0x10c06d,00000000611c7796,2.0,11138830594902.0,56776.0
1752,pipewire-pulse,0x7029fa778000,0x10c06c,00000000611c7796,3.0,11138830596576.0,58450.0
1752,pipewire-pulse,0x7029fa779000,0x10c06b,00000000611c7796,4.0,11138830598158.0,60032.0
1752,pipewire-pulse,0x7029fa77a000,0x10c06a,00000000611c7796,5.0,11138830599711.0,61585.0
1752,pipewire-pulse,0x7029fa77b000,0x10c069,00000000611c7796,6.0,11138830601424.0,63298.0
1752,pipewire-pulse,0x7029fa77c000,0x11228a,00000000611c7796,7.0,11138830603011.0,64885.0
1752,pipewire-pulse,0x7029fa76c000,0x112284,00000000925bbd7d,0.0,11138830617287.0,79161.0
1752,pipewire-pulse,0x7029fa76d000,0x11fc47,00000000925bbd7d,1.0,11138830619060.0,80934.0
1752,pipewire-pulse,0x7029fa76e000,0x114a74,00000000925bbd7d,2.0,11138830620762.0,82636.0
1752,pipewire-pulse,0x7029fa76f000,0x112c3a,00000000925bbd7d,3.0,11138830621569.0,83443.0
1752,pipewire-pulse,0x7029fa771000,0x114a7f,00000000925bbd7d,5.0,11138830623179.0,85053.0
1752,pipewire-pulse,0x7029fa772000,0x11228b,00000000925bbd7d,6.0,11138830623993.0,85867.0
1752,pipewire-pulse,0x7029fa773000,0x11957f,00000000925bbd7d,7.0,11138830624767.0,86641.0
3029,update-notifier,0x6294f3e19000,0x11165b,000000003454c90c,15.0,11174201274617.0,411775.0
1752,pipewire-pulse,0x7029fa775000,0x125b04,00000000cad2b698,0.0,11249594984164.0,1644368.0
1752,pipewire-pulse,0x7029fa776000,0x125b03,00000000cad2b698,1.0,11249594990562.0,1650766.0
1752,pipewire-pulse,0x7029fa777000,0x125b02,00000000cad2b698,2.0,11249594992704.0,1652908.0
1752,pipewire-pulse,0x7029fa778000,0x125b01,00000000cad2b698,3.0,11249594994541.0,1654745.0
1752,pipewire-pulse,0x7029fa779000,0x125b00,00000000cad2b698,4.0,11249594996248.0,1656452.0
1752,pipewire-pulse,0x7029fa77a000,0x11679f,00000000cad2b698,5.0,11249594998167.0,1658371.0
1752,pipewire-pulse,0x7029fa77b000,0x11df0c,00000000cad2b698,6.0,11249594999944.0,1660148.0
1752,pipewire-pulse,0x7029fa77c000,0x115668,00000000cad2b698,7.0,11249595001566.0,1661770.0
1752,pipewire-pulse,0x7029fa76c000,0x115664,00000000cfcfbc9e,0.0,11249595014928.0,1675132.0
1752,pipewire-pulse,0x7029fa76d000,0x115661,00000000cfcfbc9e,1.0,11249595016639.0,1676843.0
1752,pipewire-pulse,0x7029fa76e000,0x10c09f,00000000cfcfbc9e,2.0,11249595018137.0,1678341.0
1752,pipewire-pulse,0x7029fa76f000,0x10c09c,00000000cfcfbc9e,3.0,11249595019099.0,1679303.0
1752,pipewire-pulse,0x7029fa771000,0x10c095,00000000cfcfbc9e,5.0,11249595020680.0,1680884.0
1752,pipewire-pulse,0x7029fa772000,0x10c093,00000000cfcfbc9e,6.0,11249595021446.0,1681650.0
1752,pipewire-pulse,0x7029fa773000,0x10c092,00000000cfcfbc9e,7.0,11249595022240.0,1682444.0
1752,pipewire-pulse,0x7029fa775000,0x1123de,00000000611c7796,0.0,11252437545796.0,209212.0
1752,pipewire-pulse,0x7029fa776000,0x1123df,00000000611c7796,1.0,11252437547438.0,210854.0
1752,pipewire-pulse,0x7029fa777000,0x111940,00000000611c7796,2.0,11252437548341.0,211757.0
1752,pipewire-pulse,0x7029fa778000,0x111941,00000000611c7796,3.0,11252437549326.0,212742.0
1752,pipewire-pulse,0x7029fa779000,0x111942,00000000611c7796,4.0,11252437550167.0,213583.0
1752,pipewire-pulse,0x7029fa77a000,0x111943,00000000611c7796,5.0,11252437551149.0,214565.0
1752,pipewire-pulse,0x7029fa77b000,0x111b7d,00000000611c7796,6.0,11252437551986.0,215402.0
1752,pipewire-pulse,0x7029fa77c000,0x111b7b,00000000611c7796,7.0,11252437552967.0,216383.0
1752,pipewire-pulse,0x7029fa76c000,0x111b7a,000000001d04570c,0.0,11252437562176.0,225592.0
1752,pipewire-pulse,0x7029fa76d000,0x111b76,000000001d04570c,1.0,11252437563231.0,226647.0
1752,pipewire-pulse,0x7029fa76e000,0x1172c8,000000001d04570c,2.0,11252437564060.0,227476.0
1752,pipewire-pulse,0x7029fa76f000,0x1172c6,000000001d04570c,3.0,11252437564987.0,228403.0
1752,pipewire-pulse,0x7029fa771000,0x111b7e,000000001d04570c,5.0,11252437566524.0,229940.0
1752,pipewire-pulse,0x7029fa772000,0x1172c7,000000001d04570c,6.0,11252437567318.0,230734.0
1752,pipewire-pulse,0x7029fa773000,0x111b79,000000001d04570c,7.0,11252437568108.0,231524.0
1752,pipewire-pulse,0x7029fa775000,0x8bbeb,00000000cad2b698,0.0,11293626060264.0,1437265.0
1752,pipewire-pulse,0x7029fa776000,0x8aa54,00000000cad2b698,1.0,11293626067227.0,1444228.0
1752,pipewire-pulse,0x7029fa777000,0x21814,00000000cad2b698,2.0,11293626069450.0,1446451.0
1752,pipewire-pulse,0x7029fa778000,0xab985,00000000cad2b698,3.0,11293626071279.0,1448280.0
1752,pipewire-pulse,0x7029fa779000,0xac53d,00000000cad2b698,4.0,11293626073456.0,1450457.0
1752,pipewire-pulse,0x7029fa77a000,0x4fc8d,00000000cad2b698,5.0,11293626075356.0,1452357.0
1752,pipewire-pulse,0x7029fa77b000,0xc4c8c,00000000cad2b698,6.0,11293626077121.0,1454122.0
1752,pipewire-pulse,0x7029fa77c000,0x656d4,00000000cad2b698,7.0,11293626078831.0,1455832.0
1752,pipewire-pulse,0x7029fa76c000,0x8efb4,00000000925bbd7d,0.0,11293626092004.0,1469005.0
1752,pipewire-pulse,0x7029fa76d000,0x69695,00000000925bbd7d,1.0,11293626093821.0,1470822.0
1752,pipewire-pulse,0x7029fa76e000,0x7ff8c,00000000925bbd7d,2.0,11293626095406.0,1472407.0
1752,pipewire-pulse,0x7029fa76f000,0x26cba,00000000925bbd7d,3.0,11293626096577.0,1473578.0
1752,pipewire-pulse,0x7029fa771000,0x6d3cf,00000000925bbd7d,5.0,11293626098671.0,1475672.0
1752,pipewire-pulse,0x7029fa772000,0x618ac,00000000925bbd7d,6.0,11293626099588.0,1476589.0
1752,pipewire-pulse,0x7029fa773000,0xc2efe,00000000925bbd7d,7.0,11293626100516.0,1477517.0
1752,pipewire-pulse,0x7029fa761000,0x55b72,000000001d31c8a5,1.0,11293726056955.0,1902339.0
1752,pipewire-pulse,0x7029fa762000,0xd93ce,000000001d31c8a5,2.0,11293726058343.0,1903727.0
1752,pipewire-pulse,0x7029fa763000,0x6f0e3,000000001d31c8a5,3.0,11293726059350.0,1904734.0
1752,pipewire-pulse,0x7029fa764000,0x5dea6,000000001d31c8a5,4.0,11293726060360.0,1905744.0
1752,pipewire-pulse,0x7029fa765000,0xd7033,000000001d31c8a5,5.0,11293726061268.0,1906652.0
1752,pipewire-pulse,0x7029fa766000,0x41ce6,000000001d31c8a5,6.0,11293726062386.0,1907770.0
1752,pipewire-pulse,0x7029fa767000,0x3c18e,000000001d31c8a5,7.0,11293726063453.0,1908837.0
1752,pipewire-pulse,0x7029fa757000,0xc2c8e,000000002cffc64e,0.0,11293726084252.0,1929636.0
1752,pipewire-pulse,0x7029fa758000,0x9007c,000000002cffc64e,1.0,11293726085312.0,1930696.0
1752,pipewire-pulse,0x7029fa759000,0x696bb,000000002cffc64e,2.0,11293726086238.0,1931622.0
1752,pipewire-pulse,0x7029fa75a000,0x91fdb,000000002cffc64e,3.0,11293726087205.0,1932589.0
1752,pipewire-pulse,0x7029fa75b000,0x5caba,000000002cffc64e,4.0,11293726088284.0,1933668.0
1752,pipewire-pulse,0x7029fa75c000,0x909cb,000000002cffc64e,5.0,11293726089381.0,1934765.0
1752,pipewire-pulse,0x7029fa75d000,0x81653,000000002cffc64e,6.0,11293726090748.0,1936132.0
1752,pipewire-pulse,0x7029fa75e000,0xa30f3,000000002cffc64e,7.0,11293726091678.0,1937062.0
1752,pipewire-pulse,0x7029fa775000,0xc5616,000000005dbf2d05,0.0,11361059247039.0,1539514.0
1752,pipewire-pulse,0x7029fa776000,0xc5615,000000005dbf2d05,1.0,11361059254270.0,1546745.0
1752,pipewire-pulse,0x7029fa777000,0xc5614,000000005dbf2d05,2.0,11361059256074.0,1548549.0
1752,pipewire-pulse,0x7029fa778000,0xc5613,000000005dbf2d05,3.0,11361059257591.0,1550066.0
1752,pipewire-pulse,0x7029fa779000,0xc5611,000000005dbf2d05,4.0,11361059259181.0,1551656.0
1752,pipewire-pulse,0x7029fa77a000,0xc5633,000000005dbf2d05,5.0,11361059260662.0,1553137.0
1752,pipewire-pulse,0x7029fa77b000,0xc5632,000000005dbf2d05,6.0,11361059262149.0,1554624.0
1752,pipewire-pulse,0x7029fa77c000,0xc5631,000000005dbf2d05,7.0,11361059263783.0,1556258.0
1752,pipewire-pulse,0x7029fa76c000,0x7403d,000000002f1f0cdb,0.0,11361059533081.0,1825556.0
1752,pipewire-pulse,0x7029fa76d000,0xb29f5,000000002f1f0cdb,1.0,11361059536399.0,1828874.0
1752,pipewire-pulse,0x7029fa76e000,0xb29e1,000000002f1f0cdb,2.0,11361059538033.0,1830508.0
1752,pipewire-pulse,0x7029fa76f000,0xb29fd,000000002f1f0cdb,3.0,11361059538802.0,1831277.0
1752,pipewire-pulse,0x7029fa771000,0xc5609,000000002f1f0cdb,5.0,11361059540285.0,1832760.0
1752,pipewire-pulse,0x7029fa772000,0xb29ed,000000002f1f0cdb,6.0,11361059541046.0,1833521.0
1752,pipewire-pulse,0x7029fa773000,0xb29f3,000000002f1f0cdb,7.0,11361059541751.0,1834226.0
1752,pipewire-pulse,0x7029fa775000,0xc5622,000000001d31c8a5,0.0,11362307821627.0,10833321.0
1752,pipewire-pulse,0x7029fa776000,0xc5621,000000001d31c8a5,1.0,11362307823281.0,10834975.0
1752,pipewire-pulse,0x7029fa777000,0xc5620,000000001d31c8a5,2.0,11362307824199.0,10835893.0
1752,pipewire-pulse,0x7029fa778000,0xc561f,000000001d31c8a5,3.0,11362307825249.0,10836943.0
3222,Privileged Cont,0x7388ff20b000,0x72656,00000000882a2af5,1.0,11362307825249.0,124864.341633
3074,firefox,0x756416723000,0x731ac,00000000a71ca7fd,2.0,11364606502477.0,127163.018861
3074,firefox,0x756416724000,0x731ad,00000000a71ca7fd,3.0,11364606513222.0,127163.029606
3181,Renderer,0x756416720000,0x731ae,00000000a71ca7fd,4.0,11364647966882.0,127204.483266
3181,Renderer,0x756416721000,0x731ae,00000000a71ca7fd,4.0,11364647985957.0,127204.502341
3181,Renderer,0x756416725000,0x731ae,00000000a71ca7fd,4.0,11364647996128.0,127204.512512
3181,Renderer,0x756416726000,0x757ad,00000000a71ca7fd,5.0,11364648005004.0,127204.521388
3181,Renderer,0x756416727000,0x757ae,00000000a71ca7fd,6.0,11364648013970.0,127204.530354
3074,firefox,0x7563f24c1000,0x87731,00000000f1964fec,0.0,11373207509099.0,135764.025483
3074,firefox,0x7563f24c2000,0x87730,00000000f1964fec,1.0,11373207520154.0,135764.036538
3074,firefox,0x7563f24c3000,0x8772f,00000000f1964fec,2.0,11373207523240.0,135764.039624
3074,firefox,0x7563f24c4000,0x8772e,00000000f1964fec,3.0,11373207525788.0,135764.042172
3074,firefox,0x7563f24c6000,0x8772c,00000000f1964fec,5.0,11373207531406.0,135764.04779
3074,firefox,0x7563f24c7000,0x8772b,00000000f1964fec,6.0,11373207533917.0,135764.050301
3074,firefox,0x7563f24c9000,0x87729,00000000f1964fec,8.0,11373207538271.0,135764.054655
3074,firefox,0x7563f24ca000,0x87728,00000000f1964fec,9.0,11373207540692.0,135764.057076
3074,firefox,0x7563f24cc000,0x8753d,00000000f1964fec,11.0,11373207544857.0,135764.061241
3074,firefox,0x7563f24cd000,0x87849,00000000f1964fec,12.0,11373207547277.0,135764.063661
3074,firefox,0x7563f24d3000,0x87843,00000000f1964fec,18.0,11373207557240.0,135764.073624
3074,firefox,0x7563f24d6000,0x87840,00000000f1964fec,21.0,11373207561482.0,135764.077866
3074,firefox,0x7563f24d9000,0x8783d,00000000f1964fec,24.0,11373207565620.0,135764.082004
3074,firefox,0x7563f24dc000,0x8783a,00000000f1964fec,27.0,11373207571959.0,135764.088343
3074,firefox,0x7563f24e3000,0x87833,00000000f1964fec,34.0,11373207581183.0,135764.097567
3074,firefox,0x7563f24e6000,0x87830,00000000f1964fec,37.0,11373207585215.0,135764.101599
3074,firefox,0x7563f24e9000,0x8782d,00000000f1964fec,40.0,11373207589421.0,135764.105805
3074,firefox,0x7563f24ec000,0x8782a,00000000f1964fec,43.0,11373207593522.0,135764.109906
3074,firefox,0x7563f24fc000,0x8781a,00000000f1964fec,59.0,11373207614607.0,135764.130991
3074,firefox,0x7563f2538000,0x877de,00000000f1964fec,119.0,11373207694416.0,135764.2108
3074,firefox,0x7563f254b000,0x877cb,00000000f1964fec,138.0,11373207718936.0,135764.23532
3074,firefox,0x7563f254e000,0x877c8,00000000f1964fec,141.0,11373207723210.0,135764.239594
3074,firefox,0x7563f2551000,0x877c5,00000000f1964fec,144.0,11373207727405.0,135764.243789
3074,firefox,0x7563f255b000,0x87548,00000000f1964fec,154.0,11373207741549.0,135764.257933
3074,firefox,0x7563f255e000,0x87545,00000000f1964fec,157.0,11373207745985.0,135764.262369
3074,firefox,0x7563f2561000,0x87562,00000000f1964fec,160.0,11373207750404.0,135764.266788
3074,firefox,0x7563f2564000,0x87565,00000000f1964fec,163.0,11373207754519.0,135764.270903
3074,firefox,0x7563f2567000,0x87568,00000000f1964fec,166.0,11373207758865.0,135764.275249
3074,firefox,0x7563f256a000,0x875cf,00000000f1964fec,169.0,11373207763174.0,135764.279558
3074,firefox,0x7563f256b000,0x875ce,00000000f1964fec,170.0,11373207764709.0,135764.281093
3074,firefox,0x7563f256d000,0x875cc,00000000f1964fec,172.0,11373207767828.0,135764.284212
3074,firefox,0x7563f256e000,0x875cb,00000000f1964fec,173.0,11373207769387.0,135764.285771
3074,firefox,0x7563f2571000,0x875c8,00000000f1964fec,176.0,11373207773657.0,135764.290041
3074,firefox,0x7563f2574000,0x875c5,00000000f1964fec,179.0,11373207777953.0,135764.294337
3074,firefox,0x7563f2577000,0x875c2,00000000f1964fec,182.0,11373207783581.0,135764.299965
3074,firefox,0x7563f2578000,0x875c1,00000000f1964fec,183.0,11373207785347.0,135764.301731
3074,firefox,0x7563f257a000,0x875bf,00000000f1964fec,185.0,11373207788528.0,135764.304912
3074,firefox,0x7563f257b000,0x875be,00000000f1964fec,186.0,11373207790297.0,135764.306681
3074,firefox,0x7563f257d000,0x875bc,00000000f1964fec,188.0,11373207794238.0,135764.310622
3074,firefox,0x7563f257e000,0x875bb,00000000f1964fec,189.0,11373207797072.0,135764.313456
3074,firefox,0x75640ae06000,0x8774d,000000001ff33c63,0.0,11373687938562.0,136244.454946
3074,firefox,0x75640ae07000,0x8774e,000000001ff33c63,1.0,11373687942635.0,136244.459019
3074,firefox,0x75640ae08000,0x8774f,000000001ff33c63,2.0,11373687947121.0,136244.463505
3074,firefox,0x75640ae09000,0x87750,000000001ff33c63,3.0,11373687949161.0,136244.465545
3181,Renderer,0x75640ae0a000,0x87753,000000001ff33c63,4.0,11373821489410.0,136378.005794
3074,firefox,0x75640116b000,0x7f5c7,0000000027402e8a,2.0,11375525071360.0,138081.587744
3074,firefox,0x75640116c000,0x7f5c6,0000000027402e8a,3.0,11375525073982.0,138081.590366
3181,Renderer,0x756401168000,0x7f5c4,0000000027402e8a,4.0,11375541272665.0,138097.789049
3181,Renderer,0x756401169000,0x7f5c4,0000000027402e8a,4.0,11375541277372.0,138097.793756
3181,Renderer,0x75640116d000,0x7f5c4,0000000027402e8a,4.0,11375541282609.0,138097.798993
3181,Renderer,0x75640116e000,0x7f2a5,0000000027402e8a,5.0,11375541284003.0,138097.800387
3181,Renderer,0x75640116f000,0x7f2a4,0000000027402e8a,6.0,11375541285522.0,138097.801906
3074,firefox,0x75640103d000,0x80c9f,00000000ee277389,7.0,11376060373446.0,138616.88983
3074,firefox,0x75640103d000,0x80ca9,000000005cca2aad,7.0,11376063776877.0,138620.293261
3074,firefox,0x7563ff251000,0x88dec,00000000bca0b45c,7.0,11377427658747.0,139984.175131
3074,firefox,0x7563ff251000,0x88e0c,00000000f7f616f5,7.0,11377433575507.0,139990.091891
3074,firefox,0x7563ff243000,0x8a6bf,000000002621af8f,7.0,11379186102658.0,141742.619042
3074,firefox,0x7563ff243000,0x8a8fa,00000000f2cf7b35,7.0,11379273231358.0,141829.747742
3074,firefox,0x7563ff243000,0x8a907,000000003830bb59,7.0,11379274749440.0,141831.265824
3074,firefox,0x7563ff243000,0x8aa0a,000000007b5130d1,7.0,11379291048099.0,141847.564483
3074,firefox,0x7563ff243000,0x8aa59,00000000e36e90cd,7.0,11379299232676.0,141855.74906
3074,firefox,0x7563ff243000,0x8aa64,000000006b922fb3,7.0,11379301153715.0,141857.670099
3074,firefox,0x7563ff243000,0x8aa6e,000000002dea6e1c,7.0,11379303349331.0,141859.865715
3074,firefox,0x7563f204a000,0x8b648,0000000029857593,158.0,11379484258884.0,142040.775268
3074,firefox,0x7563ff243000,0x8b6dd,000000005dda5377,7.0,11379493823348.0,142050.339732
3074,firefox,0x7563ff243000,0x8ba3c,00000000fc20bfb8,7.0,11379588750209.0,142145.266593
3074,firefox,0x7563ff243000,0x8ba1c,00000000b83aed62,7.0,11379589104465.0,142145.620849
3074,firefox,0x7563ff243000,0x8c2a3,000000002bb85afa,7.0,11379654797802.0,142211.314186
3074,firefox,0x7563ff243000,0x8c2ab,00000000469188e1,7.0,11379655419405.0,142211.935789
3074,firefox,0x7563ff243000,0x8c86a,00000000e07b4c43,7.0,11379712863095.0,142269.379479
3074,firefox,0x7563ff243000,0x8c878,000000005604ad8f,7.0,11379714358195.0,142270.874579
1397,upowerd,0x713271a48000,0x844d2,000000001de1f2ba,48.0,11502145447844.0,487933.0
2959,gnome-terminal-,0x732e13500000,0x8a0e2,00000000defd2c8d,10.0,11502560578033.0,290650.0
3074,firefox,0x75641a07e000,0x434f1,00000000953423f4,7.0,11504361165143.0,49983.0
3074,firefox,0x75641a07c000,0x434f1,00000000953423f4,7.0,11504367713831.0,54440.0
3074,firefox,0x75641a090000,0x145f9,00000000953423f4,33.0,11504378818322.0,48248.0
3074,firefox,0x75641a07d000,0x434f1,00000000953423f4,7.0,11504378827036.0,56962.0
3074,firefox,0x75641a08d000,0x434f1,00000000953423f4,7.0,11504382854758.0,38162.0
3074,firefox,0x75641a0a3000,0x344d7,00000000953423f4,43.0,11504390219881.0,43212.0
3074,firefox,0x75641a0a8000,0x344d7,00000000953423f4,43.0,11504391887652.0,41084.0
3074,firefox,0x75641a0a4000,0x124220,00000000953423f4,45.0,11504391894681.0,48113.0
3074,firefox,0x75641a092000,0x145f9,00000000953423f4,33.0,11504391897539.0,50971.0
3074,firefox,0x75641a094000,0x145f9,00000000953423f4,33.0,11504392964602.0,39637.0
3074,firefox,0x75641a08b000,0x2cf49,00000000953423f4,18.0,11504398999484.0,213807.0
3029,update-notifier,0x6294f3e19000,0x124f66,000000003454c90c,15.0,11504399176534.0,53483.0
3676,Isolated Web Co,0x73890031d000,0x55faa,0000000007643c4d,16.0,11511504980900.0,309323.0
3676,Isolated Web Co,0x73890031e000,0x10f55e,0000000007643c4d,17.0,11513395909601.0,55319.0
3676,Isolated Web Co,0x738900324000,0x55fa1,0000000007643c4d,25.0,11513402391737.0,49114.0
3676,Isolated Web Co,0x738900348000,0x434f1,00000000953423f4,7.0,11518263870397.0,11147.0
3676,Isolated Web Co,0x73890035e000,0x10b71d,00000000953423f4,25.0,11518263880408.0,21158.0
3676,Isolated Web Co,0x738900347000,0x434f1,00000000953423f4,7.0,11518263883255.0,24005.0
3676,Isolated Web Co,0x73890037d000,0x124220,00000000953423f4,45.0,11518264307902.0,448652.0
3676,Isolated Web Co,0x73890036a000,0x344d7,00000000953423f4,43.0,11518264334016.0,474766.0
3676,Isolated Web Co,0x738900357000,0x123322,00000000953423f4,27.0,11518264337999.0,478749.0
1752,pipewire-pulse,0x7029fd576000,0x50c14,00000000a5d77351,0.0,11522335393491.0,30226.0
1752,pipewire-pulse,0x7029fd577000,0x51cd8,00000000a5d77351,1.0,11522335405686.0,42421.0
1752,pipewire-pulse,0x7029fd578000,0x50c04,00000000a5d77351,2.0,11522335407779.0,44514.0
1752,pipewire-pulse,0x7029fd579000,0x50c16,00000000a5d77351,3.0,11522335409579.0,46314.0
1752,pipewire-pulse,0x7029fd57a000,0x13663,00000000a5d77351,4.0,11522335411053.0,47788.0
1752,pipewire-pulse,0x7029fd57b000,0x50c21,00000000a5d77351,5.0,11522335412091.0,48826.0
1752,pipewire-pulse,0x7029fd57c000,0x1365e,00000000a5d77351,6.0,11522335413118.0,49853.0
1752,pipewire-pulse,0x7029fd57d000,0x443f8,00000000a5d77351,7.0,11522335414105.0,50840.0
1752,pipewire-pulse,0x7029fab81000,0x26625,000000006e2319a7,0.0,11522335438091.0,74826.0
1752,pipewire-pulse,0x7029fab82000,0x1799b,000000006e2319a7,1.0,11522335439066.0,75801.0
1752,pipewire-pulse,0x7029fab83000,0x50ee6,000000006e2319a7,2.0,11522335440080.0,76815.0
1752,pipewire-pulse,0x7029fab84000,0x50f06,000000006e2319a7,3.0,11522335441044.0,77779.0
1752,pipewire-pulse,0x7029fab85000,0xf44f,000000006e2319a7,4.0,11522335441886.0,78621.0
1752,pipewire-pulse,0x7029fab86000,0x51cb1,000000006e2319a7,5.0,11522335442969.0,79704.0
1752,pipewire-pulse,0x7029fab87000,0x5280e,000000006e2319a7,6.0,11522335443982.0,80717.0
1752,pipewire-pulse,0x7029fab88000,0x52aee,000000006e2319a7,7.0,11522335444983.0,81718.0
1752,pipewire-pulse,0x7029fab76000,0x20599,00000000b87a6c4b,0.0,11522567474293.0,347207.0
1752,pipewire-pulse,0x7029fab77000,0x2059a,00000000b87a6c4b,1.0,11522567477550.0,350464.0
1752,pipewire-pulse,0x7029fab78000,0x2059b,00000000b87a6c4b,2.0,11522567478429.0,351343.0
1752,pipewire-pulse,0x7029fab79000,0x2059c,00000000b87a6c4b,3.0,11522567479345.0,352259.0
1752,pipewire-pulse,0x7029fab7a000,0x2059d,00000000b87a6c4b,4.0,11522567480202.0,353116.0
1752,pipewire-pulse,0x7029fab7b000,0x2059e,00000000b87a6c4b,5.0,11522567481115.0,354029.0
1752,pipewire-pulse,0x7029fab7c000,0x2059f,00000000b87a6c4b,6.0,11522567482027.0,354941.0
1752,pipewire-pulse,0x7029fab7d000,0x205c0,00000000b87a6c4b,7.0,11522567482974.0,355888.0
1752,pipewire-pulse,0x7029fab6d000,0x205c2,000000006469cb82,0.0,11522567494346.0,367260.0
1752,pipewire-pulse,0x7029fab6e000,0x205c3,000000006469cb82,1.0,11522567495244.0,368158.0
1752,pipewire-pulse,0x7029fab6f000,0x205c4,000000006469cb82,2.0,11522567496118.0,369032.0
1752,pipewire-pulse,0x7029fab71000,0x205c6,000000006469cb82,4.0,11522567497895.0,370809.0
1752,pipewire-pulse,0x7029fab72000,0x205c7,000000006469cb82,5.0,11522567498934.0,371848.0
1752,pipewire-pulse,0x7029fab73000,0x205c8,000000006469cb82,6.0,11522567499723.0,372637.0
1752,pipewire-pulse,0x7029fab74000,0x205c9,000000006469cb82,7.0,11522567500504.0,373418.0
3222,Privileged Cont,0x73890033a000,0x20450,0000000007643c4d,49.0,11522710226890.0,31336.0
3222,Privileged Cont,0x738900316000,0x18eff,0000000007643c4d,18.0,11522826381436.0,47429.0
3222,Privileged Cont,0x738900318000,0x18eff,0000000007643c4d,18.0,11523053948760.0,43265.0
1752,pipewire-pulse,0x7029fd576000,0xa519a,0000000046782ff9,0.0,11523789217351.0,588767.0
1752,pipewire-pulse,0x7029fd577000,0xa4c86,0000000046782ff9,1.0,11523789227340.0,598756.0
1752,pipewire-pulse,0x7029fd578000,0xa456f,0000000046782ff9,2.0,11523789229620.0,601036.0
1752,pipewire-pulse,0x7029fd579000,0xa3637,0000000046782ff9,3.0,11523789231508.0,602924.0
1752,pipewire-pulse,0x7029fd57a000,0xa4090,0000000046782ff9,4.0,11523789233168.0,604584.0
1752,pipewire-pulse,0x7029fd57b000,0xa5017,0000000046782ff9,5.0,11523789234895.0,606311.0
1752,pipewire-pulse,0x7029fd57c000,0xa3639,0000000046782ff9,6.0,11523789236495.0,607911.0
1752,pipewire-pulse,0x7029fd57d000,0xa4e8f,0000000046782ff9,7.0,11523789238037.0,609453.0
1752,pipewire-pulse,0x7029fab81000,0xa458f,000000003f0f8de0,0.0,11523789264281.0,635697.0
1752,pipewire-pulse,0x7029fab82000,0xa511a,000000003f0f8de0,1.0,11523789266049.0,637465.0
1752,pipewire-pulse,0x7029fab83000,0xa363a,000000003f0f8de0,2.0,11523789267828.0,639244.0
1752,pipewire-pulse,0x7029fab84000,0xa3397,000000003f0f8de0,3.0,11523789268926.0,640342.0
1752,pipewire-pulse,0x7029fab85000,0xa3c17,000000003f0f8de0,4.0,11523789270150.0,641566.0
1752,pipewire-pulse,0x7029fab86000,0x108af,000000003f0f8de0,5.0,11523789271469.0,642885.0
1752,pipewire-pulse,0x7029fab87000,0xc367,000000003f0f8de0,6.0,11523789272538.0,643954.0
1752,pipewire-pulse,0x7029fab88000,0xa3f01,000000003f0f8de0,7.0,11523789273613.0,645029.0
1752,pipewire-pulse,0x7029fd576000,0x41e7c,0000000016211d1c,0.0,11525266964194.0,1784083.0
1752,pipewire-pulse,0x7029fd577000,0x41e7e,0000000016211d1c,1.0,11525266967448.0,1787337.0
1752,pipewire-pulse,0x7029fd578000,0x41e8f,0000000016211d1c,2.0,11525266968394.0,1788283.0
1752,pipewire-pulse,0x7029fd579000,0x41e8b,0000000016211d1c,3.0,11525266969250.0,1789139.0
1752,pipewire-pulse,0x7029fd57a000,0x421b6,0000000016211d1c,4.0,11525266970068.0,1789957.0
1752,pipewire-pulse,0x7029fd57b000,0x4220a,0000000016211d1c,5.0,11525266970961.0,1790850.0
1752,pipewire-pulse,0x7029fd57c000,0x41e88,0000000016211d1c,6.0,11525266971867.0,1791756.0
1752,pipewire-pulse,0x7029fd57d000,0x41e84,0000000016211d1c,7.0,11525266972719.0,1792608.0
1752,pipewire-pulse,0x7029fab81000,0x2d271,000000006e2319a7,0.0,11525266990894.0,1810783.0
1752,pipewire-pulse,0x7029fab82000,0x179c9,000000006e2319a7,1.0,11525266991930.0,1811819.0
1752,pipewire-pulse,0x7029fab83000,0x13c22,000000006e2319a7,2.0,11525266992734.0,1812623.0
1752,pipewire-pulse,0x7029fab84000,0x17669,000000006e2319a7,3.0,11525266993640.0,1813529.0
1752,pipewire-pulse,0x7029fab85000,0x2825b,000000006e2319a7,4.0,11525266994563.0,1814452.0
1752,pipewire-pulse,0x7029fab86000,0x14c9a,000000006e2319a7,5.0,11525266995411.0,1815300.0
1752,pipewire-pulse,0x7029fab87000,0xa3638,000000006e2319a7,6.0,11525266996362.0,1816251.0
1752,pipewire-pulse,0x7029fab88000,0x420a3,000000006e2319a7,7.0,11525266997299.0,1817188.0
615,avahi-daemon,0x7a2b5d1d0000,0x2db3b,000000001a3dc7ee,51.0,11527609738764.0,11684.0
2271,gsd-housekeepin,0x55585acb5000,0xb4b21,00000000f275917a,9.0,11537569806411.0,527043.0
617,dbus-daemon,0x74be2cc68000,0x109c8b,0000000053c4cc5f,17.0,11550981313115.0,357422.0
3676,Isolated Web Co,0x738900339000,0x20450,0000000007643c4d,49.0,11556142310900.0,75476.0
3676,Isolated Web Co,0x738900315000,0x18eff,0000000007643c4d,18.0,11556142321228.0,85804.0
3676,Isolated Web Co,0x738900317000,0x18eff,0000000007643c4d,18.0,11556163401845.0,8762.0
3676,Isolated Web Co,0x73890033f000,0x20450,0000000007643c4d,49.0,11556163416110.0,5877.0
3676,Isolated Web Co,0x738900325000,0x1e25,0000000007643c4d,24.0,11556174254462.0,9603.0
3676,Isolated Web Co,0x73890031b000,0x18eff,0000000007643c4d,18.0,11556177248809.0,43220.0
3222,Privileged Cont,0x75621a01e000,0x5ac52,000000000ce5619a,29.0,11556859304434.0,71737.0
1752,pipewire-pulse,0x7029fd576000,0x33426,00000000552465ee,0.0,11557071654310.0,215017.0
1752,pipewire-pulse,0x7029fd577000,0x33427,00000000552465ee,1.0,11557071663280.0,223987.0
1752,pipewire-pulse,0x7029fd578000,0x334b0,00000000552465ee,2.0,11557071665414.0,226121.0
1752,pipewire-pulse,0x7029fd579000,0x334b1,00000000552465ee,3.0,11557071667111.0,227818.0
1752,pipewire-pulse,0x7029fd57a000,0x334b2,00000000552465ee,4.0,11557071668047.0,228754.0
1752,pipewire-pulse,0x7029fd57b000,0x334b3,00000000552465ee,5.0,11557071668963.0,229670.0
1752,pipewire-pulse,0x7029fd57c000,0x334b4,00000000552465ee,6.0,11557071669910.0,230617.0
1752,pipewire-pulse,0x7029fd57d000,0x334b5,00000000552465ee,7.0,11557071670918.0,231625.0
1752,pipewire-pulse,0x7029fab81000,0xbb173,00000000737e2775,0.0,11557072081102.0,74354.0
1752,pipewire-pulse,0x7029fab82000,0xbb174,00000000737e2775,1.0,11557072083530.0,76782.0
1752,pipewire-pulse,0x7029fab83000,0xbb175,00000000737e2775,2.0,11557072084690.0,77942.0
1752,pipewire-pulse,0x7029fab84000,0xbb176,00000000737e2775,3.0,11557072085879.0,79131.0
1752,pipewire-pulse,0x7029fab85000,0xbb177,00000000737e2775,4.0,11557072086971.0,80223.0
1752,pipewire-pulse,0x7029fab86000,0x3a178,00000000737e2775,5.0,11557072087935.0,81187.0
1752,pipewire-pulse,0x7029fab87000,0x3a179,00000000737e2775,6.0,11557072088934.0,82186.0
1752,pipewire-pulse,0x7029fab88000,0x3a17a,00000000737e2775,7.0,11557072089913.0,83165.0
3222,Privileged Cont,0x75621a01f000,0x899d8,000000000ce5619a,30.0,11557209640767.0,149425.0
3222,Privileged Cont,0x75621a020000,0xbdce,000000000ce5619a,44.0,11557249572129.0,246016.0
3222,Privileged Cont,0x75621a029000,0xbdce,000000000ce5619a,44.0,11557265013498.0,47131.0
3222,Privileged Cont,0x75621a047000,0x59f7c,000000000ce5619a,69.0,11557265985603.0,780817.0
3222,Privileged Cont,0x75621a049000,0xcaef,000000000ce5619a,71.0,11557266736028.0,48745.0
3222,Privileged Cont,0x75621a04a000,0xca77,000000000ce5619a,73.0,11557266740289.0,53006.0
3222,Privileged Cont,0x75621a04c000,0xca60,000000000ce5619a,74.0,11557267494292.0,482642.0
3222,Privileged Cont,0x75621a04e000,0xc52a,000000000ce5619a,76.0,11557267497275.0,485625.0
3222,Privileged Cont,0x75621a037000,0x91f2f,000000000ce5619a,50.0,11557268313392.0,47589.0
3222,Privileged Cont,0x75621a013000,0x84fb5,000000000ce5619a,31.0,11557362935323.0,48978.0
3222,Privileged Cont,0x75621a014000,0x84fb5,000000000ce5619a,31.0,11557363913943.0,48593.0
3222,Privileged Cont,0x75621a015000,0x84fb5,000000000ce5619a,31.0,11557363919487.0,54137.0
3222,Privileged Cont,0x75621a00d000,0x77f9c,000000000ce5619a,12.0,11557395286371.0,8388.0
3222,Privileged Cont,0x75621a011000,0x84fb5,000000000ce5619a,31.0,11557395288861.0,10878.0
3222,Privileged Cont,0x75621a012000,0x84fb5,000000000ce5619a,31.0,11557395290213.0,12230.0
3222,Privileged Cont,0x75621a016000,0x84fb5,000000000ce5619a,31.0,11557395292212.0,14229.0
3222,Privileged Cont,0x75621a019000,0x84fb5,000000000ce5619a,31.0,11557428174965.0,50376.0
3222,Privileged Cont,0x75621a01a000,0x84fb5,000000000ce5619a,31.0,11557428184116.0,59527.0
3222,Privileged Cont,0x75621a01c000,0x84fb5,000000000ce5619a,31.0,11557428185829.0,61240.0
3222,Privileged Cont,0x75621a02d000,0xbdce,000000000ce5619a,44.0,11557498502478.0,7280.0
3222,Privileged Cont,0x75621a02e000,0xbdcf,000000000ce5619a,45.0,11557498504677.0,9479.0
3222,Privileged Cont,0x75621a00b000,0x77f9d,000000000ce5619a,13.0,11557596137425.0,44826.0
3222,Privileged Cont,0x75621a031000,0x2ba49,000000000ce5619a,55.0,11557612070216.0,450480.0
3222,Privileged Cont,0x75621a03f000,0x2ba49,000000000ce5619a,55.0,11557612198570.0,4617.0
3222,Privileged Cont,0x75621a04b000,0xc588,000000000ce5619a,78.0,11557703442419.0,9960.0
3222,Privileged Cont,0x7388ff8d5000,0x2a3ec,000000003173245c,69.0,11557794065921.0,7064.0
3222,Privileged Cont,0x73890031f000,0x18eff,0000000007643c4d,18.0,11558529626599.0,10037.0
3222,Privileged Cont,0x73890032c000,0xcd2f4,0000000007643c4d,25.0,11558588543131.0,222948.0
3074,firefox,0x75641e831000,0x40e59,000000008bbe964b,10.0,11559134387541.0,106157.0
3074,firefox,0x75641cebf000,0x20450,0000000007643c4d,49.0,11559803573728.0,110310.0
3074,firefox,0x75641ce9a000,0x18eff,0000000007643c4d,18.0,11559803580114.0,3735.0
3074,firefox,0x75641ceaa000,0x62aab,0000000007643c4d,32.0,11559803583976.0,7597.0
3222,Privileged Cont,0x7388ff395000,0x126020,0000000010b67507,0.0,11559806885490.0,50337.0
3222,Privileged Cont,0x7388ff396000,0x12c238,0000000010b67507,1.0,11559806904552.0,69399.0
3676,Isolated Web Co,0x73890032b000,0x62aab,0000000007643c4d,32.0,11560454879374.0,69541.0
3676,Isolated Web Co,0x73890032a000,0x62aab,0000000007643c4d,32.0,11561659737505.0,3261328.0
3676,Isolated Web Co,0x738900341000,0x2042f,0000000007643c4d,52.0,11561682675341.0,47644.0
4260,systemd-timedat,0x75df849de000,0x62e4c,000000006ccb5761,6.0,11581083764881.0,519883.0
2959,gnome-terminal-,0x732e12322000,0x99d85,0000000018fecb48,7.0,11591572311397.0,44718.0
2271,gsd-housekeepin,0x55585acb5000,0xd9f1,00000000f275917a,9.0,11597455280188.0,574092.0
3074,firefox,0x75641cea7000,0x62aab,0000000007643c4d,32.0,11598335684111.0,602403.0
3074,firefox,0x75641a086000,0x8242d,00000000953423f4,20.0,11598550717292.0,8017901.0
3074,firefox,0x75641a091000,0xb1657,00000000953423f4,33.0,11598554009727.0,1347979.0
3074,firefox,0x75641a088000,0x8242d,00000000953423f4,20.0,11598572669516.0,18517541.0
3074,firefox,0x75641a09f000,0xb1657,00000000953423f4,33.0,11598603523475.0,10523329.0
3074,firefox,0x75641a0b0000,0x987e2,00000000953423f4,58.0,11598611231288.0,94778.0
3074,firefox,0x75641a097000,0x4d07,00000000953423f4,36.0,11598623594693.0,11667391.0
3074,firefox,0x75641a0b3000,0x987e2,00000000953423f4,58.0,11598627253852.0,1105487.0
3074,firefox,0x75641a09b000,0x4d07,00000000953423f4,36.0,11598627827264.0,1678899.0
3074,firefox,0x75641a0b2000,0x987e2,00000000953423f4,58.0,11598645569394.0,11189577.0
3074,firefox,0x75641a0bc000,0x987e2,00000000953423f4,58.0,11599708956501.0,156224.0
4284,MainThread,0x73890035d000,0x8bb9e,00000000953423f4,28.0,11600135522762.0,534539.0
4287,MainThread,0x73890035d000,0x8bb9e,00000000953423f4,28.0,11600144676166.0,10880.0
4287,MainThread,0x73890037f000,0x987e2,00000000953423f4,58.0,11600144688662.0,23376.0
4284,MainThread,0x73890037f000,0x987e2,00000000953423f4,58.0,11600145694264.0,1028978.0
4284,MainThread,0x73890037c000,0x20b1e,00000000953423f4,60.0,11600145703561.0,1038275.0
4283,MainThread,0x73890035d000,0x8bb9e,00000000953423f4,28.0,11600155617996.0,9533624.0
4283,MainThread,0x738900376000,0x20b1e,00000000953423f4,60.0,11600155630967.0,9546595.0
4287,MainThread,0x73890037c000,0x20b1e,00000000953423f4,60.0,11600156687182.0,10602810.0
4287,MainThread,0x738900379000,0x20b1e,00000000953423f4,60.0,11600156698924.0,10614552.0
4284,MainThread,0x738900376000,0x20b1e,00000000953423f4,60.0,11600156748881.0,10664509.0
4283,MainThread,0x738900379000,0x20b1e,00000000953423f4,60.0,11600157373334.0,463060.0
4283,MainThread,0x738900352000,0x8bb9e,00000000953423f4,28.0,11600157379461.0,469187.0
4283,MainThread,0x73890036f000,0x75b3c,00000000953423f4,43.0,11600157382773.0,472499.0
4283,MainThread,0x73890037e000,0x20b1e,00000000953423f4,60.0,11600157399344.0,489070.0
4287,MainThread,0x738900352000,0x8bb9e,00000000953423f4,28.0,11600197552582.0,10571203.0
4287,MainThread,0x738900371000,0x20b1e,00000000953423f4,60.0,11600197761350.0,10779971.0
4287,MainThread,0x738900377000,0x20b1e,00000000953423f4,60.0,11600197766680.0,10785301.0
4284,MainThread,0x738900352000,0x8bb9e,00000000953423f4,28.0,11600197819122.0,10837743.0
4283,MainThread,0x738900371000,0x20b1e,00000000953423f4,60.0,11600197840400.0,10859021.0
4287,MainThread,0x738900362000,0x75b23,00000000953423f4,44.0,11600208795188.0,146517.0
4284,MainThread,0x738900362000,0x75b23,00000000953423f4,44.0,11600217716536.0,9067865.0
4284,MainThread,0x738900380000,0x885b5,00000000953423f4,65.0,11600217730138.0,9081467.0
4284,MainThread,0x738900385000,0x885b5,00000000953423f4,65.0,11600217735495.0,9086824.0
4284,MainThread,0x738900372000,0x20b1e,00000000953423f4,60.0,11600217741720.0,9093049.0
4287,MainThread,0x738900380000,0x885b5,00000000953423f4,65.0,11600217953458.0,10764.0
4283,MainThread,0x738900362000,0x75b23,00000000953423f4,44.0,11600219127004.0,108852.0
4283,MainThread,0x738900368000,0x75b23,00000000953423f4,44.0,11600219663738.0,645586.0
4284,MainThread,0x738900368000,0x75b23,00000000953423f4,44.0,11600219790891.0,772739.0
4287,MainThread,0x738900368000,0x75b23,00000000953423f4,44.0,11600219825501.0,807349.0
4283,MainThread,0x738900375000,0x20b1e,00000000953423f4,60.0,11600227792049.0,30859.0
4283,MainThread,0x738900366000,0x75b23,00000000953423f4,44.0,11600227798628.0,37438.0
4283,MainThread,0x73890036d000,0x75b23,00000000953423f4,44.0,11600227800284.0,39094.0
4283,MainThread,0x738900373000,0x20b1e,00000000953423f4,60.0,11600227806480.0,45290.0
4283,MainThread,0x738900381000,0x23197,00000000953423f4,66.0,11600227812866.0,51676.0
4283,MainThread,0x738900382000,0x23197,00000000953423f4,66.0,11600227814775.0,53585.0
4283,MainThread,0x738900383000,0x23197,00000000953423f4,66.0,11600227818371.0,57181.0
4283,MainThread,0x738900361000,0x75b23,00000000953423f4,44.0,11600227822716.0,61526.0
4283,MainThread,0x738900365000,0x75b23,00000000953423f4,44.0,11600227826903.0,65713.0
4283,MainThread,0x73890035b000,0x8bb9e,00000000953423f4,28.0,11600227837697.0,76507.0
4283,MainThread,0x738900360000,0x75b23,00000000953423f4,44.0,11600227839228.0,78038.0
4287,MainThread,0x738900375000,0x20b1e,00000000953423f4,60.0,11600228729840.0,599171.0
4287,MainThread,0x738900356000,0x8bb9e,00000000953423f4,28.0,11600228768060.0,637391.0
4287,MainThread,0x738900369000,0x75b23,00000000953423f4,44.0,11600228786113.0,655444.0
4287,MainThread,0x738900374000,0x20b1e,00000000953423f4,60.0,11600228790624.0,659955.0
4287,MainThread,0x738900354000,0x8bb9e,00000000953423f4,28.0,11600228803767.0,673098.0
4287,MainThread,0x738900351000,0x8bb9e,00000000953423f4,28.0,11600228810927.0,680258.0
4283,MainThread,0x738900356000,0x8bb9e,00000000953423f4,28.0,11600229016956.0,886287.0
4284,MainThread,0x738900375000,0x20b1e,00000000953423f4,60.0,11600229150708.0,1020039.0
4287,MainThread,0x738900349000,0x12b685,00000000953423f4,15.0,11600249607711.0,10085159.0
4287,MainThread,0x73890034c000,0x12b685,00000000953423f4,15.0,11600249653256.0,10130704.0
4287,MainThread,0x73890034b000,0x12b685,00000000953423f4,15.0,11600249654878.0,10132326.0
4287,MainThread,0x73890034d000,0x12b685,00000000953423f4,15.0,11600249757141.0,10234589.0
4287,MainThread,0x73890034f000,0x12b685,00000000953423f4,15.0,11600249829392.0,10306840.0
617,dbus-daemon,0x74be2cc68000,0xd5642,0000000053c4cc5f,17.0,11601827276637.0,1059578.0
4283,MainThread,0x73890030c000,0xd2ca3,0000000007643c4d,15.0,11602453513394.0,1149045.0
4283,MainThread,0x73890030d000,0xd2ca3,0000000007643c4d,15.0,11602453519874.0,1155525.0
4283,MainThread,0x73890030e000,0xd2ca3,0000000007643c4d,15.0,11602453522432.0,1158083.0
4287,MainThread,0x73890030f000,0xd2ca3,0000000007643c4d,15.0,11602453983550.0,1619201.0
4287,MainThread,0x738900310000,0xa9181,0000000007643c4d,19.0,11602453987084.0,1622735.0
4287,MainThread,0x738900311000,0xa9181,0000000007643c4d,19.0,11602453989343.0,1624994.0
4287,MainThread,0x738900312000,0xa9181,0000000007643c4d,19.0,11602453991597.0,1627248.0
4284,MainThread,0x73890030c000,0xd2ca3,0000000007643c4d,15.0,11602454218351.0,1854002.0
4283,MainThread,0x73890030f000,0xd2ca3,0000000007643c4d,15.0,11602454234016.0,1869667.0
4287,MainThread,0x738900313000,0xa9181,0000000007643c4d,19.0,11602482882824.0,9896361.0
4287,MainThread,0x738900314000,0xa9181,0000000007643c4d,19.0,11602482903647.0,9917184.0
4283,MainThread,0x738900313000,0xa9181,0000000007643c4d,19.0,11602504302665.0,11491262.0
4283,MainThread,0x73890031a000,0xa9181,0000000007643c4d,19.0,11602504328069.0,11516666.0
4287,MainThread,0x73890031a000,0xa9181,0000000007643c4d,19.0,11602504725230.0,11913827.0
4287,MainThread,0x738900320000,0x62aab,0000000007643c4d,32.0,11602504925013.0,12113610.0
4287,MainThread,0x738900321000,0x62aab,0000000007643c4d,32.0,11602504929790.0,12118387.0
4284,MainThread,0x738900313000,0xa9181,0000000007643c4d,19.0,11602505544887.0,81439.0
4284,MainThread,0x738900322000,0x62aab,0000000007643c4d,32.0,11602505574043.0,110595.0
4284,MainThread,0x738900323000,0x62aab,0000000007643c4d,32.0,11602505577518.0,114070.0
4284,MainThread,0x738900327000,0x62aab,0000000007643c4d,32.0,11602505584416.0,120968.0
4284,MainThread,0x738900328000,0x62aab,0000000007643c4d,32.0,11602505586904.0,123456.0
4284,MainThread,0x73890032d000,0x62aab,0000000007643c4d,32.0,11602505594235.0,130787.0
4284,MainThread,0x73890032e000,0x62aaa,0000000007643c4d,33.0,11602505596677.0,133229.0
4284,MainThread,0x73890032f000,0x62b0b,0000000007643c4d,34.0,11602505599152.0,135704.0
4284,MainThread,0x738900330000,0x9b2ca,0000000007643c4d,51.0,11602505601830.0,138382.0
4283,MainThread,0x738900320000,0x62aab,0000000007643c4d,32.0,11602508134571.0,138393.0
4283,MainThread,0x738900331000,0x9b2ca,0000000007643c4d,51.0,11602508163245.0,167067.0
4283,MainThread,0x738900332000,0x9b2ca,0000000007643c4d,51.0,11602508165644.0,169466.0
4283,MainThread,0x738900333000,0x9b2ca,0000000007643c4d,51.0,11602508167931.0,171753.0
4283,MainThread,0x738900334000,0x9b2ca,0000000007643c4d,51.0,11602508170255.0,174077.0
4283,MainThread,0x738900335000,0x9b2ca,0000000007643c4d,51.0,11602508172459.0,176281.0
4283,MainThread,0x738900336000,0x9b2ca,0000000007643c4d,51.0,11602508174707.0,178529.0
4283,MainThread,0x738900337000,0x9b2ca,0000000007643c4d,51.0,11602508177017.0,180839.0
4283,MainThread,0x738900338000,0x9b2ca,0000000007643c4d,51.0,11602508179286.0,183108.0
4287,MainThread,0x738900322000,0x62aab,0000000007643c4d,32.0,11602508230228.0,234050.0
4284,MainThread,0x738900331000,0x9b2ca,0000000007643c4d,51.0,11602515991991.0,7995813.0
4284,MainThread,0x73890033b000,0x9b2ca,0000000007643c4d,51.0,11602516016338.0,8020160.0
4284,MainThread,0x73890033c000,0x9b2ca,0000000007643c4d,51.0,11602516021229.0,8025051.0
4284,MainThread,0x738900342000,0x8c935,0000000007643c4d,53.0,11602516030615.0,8034437.0
4283,MainThread,0x73890033b000,0x9b2ca,0000000007643c4d,51.0,11602524587080.0,16590902.0
4287,MainThread,0x73890033b000,0x9b2ca,0000000007643c4d,51.0,11602525743565.0,601576.0
4284,MainThread,0x7388ff892000,0x67890,000000003173245c,1.0,11606828646170.0,4600286.0
4284,MainThread,0x7388ff891000,0x69f35,000000003173245c,3.0,11606828652622.0,4606738.0
4284,MainThread,0x7388ff8b6000,0x88ebc,000000003173245c,38.0,11606828690204.0,4644320.0
4287,MainThread,0x7388ff13c000,0x55d2a,00000000b2755ae4,0.0,11608835643111.0,43687.0
4284,MainThread,0x7388ff13c000,0x55d2a,00000000b2755ae4,0.0,11608835920544.0,12764.0
4287,MainThread,0x7388ff163000,0x70975,00000000b2755ae4,38.0,11608844911049.0,914392.0
4287,MainThread,0x7388ff168000,0x1180a9,00000000b2755ae4,41.0,11608846577013.0,927679.0
4284,MainThread,0x7388ff163000,0x70975,00000000b2755ae4,38.0,11608856965076.0,11315742.0
4283,MainThread,0x7388ff163000,0x70975,00000000b2755ae4,38.0,11608857414171.0,11764837.0
4284,MainThread,0x7388ff1e0000,0x11237b,00000000b2755ae4,173.0,11608877606281.0,31956947.0
4283,MainThread,0x7388ff1e0000,0x11237b,00000000b2755ae4,173.0,11608910518308.0,64868974.0
4283,MainThread,0x7388ff164000,0x1228ce,00000000b2755ae4,46.0,11608910623977.0,64974643.0
4284,MainThread,0x7388ff164000,0x1228ce,00000000b2755ae4,46.0,11608911952945.0,66303611.0
4284,MainThread,0x7388ff167000,0x1228ce,00000000b2755ae4,46.0,11608912157134.0,66507800.0
4283,MainThread,0x7388ff162000,0x1228ce,00000000b2755ae4,46.0,11608912969836.0,269115.0
4283,MainThread,0x7388ff166000,0x1228ce,00000000b2755ae4,46.0,11608913098619.0,397898.0
4283,MainThread,0x7388ff161000,0x1228ce,00000000b2755ae4,46.0,11608913166901.0,466180.0
4283,MainThread,0x7388ff1e8000,0x11237b,00000000b2755ae4,173.0,11608913231194.0,530473.0
4287,MainThread,0x7388ff1e0000,0x11237b,00000000b2755ae4,173.0,11608918132384.0,5431663.0
4287,MainThread,0x7388ff1e9000,0x118388,00000000b2755ae4,174.0,11608918572944.0,5872223.0
4287,MainThread,0x7388ff1ea000,0xa0380,00000000b2755ae4,175.0,11608918576741.0,5876020.0
4287,MainThread,0x7388ff1eb000,0xa0357,00000000b2755ae4,176.0,11608918579572.0,5878851.0
4287,MainThread,0x7388ff1ec000,0xa0360,00000000b2755ae4,177.0,11608918581244.0,5880523.0
4284,MainThread,0x7388ff162000,0x1228ce,00000000b2755ae4,46.0,11608919699332.0,6998611.0
4284,MainThread,0x7388ff1ed000,0xd150f,00000000b2755ae4,178.0,11608919995522.0,7294801.0
4284,MainThread,0x7388ff1ee000,0x6e8dc,00000000b2755ae4,179.0,11608919999103.0,7298382.0
4284,MainThread,0x7388ff1ef000,0x6e8dd,00000000b2755ae4,180.0,11608920001371.0,7300650.0
4284,MainThread,0x7388ff1f1000,0x6e8df,00000000b2755ae4,182.0,11608920006154.0,7305433.0
4284,MainThread,0x7388ff1f2000,0x7f0a0,00000000b2755ae4,183.0,11608920008512.0,7307791.0
4284,MainThread,0x7388ff1f3000,0x7f0a1,00000000b2755ae4,184.0,11608920010766.0,7310045.0
4284,MainThread,0x7388ff1f4000,0x7f0a2,00000000b2755ae4,185.0,11608920012852.0,7312131.0
4283,MainThread,0x7388ff1e9000,0x118388,00000000b2755ae4,174.0,11608920084174.0,7383453.0
4287,MainThread,0x7388ff1ed000,0xd150f,00000000b2755ae4,178.0,11608929760052.0,17059331.0
4287,MainThread,0x7388ff1f5000,0x7f0a3,00000000b2755ae4,186.0,11608929811304.0,17110583.0
4287,MainThread,0x7388ff1f6000,0x91e05,00000000b2755ae4,187.0,11608929817303.0,17116582.0
4287,MainThread,0x7388ff1f7000,0x91e06,00000000b2755ae4,188.0,11608929820048.0,17119327.0
4287,MainThread,0x7388ff1f8000,0x91e07,00000000b2755ae4,189.0,11608929822981.0,17122260.0
4287,MainThread,0x7388ff1f9000,0x6cd3c,00000000b2755ae4,190.0,11608929825731.0,17125010.0
4287,MainThread,0x7388ff1fa000,0x6cd3d,00000000b2755ae4,191.0,11608929828172.0,17127451.0
4287,MainThread,0x7388ff1fb000,0x6cd3e,00000000b2755ae4,192.0,11608929830693.0,17129972.0
4287,MainThread,0x7388ff1fc000,0x6cd3f,00000000b2755ae4,193.0,11608929833609.0,17132888.0
4284,MainThread,0x7388ff1f5000,0x7f0a3,00000000b2755ae4,186.0,11608932945710.0,20244989.0
4284,MainThread,0x7388ff1fd000,0x97a1b,00000000b2755ae4,194.0,11608932973528.0,20272807.0
4284,MainThread,0x7388ff1fe000,0xc5547,00000000b2755ae4,195.0,11608932977603.0,20276882.0
4284,MainThread,0x7388ff1ff000,0x7df39,00000000b2755ae4,196.0,11608932980693.0,20279972.0
4283,MainThread,0x7388ff1f5000,0x7f0a3,00000000b2755ae4,186.0,11608933686768.0,20986047.0
4287,MainThread,0x7388ff1fd000,0x97a1b,00000000b2755ae4,194.0,11608934820298.0,181786.0
615,avahi-daemon,0x7a2b5d1d0000,0xc7df9,000000001a3dc7ee,51.0,11623859674941.0,475.925824
3074,firefox,0x75641e831000,0xd8334,000000008bbe964b,10.0,11660997108138.0,1018308.0
3029,update-notifier,0x6294f3e19000,0x11e11c,000000003454c90c,15.0,11684399635526.0,198225915.0
3222,Privileged Cont,0x75621a02a000,0x856ff,000000000ce5619a,46.0,11763175705392.0,18033.0
3222,Privileged Cont,0x7388ff90f000,0x125f95,000000003173245c,127.0,11763203201443.0,924041.0
3222,Privileged Cont,0x7388ff911000,0x11e037,000000003173245c,129.0,11763203210296.0,932894.0
3222,Privileged Cont,0x7388ff912000,0x12a84e,000000003173245c,130.0,11763203212683.0,935281.0
3222,Privileged Cont,0x7388ff913000,0x118011,000000003173245c,131.0,11763204240339.0,1962937.0
3222,Privileged Cont,0x7388ff914000,0x116f2d,000000003173245c,132.0,11763204248786.0,1971384.0
3222,Privileged Cont,0x7388ff915000,0x121709,000000003173245c,133.0,11763204251520.0,1974118.0
3222,Privileged Cont,0x7388ff916000,0x11cb9a,000000003173245c,134.0,11763204253504.0,1976102.0
3222,Privileged Cont,0x7388ff8b7000,0x8a6e8,000000003173245c,39.0,11763204952446.0,52025.0
3222,Privileged Cont,0x7388ff8b8000,0x12309f,000000003173245c,40.0,11763204960784.0,60363.0
1752,pipewire-pulse,0x7029fd576000,0x11b522,000000002a3257ec,0.0,11768333778534.0,26246.0
1752,pipewire-pulse,0x7029fd577000,0x11431a,000000002a3257ec,1.0,11768333787756.0,35468.0
1752,pipewire-pulse,0x7029fd578000,0x1168f6,000000002a3257ec,2.0,11768333789798.0,37510.0
1752,pipewire-pulse,0x7029fd579000,0x12b49b,000000002a3257ec,3.0,11768333791518.0,39230.0
1752,pipewire-pulse,0x7029fd57a000,0x12600a,000000002a3257ec,4.0,11768333793188.0,40900.0
1752,pipewire-pulse,0x7029fd57b000,0x10fe8d,000000002a3257ec,5.0,11768333794924.0,42636.0
1752,pipewire-pulse,0x7029fd57c000,0x117ca1,000000002a3257ec,6.0,11768333796783.0,44495.0
1752,pipewire-pulse,0x7029fd57d000,0x11cc3d,000000002a3257ec,7.0,11768333798542.0,46254.0
1752,pipewire-pulse,0x7029fab81000,0x11b42b,0000000030e51707,0.0,11768333823620.0,71332.0
1752,pipewire-pulse,0x7029fab82000,0x129f86,0000000030e51707,1.0,11768333825392.0,73104.0
1752,pipewire-pulse,0x7029fab83000,0x1222e7,0000000030e51707,2.0,11768333827002.0,74714.0
1752,pipewire-pulse,0x7029fab84000,0x1152b9,0000000030e51707,3.0,11768333828095.0,75807.0
1752,pipewire-pulse,0x7029fab85000,0x11239c,0000000030e51707,4.0,11768333829079.0,76791.0
1752,pipewire-pulse,0x7029fab86000,0x112325,0000000030e51707,5.0,11768333830030.0,77742.0
1752,pipewire-pulse,0x7029fab87000,0x115c39,0000000030e51707,6.0,11768333830910.0,78622.0
1752,pipewire-pulse,0x7029fab88000,0x1247a1,0000000030e51707,7.0,11768333831951.0,79663.0
1752,pipewire-pulse,0x7029fd576000,0x124a49,00000000a5d77351,0.0,11769548539602.0,2348150.0
1752,pipewire-pulse,0x7029fd577000,0x124cf9,00000000a5d77351,1.0,11769548543209.0,2351757.0
1752,pipewire-pulse,0x7029fd578000,0x113b4c,00000000a5d77351,2.0,11769548544115.0,2352663.0
1752,pipewire-pulse,0x7029fd579000,0x119a01,00000000a5d77351,3.0,11769548544975.0,2353523.0
1752,pipewire-pulse,0x7029fd57a000,0x121a61,00000000a5d77351,4.0,11769548545877.0,2354425.0
1752,pipewire-pulse,0x7029fd57b000,0x11a5e8,00000000a5d77351,5.0,11769548546761.0,2355309.0
1752,pipewire-pulse,0x7029fd57c000,0x127b56,00000000a5d77351,6.0,11769548547754.0,2356302.0
1752,pipewire-pulse,0x7029fd57d000,0x11cda8,00000000a5d77351,7.0,11769548548683.0,2357231.0
1752,pipewire-pulse,0x7029fab81000,0x115d09,000000009ebbeae7,0.0,11769548567169.0,2375717.0
1752,pipewire-pulse,0x7029fab82000,0x12498d,000000009ebbeae7,1.0,11769548568075.0,2376623.0
1752,pipewire-pulse,0x7029fab83000,0x11b171,000000009ebbeae7,2.0,11769548569024.0,2377572.0
1752,pipewire-pulse,0x7029fab84000,0x11fdd8,000000009ebbeae7,3.0,11769548569971.0,2378519.0
1752,pipewire-pulse,0x7029fab85000,0x125cdd,000000009ebbeae7,4.0,11769548570737.0,2379285.0
1752,pipewire-pulse,0x7029fab86000,0x110433,000000009ebbeae7,5.0,11769548571640.0,2380188.0
1752,pipewire-pulse,0x7029fab87000,0x114cb1,000000009ebbeae7,6.0,11769548572464.0,2381012.0
1752,pipewire-pulse,0x7029fab88000,0x125aa3,000000009ebbeae7,7.0,11769548573222.0,2381770.0
3222,Privileged Cont,0x75621a01e000,0xcdcc1,000000000ce5619a,29.0,11891190686885.0,381030.0
3222,Privileged Cont,0x75621a01f000,0x11c099,000000000ce5619a,30.0,11891190961633.0,655778.0
3222,Privileged Cont,0x75621a032000,0xcbba0,000000000ce5619a,49.0,11891195624783.0,5318928.0
3222,Privileged Cont,0x75621a020000,0xcc7b8,000000000ce5619a,42.0,11891241627283.0,413173.0
3222,Privileged Cont,0x75621a047000,0xce14f,000000000ce5619a,69.0,11891242450432.0,478847.0
3222,Privileged Cont,0x75621a049000,0x119887,000000000ce5619a,71.0,11891243048251.0,1076666.0
3222,Privileged Cont,0x75621a04a000,0x12a4ca,000000000ce5619a,73.0,11891243690772.0,1719187.0
3222,Privileged Cont,0x75621a04c000,0x120d22,000000000ce5619a,74.0,11891244605829.0,373270.0
3222,Privileged Cont,0x75621a04e000,0x11f661,000000000ce5619a,76.0,11891244611526.0,378967.0
3222,Privileged Cont,0x75621a037000,0x11f58a,000000000ce5619a,50.0,11891245005222.0,772663.0
3222,Privileged Cont,0x75621a014000,0x11cff4,000000000ce5619a,31.0,11891277140181.0,571484.0
3222,Privileged Cont,0x75621a015000,0x11cff4,000000000ce5619a,31.0,11891277376031.0,807334.0
3222,Privileged Cont,0x75621a04b000,0x11cf31,000000000ce5619a,78.0,11891293059076.0,422673.0
3222,Privileged Cont,0x7388ff8d5000,0x11e136,000000003173245c,69.0,11891300347499.0,1411626.0
3222,Privileged Cont,0x7388ff90f000,0x1171a4,000000003173245c,127.0,11891303454789.0,984084.0
3222,Privileged Cont,0x7388ff911000,0x11415c,000000003173245c,129.0,11891303734762.0,1264057.0
3222,Privileged Cont,0x7388ff912000,0x11415d,000000003173245c,130.0,11891303737361.0,1266656.0
3222,Privileged Cont,0x7388ff913000,0x11efee,000000003173245c,131.0,11891304006552.0,1535847.0
3222,Privileged Cont,0x7388ff914000,0x11efef,000000003173245c,132.0,11891304008919.0,1538214.0
3222,Privileged Cont,0x7388ff915000,0x12b10a,000000003173245c,133.0,11891304010201.0,1539496.0
3222,Privileged Cont,0x7388ff916000,0x12b10b,000000003173245c,134.0,11891304011381.0,1540676.0
2271,gsd-housekeepin,0x55585acb5000,0x976ea,00000000f275917a,9.0,11897445885354.0,53487.0
3074,firefox,0x75641a07c000,0xd524d,00000000953423f4,7.0,11899762386329.0,44236.0
3074,firefox,0x75641a090000,0xb1657,00000000953423f4,33.0,11899783750560.0,59215.0
3074,firefox,0x75641a07d000,0xd524d,00000000953423f4,7.0,11899784362278.0,47616.0
3074,firefox,0x75641a08d000,0x8242d,00000000953423f4,20.0,11899790071697.0,43535.0
3074,firefox,0x75641a0a4000,0x124220,00000000953423f4,45.0,11899805127269.0,209742.0
3074,firefox,0x75641a092000,0xb1657,00000000953423f4,33.0,11899805137230.0,219703.0
3074,firefox,0x75641a094000,0xb1657,00000000953423f4,33.0,11899809822837.0,50383.0
615,avahi-daemon,0x7a2b5d1d0000,0x4de34,000000001a3dc7ee,51.0,11910263934222.0,103071.0
3074,firefox,0x75641a086000,0x8242d,00000000953423f4,20.0,11912617125402.0,829201.0
3074,firefox,0x75641a091000,0xb1657,00000000953423f4,33.0,11912617137616.0,841415.0
3074,firefox,0x75641a088000,0x8242d,00000000953423f4,20.0,11912617141306.0,845105.0
3074,firefox,0x75641a087000,0x8242d,00000000953423f4,20.0,11912619051792.0,63307.0
3074,firefox,0x75641a09e000,0xb1657,00000000953423f4,33.0,11912621124692.0,69864.0
3074,firefox,0x75641a0b4000,0x987e2,00000000953423f4,58.0,11912621131960.0,77132.0
3074,firefox,0x75641a09d000,0x7fbd,00000000953423f4,35.0,11912621135901.0,81073.0
3074,firefox,0x75641a08c000,0x8242d,00000000953423f4,20.0,11912622108384.0,53614.0
3074,firefox,0x75641a095000,0xd8f2e,00000000953423f4,35.0,11960230228825.0,22025017.0
3074,firefox,0x75641a0b1000,0x987e2,00000000953423f4,58.0,11960230237890.0,22034082.0
3074,firefox,0x75641a0b2000,0x987e2,00000000953423f4,58.0,11960249827990.0,41624182.0
3074,firefox,0x75641a09a000,0xd8f2e,00000000953423f4,35.0,11960270904329.0,62700521.0
3074,firefox,0x75641a0a7000,0x124220,00000000953423f4,45.0,11960270919043.0,62715235.0
3074,firefox,0x75641a08e000,0x8242d,00000000953423f4,20.0,11960270934639.0,62730831.0
3074,firefox,0x75641a0b0000,0x987e2,00000000953423f4,58.0,11960270937750.0,62733942.0
3074,firefox,0x75641a097000,0xd8f2e,00000000953423f4,35.0,11965780675660.0,101003.0
3074,firefox,0x75641a09b000,0xd8f2e,00000000953423f4,35.0,11965780684397.0,109740.0
3074,firefox,0x75641a0a0000,0x124220,00000000953423f4,45.0,11965780688181.0,113524.0
3074,firefox,0x75641a0af000,0x124220,00000000953423f4,45.0,11965780690743.0,116086.0
3074,firefox,0x75641a0b8000,0x987e2,00000000953423f4,58.0,11966134337869.0,43450.0
3074,firefox,0x75641a0ba000,0x116ad8,00000000953423f4,61.0,11966134356945.0,62526.0
3074,firefox,0x75641a0a4000,0xd002b,00000000953423f4,52.0,11966743683989.0,195575.0
3074,firefox,0x75641cea9000,0xcc1ed,0000000007643c4d,31.0,11973304957963.0,50792.0
3074,firefox,0x75641a08e000,0x8242d,00000000953423f4,20.0,11973842968113.0,64995.0
3074,firefox,0x75641a095000,0xb1657,00000000953423f4,33.0,11973856002494.0,15674.0
3074,firefox,0x75641a0b1000,0x4f16b,00000000953423f4,63.0,11973856010837.0,24017.0
3074,firefox,0x75641a099000,0xb1657,00000000953423f4,33.0,11973856015917.0,29097.0
3222,Privileged Cont,0x73890033b000,0x9b2ca,0000000007643c4d,51.0,11974260449461.0,353132.0
3222,Privileged Cont,0x73890032c000,0xcc1ed,0000000007643c4d,31.0,11974262421585.0,926541.0
3222,Privileged Cont,0x75621a01f000,0x69dd6,000000000ce5619a,30.0,11975477051596.0,48304.0
3222,Privileged Cont,0x75621a01d000,0x69dd7,000000000ce5619a,31.0,11975478765610.0,6250.0
3222,Privileged Cont,0x75621a031000,0x6fe3a,000000000ce5619a,50.0,11975694461411.0,53057.0
3074,firefox,0x75641a0bb000,0x4f16b,00000000953423f4,63.0,11978991812851.0,7918.0
3074,firefox,0x75641a0bc000,0x4f16c,00000000953423f4,64.0,11978995834551.0,6595.0
615,avahi-daemon,0x7a2b5d1d0000,0x1221e2,000000001a3dc7ee,51.0,12015635651747.0,147604177.0
2271,gsd-housekeepin,0x55585acb5000,0x11de2f,00000000f275917a,9.0,12017447060968.0,767.234541
3074,firefox,0x75641a086000,0xcbc7b,00000000953423f4,20.0,12019851005908.0,797559.0
3074,firefox,0x75641a091000,0xb1657,00000000953423f4,33.0,12019851278499.0,1070150.0
3074,firefox,0x75641a088000,0xcbc7b,00000000953423f4,20.0,12019851648555.0,1440206.0
3074,firefox,0x75641a09f000,0xb1657,00000000953423f4,33.0,12019851653647.0,1445298.0
3074,firefox,0x75641a089000,0xcbc7b,00000000953423f4,20.0,12019854707181.0,2331158.0
3074,firefox,0x75641a0b4000,0xd37db,00000000953423f4,63.0,12019855311609.0,20273.0
3074,firefox,0x75641a08a000,0xcbc7b,00000000953423f4,20.0,12019856116645.0,825309.0
3074,firefox,0x75641a0ad000,0xd002b,00000000953423f4,52.0,12019858472604.0,3181268.0
3074,firefox,0x75641a0b7000,0xd37db,00000000953423f4,63.0,12019859635352.0,4344016.0
3074,firefox,0x75641a0b8000,0xd37db,00000000953423f4,63.0,12019859640819.0,4349483.0
3074,firefox,0x75641a0bc000,0xd37db,00000000953423f4,63.0,12019859930657.0,4639321.0
3029,update-notifier,0x6294f3e19000,0x12b334,000000003454c90c,15.0,12044392091535.0,259.781509
3676,Isolated Web Co,0x738900326000,0xcc1ed,0000000007643c4d,31.0,12075919988557.0,2597423.0
3676,Isolated Web Co,0x738900327000,0xcc1ed,0000000007643c4d,31.0,12075920239891.0,2848757.0
3676,Isolated Web Co,0x738900329000,0xcc1ed,0000000007643c4d,31.0,12075978967918.0,10864982.0
3676,Isolated Web Co,0x73890033b000,0xc7063,0000000007643c4d,51.0,12076240273006.0,1706335.0
3676,Isolated Web Co,0x73890031a000,0xc4f8f,0000000007643c4d,19.0,12076240919295.0,2352624.0
3676,Isolated Web Co,0x738900342000,0xc9c19,0000000007643c4d,53.0,12076241340236.0,2773565.0
3676,Isolated Web Co,0x738900332000,0xc7063,0000000007643c4d,51.0,12076245849912.0,7283241.0
3676,Isolated Web Co,0x738900331000,0xc7063,0000000007643c4d,51.0,12076246687420.0,8120749.0
3676,Isolated Web Co,0x738900330000,0xc7063,0000000007643c4d,51.0,12076247032771.0,8466100.0
3676,Isolated Web Co,0x738900333000,0xc7063,0000000007643c4d,51.0,12076257884292.0,6201757.0
3074,firefox,0x75641e831000,0x122bd2,000000008bbe964b,10.0,12076416623693.0,3650910.0
3074,firefox,0x75641a098000,0xb1657,00000000953423f4,33.0,12076512843647.0,722445.0
3074,firefox,0x75641a0a9000,0x124220,00000000953423f4,45.0,12076513237597.0,1116395.0
3074,firefox,0x75641a08e000,0xcbc7b,00000000953423f4,20.0,12076514002246.0,69935.0
3074,firefox,0x75641a097000,0xb1657,00000000953423f4,33.0,12076514398305.0,53903.0
3074,firefox,0x75641a0a0000,0x11594f,00000000953423f4,46.0,12076514760378.0,415976.0
3074,firefox,0x75641a086000,0xcbc7b,00000000953423f4,20.0,12076529744209.0,249972.0
3074,firefox,0x75641a091000,0xb1657,00000000953423f4,33.0,12076529960816.0,466579.0
3074,firefox,0x75641a088000,0xcbc7b,00000000953423f4,20.0,12076530199348.0,705111.0
3074,firefox,0x75641a09f000,0xb1657,00000000953423f4,33.0,12076530415127.0,920890.0
3074,firefox,0x75641a0b0000,0xc7d97,00000000953423f4,58.0,12076530670951.0,1176714.0
3074,firefox,0x75641a0b3000,0xc7d97,00000000953423f4,58.0,12076531040587.0,1546350.0
3074,firefox,0x75641a09b000,0x1266e9,00000000953423f4,36.0,12076531256190.0,1761953.0
3074,firefox,0x75641a0b2000,0xc7d97,00000000953423f4,58.0,12076531468422.0,1974185.0
3074,firefox,0x75641a0bc000,0xc7d97,00000000953423f4,58.0,12076581927174.0,41577.0
2271,gsd-housekeepin,0x55585acb5000,0x12b3b0,00000000f275917a,9.0,12077445203994.0,1306161.0
3074,firefox,0x75643329a000,0x2d355,00000000fb79b51f,347.0,12168305291735.0,97432.0
3029,update-notifier,0x6294f3e19000,0x6374b,000000003454c90c,15.0,12224436092240.0,44821.0
2271,gsd-housekeepin,0x55585acb5000,0x20381,00000000f275917a,9.0,12257446196797.0,891044.0
3074,firefox,0x75641a0a7000,0x124220,00000000953423f4,45.0,12265130778120.0,41839.0
3074,firefox,0x75641a097000,0xb1657,00000000953423f4,33.0,12265131174364.0,438083.0
3074,firefox,0x75641a09b000,0xb1657,00000000953423f4,33.0,12265133269928.0,185042.0
3074,firefox,0x75641a08e000,0xcbc7b,00000000953423f4,20.0,12265133951677.0,112459.0
3074,firefox,0x75641a0a0000,0x124220,00000000953423f4,45.0,12265134400096.0,41877.0
3074,firefox,0x75641a0af000,0x124220,00000000953423f4,45.0,12265134891586.0,533367.0
3074,firefox,0x75641cea0000,0xcc1ed,0000000007643c4d,31.0,12265143853120.0,42810.0
3074,firefox,0x75641a0b8000,0xc7d97,00000000953423f4,58.0,12265147808444.0,40821.0
3074,firefox,0x75641a0ba000,0x12af3b,00000000953423f4,61.0,12265148221922.0,38900.0
3074,firefox,0x75641ceaa000,0xcc1ed,0000000007643c4d,31.0,12265157032484.0,48101.0
3074,firefox,0x75641cea8000,0xcc1ed,0000000007643c4d,31.0,12265337370676.0,1137041.0
3074,firefox,0x75641cea9000,0xcc1ed,0000000007643c4d,31.0,12265338236309.0,2002674.0
3074,firefox,0x75641cea7000,0xcc1ed,0000000007643c4d,31.0,12265353932135.0,2742658.0
3074,firefox,0x75641cea3000,0xcc1ed,0000000007643c4d,31.0,12265458357976.0,250948.0
3074,firefox,0x75641a095000,0xb1657,00000000953423f4,33.0,12265547440178.0,153036.0
3074,firefox,0x75641a0b1000,0x117e49,00000000953423f4,63.0,12265548984970.0,158290.0
3074,firefox,0x75641a0b2000,0x117e49,00000000953423f4,63.0,12265551171315.0,765080.0
3074,firefox,0x75641a09a000,0xb1657,00000000953423f4,33.0,12265552714349.0,1372687.0
3074,firefox,0x75641a099000,0xb1657,00000000953423f4,33.0,12265554397840.0,309574.0
3222,Privileged Cont,0x73890033b000,0xc7063,0000000007643c4d,51.0,12265938474125.0,158839.0
3222,Privileged Cont,0x73890032c000,0xcc1ed,0000000007643c4d,31.0,12265956976428.0,151482.0
3074,firefox,0x75641a0b0000,0x117e49,00000000953423f4,63.0,12268969030086.0,523696.0
3074,firefox,0x75641a08c000,0xcbc7b,00000000953423f4,20.0,12268969394066.0,887676.0
3074,firefox,0x75641a08a000,0xcbc7b,00000000953423f4,20.0,12268969708837.0,1202447.0
3074,firefox,0x75641a0ac000,0x118f32,00000000953423f4,52.0,12268969970309.0,1463919.0
3074,firefox,0x75641a0b7000,0x117e49,00000000953423f4,63.0,12268969974032.0,1467642.0
3074,firefox,0x75641a086000,0xcbc7b,00000000953423f4,20.0,12268976849145.0,1401554.0
3074,firefox,0x75641a091000,0xb1657,00000000953423f4,33.0,12268976854767.0,1407176.0
3074,firefox,0x75641a088000,0xcbc7b,00000000953423f4,20.0,12268977230488.0,1782897.0
3074,firefox,0x75641a09f000,0xb1657,00000000953423f4,33.0,12268977233216.0,1785625.0
3074,firefox,0x75641a0a9000,0x118f32,00000000953423f4,52.0,12268977476572.0,2028981.0
3074,firefox,0x75641a098000,0x1187c3,00000000953423f4,36.0,12268977721972.0,2274381.0
3074,firefox,0x75641a0b3000,0x117e49,00000000953423f4,63.0,12268979136821.0,453667.0
3074,firefox,0x75641e831000,0x119e17,000000008bbe964b,10.0,12269004345350.0,5926223.0
3074,firefox,0x75641a087000,0xcbc7b,00000000953423f4,20.0,12269288975149.0,342962.0
3074,firefox,0x75641a09e000,0x1187c3,00000000953423f4,36.0,12269289331499.0,699312.0
3074,firefox,0x75641a0ae000,0x118f32,00000000953423f4,52.0,12269873987928.0,1109627.0
3074,firefox,0x75641a0a5000,0x118f32,00000000953423f4,52.0,12269875028303.0,2150002.0
3074,firefox,0x75641a0ad000,0x118f32,00000000953423f4,52.0,12269876030234.0,3151933.0
3074,firefox,0x75641a0b4000,0x117e49,00000000953423f4,63.0,12269876038143.0,3159842.0
3074,firefox,0x75641a09d000,0x1187c3,00000000953423f4,36.0,12269877040110.0,4161809.0
3074,firefox,0x75641a093000,0x1187c3,00000000953423f4,36.0,12269877054610.0,4176309.0
3074,firefox,0x75641a0a1000,0x118f32,00000000953423f4,52.0,12269877058646.0,4180345.0
3074,firefox,0x75641a0ab000,0x118f32,00000000953423f4,52.0,12269878026627.0,5148326.0
3074,firefox,0x75641a0aa000,0x118f32,00000000953423f4,52.0,12269878035251.0,5156950.0
3676,Isolated Web Co,0x73890031a000,0x11ee01,0000000007643c4d,19.0,12385251772459.0,451280.0
3676,Isolated Web Co,0x738900342000,0xc9c19,0000000007643c4d,53.0,12385252095743.0,774564.0
3676,Isolated Web Co,0x738900332000,0xc7063,0000000007643c4d,51.0,12385252297167.0,975988.0
3676,Isolated Web Co,0x738900331000,0xc7063,0000000007643c4d,51.0,12385252308861.0,987682.0
3676,Isolated Web Co,0x738900330000,0xc7063,0000000007643c4d,51.0,12385252504714.0,1183535.0
3676,Isolated Web Co,0x738900333000,0xc7063,0000000007643c4d,51.0,12385252704821.0,1383642.0
3029,update-notifier,0x6294f3e19000,0x11dc90,000000003454c90c,15.0,12404390508039.0,888.916253
3676,Isolated Web Co,0x73890033e000,0xc7063,0000000007643c4d,51.0,12435483607762.0,119282.0
2271,gsd-housekeepin,0x55585acb5000,0x819d8,00000000f275917a,9.0,12437446254830.0,193547.0
3676,Isolated Web Co,0x738900341000,0xc7062,0000000007643c4d,52.0,12444419009048.0,1320787.0
1752,pipewire-pulse,0x7029fd576000,0x11c4a6,000000009ebbeae7,0.0,12459853228378.0,31608.0
1752,pipewire-pulse,0x7029fd577000,0x11c4a7,000000009ebbeae7,1.0,12459853237692.0,40922.0
1752,pipewire-pulse,0x7029fd578000,0x117aac,000000009ebbeae7,2.0,12459853240010.0,43240.0
1752,pipewire-pulse,0x7029fd579000,0x117aad,000000009ebbeae7,3.0,12459853241872.0,45102.0
1752,pipewire-pulse,0x7029fd57a000,0x1182ca,000000009ebbeae7,4.0,12459853243512.0,46742.0
1752,pipewire-pulse,0x7029fd57b000,0x1182cb,000000009ebbeae7,5.0,12459853245230.0,48460.0
1752,pipewire-pulse,0x7029fd57c000,0x116db4,000000009ebbeae7,6.0,12459853246898.0,50128.0
1752,pipewire-pulse,0x7029fd57d000,0x116db5,000000009ebbeae7,7.0,12459853248555.0,51785.0
1752,pipewire-pulse,0x7029fab81000,0x1227e3,0000000016211d1c,0.0,12459853310278.0,113508.0
1752,pipewire-pulse,0x7029fab82000,0x11b34a,0000000016211d1c,1.0,12459853312812.0,116042.0
1752,pipewire-pulse,0x7029fab83000,0x11b34b,0000000016211d1c,2.0,12459853314470.0,117700.0
1752,pipewire-pulse,0x7029fab84000,0x117486,0000000016211d1c,3.0,12459853315328.0,118558.0
1752,pipewire-pulse,0x7029fab85000,0x117487,0000000016211d1c,4.0,12459853316244.0,119474.0
1752,pipewire-pulse,0x7029fab86000,0x127ef0,0000000016211d1c,5.0,12459853317117.0,120347.0
1752,pipewire-pulse,0x7029fab87000,0x127ef1,0000000016211d1c,6.0,12459853318042.0,121272.0
1752,pipewire-pulse,0x7029fab88000,0x1257cc,0000000016211d1c,7.0,12459853319158.0,122388.0
3222,Privileged Cont,0x73890033b000,0xc7063,0000000007643c4d,51.0,12565271298399.0,9559.0
3222,Privileged Cont,0x73890032c000,0xcc1ed,0000000007643c4d,31.0,12565271307360.0,7006.0
3222,Privileged Cont,0x75621a01f000,0x12b50b,000000000ce5619a,30.0,12565853436488.0,20207.0
3222,Privileged Cont,0x75621a01d000,0xabd3b,000000000ce5619a,31.0,12565853446942.0,4751.0
3222,Privileged Cont,0x75621a031000,0x1170d4,000000000ce5619a,50.0,12565872133518.0,5936.0
1752,pipewire-pulse,0x7029fd576000,0x127f62,0000000002faa4a3,0.0,12646360580222.0,750942.0
1752,pipewire-pulse,0x7029fd577000,0x127f63,0000000002faa4a3,1.0,12646360588633.0,759353.0
1752,pipewire-pulse,0x7029fd578000,0x127f64,0000000002faa4a3,2.0,12646360590709.0,761429.0
1752,pipewire-pulse,0x7029fd579000,0x127f65,0000000002faa4a3,3.0,12646360592570.0,763290.0
1752,pipewire-pulse,0x7029fd57a000,0x127f66,0000000002faa4a3,4.0,12646360594695.0,765415.0
1752,pipewire-pulse,0x7029fd57b000,0x127f67,0000000002faa4a3,5.0,12646360596642.0,767362.0
1752,pipewire-pulse,0x7029fd57c000,0x113cd8,0000000002faa4a3,6.0,12646360598489.0,769209.0
1752,pipewire-pulse,0x7029fd57d000,0x113cd9,0000000002faa4a3,7.0,12646360600292.0,771012.0
1752,pipewire-pulse,0x7029fab81000,0x113cdb,0000000071b17b3e,0.0,12646360621449.0,792169.0
1752,pipewire-pulse,0x7029fab82000,0x113cdc,0000000071b17b3e,1.0,12646360623595.0,794315.0
1752,pipewire-pulse,0x7029fab83000,0x113cdd,0000000071b17b3e,2.0,12646360625430.0,796150.0
1752,pipewire-pulse,0x7029fab84000,0x113cde,0000000071b17b3e,3.0,12646360626547.0,797267.0
1752,pipewire-pulse,0x7029fab85000,0x113cdf,0000000071b17b3e,4.0,12646360627565.0,798285.0
1752,pipewire-pulse,0x7029fab86000,0x126ea8,0000000071b17b3e,5.0,12646360628524.0,799244.0
1752,pipewire-pulse,0x7029fab87000,0x126ea9,0000000071b17b3e,6.0,12646360629636.0,800356.0
1752,pipewire-pulse,0x7029fab88000,0x126eaa,0000000071b17b3e,7.0,12646360630606.0,801326.0
615,avahi-daemon,0x7a2b5d1de000,0x4a994,000000006cf98a42,8.0,12684190319051.0,322208.0
3676,Isolated Web Co,0x73890031d000,0x1263d5,0000000007643c4d,19.0,12712599521681.0,12381.0
3676,Isolated Web Co,0x73890033e000,0xc7034,0000000007643c4d,49.0,12712858054553.0,10671.0
3676,Isolated Web Co,0x738900319000,0x1263d5,0000000007643c4d,19.0,12712858066155.0,22273.0
3676,Isolated Web Co,0x738900326000,0xcc1ed,0000000007643c4d,31.0,12712941043728.0,48279.0
3676,Isolated Web Co,0x738900327000,0xcc1ed,0000000007643c4d,31.0,12712946977823.0,54014.0
3676,Isolated Web Co,0x738900339000,0xa8d0a,0000000007643c4d,50.0,12715241378474.0,79214.0
3676,Isolated Web Co,0x738900317000,0x1263d5,0000000007643c4d,19.0,12715241390561.0,91301.0
3676,Isolated Web Co,0x73890033f000,0xa8d0a,0000000007643c4d,50.0,12715241401178.0,101918.0
3676,Isolated Web Co,0x73890031b000,0x1263d5,0000000007643c4d,19.0,12715241456140.0,156880.0
3676,Isolated Web Co,0x73890033b000,0x71138,0000000007643c4d,51.0,12715687829846.0,66534.0
3676,Isolated Web Co,0x73890031a000,0x1263d5,0000000007643c4d,19.0,12715687835945.0,72633.0
3676,Isolated Web Co,0x738900342000,0xdbee1,0000000007643c4d,53.0,12715687839906.0,76594.0
3676,Isolated Web Co,0x738900332000,0x71138,0000000007643c4d,51.0,12715687842574.0,79262.0
3676,Isolated Web Co,0x738900331000,0x71138,0000000007643c4d,51.0,12715687854730.0,91418.0
3676,Isolated Web Co,0x738900330000,0x71138,0000000007643c4d,51.0,12715688319794.0,43724.0
3676,Isolated Web Co,0x738900333000,0x71138,0000000007643c4d,51.0,12715688400369.0,124299.0
2271,gsd-housekeepin,0x55585acb5000,0xaa78,00000000f275917a,9.0,12737486374991.0,1532711.0
1752,pipewire-pulse,0x7029fd576000,0x12cf75,000000002052fb06,0.0,12750031823217.0,106559.0
1752,pipewire-pulse,0x7029fd577000,0x12cf76,000000002052fb06,1.0,12750031831848.0,115190.0
1752,pipewire-pulse,0x7029fd578000,0x12cf77,000000002052fb06,2.0,12750031834021.0,117363.0
1752,pipewire-pulse,0x7029fd579000,0x115678,000000002052fb06,3.0,12750031835637.0,118979.0
1752,pipewire-pulse,0x7029fd57a000,0x115679,000000002052fb06,4.0,12750031837160.0,120502.0
1752,pipewire-pulse,0x7029fd57b000,0x11567a,000000002052fb06,5.0,12750031838792.0,122134.0
1752,pipewire-pulse,0x7029fd57c000,0x11567b,000000002052fb06,6.0,12750031840492.0,123834.0
1752,pipewire-pulse,0x7029fd57d000,0x117498,000000002052fb06,7.0,12750031842020.0,125362.0
1752,pipewire-pulse,0x7029fab81000,0x11749a,0000000071b17b3e,0.0,12750031874075.0,157417.0
1752,pipewire-pulse,0x7029fab82000,0x11749b,0000000071b17b3e,1.0,12750031876607.0,159949.0
1752,pipewire-pulse,0x7029fab83000,0x12396c,0000000071b17b3e,2.0,12750031878139.0,161481.0
1752,pipewire-pulse,0x7029fab84000,0x12396d,0000000071b17b3e,3.0,12750031879009.0,162351.0
1752,pipewire-pulse,0x7029fab85000,0x12396e,0000000071b17b3e,4.0,12750031879902.0,163244.0
1752,pipewire-pulse,0x7029fab86000,0x12396f,0000000071b17b3e,5.0,12750031880850.0,164192.0
1752,pipewire-pulse,0x7029fab87000,0x11a640,0000000071b17b3e,6.0,12750031881703.0,165045.0
1752,pipewire-pulse,0x7029fab88000,0x11a641,0000000071b17b3e,7.0,12750031882564.0,165906.0
3029,update-notifier,0x6294f3e19000,0x12ab01,000000003454c90c,15.0,12764394980199.0,428.969762
1752,pipewire-pulse,0x7029fd576000,0x12446e,00000000fa901785,0.0,12818921136978.0,1789975.0
1752,pipewire-pulse,0x7029fd577000,0x12446f,00000000fa901785,1.0,12818921143548.0,1796545.0
1752,pipewire-pulse,0x7029fd578000,0x11ba60,00000000fa901785,2.0,12818921145619.0,1798616.0
1752,pipewire-pulse,0x7029fd579000,0x11ba61,00000000fa901785,3.0,12818921147250.0,1800247.0
1752,pipewire-pulse,0x7029fd57a000,0x11ba62,00000000fa901785,4.0,12818921148832.0,1801829.0
1752,pipewire-pulse,0x7029fd57b000,0x11ba63,00000000fa901785,5.0,12818921150432.0,1803429.0
1752,pipewire-pulse,0x7029fd57c000,0x11ba64,00000000fa901785,6.0,12818921151995.0,1804992.0
1752,pipewire-pulse,0x7029fd57d000,0x11ba65,00000000fa901785,7.0,12818921153614.0,1806611.0
1752,pipewire-pulse,0x7029fab81000,0x11ba67,00000000f7771b4e,0.0,12818921171431.0,1824428.0
1752,pipewire-pulse,0x7029fab82000,0x122548,00000000f7771b4e,1.0,12818921173154.0,1826151.0
1752,pipewire-pulse,0x7029fab83000,0x122549,00000000f7771b4e,2.0,12818921174670.0,1827667.0
1752,pipewire-pulse,0x7029fab84000,0x12254a,00000000f7771b4e,3.0,12818921175654.0,1828651.0
1752,pipewire-pulse,0x7029fab85000,0x12254b,00000000f7771b4e,4.0,12818921176686.0,1829683.0
1752,pipewire-pulse,0x7029fab86000,0x12254c,00000000f7771b4e,5.0,12818921177542.0,1830539.0
1752,pipewire-pulse,0x7029fab87000,0x12254d,00000000f7771b4e,6.0,12818921178435.0,1831432.0
1752,pipewire-pulse,0x7029fab88000,0x12254e,00000000f7771b4e,7.0,12818921179452.0,1832449.0
3222,Privileged Cont,0x73890032c000,0xcc1ed,0000000007643c4d,31.0,12865196438531.0,11879.0
1397,upowerd,0x713271a48000,0x48f6f,000000001de1f2ba,48.0,13015394751866.0,94163083.0
2271,gsd-housekeepin,0x55585acb5000,0x9cd1b,00000000f275917a,9.0,13037564384186.0,45272.0
3676,Isolated Web Co,0x73890033b000,0x71138,0000000007643c4d,51.0,13065129227751.0,330585.0
3676,Isolated Web Co,0x73890031a000,0x1263d5,0000000007643c4d,19.0,13065132873125.0,420171.0
3676,Isolated Web Co,0x738900342000,0xdbee1,0000000007643c4d,53.0,13065132888331.0,435377.0
3676,Isolated Web Co,0x738900332000,0x71138,0000000007643c4d,51.0,13065132893484.0,440530.0
3676,Isolated Web Co,0x738900331000,0x71138,0000000007643c4d,51.0,13065144345499.0,90694.0
3676,Isolated Web Co,0x738900330000,0x71138,0000000007643c4d,51.0,13065156317520.0,50783.0
3676,Isolated Web Co,0x738900333000,0x71138,0000000007643c4d,51.0,13065233161989.0,464970.0
2959,gnome-terminal-,0x732e12322000,0x119c63,0000000018fecb48,7.0,13144722855060.0,475512.0
1752,pipewire-pulse,0x7029fd576000,0x115c49,0000000071b17b3e,0.0,13145164802144.0,249374.0
1752,pipewire-pulse,0x7029fd577000,0x115c4a,0000000071b17b3e,1.0,13145164995199.0,442429.0
1752,pipewire-pulse,0x7029fd578000,0x115c4b,0000000071b17b3e,2.0,13145164998546.0,445776.0
1752,pipewire-pulse,0x7029fd579000,0x115c4c,0000000071b17b3e,3.0,13145165000357.0,447587.0
1752,pipewire-pulse,0x7029fd57a000,0x115c4d,0000000071b17b3e,4.0,13145165002122.0,449352.0
1752,pipewire-pulse,0x7029fd57b000,0x115c4e,0000000071b17b3e,5.0,13145165003838.0,451068.0
1752,pipewire-pulse,0x7029fd57c000,0x115c4f,0000000071b17b3e,6.0,13145165005615.0,452845.0
1752,pipewire-pulse,0x7029fd57d000,0x1257c8,0000000071b17b3e,7.0,13145165007251.0,454481.0
1752,pipewire-pulse,0x7029fa781000,0x1257cb,000000002052fb06,1.0,13145165040562.0,487792.0
1752,pipewire-pulse,0x7029fa782000,0x1257cc,000000002052fb06,2.0,13145165042426.0,489656.0
1752,pipewire-pulse,0x7029fa783000,0x1257cd,000000002052fb06,3.0,13145165043336.0,490566.0
1752,pipewire-pulse,0x7029fa784000,0x1257ce,000000002052fb06,4.0,13145165044293.0,491523.0
1752,pipewire-pulse,0x7029fa785000,0x1257cf,000000002052fb06,5.0,13145165045240.0,492470.0
1752,pipewire-pulse,0x7029fa786000,0x1242a8,000000002052fb06,6.0,13145165046231.0,493461.0
1752,pipewire-pulse,0x7029fa787000,0x1242a9,000000002052fb06,7.0,13145165047131.0,494361.0
3676,Isolated Web Co,0x738900348000,0x80f73,00000000953423f4,7.0,13191103638292.0,40292.0
3676,Isolated Web Co,0x73890035e000,0x40d7e,00000000953423f4,25.0,13191104091978.0,41143.0
3676,Isolated Web Co,0x738900347000,0x80f73,00000000953423f4,7.0,13191106830311.0,547645.0
3676,Isolated Web Co,0x73890037d000,0xa2916,00000000953423f4,45.0,13191110027451.0,63028.0
3676,Isolated Web Co,0x73890036a000,0x7e5e6,00000000953423f4,43.0,13191116981979.0,85872.0
3676,Isolated Web Co,0x738900357000,0xdb8d2,00000000953423f4,27.0,13191118131810.0,49083.0
3676,Isolated Web Co,0x738900339000,0x11842d,0000000007643c4d,49.0,13194808078120.0,116695.0
3676,Isolated Web Co,0x738900317000,0x12781e,0000000007643c4d,9.0,13194841877303.0,1259876.0
3676,Isolated Web Co,0x73890033f000,0x11842d,0000000007643c4d,49.0,13194860688362.0,995892.0
3676,Isolated Web Co,0x73890031d000,0x10c280,0000000007643c4d,11.0,13194881772572.0,39801.0
3676,Isolated Web Co,0x73890031b000,0x10f184,0000000007643c4d,17.0,13194961169128.0,62892.0
3676,Isolated Web Co,0x73890033a000,0x1248b6,0000000007643c4d,51.0,13195039898945.0,55015.0
3676,Isolated Web Co,0x738900318000,0x10f184,0000000007643c4d,17.0,13195042374214.0,46191.0
3676,Isolated Web Co,0x73890031e000,0x10f184,0000000007643c4d,17.0,13195058629157.0,119174.0
3676,Isolated Web Co,0x738900316000,0x10fd75,0000000007643c4d,18.0,13195069766219.0,41450.0
3676,Isolated Web Co,0x738900325000,0x10fcc6,0000000007643c4d,24.0,13197818698502.0,108249.0
3676,Isolated Web Co,0x73890031c000,0x10fd75,0000000007643c4d,18.0,13198827517783.0,63760.0
3676,Isolated Web Co,0x73890032a000,0x12eb99,0000000007643c4d,25.0,13199853198910.0,51868.0
3676,Isolated Web Co,0x73890032b000,0x12377f,0000000007643c4d,30.0,13199853973522.0,43078.0
3222,Privileged Cont,0x73890033b000,0x1248b6,0000000007643c4d,51.0,13200619076885.0,40660.0
3222,Privileged Cont,0x738900341000,0x10fdc5,0000000007643c4d,52.0,13200621657323.0,391617.0
3222,Privileged Cont,0x73890032c000,0x124428,0000000007643c4d,31.0,13200621668983.0,4656.0
2271,gsd-housekeepin,0x55585acb5000,0x10cdee,00000000f275917a,9.0,13277459594314.0,26334296.0
3029,update-notifier,0x6294f3e19000,0x1243c8,000000003454c90c,15.0,13304392414973.0,153030053.0
3181,Renderer,0x756401169000,0x116767,0000000027402e8a,0.0,13306281235833.0,101335.0
3181,Renderer,0x75640116a000,0x12127c,0000000027402e8a,1.0,13306282110617.0,95527.0
3181,Renderer,0x75640116b000,0x12127d,0000000027402e8a,2.0,13306282119739.0,104649.0
3181,Renderer,0x75640116c000,0x12127e,0000000027402e8a,3.0,13306282122658.0,107568.0
3181,Renderer,0x75640116d000,0x12127f,0000000027402e8a,4.0,13306282126240.0,111150.0
3181,Renderer,0x75640116e000,0x120a0c,0000000027402e8a,5.0,13306282128799.0,113709.0
3181,Renderer,0x75640116f000,0x120a0d,0000000027402e8a,6.0,13306282131306.0,116216.0
3222,Privileged Cont,0x7388ff8d5000,0x1249d6,000000003173245c,69.0,13307553708952.0,928268.0
3181,Renderer,0x7564012e3000,0x114630,000000009697d417,4.0,13307975729803.0,40558.0
3181,Renderer,0x7564012e4000,0x114632,000000009697d417,5.0,13307976241431.0,461865.0
3181,Renderer,0x7564012e5000,0x126ba9,000000009697d417,6.0,13307977759691.0,302239.0
3181,Renderer,0x7564012e6000,0x126bae,000000009697d417,7.0,13307978305449.0,453454.0
3181,Renderer,0x7564012e7000,0x12240f,000000009697d417,8.0,13307978313275.0,461280.0
3181,Renderer,0x7564012e8000,0x12a3e0,000000009697d417,9.0,13307978800266.0,381148.0
3181,Renderer,0x7564012e9000,0x115671,000000009697d417,10.0,13307978807997.0,388879.0
3181,Renderer,0x7564012ea000,0x115672,000000009697d417,11.0,13307979315628.0,37199.0
3181,Renderer,0x7564012eb000,0x11b22b,000000009697d417,12.0,13307979322456.0,44027.0
3181,Renderer,0x7564012ec000,0x11b22c,000000009697d417,13.0,13307979327565.0,49136.0
3181,Renderer,0x7564012ed000,0x11b22d,000000009697d417,14.0,13307979331650.0,53221.0
3181,Renderer,0x7564012ee000,0x11b22e,000000009697d417,15.0,13307980277411.0,37877.0
3181,Renderer,0x7564012ef000,0x11e5f9,000000009697d417,16.0,13307980284646.0,45112.0
3181,Renderer,0x7564012f1000,0x12b218,000000009697d417,18.0,13307980294942.0,55408.0
3181,Renderer,0x7564012f2000,0x12b219,000000009697d417,19.0,13307980719825.0,480291.0
3181,Renderer,0x7564012f3000,0x12c421,000000009697d417,20.0,13307980727455.0,487921.0
3181,Renderer,0x7564012f4000,0x12c422,000000009697d417,21.0,13307980731903.0,492369.0
3181,Renderer,0x7564012f5000,0x12c423,000000009697d417,22.0,13307980737277.0,497743.0
3181,Renderer,0x7564012f6000,0x12c424,000000009697d417,23.0,13307980741517.0,501983.0
3181,Renderer,0x7564012f7000,0x12c425,000000009697d417,24.0,13307980747413.0,507879.0
3181,Renderer,0x7564012f8000,0x12c426,000000009697d417,25.0,13307980751837.0,512303.0
3181,Renderer,0x7564012f9000,0x12c427,000000009697d417,26.0,13307980757395.0,517861.0
3181,Renderer,0x7564012fa000,0x128500,000000009697d417,27.0,13307981252163.0,332616.0
3181,Renderer,0x7564012fb000,0x111bad,000000009697d417,28.0,13307981261273.0,341726.0
3181,Renderer,0x7564012fc000,0x111bae,000000009697d417,29.0,13307981266039.0,346492.0
3181,Renderer,0x7564012fd000,0x111baf,000000009697d417,30.0,13307981270691.0,351144.0
3181,Renderer,0x7564012fe000,0x129d30,000000009697d417,31.0,13307981276348.0,356801.0
3181,Renderer,0x7564012ff000,0x129d31,000000009697d417,32.0,13307981280748.0,361201.0
3181,Renderer,0x756401301000,0x129d33,000000009697d417,34.0,13307981289792.0,370245.0
3181,Renderer,0x756401302000,0x129d34,000000009697d417,35.0,13307981901423.0,37874.0
3181,Renderer,0x756401303000,0x11039d,000000009697d417,36.0,13307982681005.0,45736.0
3181,Renderer,0x756401304000,0x11039e,000000009697d417,37.0,13307982687050.0,51781.0
3181,Renderer,0x756401305000,0x11039f,000000009697d417,38.0,13307982692010.0,56741.0
3181,Renderer,0x756401306000,0x124228,000000009697d417,39.0,13307982698228.0,62959.0
3181,Renderer,0x756401307000,0x124229,000000009697d417,40.0,13307982703024.0,67755.0
3181,Renderer,0x756401308000,0x12422a,000000009697d417,41.0,13307982707640.0,72371.0
3181,Renderer,0x756401309000,0x12422b,000000009697d417,42.0,13307982713376.0,78107.0
3181,Renderer,0x75640130a000,0x12422c,000000009697d417,43.0,13307983243267.0,332246.0
3181,Renderer,0x75640130b000,0x1236a7,000000009697d417,44.0,13307983251259.0,340238.0
3181,Renderer,0x75640130c000,0x116348,000000009697d417,45.0,13307983255695.0,344674.0
3181,Renderer,0x7564012de000,0x11b22e,000000009697d417,15.0,13307984287488.0,38495.0
3181,Renderer,0x7564012df000,0x11b22e,000000009697d417,15.0,13307984295308.0,46315.0
3181,Renderer,0x7564012e0000,0x11e5ff,000000009697d417,17.0,13307984299610.0,50617.0
3181,Renderer,0x7564012e1000,0x11e5ff,000000009697d417,17.0,13307984304658.0,55665.0
3181,Renderer,0x756401285000,0x1174ca,00000000724ba40d,4.0,13307985018510.0,41133.0
3181,Renderer,0x756401286000,0x1174cb,00000000724ba40d,5.0,13307985460368.0,482991.0
3181,Renderer,0x756401287000,0x110548,00000000724ba40d,6.0,13307985462971.0,485594.0
3181,Renderer,0x756401288000,0x110549,00000000724ba40d,7.0,13307985464284.0,486907.0
3181,Renderer,0x756401289000,0x11054a,00000000724ba40d,8.0,13307985465613.0,488236.0
3181,Renderer,0x75640128a000,0x11054b,00000000724ba40d,9.0,13307986186440.0,37945.0
3181,Renderer,0x75640128b000,0x11054c,00000000724ba40d,10.0,13307986189776.0,41281.0
3181,Renderer,0x75640128c000,0x11054d,00000000724ba40d,11.0,13307986191100.0,42605.0
3181,Renderer,0x75640128d000,0x11054e,00000000724ba40d,12.0,13307986192405.0,43910.0
3181,Renderer,0x75640128e000,0x11054f,00000000724ba40d,13.0,13307987487803.0,518391.0
3181,Renderer,0x75640128f000,0x12b624,00000000724ba40d,14.0,13307987492451.0,523039.0
3181,Renderer,0x756401291000,0x12b626,00000000724ba40d,16.0,13307987495752.0,526340.0
3181,Renderer,0x756401292000,0x12b627,00000000724ba40d,17.0,13307987497640.0,528228.0
3181,Renderer,0x756401293000,0x1106b8,00000000724ba40d,18.0,13307987499295.0,529883.0
3181,Renderer,0x756401294000,0x1106b9,00000000724ba40d,19.0,13307987501342.0,531930.0
3181,Renderer,0x756401295000,0x1106ba,00000000724ba40d,20.0,13307987502858.0,533446.0
3181,Renderer,0x756401296000,0x1106bb,00000000724ba40d,21.0,13307988207143.0,72800.0
3181,Renderer,0x756401297000,0x12b81a,00000000724ba40d,22.0,13307988210969.0,76626.0
3181,Renderer,0x756401298000,0x12b81b,00000000724ba40d,23.0,13307988212469.0,78126.0
3181,Renderer,0x756401299000,0x12b81c,00000000724ba40d,24.0,13307988213711.0,79368.0
3181,Renderer,0x75640129a000,0x12b81d,00000000724ba40d,25.0,13307988215212.0,80869.0
3181,Renderer,0x75640129b000,0x12b81e,00000000724ba40d,26.0,13307988216488.0,82145.0
3181,Renderer,0x75640129c000,0x12b81f,00000000724ba40d,27.0,13307988217707.0,83364.0
3181,Renderer,0x75640129d000,0x117960,00000000724ba40d,28.0,13307988219248.0,84905.0
3181,Renderer,0x75640129e000,0x117961,00000000724ba40d,29.0,13307988802554.0,45438.0
3181,Renderer,0x75640129f000,0x11e2c8,00000000724ba40d,30.0,13307988805447.0,48331.0
3181,Renderer,0x7564012a1000,0x11e2ca,00000000724ba40d,32.0,13307988807989.0,50873.0
3181,Renderer,0x7564012a2000,0x11e2cb,00000000724ba40d,33.0,13307988809138.0,52022.0
3181,Renderer,0x7564012a3000,0x11e2cc,00000000724ba40d,34.0,13307988810416.0,53300.0
3181,Renderer,0x7564012a4000,0x11e2cd,00000000724ba40d,35.0,13307988811589.0,54473.0
3181,Renderer,0x7564012a5000,0x11e2ce,00000000724ba40d,36.0,13307988813150.0,56034.0
3181,Renderer,0x7564012a6000,0x11e2cf,00000000724ba40d,37.0,13307989429999.0,369937.0
3181,Renderer,0x7564012a7000,0x12644a,00000000724ba40d,38.0,13307989433441.0,373379.0
3181,Renderer,0x7564012a8000,0x12644b,00000000724ba40d,39.0,13307989435019.0,374957.0
3181,Renderer,0x7564012a9000,0x12644c,00000000724ba40d,40.0,13307989436376.0,376314.0
3181,Renderer,0x7564012aa000,0x12644d,00000000724ba40d,41.0,13307989437714.0,377652.0
3181,Renderer,0x7564012ab000,0x12644e,00000000724ba40d,42.0,13307989438965.0,378903.0
3181,Renderer,0x7564012ac000,0x12644f,00000000724ba40d,43.0,13307989440429.0,380367.0
3181,Renderer,0x7564012ad000,0x119480,00000000724ba40d,44.0,13307989441910.0,381848.0
3181,Renderer,0x7564012ae000,0x119481,00000000724ba40d,45.0,13307989881777.0,385822.0
3181,Renderer,0x756401280000,0x12b625,00000000724ba40d,15.0,13307989908609.0,412654.0
3181,Renderer,0x756401281000,0x12b625,00000000724ba40d,15.0,13307989910507.0,414552.0
3181,Renderer,0x756401282000,0x12b625,00000000724ba40d,15.0,13307989912266.0,416311.0
3181,Renderer,0x756401283000,0x12b625,00000000724ba40d,15.0,13307989913810.0,417855.0
3181,Renderer,0x75640a514000,0x129546,000000004365a18f,4.0,13307990610539.0,640620.0
3181,Renderer,0x75640a515000,0x129547,000000004365a18f,5.0,13307990612140.0,642221.0
3181,Renderer,0x75640a516000,0x128040,000000004365a18f,6.0,13307990613346.0,643427.0
3181,Renderer,0x75640a517000,0x128041,000000004365a18f,7.0,13307990614668.0,644749.0
3181,Renderer,0x75640a518000,0x128042,000000004365a18f,8.0,13307991239856.0,427578.0
3181,Renderer,0x75640a519000,0x12c531,000000004365a18f,9.0,13307991243627.0,431349.0
3181,Renderer,0x75640a51a000,0x12c532,000000004365a18f,10.0,13307991245072.0,432794.0
3181,Renderer,0x75640a51b000,0x12c533,000000004365a18f,11.0,13307991246421.0,434143.0
3181,Renderer,0x75640a51c000,0x12c534,000000004365a18f,12.0,13307991247633.0,435355.0
3181,Renderer,0x75640a51d000,0x12c535,000000004365a18f,13.0,13307991248912.0,436634.0
3181,Renderer,0x75640a51e000,0x12c536,000000004365a18f,14.0,13307991250182.0,437904.0
3181,Renderer,0x75640a51f000,0x12c537,000000004365a18f,15.0,13307991251750.0,439472.0
3181,Renderer,0x75640a521000,0x113c81,000000004365a18f,17.0,13307991715198.0,409813.0
3181,Renderer,0x75640a522000,0x113c82,000000004365a18f,18.0,13307991716777.0,411392.0
3181,Renderer,0x75640a523000,0x113c83,000000004365a18f,19.0,13307991718529.0,413144.0
3181,Renderer,0x75640a524000,0x113c84,000000004365a18f,20.0,13307991720221.0,414836.0
3181,Renderer,0x75640a525000,0x113c85,000000004365a18f,21.0,13307991721920.0,416535.0
3181,Renderer,0x75640a526000,0x113c86,000000004365a18f,22.0,13307991723698.0,418313.0
3181,Renderer,0x75640a527000,0x113c87,000000004365a18f,23.0,13307991725342.0,419957.0
3181,Renderer,0x75640a528000,0x128d18,000000004365a18f,24.0,13307992828318.0,1054904.0
3181,Renderer,0x75640a529000,0x128d1c,000000004365a18f,25.0,13307992833702.0,1060288.0
3181,Renderer,0x75640a52a000,0x128d1d,000000004365a18f,26.0,13307992835241.0,1061827.0
3181,Renderer,0x75640a52b000,0x128d1e,000000004365a18f,27.0,13307992836641.0,1063227.0
3181,Renderer,0x75640a52c000,0x128d1f,000000004365a18f,28.0,13307992837972.0,1064558.0
3181,Renderer,0x75640a52d000,0x112db8,000000004365a18f,29.0,13307992839305.0,1065891.0
3181,Renderer,0x75640a52e000,0x112db9,000000004365a18f,30.0,13307992840573.0,1067159.0
3181,Renderer,0x75640a52f000,0x112dba,000000004365a18f,31.0,13307992842303.0,1068889.0
3181,Renderer,0x75640a531000,0x11aeef,000000004365a18f,33.0,13307993482867.0,322213.0
3181,Renderer,0x75640a532000,0x11e890,000000004365a18f,34.0,13307993484389.0,323735.0
3181,Renderer,0x75640a533000,0x11e891,000000004365a18f,35.0,13307993485617.0,324963.0
3181,Renderer,0x75640a534000,0x11e892,000000004365a18f,36.0,13307993486860.0,326206.0
3181,Renderer,0x75640a535000,0x11e893,000000004365a18f,37.0,13307993488077.0,327423.0
3181,Renderer,0x75640a536000,0x11e894,000000004365a18f,38.0,13307993489264.0,328610.0
3181,Renderer,0x75640a537000,0x11e895,000000004365a18f,39.0,13307993490791.0,330137.0
3181,Renderer,0x75640a538000,0x11e896,000000004365a18f,40.0,13307993928645.0,312064.0
3181,Renderer,0x75640a539000,0x114db4,000000004365a18f,41.0,13307993932429.0,315848.0
3181,Renderer,0x75640a53a000,0x114db5,000000004365a18f,42.0,13307993933910.0,317329.0
3181,Renderer,0x75640a53b000,0x114db6,000000004365a18f,43.0,13307993935372.0,318791.0
3181,Renderer,0x75640a53c000,0x114db7,000000004365a18f,44.0,13307993936668.0,320087.0
3181,Renderer,0x75640a53d000,0x12a010,000000004365a18f,45.0,13307993938011.0,321430.0
3181,Renderer,0x75640a50f000,0x12c537,000000004365a18f,15.0,13307995835769.0,44422.0
3181,Renderer,0x75640a510000,0x122538,000000004365a18f,16.0,13307995839942.0,48595.0
3181,Renderer,0x75640a511000,0x122538,000000004365a18f,16.0,13307995841800.0,50453.0
3181,Renderer,0x75640a512000,0x122538,000000004365a18f,16.0,13307995843822.0,52475.0
3181,Renderer,0x756418b0f000,0x125ac3,0000000052f7c154,0.0,13307998262104.0,193102.0
3181,Renderer,0x756419801000,0x129a7b,00000000882a2af5,0.0,13307999685238.0,41767.0
3181,Renderer,0x756419802000,0x129a7c,00000000882a2af5,1.0,13308000142270.0,368495.0
3181,Renderer,0x756418b18000,0x115aeb,0000000071b7ce86,0.0,13308002209489.0,465844.0
3181,Renderer,0x756408f0b000,0x11201f,00000000ccb2e2a9,4.0,13308003818552.0,521774.0
3181,Renderer,0x756408f0c000,0x129611,00000000ccb2e2a9,5.0,13308004177985.0,42578.0
3181,Renderer,0x756408f0d000,0x128850,00000000ccb2e2a9,6.0,13308005017317.0,769545.0
3181,Renderer,0x756408f0e000,0x118148,00000000ccb2e2a9,7.0,13308005027061.0,779289.0
3181,Renderer,0x756408f0f000,0x118149,00000000ccb2e2a9,8.0,13308005629326.0,119574.0
3181,Renderer,0x756408f11000,0x1234b8,00000000ccb2e2a9,10.0,13308005959522.0,449770.0
3181,Renderer,0x756408f12000,0x112969,00000000ccb2e2a9,11.0,13308005965965.0,456213.0
3181,Renderer,0x756408f13000,0x11296a,00000000ccb2e2a9,12.0,13308005969940.0,460188.0
3181,Renderer,0x756408f14000,0x11296b,00000000ccb2e2a9,13.0,13308005976187.0,466435.0
3181,Renderer,0x756408f15000,0x11296c,00000000ccb2e2a9,14.0,13308006249045.0,217119.0
3181,Renderer,0x756408f16000,0x12afe0,00000000ccb2e2a9,15.0,13308006256201.0,224275.0
3181,Renderer,0x756408f17000,0x12afe1,00000000ccb2e2a9,16.0,13308006261248.0,229322.0
3181,Renderer,0x756408f18000,0x12afe2,00000000ccb2e2a9,17.0,13308006401057.0,369131.0
3181,Renderer,0x756408f19000,0x12afe3,00000000ccb2e2a9,18.0,13308006929899.0,41646.0
3181,Renderer,0x756408f1a000,0x113b62,00000000ccb2e2a9,19.0,13308006938260.0,50007.0
3181,Renderer,0x756408f1b000,0x113b63,00000000ccb2e2a9,20.0,13308006944145.0,55892.0
3181,Renderer,0x756408f1c000,0x113b64,00000000ccb2e2a9,21.0,13308006949288.0,61035.0
3181,Renderer,0x756408f1d000,0x113b65,00000000ccb2e2a9,22.0,13308006954403.0,66150.0
3181,Renderer,0x756408f1e000,0x113b66,00000000ccb2e2a9,23.0,13308006959103.0,70850.0
3181,Renderer,0x756408f1f000,0x113b67,00000000ccb2e2a9,24.0,13308006962668.0,74415.0
3181,Renderer,0x756408f21000,0x124ac1,00000000ccb2e2a9,26.0,13308007509601.0,45865.0
3181,Renderer,0x756408f22000,0x121d28,00000000ccb2e2a9,27.0,13308007516853.0,53117.0
3181,Renderer,0x756408f23000,0x121d29,00000000ccb2e2a9,28.0,13308007522544.0,58808.0
3181,Renderer,0x756408f24000,0x121d2a,00000000ccb2e2a9,29.0,13308007525900.0,62164.0
3181,Renderer,0x756408f25000,0x121d2b,00000000ccb2e2a9,30.0,13308007530157.0,66421.0
3181,Renderer,0x756408f26000,0x121d2c,00000000ccb2e2a9,31.0,13308007534256.0,70520.0
3181,Renderer,0x756408f27000,0x121d2d,00000000ccb2e2a9,32.0,13308007538758.0,75022.0
3181,Renderer,0x756408f28000,0x121d2e,00000000ccb2e2a9,33.0,13308007542551.0,78815.0
3181,Renderer,0x756408f29000,0x121d2f,00000000ccb2e2a9,34.0,13308008216261.0,69361.0
3181,Renderer,0x756408f2a000,0x105695,00000000ccb2e2a9,35.0,13308008222009.0,75109.0
3181,Renderer,0x756408f2b000,0x105696,00000000ccb2e2a9,36.0,13308008226692.0,79792.0
3181,Renderer,0x756408f2c000,0x105697,00000000ccb2e2a9,37.0,13308008231166.0,84266.0
3181,Renderer,0x756408f2d000,0x1214c0,00000000ccb2e2a9,38.0,13308008234742.0,87842.0
3181,Renderer,0x756408f2e000,0x1214c1,00000000ccb2e2a9,39.0,13308008239712.0,92812.0
3181,Renderer,0x756408f2f000,0x1214c2,00000000ccb2e2a9,40.0,13308008244571.0,97671.0
3181,Renderer,0x756408f31000,0x1214c4,00000000ccb2e2a9,42.0,13308008832010.0,685110.0
3181,Renderer,0x756408f32000,0x12888a,00000000ccb2e2a9,43.0,13308008840058.0,693158.0
3181,Renderer,0x756408f33000,0x12888b,00000000ccb2e2a9,44.0,13308008843629.0,696729.0
3181,Renderer,0x756408f34000,0x12888c,00000000ccb2e2a9,45.0,13308008849207.0,702307.0
3181,Renderer,0x756408f06000,0x12afe0,00000000ccb2e2a9,15.0,13308009489575.0,41653.0
3181,Renderer,0x756408f07000,0x12afe0,00000000ccb2e2a9,15.0,13308009496696.0,48774.0
3181,Renderer,0x756408f08000,0x12afe0,00000000ccb2e2a9,15.0,13308009500489.0,52567.0
3181,Renderer,0x756408f09000,0x12afe0,00000000ccb2e2a9,15.0,13308009820406.0,372484.0
3181,Renderer,0x75640920b000,0x123603,00000000bf597dd2,4.0,13308010276852.0,828930.0
3181,Renderer,0x75640920c000,0x123604,00000000bf597dd2,5.0,13308011181264.0,679586.0
3181,Renderer,0x75640920d000,0x123606,00000000bf597dd2,6.0,13308011187987.0,686309.0
3222,Privileged Cont,0x75621a042000,0x121d83,000000000ce5619a,79.0,13308101916099.0,13888.0
3222,Privileged Cont,0x75621a041000,0x121d83,000000000ce5619a,79.0,13308101922599.0,20388.0
3222,Privileged Cont,0x7388ff891000,0x1249d4,000000003173245c,1.0,13308122804441.0,48308.0
3222,Privileged Cont,0x7388ff90f000,0x119357,000000003173245c,127.0,13308127197446.0,103924.0
3222,Privileged Cont,0x7388ff911000,0x126a4e,000000003173245c,129.0,13308128571079.0,573472.0
3222,Privileged Cont,0x7388ff912000,0x11f112,000000003173245c,130.0,13308128575012.0,577405.0
3222,Privileged Cont,0x7388ff913000,0x11f113,000000003173245c,131.0,13308128579539.0,581932.0
3222,Privileged Cont,0x7388ff914000,0x11f114,000000003173245c,132.0,13308128580845.0,583238.0
3222,Privileged Cont,0x7388ff915000,0x11f115,000000003173245c,133.0,13308129438428.0,750195.0
3222,Privileged Cont,0x7388ff916000,0x11e93a,000000003173245c,134.0,13308129444053.0,755820.0
3222,Privileged Cont,0x7388ff8b6000,0x117bea,000000003173245c,38.0,13308129449962.0,761729.0
3222,Privileged Cont,0x7388ff8b7000,0x1298b9,000000003173245c,39.0,13308130188984.0,437603.0
3222,Privileged Cont,0x7388ff8b8000,0x12c2d4,000000003173245c,40.0,13308130192504.0,441123.0
3676,Isolated Web Co,0x7388fee0c000,0x10568b,00000000c530af7c,0.0,13309537550779.0,909915.0
3676,Isolated Web Co,0x7388fee0b000,0x10568a,00000000c530af7c,2.0,13309540828328.0,4187464.0
3676,Isolated Web Co,0x7388fee0d000,0x10568a,00000000c530af7c,2.0,13309541697537.0,5056673.0
3676,Isolated Web Co,0x738900349000,0x122fca,00000000953423f4,13.0,13309543027530.0,1266643.0
3676,Isolated Web Co,0x73890035b000,0x129787,00000000953423f4,28.0,13309543804790.0,2043903.0
3676,Isolated Web Co,0x7388fee10000,0x105683,00000000c530af7c,15.0,13309547727034.0,524134.0
3676,Isolated Web Co,0x73890036d000,0x129781,00000000953423f4,44.0,13310147802812.0,2117087.0
3222,Privileged Cont,0x738900381000,0x12acca,00000000953423f4,63.0,13314099857025.0,382303.0
3222,Privileged Cont,0x73890034b000,0x122fca,00000000953423f4,13.0,13314101739318.0,577987.0
3222,Privileged Cont,0x738900376000,0x125526,00000000953423f4,60.0,13314101745790.0,584459.0
3222,Privileged Cont,0x738900372000,0x125526,00000000953423f4,60.0,13314101748132.0,586801.0
3222,Privileged Cont,0x738900383000,0x12acca,00000000953423f4,63.0,13314101771564.0,610233.0
3222,Privileged Cont,0x738900385000,0x10c732,00000000953423f4,64.0,13314179726982.0,593612.0
1752,pipewire-pulse,0x7029fd576000,0xb1aef,000000003f37ad45,0.0,13326602250545.0,93095.0
1752,pipewire-pulse,0x7029fd577000,0xc655c,000000003f37ad45,1.0,13326602254228.0,96778.0
1752,pipewire-pulse,0x7029fd578000,0xc655d,000000003f37ad45,2.0,13326602255086.0,97636.0
1752,pipewire-pulse,0x7029fd579000,0xc655e,000000003f37ad45,3.0,13326602255928.0,98478.0
1752,pipewire-pulse,0x7029fd57a000,0xc655f,000000003f37ad45,4.0,13326602256875.0,99425.0
1752,pipewire-pulse,0x7029fd57b000,0x78de4,000000003f37ad45,5.0,13326602257763.0,100313.0
1752,pipewire-pulse,0x7029fd57c000,0x78de5,000000003f37ad45,6.0,13326602258689.0,101239.0
1752,pipewire-pulse,0x7029fd57d000,0x78de6,000000003f37ad45,7.0,13326602259637.0,102187.0
1752,pipewire-pulse,0x7029fa781000,0xca839,000000000b56a881,1.0,13326602339308.0,181858.0
1752,pipewire-pulse,0x7029fa782000,0xca83a,000000000b56a881,2.0,13326602340261.0,182811.0
3676,Isolated Web Co,0x738900324000,0x124428,0000000007643c4d,31.0,13452240258857.0,378711.0
3676,Isolated Web Co,0x73890032a000,0x124428,0000000007643c4d,31.0,13467125394891.0,43159.0
3676,Isolated Web Co,0x738900357000,0x945cd,00000000953423f4,28.0,13473701122091.0,39788.0
3676,Isolated Web Co,0x73890031e000,0x11e119,0000000007643c4d,19.0,13483425549076.0,9930925.0
3029,update-notifier,0x6294f3e19000,0x10d6e3,000000003454c90c,15.0,13484393360587.0,2094607.0
3676,Isolated Web Co,0x73890032b000,0x124622,0000000007643c4d,22.0,13487218661456.0,39453.0
3676,Isolated Web Co,0x738900325000,0x12c8f1,0000000007643c4d,31.0,13487450993475.0,9538.0
3676,Isolated Web Co,0x73890031b000,0x11cf69,0000000007643c4d,16.0,13493480145347.0,306110.0
3676,Isolated Web Co,0x738900325000,0x12c8f1,0000000007643c4d,31.0,13493559343902.0,43298.0
3676,Isolated Web Co,0x73890034a000,0x116f88,00000000953423f4,0.0,13493623208933.0,39389.0
3676,Isolated Web Co,0x738900346000,0x12526a,00000000953423f4,7.0,13493625357357.0,501113.0
3676,Isolated Web Co,0x73890036e000,0x12fdab,00000000953423f4,33.0,13493627319450.0,39975.0
3676,Isolated Web Co,0x738900348000,0x12526a,00000000953423f4,7.0,13493627326752.0,47277.0
3676,Isolated Web Co,0x738900347000,0x12526a,00000000953423f4,7.0,13493630280612.0,40971.0
3676,Isolated Web Co,0x738900370000,0x11a16c,00000000953423f4,58.0,13493630286813.0,47172.0
3676,Isolated Web Co,0x738900353000,0x116287,00000000953423f4,27.0,13493631033181.0,39299.0
3676,Isolated Web Co,0x73890036b000,0x12e0cd,00000000953423f4,43.0,13493631039251.0,45369.0
3676,Isolated Web Co,0x73890036a000,0x12e0cd,00000000953423f4,43.0,13493632923406.0,79430.0
3676,Isolated Web Co,0x738900357000,0x116287,00000000953423f4,27.0,13493635355417.0,41717.0
1397,upowerd,0x713271a48000,0x1195f2,000000001de1f2ba,48.0,13497079383805.0,930745.0
2271,gsd-housekeepin,0x55585acb5000,0xbdb50,00000000f275917a,9.0,13517454893490.0,401827.0
3676,Isolated Web Co,0x73890031c000,0xb06b3,0000000007643c4d,17.0,13530164460528.0,628845.0
3676,Isolated Web Co,0x73890031b000,0x10d599,0000000007643c4d,19.0,13539811160012.0,336789.0
3676,Isolated Web Co,0x738900348000,0x126910,00000000953423f4,15.0,13558903385255.0,102534.0
3676,Isolated Web Co,0x73890035e000,0x11ecc3,00000000953423f4,26.0,13558907594104.0,144506.0
3676,Isolated Web Co,0x738900347000,0x126910,00000000953423f4,15.0,13558908795657.0,50231.0
3676,Isolated Web Co,0x73890037d000,0x12f2ed,00000000953423f4,60.0,13558909945528.0,63842.0
3676,Isolated Web Co,0x738900370000,0x12f2ed,00000000953423f4,60.0,13558910889363.0,1007677.0
3676,Isolated Web Co,0x738900357000,0x11751b,00000000953423f4,27.0,13558913739942.0,134244.0
3676,Isolated Web Co,0x738900324000,0x11d471,0000000007643c4d,31.0,13565494613547.0,43668.0
3676,Isolated Web Co,0x73890031d000,0x12c364,0000000007643c4d,16.0,13565548794329.0,67843.0
2271,gsd-housekeepin,0x55585acb5000,0x107ee2,00000000f275917a,9.0,13577662343236.0,2291862.0
3676,Isolated Web Co,0x73890031c000,0xc4192,0000000007643c4d,18.0,13594890581037.0,41044.0
3676,Isolated Web Co,0x73890031d000,0xc4192,0000000007643c4d,18.0,13594999812156.0,39582.0
3676,Isolated Web Co,0x73890032b000,0x12ec80,0000000007643c4d,22.0,13595381049722.0,43192.0
3676,Isolated Web Co,0x738900325000,0x905e8,0000000007643c4d,31.0,13595528286190.0,42872.0
3676,Isolated Web Co,0x73890034a000,0x12855d,00000000953423f4,0.0,13606996777627.0,64136.0
3676,Isolated Web Co,0x738900346000,0x1206e6,00000000953423f4,7.0,13606998213297.0,39632.0
3676,Isolated Web Co,0x73890036e000,0x1302ee,00000000953423f4,33.0,13607006925414.0,3191206.0
3676,Isolated Web Co,0x738900348000,0x1206e6,00000000953423f4,7.0,13607012653071.0,41091.0
3676,Isolated Web Co,0x738900347000,0x1206e6,00000000953423f4,7.0,13607014158648.0,80675.0
3676,Isolated Web Co,0x738900370000,0x12164f,00000000953423f4,58.0,13607025085472.0,85601.0
3676,Isolated Web Co,0x738900353000,0x113646,00000000953423f4,27.0,13607025459346.0,38875.0
3676,Isolated Web Co,0x73890036b000,0x115c6c,00000000953423f4,43.0,13607033722897.0,40704.0
3676,Isolated Web Co,0x73890036a000,0x115c6c,00000000953423f4,43.0,13607034872165.0,57269.0
3676,Isolated Web Co,0x738900357000,0x113646,00000000953423f4,27.0,13607035363125.0,43389.0
1397,upowerd,0x713271a48000,0x12e9e3,000000001de1f2ba,48.0,13617217976396.0,1179216.0
2271,gsd-housekeepin,0x55585acb5000,0x1182fd,00000000f275917a,9.0,13637444756228.0,254657.0
3222,Privileged Cont,0x73890031e000,0xacab0,0000000007643c4d,16.0,13647626110310.0,40989.0
3222,Privileged Cont,0x73890033b000,0x123eb9,0000000007643c4d,50.0,13647637720521.0,37651.0
3222,Privileged Cont,0x738900316000,0x11c846,0000000007643c4d,18.0,13647638363633.0,55050.0
3222,Privileged Cont,0x738900319000,0x11c846,0000000007643c4d,18.0,13647644500537.0,45705.0
3222,Privileged Cont,0x73890031b000,0x11c846,0000000007643c4d,18.0,13647673783631.0,40169.0
3222,Privileged Cont,0x73890032c000,0x12adee,0000000007643c4d,22.0,13647694904333.0,39228.0
3222,Privileged Cont,0x73890033d000,0x123eb9,0000000007643c4d,50.0,13648004744598.0,37206.0
3222,Privileged Cont,0x73890033a000,0x123eb9,0000000007643c4d,50.0,13648005174698.0,84284.0
3222,Privileged Cont,0x738900318000,0x11c846,0000000007643c4d,18.0,13648008642474.0,37035.0
3222,Privileged Cont,0x738900340000,0x1182fb,0000000007643c4d,53.0,13648023750283.0,39770.0
3222,Privileged Cont,0x738900325000,0x116b34,0000000007643c4d,32.0,13648026351366.0,36904.0
3222,Privileged Cont,0x738900339000,0x123eb9,0000000007643c4d,50.0,13648176205366.0,55679.0
3222,Privileged Cont,0x738900315000,0x11c846,0000000007643c4d,18.0,13648181800716.0,59835.0
3222,Privileged Cont,0x738900317000,0x11c846,0000000007643c4d,18.0,13648183182781.0,37575.0
3222,Privileged Cont,0x73890033f000,0x123eb9,0000000007643c4d,50.0,13648195852571.0,37161.0
3222,Privileged Cont,0x73890031d000,0x12e2d9,0000000007643c4d,19.0,13649734290720.0,37412.0
3222,Privileged Cont,0x738900324000,0x116b34,0000000007643c4d,32.0,13649954797106.0,37482.0
3222,Privileged Cont,0x75621a01f000,0x12b2fd,000000000ce5619a,30.0,13650194171890.0,40271.0
3222,Privileged Cont,0x75621a01d000,0x1264ac,000000000ce5619a,31.0,13650195654042.0,38747.0
3222,Privileged Cont,0x75621a031000,0x11a8f2,000000000ce5619a,50.0,13650327013207.0,177606.0
3222,Privileged Cont,0x73890032b000,0x116b34,0000000007643c4d,32.0,13650796348829.0,39603.0
3029,update-notifier,0x6294f3e19000,0xca10e,000000003454c90c,15.0,13664403894360.0,27257926.0
3676,Isolated Web Co,0x73890031c000,0x12f636,0000000007643c4d,18.0,13925275282136.0,43170.0
3676,Isolated Web Co,0x738900325000,0x122e72,0000000007643c4d,31.0,13926018496572.0,278691.0
3676,Isolated Web Co,0x73890034a000,0x11b0f3,00000000953423f4,0.0,13932224352149.0,196116.0
3676,Isolated Web Co,0x738900346000,0x12cfa7,00000000953423f4,7.0,13932225314945.0,90281.0
3676,Isolated Web Co,0x73890036e000,0x12bfe8,00000000953423f4,33.0,13932226062394.0,101800.0
3676,Isolated Web Co,0x738900348000,0x12cfa7,00000000953423f4,7.0,13932226435284.0,474690.0
3676,Isolated Web Co,0x738900347000,0x12cfa7,00000000953423f4,7.0,13932227172172.0,234734.0
3676,Isolated Web Co,0x738900370000,0x127692,00000000953423f4,58.0,13932227738024.0,104933.0
3676,Isolated Web Co,0x738900353000,0x11d32b,00000000953423f4,27.0,13932228115436.0,40156.0
3676,Isolated Web Co,0x73890036b000,0x1215ec,00000000953423f4,43.0,13932229027836.0,587240.0
3676,Isolated Web Co,0x73890036a000,0x1215ec,00000000953423f4,43.0,13932229435349.0,348900.0
3676,Isolated Web Co,0x738900357000,0x11d32b,00000000953423f4,27.0,13932229875731.0,389110.0
2271,gsd-housekeepin,0x55585acb5000,0x12a870,00000000f275917a,9.0,13937453913926.0,489259.0
3676,Isolated Web Co,0x73890034a000,0x129123,00000000953423f4,0.0,13942003256742.0,473761.0
3676,Isolated Web Co,0x738900346000,0x129122,00000000953423f4,7.0,13942004704026.0,1921045.0
3676,Isolated Web Co,0x73890036e000,0x129121,00000000953423f4,33.0,13942006811287.0,97047.0
3676,Isolated Web Co,0x738900348000,0x129122,00000000953423f4,7.0,13942008712317.0,1531568.0
3676,Isolated Web Co,0x738900347000,0x129122,00000000953423f4,7.0,13942010850300.0,3669551.0
3676,Isolated Web Co,0x738900370000,0x12c0d5,00000000953423f4,58.0,13942011229413.0,4048664.0
3676,Isolated Web Co,0x738900353000,0x130815,00000000953423f4,27.0,13942012671761.0,5491012.0
3676,Isolated Web Co,0x73890036b000,0x126623,00000000953423f4,43.0,13942014831865.0,7651116.0
3676,Isolated Web Co,0x73890036a000,0x126623,00000000953423f4,43.0,13942014841732.0,7660983.0
3676,Isolated Web Co,0x738900357000,0x130815,00000000953423f4,27.0,13942015872912.0,8692163.0
1397,upowerd,0x713271a48000,0x11b53e,000000001de1f2ba,48.0,13947566811932.0,422614.0
3676,Isolated Web Co,0x73890034a000,0x12f58b,00000000953423f4,0.0,13953166705618.0,380732.0
3676,Isolated Web Co,0x738900346000,0x11c7d0,00000000953423f4,7.0,13953166973019.0,180330.0
3676,Isolated Web Co,0x73890036e000,0x12df51,00000000953423f4,33.0,13953167486895.0,38345.0
3676,Isolated Web Co,0x738900348000,0x11c7d0,00000000953423f4,7.0,13953173352584.0,1789039.0
3676,Isolated Web Co,0x738900347000,0x11c7d0,00000000953423f4,7.0,13953192181728.0,159577.0
3676,Isolated Web Co,0x738900370000,0x108efa,00000000953423f4,58.0,13953193417628.0,54830.0
3676,Isolated Web Co,0x738900353000,0x12d696,00000000953423f4,27.0,13953193988273.0,475328.0
3676,Isolated Web Co,0x73890036b000,0x120f8a,00000000953423f4,43.0,13953194882171.0,186465.0
3676,Isolated Web Co,0x73890036a000,0x120f8a,00000000953423f4,43.0,13953195319819.0,624113.0
3676,Isolated Web Co,0x738900357000,0x12d696,00000000953423f4,27.0,13953197297973.0,37022.0
3676,Isolated Web Co,0x73890031c000,0x11bc12,0000000007643c4d,17.0,13975754271862.0,540022.0
3676,Isolated Web Co,0x73890031b000,0x11bc12,0000000007643c4d,17.0,13975831710392.0,316278.0
3676,Isolated Web Co,0x73890034a000,0x126dc1,00000000953423f4,0.0,13975854928113.0,864655.0
3676,Isolated Web Co,0x738900346000,0x12c774,00000000953423f4,7.0,13975855764991.0,1701533.0
3676,Isolated Web Co,0x73890036e000,0x130c39,00000000953423f4,33.0,13975856169347.0,2105889.0
3676,Isolated Web Co,0x738900348000,0x12c774,00000000953423f4,7.0,13975856634333.0,2570875.0
3676,Isolated Web Co,0x738900347000,0x12c774,00000000953423f4,7.0,13975857211643.0,3148185.0
3676,Isolated Web Co,0x738900370000,0x11a0fe,00000000953423f4,58.0,13975858162418.0,4098960.0
3676,Isolated Web Co,0x738900353000,0x11a7b4,00000000953423f4,27.0,13975858167373.0,4103915.0
3676,Isolated Web Co,0x73890036b000,0x12d158,00000000953423f4,43.0,13975859197161.0,5133703.0
3676,Isolated Web Co,0x73890036a000,0x12d158,00000000953423f4,43.0,13975859201966.0,5138508.0
3676,Isolated Web Co,0x738900357000,0x11a7b4,00000000953423f4,27.0,13975859203443.0,5139985.0
3676,Isolated Web Co,0x73890034a000,0x119f9d,00000000953423f4,0.0,13980559196904.0,43433.0
3676,Isolated Web Co,0x738900346000,0x10e6aa,00000000953423f4,7.0,13980560674727.0,46758.0
3676,Isolated Web Co,0x73890036e000,0x11485a,00000000953423f4,33.0,13980561286840.0,658871.0
3676,Isolated Web Co,0x738900348000,0x10e6aa,00000000953423f4,7.0,13980562331999.0,361892.0
3676,Isolated Web Co,0x738900347000,0x10e6aa,00000000953423f4,7.0,13980563172142.0,41974.0
3676,Isolated Web Co,0x738900370000,0x10aef6,00000000953423f4,58.0,13980564472071.0,340133.0
3676,Isolated Web Co,0x738900353000,0x10d4d0,00000000953423f4,27.0,13980566643506.0,41334.0
3676,Isolated Web Co,0x73890036b000,0x11484b,00000000953423f4,43.0,13980566647042.0,44870.0
3676,Isolated Web Co,0x73890036a000,0x11484b,00000000953423f4,43.0,13980567364781.0,36429.0
3676,Isolated Web Co,0x738900357000,0x10d4d0,00000000953423f4,27.0,13980567367422.0,39070.0
3676,Isolated Web Co,0x73890031c000,0x1229a4,0000000007643c4d,17.0,13986029255972.0,229992.0
2271,gsd-housekeepin,0x55585acb5000,0x12467a,00000000f275917a,9.0,13997448682550.0,5570791.0
3676,Isolated Web Co,0x73890032b000,0x10f074,0000000007643c4d,24.0,14005523956954.0,57578.0
615,avahi-daemon,0x7a2b5d1de000,0x11f1da,000000006cf98a42,8.0,14013245878628.0,688819.0
3676,Isolated Web Co,0x73890034a000,0xd27fa,00000000953423f4,0.0,14015208767588.0,45604.0
3676,Isolated Web Co,0x738900346000,0xd27fe,00000000953423f4,7.0,14015211954016.0,41745.0
3676,Isolated Web Co,0x73890036e000,0xd27ff,00000000953423f4,33.0,14015211963473.0,51202.0
3676,Isolated Web Co,0x738900348000,0xd27fe,00000000953423f4,7.0,14015211965989.0,53718.0
3676,Isolated Web Co,0x738900347000,0xd27fe,00000000953423f4,7.0,14015217386147.0,44523.0
3676,Isolated Web Co,0x738900370000,0x40098,00000000953423f4,58.0,14015217394925.0,53301.0
3676,Isolated Web Co,0x738900353000,0xc3638,00000000953423f4,27.0,14015217397180.0,55556.0
3676,Isolated Web Co,0x73890036b000,0xc3636,00000000953423f4,43.0,14015217399564.0,57940.0
3676,Isolated Web Co,0x73890036a000,0xc3636,00000000953423f4,43.0,14015217401321.0,59697.0
3676,Isolated Web Co,0x738900357000,0xc3638,00000000953423f4,27.0,14015217403656.0,62032.0
3029,update-notifier,0x6294f3e19000,0x12d696,000000003454c90c,15.0,14024394190393.0,41444.0
3676,Isolated Web Co,0x73890034a000,0x12292b,00000000953423f4,0.0,14040678623007.0,110601.0
3676,Isolated Web Co,0x738900346000,0x12f1a2,00000000953423f4,7.0,14040680638083.0,129074.0
3676,Isolated Web Co,0x73890036e000,0x12fee6,00000000953423f4,33.0,14040681925171.0,419863.0
3676,Isolated Web Co,0x738900348000,0x12f1a2,00000000953423f4,7.0,14040683013035.0,39666.0
3676,Isolated Web Co,0x738900347000,0x12f1a2,00000000953423f4,7.0,14040684678066.0,882233.0
3676,Isolated Web Co,0x738900370000,0x1238ff,00000000953423f4,58.0,14040686791963.0,513067.0
3676,Isolated Web Co,0x738900353000,0x11e947,00000000953423f4,27.0,14040687107215.0,828319.0
2271,gsd-housekeepin,0x55585acb5000,0x11ac51,00000000f275917a,9.0,14057453888865.0,405279.0
2271,gsd-housekeepin,0x55585acb5000,0x124569,00000000f275917a,9.0,14117444420083.0,41216.0
3222,Privileged Cont,0x73890032c000,0x12436d,0000000007643c4d,31.0,14123424789484.0,37638.0
1397,upowerd,0x713271a48000,0x12e495,000000001de1f2ba,48.0,14158648085739.0,10630999.0
2271,gsd-housekeepin,0x55585acb5000,0x11948b,00000000f275917a,9.0,14178937841237.0,43421.0
3029,update-notifier,0x6294f3e19000,0x129445,000000003454c90c,15.0,14204404490594.0,70512391.0
1397,upowerd,0x713271a48000,0x4f552,000000001de1f2ba,48.0,14549252815185.0,38252.0
2271,gsd-housekeepin,0x55585acb5000,0x116d3c,00000000f275917a,9.0,14549444682005.0,47255.0
3029,update-notifier,0x6294f3e19000,0x113e9f,000000003454c90c,15.0,14564953933218.0,4722122.0
3192,Privileged Cont,0x7fdc200a6000,0x6b657,0000000036873d73,1.0,14564953933218.0,109158.383792
3026,firefox,0x7c2c37403000,0x77f6f,00000000eae0729e,2.0,14569976171654.0,114180.622228
3026,firefox,0x7c2c37404000,0x77f6e,00000000eae0729e,3.0,14569976183491.0,114180.634065
3134,Renderer,0x7c2c37400000,0x77f6d,00000000eae0729e,4.0,14569998083104.0,114202.533678
3134,Renderer,0x7c2c37401000,0x77f6d,00000000eae0729e,4.0,14569998097187.0,114202.547761
3134,Renderer,0x7c2c37405000,0x77f6d,00000000eae0729e,4.0,14569998100713.0,114202.551287
3134,Renderer,0x7c2c37406000,0x77f69,00000000eae0729e,5.0,14569998102874.0,114202.553448
3134,Renderer,0x7c2c37407000,0x77f68,00000000eae0729e,6.0,14569998105147.0,114202.555721
1860,pipewire-pulse,0x7132a8de6000,0x8094d,0000000045597d4b,0.0,14574023281379.0,118227.731953
1860,pipewire-pulse,0x7132a8de7000,0x8094e,0000000045597d4b,1.0,14574023297457.0,118227.748031
1860,pipewire-pulse,0x7132a8de8000,0x8094f,0000000045597d4b,2.0,14574023315934.0,118227.766508
1860,pipewire-pulse,0x7132a8de9000,0x80950,0000000045597d4b,3.0,14574023324772.0,118227.775346
1860,pipewire-pulse,0x7132a8dea000,0x80951,0000000045597d4b,4.0,14574023332526.0,118227.7831
1860,pipewire-pulse,0x7132a8deb000,0x80952,0000000045597d4b,5.0,14574023340124.0,118227.790698
1860,pipewire-pulse,0x7132a8dec000,0x80953,0000000045597d4b,6.0,14574023348062.0,118227.798636
1860,pipewire-pulse,0x7132a8ded000,0x80954,0000000045597d4b,7.0,14574023355810.0,118227.806384
1860,pipewire-pulse,0x7132a82ca000,0x80957,0000000080f329b6,0.0,14574025403195.0,118229.853769
1860,pipewire-pulse,0x7132a82cb000,0x80958,0000000080f329b6,1.0,14574025412186.0,118229.86276
1860,pipewire-pulse,0x7132a82cc000,0x80959,0000000080f329b6,2.0,14574025421303.0,118229.871877
1860,pipewire-pulse,0x7132a82cd000,0x8095a,0000000080f329b6,3.0,14574025429312.0,118229.879886
1860,pipewire-pulse,0x7132a82ce000,0x8095b,0000000080f329b6,4.0,14574025437232.0,118229.887806
1860,pipewire-pulse,0x7132a82cf000,0x8095c,0000000080f329b6,5.0,14574025445038.0,118229.895612
1860,pipewire-pulse,0x7132a82d1000,0x8095e,0000000080f329b6,7.0,14574025460325.0,118229.910899
1860,pipewire-pulse,0x7132a8de6000,0x81752,0000000045597d4b,0.0,14575090602225.0,119295.052799
1860,pipewire-pulse,0x7132a8de7000,0x81753,0000000045597d4b,1.0,14575090619420.0,119295.069994
1860,pipewire-pulse,0x7132a8de8000,0x81754,0000000045597d4b,2.0,14575090628991.0,119295.079565
1860,pipewire-pulse,0x7132a8de9000,0x81755,0000000045597d4b,3.0,14575090637979.0,119295.088553
1860,pipewire-pulse,0x7132a8dea000,0x81756,0000000045597d4b,4.0,14575090647028.0,119295.097602
1860,pipewire-pulse,0x7132a8deb000,0x81757,0000000045597d4b,5.0,14575090656101.0,119295.106675
1860,pipewire-pulse,0x7132a8dec000,0x81758,0000000045597d4b,6.0,14575090666372.0,119295.116946
1860,pipewire-pulse,0x7132a8ded000,0x81759,0000000045597d4b,7.0,14575090674883.0,119295.125457
1860,pipewire-pulse,0x7132a82ca000,0x8175b,00000000e9524516,0.0,14575091615940.0,119296.066514
1860,pipewire-pulse,0x7132a82cb000,0x8175c,00000000e9524516,1.0,14575091627993.0,119296.078567
1860,pipewire-pulse,0x7132a82cc000,0x8175d,00000000e9524516,2.0,14575091636983.0,119296.087557
1860,pipewire-pulse,0x7132a82cd000,0x8175e,00000000e9524516,3.0,14575091644626.0,119296.0952
1860,pipewire-pulse,0x7132a82ce000,0x8175f,00000000e9524516,4.0,14575091660430.0,119296.111004
1860,pipewire-pulse,0x7132a82cf000,0x81760,00000000e9524516,5.0,14575091669445.0,119296.120019
1860,pipewire-pulse,0x7132a82d1000,0x81762,00000000e9524516,7.0,14575091684147.0,119296.134721
1860,pipewire-pulse,0x7132a8de6000,0x835b5,0000000050567dbc,0.0,14576467609478.0,120672.060052
1860,pipewire-pulse,0x7132a8de7000,0x835b1,0000000050567dbc,1.0,14576467612525.0,120672.063099
1860,pipewire-pulse,0x7132a8de8000,0x835b0,0000000050567dbc,2.0,14576467613679.0,120672.064253
1860,pipewire-pulse,0x7132a8de9000,0x835af,0000000050567dbc,3.0,14576467614583.0,120672.065157
1860,pipewire-pulse,0x7132a8dea000,0x835ad,0000000050567dbc,4.0,14576467615473.0,120672.066047
1860,pipewire-pulse,0x7132a8deb000,0x835ac,0000000050567dbc,5.0,14576467616329.0,120672.066903
1860,pipewire-pulse,0x7132a8dec000,0x835ab,0000000050567dbc,6.0,14576467617340.0,120672.067914
1860,pipewire-pulse,0x7132a8ded000,0x835aa,0000000050567dbc,7.0,14576467618275.0,120672.068849
1860,pipewire-pulse,0x7132a82ca000,0x835a8,00000000c86936ee,0.0,14576467946179.0,120672.396753
1860,pipewire-pulse,0x7132a82cb000,0x835a6,00000000c86936ee,1.0,14576467948034.0,120672.398608
1860,pipewire-pulse,0x7132a82cc000,0x835a5,00000000c86936ee,2.0,14576467949004.0,120672.399578
1860,pipewire-pulse,0x7132a82cd000,0x835a4,00000000c86936ee,3.0,14576467949932.0,120672.400506
1860,pipewire-pulse,0x7132a82ce000,0x835a2,00000000c86936ee,4.0,14576467951028.0,120672.401602
1860,pipewire-pulse,0x7132a82cf000,0x835a1,00000000c86936ee,5.0,14576467951948.0,120672.402522
1860,pipewire-pulse,0x7132a82d1000,0x8359f,00000000c86936ee,7.0,14576467953567.0,120672.404141
3026,firefox,0x7c2c3561b000,0x66830,00000000772cb97a,7.0,14578456384230.0,122660.834804
3026,firefox,0x7c2c3561b000,0x84978,000000008616112e,7.0,14578461794012.0,122666.244586
3026,firefox,0x7c2c3df01000,0x875c0,000000001a005aad,7.0,14580443342895.0,124647.793469
3026,firefox,0x7c2c3df01000,0x8760e,00000000968c6e9a,7.0,14580451186055.0,124655.636629
3026,firefox,0x7c2c3561b000,0x88b23,0000000035ab9521,7.0,14580951122363.0,125155.572937
3026,firefox,0x7c2c3561b000,0x88e31,000000008019aa8e,7.0,14580996629146.0,125201.07972
3026,firefox,0x7c2c3561b000,0x88e3c,000000008dd5dbf9,7.0,14580997788109.0,125202.238683
3026,firefox,0x7c2c3561b000,0x87b9a,0000000033f8653a,7.0,14581106866547.0,125311.317121
3026,firefox,0x7c2c3561b000,0x88ec7,0000000047a0bb1d,7.0,14581128458708.0,125332.909282
3026,firefox,0x7c2c3561b000,0x7fd96,00000000afadf046,7.0,14581195799161.0,125400.249735
3026,firefox,0x7c2c3561b000,0x84364,00000000285f74da,7.0,14581197439004.0,125401.889578
3026,firefox,0x7c2c28b90000,0x8b9eb,0000000028198c23,160.0,14581906216909.0,126110.667483
3026,firefox,0x7c2c34413000,0x8c20c,000000007fe1ed32,7.0,14581923741016.0,126128.19159
3026,firefox,0x7c2c35613000,0x8c5df,00000000830480ee,7.0,14582112265791.0,126316.716365
3026,firefox,0x7c2c35613000,0x8c5e7,00000000b14eb0b1,7.0,14582121297416.0,126325.74799
3026,firefox,0x7c2c3df09000,0x8dd99,0000000018342984,7.0,14582445977030.0,126650.427604
3026,firefox,0x7c2c3df09000,0x8dda1,000000001a7d5db1,7.0,14582446838677.0,126651.289251
3026,firefox,0x7c2c3df09000,0x8f0ac,000000006ec5cb5f,7.0,14582823620777.0,127028.071351
3026,firefox,0x7c2c3df09000,0x8f0b8,000000002698ae22,7.0,14582827836159.0,127032.286733
1860,pipewire-pulse,0x7132a82c1000,0x6a9a4,000000004e501224,0.0,14585812669063.0,130017.119637
1860,pipewire-pulse,0x7132a82c2000,0x68ce3,000000004e501224,1.0,14585812677930.0,130017.128504
1860,pipewire-pulse,0x7132a82c3000,0x6a9c5,000000004e501224,2.0,14585812679935.0,130017.130509
1860,pipewire-pulse,0x7132a82c4000,0x6a989,000000004e501224,3.0,14585812681729.0,130017.132303
1860,pipewire-pulse,0x7132a82c5000,0x6a954,000000004e501224,4.0,14585812683435.0,130017.134009
1860,pipewire-pulse,0x7132a82c6000,0x6ac1d,000000004e501224,5.0,14585812685309.0,130017.135883
1860,pipewire-pulse,0x7132a82c7000,0x6abbf,000000004e501224,6.0,14585812687133.0,130017.137707
1860,pipewire-pulse,0x7132a82c8000,0x6acb4,000000004e501224,7.0,14585812688949.0,130017.139523
1860,pipewire-pulse,0x7132a82b8000,0x6ac6b,000000002f874360,0.0,14585812764448.0,130017.215022
1860,pipewire-pulse,0x7132a82b9000,0x84912,000000002f874360,1.0,14585812766535.0,130017.217109
1860,pipewire-pulse,0x7132a82ba000,0x84913,000000002f874360,2.0,14585812768341.0,130017.218915
1860,pipewire-pulse,0x7132a82bb000,0x84914,000000002f874360,3.0,14585812769436.0,130017.22001
1860,pipewire-pulse,0x7132a82bc000,0x84915,000000002f874360,4.0,14585812770343.0,130017.220917
1860,pipewire-pulse,0x7132a82bd000,0x8491b,000000002f874360,5.0,14585812771205.0,130017.221779
1860,pipewire-pulse,0x7132a82be000,0x84916,000000002f874360,6.0,14585812772209.0,130017.222783
1860,pipewire-pulse,0x7132a82bf000,0x84918,000000002f874360,7.0,14585812773162.0,130017.223736
1860,pipewire-pulse,0x7132a82c1000,0x76d29,00000000b1753fb5,0.0,14587008638611.0,131213.089185
1860,pipewire-pulse,0x7132a82c2000,0x76d26,00000000b1753fb5,1.0,14587008640869.0,131213.091443
1860,pipewire-pulse,0x7132a82c3000,0x76d27,00000000b1753fb5,2.0,14587008641819.0,131213.092393
1860,pipewire-pulse,0x7132a82c4000,0x76d24,00000000b1753fb5,3.0,14587008642684.0,131213.093258
1860,pipewire-pulse,0x7132a82c5000,0x76d25,00000000b1753fb5,4.0,14587008643502.0,131213.094076
1860,pipewire-pulse,0x7132a82c6000,0x76d22,00000000b1753fb5,5.0,14587008644379.0,131213.094953
1860,pipewire-pulse,0x7132a82c7000,0x76d23,00000000b1753fb5,6.0,14587008645353.0,131213.095927
1860,pipewire-pulse,0x7132a82c8000,0x76d20,00000000b1753fb5,7.0,14587008646260.0,131213.096834
1860,pipewire-pulse,0x7132a82b8000,0x76d1e,00000000cf5a4894,0.0,14587008674128.0,131213.124702
1860,pipewire-pulse,0x7132a82b9000,0x76d1f,00000000cf5a4894,1.0,14587008675058.0,131213.125632
1860,pipewire-pulse,0x7132a82ba000,0x76d1d,00000000cf5a4894,2.0,14587008675911.0,131213.126485
1860,pipewire-pulse,0x7132a82bb000,0x76d1b,00000000cf5a4894,3.0,14587008676801.0,131213.127375
1860,pipewire-pulse,0x7132a82bc000,0x76d1c,00000000cf5a4894,4.0,14587008677675.0,131213.128249
1860,pipewire-pulse,0x7132a82bd000,0x76d18,00000000cf5a4894,5.0,14587008678557.0,131213.129131
1860,pipewire-pulse,0x7132a82be000,0x76d19,00000000cf5a4894,6.0,14587008679405.0,131213.129979
1860,pipewire-pulse,0x7132a82bf000,0x76d15,00000000cf5a4894,7.0,14587008680267.0,131213.130841
1500,upowerd,0x7766c91df000,0x7c1f4,0000000018d9f899,48.0,14617197831727.0,686651.0
3803,Utility Process,0x7fdc31388000,0xc13ab,000000009a6d5020,1.0,14617876018400.0,115733.0
3803,Utility Process,0x7fdc30ef4000,0xc5a67,000000000c3c6971,1.0,14617988345705.0,80066.0
3803,Utility Process,0x7fdc73b42000,0xc567b,0000000058ec21de,41.0,14618132557221.0,85425.0
2334,gsd-housekeepin,0x5ec033399000,0x63f1e,0000000037ce107b,9.0,14620811036338.0,782779.0
3026,firefox,0x7c2c5e4d2000,0x11f1cd,00000000d4cc55e6,352.0,14622877338313.0,3071665.0
2334,gsd-housekeepin,0x7d964b180000,0x15cc,0000000021401416,10.0,14625744758871.0,1103552.0
3811,Isolated Web Co,0x7fdc204d1000,0x125b24,0000000095e6344b,139.0,14700651602948.0,3876229.0
3811,Isolated Web Co,0x7fdc204d2000,0x125b23,0000000095e6344b,140.0,14700651620109.0,3893390.0
3811,Isolated Web Co,0x7fdc204d3000,0x125b22,0000000095e6344b,141.0,14700651622647.0,3895928.0
3811,Isolated Web Co,0x7fdc31388000,0x51ef6,000000009a6d5020,1.0,14738270851922.0,91411.0
3811,Isolated Web Co,0x7fdc1fc31000,0x115955,00000000772cb97a,7.0,14756212218750.0,900110.0
3811,Isolated Web Co,0x7fdc204f0000,0xa1679,0000000095e6344b,180.0,14756270972964.0,27542052.0
3811,Isolated Web Co,0x7fdc204f1000,0xa1679,0000000095e6344b,180.0,14756272096203.0,28665291.0
3811,Isolated Web Co,0x7fdc204f2000,0xa1679,0000000095e6344b,180.0,14756273192863.0,442885.0
3811,Isolated Web Co,0x7fdc204f3000,0xa1679,0000000095e6344b,180.0,14756273661195.0,45896.0
3811,Isolated Web Co,0x7fdc204f4000,0xa1679,0000000095e6344b,180.0,14756273668166.0,52867.0
3811,Isolated Web Co,0x7fdc204f5000,0xa1679,0000000095e6344b,180.0,14756274797807.0,727120.0
3811,Isolated Web Co,0x7fdc204f6000,0xa1679,0000000095e6344b,180.0,14756274806425.0,735738.0
3811,Isolated Web Co,0x7fdc204f7000,0xa1679,0000000095e6344b,180.0,14756275424455.0,44171.0
3811,Isolated Web Co,0x7fdc204f8000,0xa1679,0000000095e6344b,180.0,14756275928565.0,548281.0
3811,Isolated Web Co,0x7fdc204fa000,0xa1679,0000000095e6344b,180.0,14756303859689.0,796309.0
3811,Isolated Web Co,0x7fdc204fb000,0x129ab1,0000000095e6344b,181.0,14756304152776.0,1089396.0
3026,firefox,0x7c2c4860a000,0x12a1a2,000000007e3d530e,7.0,14756333876179.0,5931234.0
3811,Isolated Web Co,0x7fdc20501000,0x10d244,0000000095e6344b,201.0,14756794658289.0,45289246.0
3811,Isolated Web Co,0x7fdc204fc000,0x129ab0,0000000095e6344b,182.0,14758814836611.0,47425960.0
3811,Isolated Web Co,0x7fdc1aa8e000,0xfc5d,00000000bc82fa08,4751.0,14759074626846.0,20482773.0
3811,Isolated Web Co,0x7fdc15ef8000,0x92dc2,0000000028198c23,160.0,14759479837876.0,197527670.0
3811,Isolated Web Co,0x7fdc30ef4000,0x5d98b,000000000c3c6971,1.0,14776223742886.0,140897.0
3026,firefox,0x7c2c49742000,0x29a1,000000001f8d039c,10.0,14784291969398.0,113999950.0
3106,Socket Thread,0x7c2c5e4d2000,0x55383,00000000d4cc55e6,352.0,14788057276407.0,228.388588
4614,systemd-timedat,0x78abd5a2d000,0x11608c,00000000aec1959e,6.0,14800249337106.0,4278974.0
3026,firefox,0x7c2c49742000,0x12c542,000000001f8d039c,10.0,14841755050529.0,6911816.0
2245,gnome-shell,0x7662140b3000,0x10979b,0000000081879478,39.0,16583550748267.0,5278737.0
3404,DOM Worker,0x7c2c487ab000,0xbd06b,00000000cffbe0c3,32.0,18106244423547.0,563323.0
3404,DOM Worker,0x7c2c487a9000,0x122ea3,00000000cffbe0c3,35.0,18106245803538.0,400035.0
2245,gnome-shell,0x766209815000,0x3d56a,0000000090f3dbfd,7.0,18111906977934.0,2653178.0
2245,gnome-shell,0x76620992c000,0x4569f,0000000016214f93,7.0,18111934527588.0,432150.0
3811,Isolated Web Co,0x7fdc1fd67000,0x4cd69,00000000fe8976fc,0.0,18112106741117.0,48491.0
2245,gnome-shell,0x7661fbf93000,0x368ae,0000000047bada3d,7.0,18112507370495.0,377117.0
8358,pool-NetworkMan,0x7540af9e5000,0x4d36e,0000000017f282bb,2.0,18112570290598.0,493349.0
3026,firefox,0x7c2c49737000,0xd84c,00000000bf1a2d58,10.0,20579633732160.0,807.731395
1096,cupsd,0x5eb7598eb000,0xbc6c5,00000000bb2a7b4e,117.0,21505841402547.0,7252.069379
2245,gnome-shell,0x766209815000,0x59951,0000000090f3dbfd,7.0,21756105740893.0,4823350.0
2245,gnome-shell,0x7662140b3000,0x9ea13,0000000081879478,39.0,21756315327127.0,4928473.0
3026,firefox,0x7c2a44a47000,0x1236ce,00000000f7e4ddd5,79.0,21791364375587.0,1219094.0
3026,firefox,0x7c2a44a48000,0x1236ce,00000000f7e4ddd5,79.0,21791365101374.0,1944881.0
3026,firefox,0x7c2a44a49000,0x1236ce,00000000f7e4ddd5,79.0,21791365721497.0,2565004.0
3026,firefox,0x7c2a44a4a000,0x1236ce,00000000f7e4ddd5,79.0,21791366134347.0,52444.0
3026,firefox,0x7c2a44a4b000,0x1236ce,00000000f7e4ddd5,79.0,21791367148418.0,326012.0
3026,firefox,0x7c2a44a4c000,0x1236ce,00000000f7e4ddd5,79.0,21791367865347.0,1042941.0
3026,firefox,0x7c2a44a4d000,0x1236ce,00000000f7e4ddd5,79.0,21791368907710.0,398733.0
3026,firefox,0x7c2a44a4e000,0x1236ce,00000000f7e4ddd5,79.0,21791369270654.0,761677.0
3026,firefox,0x7c2a44a37000,0x11c56e,00000000f7e4ddd5,60.0,21791370466978.0,1958001.0
3026,firefox,0x7c2a44a38000,0x11c56e,00000000f7e4ddd5,60.0,21791370870635.0,2361658.0
3026,firefox,0x7c2a44a39000,0x11c56e,00000000f7e4ddd5,60.0,21791371224049.0,2715072.0
3026,firefox,0x7c2a44a3a000,0x11c56e,00000000f7e4ddd5,60.0,21791371227370.0,2718393.0
3026,firefox,0x7c2a44a3b000,0x11c56e,00000000f7e4ddd5,60.0,21791371701648.0,3192671.0
3026,firefox,0x7c2a44a45000,0x1236ce,00000000f7e4ddd5,79.0,21791371994584.0,3485607.0
3026,firefox,0x7c2a44a46000,0x1236ce,00000000f7e4ddd5,79.0,21791372384660.0,329720.0
3026,firefox,0x7c2a44a1c000,0xbe06c,00000000f7e4ddd5,31.0,21791372928919.0,40762.0
3026,firefox,0x7c2a44a21000,0x125823,00000000f7e4ddd5,32.0,21791374226372.0,52753.0
3026,firefox,0x7c2a44a22000,0x12dd7d,00000000f7e4ddd5,33.0,21791374232975.0,59356.0
3026,firefox,0x7c2a44a23000,0x11db82,00000000f7e4ddd5,34.0,21791374234269.0,60650.0
3026,firefox,0x7c2a44a24000,0x11db83,00000000f7e4ddd5,35.0,21791374235348.0,61729.0
3026,firefox,0x7c2a44a25000,0x12169e,00000000f7e4ddd5,36.0,21791374718803.0,72868.0
3026,firefox,0x7c2a44a26000,0x11c8f7,00000000f7e4ddd5,37.0,21791374721369.0,75434.0
3026,firefox,0x7c2a44a27000,0x12ae94,00000000f7e4ddd5,38.0,21791374723115.0,77180.0
3026,firefox,0x7c2a44a28000,0x12ae95,00000000f7e4ddd5,39.0,21791374724683.0,78748.0
3026,firefox,0x7c2a44a29000,0x123f06,00000000f7e4ddd5,40.0,21791374726585.0,80650.0
3026,firefox,0x7c2a44a2a000,0x122e76,00000000f7e4ddd5,41.0,21791374727691.0,81756.0
3026,firefox,0x7c2a44a2b000,0x123f07,00000000f7e4ddd5,42.0,21791374728839.0,82904.0
3026,firefox,0x7c2a44a2c000,0x11e7fc,00000000f7e4ddd5,43.0,21791375187690.0,40084.0
3026,firefox,0x7c2a44a2d000,0x12981f,00000000f7e4ddd5,44.0,21791375190055.0,42449.0
3026,firefox,0x7c2a44a2e000,0x1171d0,00000000f7e4ddd5,45.0,21791375191456.0,43850.0
3026,firefox,0x7c2a44a2f000,0x11e7fd,00000000f7e4ddd5,46.0,21791375192706.0,45100.0
3026,firefox,0x7c2a44a30000,0x11c56e,00000000f7e4ddd5,60.0,21791375864058.0,3961.0
3026,firefox,0x7c2a44a31000,0x11c56e,00000000f7e4ddd5,60.0,21791375866810.0,6713.0
3026,firefox,0x7c2a44a32000,0x11c56e,00000000f7e4ddd5,60.0,21791375876663.0,16566.0
3026,firefox,0x7c2a44a33000,0x11c56e,00000000f7e4ddd5,60.0,21791375878081.0,17984.0
3026,firefox,0x7c2a44a34000,0x11c56e,00000000f7e4ddd5,60.0,21791375879243.0,19146.0
3026,firefox,0x7c2a44a35000,0x11c56e,00000000f7e4ddd5,60.0,21791375880411.0,20314.0
3026,firefox,0x7c2a44a36000,0x11c56e,00000000f7e4ddd5,60.0,21791375881651.0,21554.0
3026,firefox,0x7c2a44a00000,0x11c419,00000000f7e4ddd5,10.0,21791377268781.0,42143.0
3026,firefox,0x7c2a44a0b000,0x11c419,00000000f7e4ddd5,10.0,21791380558204.0,40807.0
3026,firefox,0x7c2a44a0c000,0x11fae5,00000000f7e4ddd5,11.0,21791380863965.0,37537.0
3026,firefox,0x7c2a44a0d000,0x12f432,00000000f7e4ddd5,12.0,21791381372775.0,37007.0
3026,firefox,0x7c2a44a0e000,0x12e272,00000000f7e4ddd5,13.0,21791381774576.0,438808.0
3026,firefox,0x7c2a44a0f000,0x12b61a,00000000f7e4ddd5,14.0,21791382174543.0,326182.0
3026,firefox,0x7c2a44a10000,0xbe06c,00000000f7e4ddd5,31.0,21791382177098.0,328737.0
3026,firefox,0x7c2a44a11000,0xbe06c,00000000f7e4ddd5,31.0,21791382910799.0,47892.0
3026,firefox,0x7c2a44a12000,0xbe06c,00000000f7e4ddd5,31.0,21791384144502.0,66052.0
3026,firefox,0x7c2a44a13000,0xbe06c,00000000f7e4ddd5,31.0,21791384909440.0,50242.0
3026,firefox,0x7c2a44a14000,0xbe06c,00000000f7e4ddd5,31.0,21791385275334.0,416136.0
3026,firefox,0x7c2a44a15000,0xbe06c,00000000f7e4ddd5,31.0,21791385863635.0,524836.0
3026,firefox,0x7c2a44a16000,0xbe06c,00000000f7e4ddd5,31.0,21791385867118.0,528319.0
3026,firefox,0x7c2a44a17000,0xbe06c,00000000f7e4ddd5,31.0,21791386332789.0,345778.0
3026,firefox,0x7c2a44a18000,0xbe06c,00000000f7e4ddd5,31.0,21791386335961.0,348950.0
3026,firefox,0x7c2a44a19000,0xbe06c,00000000f7e4ddd5,31.0,21791386337157.0,350146.0
3026,firefox,0x7c2a44a1a000,0xbe06c,00000000f7e4ddd5,31.0,21791386338432.0,351421.0
3026,firefox,0x7c2a44a1b000,0xbe06c,00000000f7e4ddd5,31.0,21791386339609.0,352598.0
3026,firefox,0x7c2a44a3f000,0x11c56e,00000000f7e4ddd5,60.0,21791386788865.0,398796.0
3026,firefox,0x7c2a44a43000,0x1236ce,00000000f7e4ddd5,79.0,21791387291409.0,38462.0
3026,firefox,0x7c2a44a40000,0x1236ce,00000000f7e4ddd5,79.0,21791387747601.0,38284.0
3026,firefox,0x7c2a44a44000,0x1236ce,00000000f7e4ddd5,79.0,21791387776240.0,66923.0
3134,Renderer,0x7c2c37401000,0x1118d0,00000000eae0729e,0.0,21791502916411.0,118343.0
3134,Renderer,0x7c2c37402000,0x1118d1,00000000eae0729e,1.0,21791503475121.0,337618.0
3134,Renderer,0x7c2c37403000,0x11d3f0,00000000eae0729e,2.0,21791504115722.0,46040.0
3134,Renderer,0x7c2c37404000,0x1305b4,00000000eae0729e,3.0,21791504824330.0,57768.0
3134,Renderer,0x7c2c37405000,0x12e74f,00000000eae0729e,4.0,21791504830578.0,64016.0
3134,Renderer,0x7c2c37406000,0x121642,00000000eae0729e,5.0,21791504832240.0,65678.0
3134,Renderer,0x7c2c37407000,0x121643,00000000eae0729e,6.0,21791504833875.0,67313.0
3192,Privileged Cont,0x7c2a44a42000,0x1236ce,00000000f7e4ddd5,79.0,21792265950224.0,445175.0
3192,Privileged Cont,0x7c2a44a41000,0x1236ce,00000000f7e4ddd5,79.0,21792266986991.0,344938.0
3819,Isolated Web Co,0x7fdc1fd5d000,0x11b7c6,0000000029b73686,0.0,21794728588989.0,696840.0
3811,Isolated Web Co,0x7fdc20446000,0xbd545,0000000095e6344b,0.0,21794956250786.0,46059.0
3811,Isolated Web Co,0x7fdc2048b000,0x10c94c,0000000095e6344b,69.0,21794957293192.0,55607.0
3811,Isolated Web Co,0x7fdc20401000,0x119f64,000000000fe86852,0.0,21795017014880.0,67345.0
3811,Isolated Web Co,0x7fdc1fd65000,0x119f78,000000006fe906e6,0.0,21795019937208.0,97470.0
3811,Isolated Web Co,0x7fdc1fd63000,0x116097,00000000df352e1c,0.0,21795025018038.0,146058.0
3811,Isolated Web Co,0x7fdc20448000,0x10c94a,0000000095e6344b,1.0,21795147924125.0,73633.0
3811,Isolated Web Co,0x7fdc20447000,0x10ddf6,0000000095e6344b,3.0,21795147932467.0,81975.0
3811,Isolated Web Co,0x7fdc204e2000,0x12af29,0000000095e6344b,156.0,21795149906777.0,52826.0
3026,firefox,0x7c2c4531a000,0x112a1d,000000009150b7fe,0.0,21795252671971.0,792322.0
3026,firefox,0x7c2c4531b000,0x112a1e,000000009150b7fe,1.0,21795252679984.0,800335.0
3026,firefox,0x7c2c4531c000,0x112a1f,000000009150b7fe,2.0,21795258811843.0,181242.0
3811,Isolated Web Co,0x7fdc1fd3f000,0x11ae3e,00000000236204aa,0.0,21795341247677.0,1146634.0
3811,Isolated Web Co,0x7fdc20401000,0x10f29b,00000000bb1a876f,0.0,21795349648063.0,638777.0
3811,Isolated Web Co,0x7fdc1fd65000,0x1271a1,00000000864f55cd,0.0,21795364773085.0,96372.0
3819,Isolated Web Co,0x7fdc1fd5f000,0x10c336,0000000029b73686,1.0,21795533824540.0,426762.0
3811,Isolated Web Co,0x7fdc20449000,0x10ddf6,0000000095e6344b,3.0,21795979996474.0,152153.0
3811,Isolated Web Co,0x7fdc2048d000,0x10c94e,0000000095e6344b,70.0,21795992922210.0,110003.0
3811,Isolated Web Co,0x7fdc204fd000,0x119d7a,0000000095e6344b,183.0,21796033254120.0,606161.0
3134,Renderer,0x7c2c2a5a5000,0x1158af,000000008e6b7c25,4.0,21796139337031.0,352486.0
3134,Renderer,0x7c2c2a5a6000,0x1158b2,000000008e6b7c25,5.0,21796139864570.0,475539.0
3134,Renderer,0x7c2c2a5a7000,0x1158b4,000000008e6b7c25,6.0,21796140418792.0,40661.0
3134,Renderer,0x7c2c2a5a8000,0x1158b6,000000008e6b7c25,7.0,21796140814857.0,436726.0
3134,Renderer,0x7c2c2a5a9000,0x1158b9,000000008e6b7c25,8.0,21796141396033.0,39436.0
3134,Renderer,0x7c2c2a5aa000,0x1158ba,000000008e6b7c25,9.0,21796141400601.0,44004.0
3134,Renderer,0x7c2c2a5ab000,0x1158bb,000000008e6b7c25,10.0,21796142070757.0,307887.0
3134,Renderer,0x7c2c2a5ac000,0x1158be,000000008e6b7c25,11.0,21796142074987.0,312117.0
3134,Renderer,0x7c2c2a5ad000,0x1158bf,000000008e6b7c25,12.0,21796142633172.0,507833.0
3134,Renderer,0x7c2c2a5ae000,0x10c3a1,000000008e6b7c25,13.0,21796142637478.0,512139.0
3134,Renderer,0x7c2c2a5af000,0x10c3a2,000000008e6b7c25,14.0,21796142639721.0,514382.0
3134,Renderer,0x7c2c2a5b1000,0x10c3a4,000000008e6b7c25,16.0,21796143257025.0,61762.0
3134,Renderer,0x7c2c2a5b2000,0x10c3a7,000000008e6b7c25,17.0,21796143262251.0,66988.0
3134,Renderer,0x7c2c2a5b3000,0x10c3a8,000000008e6b7c25,18.0,21796143264810.0,69547.0
3134,Renderer,0x7c2c2a5b4000,0x10c3a9,000000008e6b7c25,19.0,21796143266973.0,71710.0
3134,Renderer,0x7c2c2a5b5000,0x10c3aa,000000008e6b7c25,20.0,21796143975767.0,312440.0
3134,Renderer,0x7c2c2a5b6000,0x10c3ad,000000008e6b7c25,21.0,21796143979958.0,316631.0
3134,Renderer,0x7c2c2a5b7000,0x10c3ae,000000008e6b7c25,22.0,21796143982517.0,319190.0
3134,Renderer,0x7c2c2a5b8000,0x10c3af,000000008e6b7c25,23.0,21796143984501.0,321174.0
3134,Renderer,0x7c2c2a5b9000,0x10c3b0,000000008e6b7c25,24.0,21796143987115.0,323788.0
3134,Renderer,0x7c2c2a5ba000,0x10c3b1,000000008e6b7c25,25.0,21796143989131.0,325804.0
3134,Renderer,0x7c2c2a5bb000,0x10c3b2,000000008e6b7c25,26.0,21796143991720.0,328393.0
3134,Renderer,0x7c2c2a5bc000,0x10c3b3,000000008e6b7c25,27.0,21796143993664.0,330337.0
3134,Renderer,0x7c2c2a5bd000,0x10c3b4,000000008e6b7c25,28.0,21796144455524.0,417380.0
3134,Renderer,0x7c2c2a5be000,0x10c3b6,000000008e6b7c25,29.0,21796144461136.0,422992.0
3134,Renderer,0x7c2c2a5bf000,0x10c3b7,000000008e6b7c25,30.0,21796144463454.0,425310.0
3134,Renderer,0x7c2c2a5c1000,0x10c3b9,000000008e6b7c25,32.0,21796144467711.0,429567.0
3134,Renderer,0x7c2c2a5c2000,0x10c3ba,000000008e6b7c25,33.0,21796144470000.0,431856.0
3134,Renderer,0x7c2c2a5c3000,0x10c3bb,000000008e6b7c25,34.0,21796144471957.0,433813.0
3134,Renderer,0x7c2c2a5c4000,0x10c3bc,000000008e6b7c25,35.0,21796144474530.0,436386.0
3134,Renderer,0x7c2c2a5c5000,0x10c3bd,000000008e6b7c25,36.0,21796145425997.0,1387853.0
3134,Renderer,0x7c2c2a5c6000,0x10c3be,000000008e6b7c25,37.0,21796145433058.0,1394914.0
3134,Renderer,0x7c2c2a5c7000,0x10c3bf,000000008e6b7c25,38.0,21796145435421.0,1397277.0
3134,Renderer,0x7c2c2a5c8000,0x10e080,000000008e6b7c25,39.0,21796145438204.0,1400060.0
3134,Renderer,0x7c2c2a5c9000,0x10e081,000000008e6b7c25,40.0,21796145440576.0,1402432.0
3134,Renderer,0x7c2c2a5ca000,0x10e082,000000008e6b7c25,41.0,21796145442645.0,1404501.0
3134,Renderer,0x7c2c2a5cb000,0x10e083,000000008e6b7c25,42.0,21796145444915.0,1406771.0
3134,Renderer,0x7c2c2a5cc000,0x10e084,000000008e6b7c25,43.0,21796145447031.0,1408887.0
3134,Renderer,0x7c2c2a5cd000,0x10e085,000000008e6b7c25,44.0,21796146135838.0,2097694.0
3134,Renderer,0x7c2c2a5ce000,0x10e086,000000008e6b7c25,45.0,21796146142988.0,2104844.0
3134,Renderer,0x7c2c2a5a0000,0x10c3a3,000000008e6b7c25,15.0,21796147571025.0,3532881.0
3134,Renderer,0x7c2c2a5a1000,0x10c3a3,000000008e6b7c25,15.0,21796148171743.0,4133599.0
3134,Renderer,0x7c2c2a5a2000,0x10c3a3,000000008e6b7c25,15.0,21796148177828.0,4139684.0
3134,Renderer,0x7c2c2a5a3000,0x10c3a3,000000008e6b7c25,15.0,21796148703060.0,4664916.0
3134,Renderer,0x7c2c3d24c000,0x10e095,0000000005dda469,4.0,21796149004431.0,4966287.0
3134,Renderer,0x7c2c3d24d000,0x10e096,0000000005dda469,5.0,21796149410998.0,336178.0
3134,Renderer,0x7c2c3d24e000,0x10e097,0000000005dda469,6.0,21796149414178.0,339358.0
3134,Renderer,0x7c2c3d24f000,0x10e098,0000000005dda469,7.0,21796149415467.0,340647.0
3134,Renderer,0x7c2c3d251000,0x10e09a,0000000005dda469,9.0,21796149872901.0,401739.0
3134,Renderer,0x7c2c3d252000,0x10e09c,0000000005dda469,10.0,21796149875970.0,404808.0
3134,Renderer,0x7c2c3d253000,0x10e09d,0000000005dda469,11.0,21796149877276.0,406114.0
3134,Renderer,0x7c2c3d254000,0x10e09e,0000000005dda469,12.0,21796149878546.0,407384.0
3134,Renderer,0x7c2c3d255000,0x10e09f,0000000005dda469,13.0,21796150148952.0,218271.0
3134,Renderer,0x7c2c3d256000,0x10fe21,0000000005dda469,14.0,21796150151826.0,221145.0
3134,Renderer,0x7c2c3d257000,0x10fe22,0000000005dda469,15.0,21796150153311.0,222630.0
3134,Renderer,0x7c2c3d258000,0x10fe23,0000000005dda469,16.0,21796150154577.0,223896.0
3134,Renderer,0x7c2c3d259000,0x10fe24,0000000005dda469,17.0,21796150155846.0,225165.0
3134,Renderer,0x7c2c3d25a000,0x10fe25,0000000005dda469,18.0,21796150157098.0,226417.0
3134,Renderer,0x7c2c3d25b000,0x10fe26,0000000005dda469,19.0,21796150158446.0,227765.0
3134,Renderer,0x7c2c3d25c000,0x10fe27,0000000005dda469,20.0,21796150159733.0,229052.0
3134,Renderer,0x7c2c3d25d000,0x10fe28,0000000005dda469,21.0,21796150771638.0,118416.0
3134,Renderer,0x7c2c3d25e000,0x10fe2a,0000000005dda469,22.0,21796151655575.0,1002353.0
3134,Renderer,0x7c2c3d25f000,0x117fbe,0000000005dda469,23.0,21796151660318.0,1007096.0
3134,Renderer,0x7c2c3d261000,0x1103cf,0000000005dda469,25.0,21796151998377.0,1345155.0
3134,Renderer,0x7c2c3d262000,0x1103d0,0000000005dda469,26.0,21796151999958.0,1346736.0
3134,Renderer,0x7c2c3d263000,0x1103d1,0000000005dda469,27.0,21796152001359.0,1348137.0
3134,Renderer,0x7c2c3d264000,0x1103d2,0000000005dda469,28.0,21796152880763.0,58673.0
3134,Renderer,0x7c2c3d265000,0x1103d3,0000000005dda469,29.0,21796152885214.0,63124.0
3134,Renderer,0x7c2c3d266000,0x1103d4,0000000005dda469,30.0,21796152887139.0,65049.0
3134,Renderer,0x7c2c3d267000,0x1103d5,0000000005dda469,31.0,21796152888670.0,66580.0
3134,Renderer,0x7c2c3d268000,0x1103d6,0000000005dda469,32.0,21796152890223.0,68133.0
3134,Renderer,0x7c2c3d269000,0x1103d7,0000000005dda469,33.0,21796152891640.0,69550.0
3134,Renderer,0x7c2c3d26a000,0x1103d8,0000000005dda469,34.0,21796152893391.0,71301.0
3134,Renderer,0x7c2c3d26b000,0x1103d9,0000000005dda469,35.0,21796152919314.0,97224.0
3134,Renderer,0x7c2c3d26c000,0x1103da,0000000005dda469,36.0,21796153293836.0,42248.0
3134,Renderer,0x7c2c3d26d000,0x1103df,0000000005dda469,37.0,21796153296979.0,45391.0
3134,Renderer,0x7c2c3d26e000,0x119560,0000000005dda469,38.0,21796153298463.0,46875.0
3134,Renderer,0x7c2c3d26f000,0x119561,0000000005dda469,39.0,21796153299799.0,48211.0
3134,Renderer,0x7c2c3d271000,0x119563,0000000005dda469,41.0,21796153302380.0,50792.0
3134,Renderer,0x7c2c3d272000,0x119564,0000000005dda469,42.0,21796153303638.0,52050.0
3134,Renderer,0x7c2c3d273000,0x119565,0000000005dda469,43.0,21796153305007.0,53419.0
3134,Renderer,0x7c2c3d274000,0x119566,0000000005dda469,44.0,21796153876294.0,624706.0
3134,Renderer,0x7c2c3d275000,0x119569,0000000005dda469,45.0,21796153881184.0,629596.0
3134,Renderer,0x7c2c3d247000,0x10fe22,0000000005dda469,15.0,21796153913314.0,661726.0
3134,Renderer,0x7c2c3d248000,0x10fe22,0000000005dda469,15.0,21796153915900.0,664312.0
3134,Renderer,0x7c2c3d249000,0x10fe22,0000000005dda469,15.0,21796153918644.0,667056.0
3134,Renderer,0x7c2c3d24a000,0x10fe22,0000000005dda469,15.0,21796153921600.0,670012.0
3134,Renderer,0x7c2c2a5d4000,0x119572,000000006a5bf5bc,4.0,21796154535953.0,76294.0
3134,Renderer,0x7c2c2a5d5000,0x119573,000000006a5bf5bc,5.0,21796154537662.0,78003.0
3134,Renderer,0x7c2c2a5d6000,0x119574,000000006a5bf5bc,6.0,21796154539005.0,79346.0
3134,Renderer,0x7c2c2a5d7000,0x119575,000000006a5bf5bc,7.0,21796154540187.0,80528.0
3134,Renderer,0x7c2c2a5d8000,0x119576,000000006a5bf5bc,8.0,21796155127528.0,409057.0
3134,Renderer,0x7c2c2a5d9000,0x11957b,000000006a5bf5bc,9.0,21796155131615.0,413144.0
3134,Renderer,0x7c2c2a5da000,0x11957c,000000006a5bf5bc,10.0,21796155133408.0,414937.0
3134,Renderer,0x7c2c2a5db000,0x11957d,000000006a5bf5bc,11.0,21796155135167.0,416696.0
3134,Renderer,0x7c2c2a5dc000,0x11957e,000000006a5bf5bc,12.0,21796155137031.0,418560.0
3134,Renderer,0x7c2c2a5dd000,0x11957f,000000006a5bf5bc,13.0,21796155138877.0,420406.0
3134,Renderer,0x7c2c2a5de000,0x10f520,000000006a5bf5bc,14.0,21796155140574.0,422103.0
3134,Renderer,0x7c2c2a5df000,0x10f521,000000006a5bf5bc,15.0,21796155142365.0,423894.0
3134,Renderer,0x7c2c2a5e1000,0x10f524,000000006a5bf5bc,17.0,21796155731122.0,160436.0
3134,Renderer,0x7c2c2a5e2000,0x10f525,000000006a5bf5bc,18.0,21796155732713.0,162027.0
3134,Renderer,0x7c2c2a5e3000,0x10f526,000000006a5bf5bc,19.0,21796155734061.0,163375.0
3134,Renderer,0x7c2c2a5e4000,0x10f527,000000006a5bf5bc,20.0,21796155735284.0,164598.0
3134,Renderer,0x7c2c2a5e5000,0x10f528,000000006a5bf5bc,21.0,21796155736568.0,165882.0
3134,Renderer,0x7c2c2a5e6000,0x10f529,000000006a5bf5bc,22.0,21796155737906.0,167220.0
3134,Renderer,0x7c2c2a5e7000,0x10f52a,000000006a5bf5bc,23.0,21796155739242.0,168556.0
3134,Renderer,0x7c2c2a5e8000,0x10f52b,000000006a5bf5bc,24.0,21796156220035.0,372940.0
3134,Renderer,0x7c2c2a5e9000,0x10f536,000000006a5bf5bc,25.0,21796156223540.0,376445.0
3134,Renderer,0x7c2c2a5ea000,0x10f537,000000006a5bf5bc,26.0,21796156225051.0,377956.0
3134,Renderer,0x7c2c2a5eb000,0x10f538,000000006a5bf5bc,27.0,21796156226390.0,379295.0
3134,Renderer,0x7c2c2a5ec000,0x10f539,000000006a5bf5bc,28.0,21796156227716.0,380621.0
3134,Renderer,0x7c2c2a5ed000,0x10f53a,000000006a5bf5bc,29.0,21796156229082.0,381987.0
3134,Renderer,0x7c2c2a5ee000,0x10f53b,000000006a5bf5bc,30.0,21796156230369.0,383274.0
3134,Renderer,0x7c2c2a5ef000,0x10f53c,000000006a5bf5bc,31.0,21796156231811.0,384716.0
3134,Renderer,0x7c2c2a5f1000,0x10cec0,000000006a5bf5bc,33.0,21796156560290.0,713195.0
3134,Renderer,0x7c2c2a5f2000,0x10cec1,000000006a5bf5bc,34.0,21796156561806.0,714711.0
3134,Renderer,0x7c2c2a5f3000,0x10cec2,000000006a5bf5bc,35.0,21796156563017.0,715922.0
3134,Renderer,0x7c2c2a5f4000,0x10cec3,000000006a5bf5bc,36.0,21796156564243.0,717148.0
3134,Renderer,0x7c2c2a5f5000,0x10cec4,000000006a5bf5bc,37.0,21796156565448.0,718353.0
3134,Renderer,0x7c2c2a5f6000,0x10cec5,000000006a5bf5bc,38.0,21796156566669.0,719574.0
3134,Renderer,0x7c2c2a5f7000,0x10cec6,000000006a5bf5bc,39.0,21796156567935.0,720840.0
3134,Renderer,0x7c2c2a5f8000,0x10cec7,000000006a5bf5bc,40.0,21796157525296.0,1678201.0
3134,Renderer,0x7c2c2a5f9000,0x10cec8,000000006a5bf5bc,41.0,21796157532935.0,1685840.0
3134,Renderer,0x7c2c2a5fa000,0x10cec9,000000006a5bf5bc,42.0,21796157534533.0,1687438.0
3134,Renderer,0x7c2c2a5fb000,0x10ceca,000000006a5bf5bc,43.0,21796157535943.0,1688848.0
3134,Renderer,0x7c2c2a5fc000,0x10cecb,000000006a5bf5bc,44.0,21796157537344.0,1690249.0
3134,Renderer,0x7c2c2a5fd000,0x10cecc,000000006a5bf5bc,45.0,21796157539159.0,1692064.0
3134,Renderer,0x7c2c2a5cf000,0x10f521,000000006a5bf5bc,15.0,21796158112582.0,2265487.0
3134,Renderer,0x7c2c2a5d0000,0x10f522,000000006a5bf5bc,16.0,21796158117859.0,2270764.0
3134,Renderer,0x7c2c2a5d1000,0x10f522,000000006a5bf5bc,16.0,21796158119408.0,2272313.0
3134,Renderer,0x7c2c2a5d2000,0x10f522,000000006a5bf5bc,16.0,21796158120947.0,2273852.0
3134,Renderer,0x7c2c44e01000,0x10ced6,00000000a5c1d095,0.0,21796158931421.0,3084326.0
3134,Renderer,0x7c2c44e02000,0x10ced2,00000000a5c1d095,1.0,21796159848261.0,24052.0
3134,Renderer,0x7c2c45b01000,0x1124a0,0000000036873d73,0.0,21796159862803.0,38594.0
3134,Renderer,0x7c2c45b02000,0x10ced5,0000000036873d73,1.0,21796159865620.0,41411.0
3134,Renderer,0x7c2c43824000,0x110ac9,00000000392f5611,0.0,21796166010942.0,158776.0
3134,Renderer,0x7c2c43822000,0x110acb,000000001af67ad3,0.0,21796166542210.0,690044.0
3134,Renderer,0x7c2c4380a000,0x110ad8,00000000852add0a,0.0,21796167528068.0,764270.0
3134,Renderer,0x7c2c28bcc000,0x113141,0000000045597d4b,4.0,21796168976199.0,106403.0
3134,Renderer,0x7c2c28bcd000,0x113143,0000000045597d4b,5.0,21796169406620.0,49741.0
3134,Renderer,0x7c2c28bce000,0x113146,0000000045597d4b,6.0,21796169940615.0,50919.0
3134,Renderer,0x7c2c28bcf000,0x113148,0000000045597d4b,7.0,21796170331719.0,442023.0
3134,Renderer,0x7c2c28bd1000,0x11314b,0000000045597d4b,9.0,21796170741728.0,852032.0
3134,Renderer,0x7c2c28bd2000,0x11314c,0000000045597d4b,10.0,21796171030606.0,1140910.0
3134,Renderer,0x7c2c28bd3000,0x11314e,0000000045597d4b,11.0,21796171035596.0,1145900.0
3134,Renderer,0x7c2c28bd4000,0x11314f,0000000045597d4b,12.0,21796171505085.0,406696.0
3134,Renderer,0x7c2c28bd5000,0x113150,0000000045597d4b,13.0,21796171509641.0,411252.0
3134,Renderer,0x7c2c28bd6000,0x113151,0000000045597d4b,14.0,21796171511670.0,413281.0
3134,Renderer,0x7c2c28bd7000,0x113152,0000000045597d4b,15.0,21796171513649.0,415260.0
3134,Renderer,0x7c2c28bd8000,0x113153,0000000045597d4b,16.0,21796171902777.0,41016.0
3134,Renderer,0x7c2c28bd9000,0x113156,0000000045597d4b,17.0,21796171907106.0,45345.0
3134,Renderer,0x7c2c28bda000,0x113157,0000000045597d4b,18.0,21796171909040.0,47279.0
3134,Renderer,0x7c2c28bdb000,0x113158,0000000045597d4b,19.0,21796171911174.0,49413.0
3134,Renderer,0x7c2c28bdc000,0x113159,0000000045597d4b,20.0,21796171913063.0,51302.0
3134,Renderer,0x7c2c28bdd000,0x11315a,0000000045597d4b,21.0,21796171915538.0,53777.0
3134,Renderer,0x7c2c28bde000,0x11315b,0000000045597d4b,22.0,21796171917799.0,56038.0
3134,Renderer,0x7c2c28bdf000,0x11315c,0000000045597d4b,23.0,21796171919969.0,58208.0
3134,Renderer,0x7c2c28be1000,0x116882,0000000045597d4b,25.0,21796173932960.0,343214.0
3134,Renderer,0x7c2c28be2000,0x116883,0000000045597d4b,26.0,21796173935402.0,345656.0
3134,Renderer,0x7c2c28be3000,0x116884,0000000045597d4b,27.0,21796173937678.0,347932.0
3134,Renderer,0x7c2c28be4000,0x116885,0000000045597d4b,28.0,21796173940042.0,350296.0
3134,Renderer,0x7c2c28be5000,0x116886,0000000045597d4b,29.0,21796173941924.0,352178.0
3134,Renderer,0x7c2c28be6000,0x116887,0000000045597d4b,30.0,21796173944271.0,354525.0
3134,Renderer,0x7c2c28be7000,0x116888,0000000045597d4b,31.0,21796173946227.0,356481.0
3134,Renderer,0x7c2c28be8000,0x116889,0000000045597d4b,32.0,21796175908693.0,556139.0
3134,Renderer,0x7c2c28be9000,0x11688f,0000000045597d4b,33.0,21796175914960.0,562406.0
3134,Renderer,0x7c2c28bea000,0x116890,0000000045597d4b,34.0,21796175917769.0,565215.0
3134,Renderer,0x7c2c28beb000,0x116891,0000000045597d4b,35.0,21796175919818.0,567264.0
3134,Renderer,0x7c2c28bec000,0x116892,0000000045597d4b,36.0,21796175922289.0,569735.0
3134,Renderer,0x7c2c28bed000,0x116893,0000000045597d4b,37.0,21796175924363.0,571809.0
3134,Renderer,0x7c2c28bee000,0x116894,0000000045597d4b,38.0,21796175926715.0,574161.0
3134,Renderer,0x7c2c28bef000,0x116895,0000000045597d4b,39.0,21796175929039.0,576485.0
3134,Renderer,0x7c2c28bf1000,0x11689e,0000000045597d4b,41.0,21796176446078.0,1093524.0
3134,Renderer,0x7c2c28bf2000,0x11689f,0000000045597d4b,42.0,21796176448412.0,1095858.0
3134,Renderer,0x7c2c28bf3000,0x119180,0000000045597d4b,43.0,21796176450937.0,1098383.0
3134,Renderer,0x7c2c28bf4000,0x119181,0000000045597d4b,44.0,21796176452865.0,1100311.0
3134,Renderer,0x7c2c28bf5000,0x119182,0000000045597d4b,45.0,21796176454909.0,1102355.0
3134,Renderer,0x7c2c28bc7000,0x113152,0000000045597d4b,15.0,21796176825473.0,1472919.0
3134,Renderer,0x7c2c28bc8000,0x113152,0000000045597d4b,15.0,21796176830287.0,1477733.0
3134,Renderer,0x7c2c28bc9000,0x113152,0000000045597d4b,15.0,21796176832636.0,1480082.0
3134,Renderer,0x7c2c28bca000,0x113152,0000000045597d4b,15.0,21796176835467.0,1482913.0
3134,Renderer,0x7c2c28bfb000,0x119197,00000000409856bf,4.0,21796177173950.0,1821396.0
3134,Renderer,0x7c2c28bfc000,0x119198,00000000409856bf,5.0,21796177175300.0,1822746.0
3134,Renderer,0x7c2c28bfd000,0x119199,00000000409856bf,6.0,21796177176761.0,1824207.0
3134,Renderer,0x7c2c28bfe000,0x11919a,00000000409856bf,7.0,21796177617836.0,2265282.0
3134,Renderer,0x7c2c28bff000,0x11919f,00000000409856bf,8.0,21796177620946.0,2268392.0
3134,Renderer,0x7c2c28c01000,0x1162a1,00000000409856bf,10.0,21796177623934.0,2271380.0
3134,Renderer,0x7c2c28c02000,0x1162a2,00000000409856bf,11.0,21796177625498.0,2272944.0
3192,Privileged Cont,0x7fdc20bf8000,0xbd038,00000000cffbe0c3,53.0,21796462533298.0,503918.0
3192,Privileged Cont,0x7fdc20bfe000,0xbd038,00000000cffbe0c3,53.0,21796463178455.0,65210.0
3192,Privileged Cont,0x7fdc204c5000,0x10feff,0000000095e6344b,127.0,21796631165898.0,1078369.0
3192,Privileged Cont,0x7fdc204c6000,0x110880,0000000095e6344b,128.0,21796631176826.0,1089297.0
3192,Privileged Cont,0x7fdc204c7000,0x110881,0000000095e6344b,129.0,21796631426760.0,1339231.0
3192,Privileged Cont,0x7fdc204c8000,0x110882,0000000095e6344b,130.0,21796631431676.0,1344147.0
3192,Privileged Cont,0x7fdc204c9000,0x110883,0000000095e6344b,131.0,21796631928858.0,1841329.0
3192,Privileged Cont,0x7fdc204ca000,0x110884,0000000095e6344b,132.0,21796631959990.0,1872461.0
3192,Privileged Cont,0x7fdc204cb000,0x110885,0000000095e6344b,133.0,21796631963288.0,1875759.0
3192,Privileged Cont,0x7fdc204cc000,0x110886,0000000095e6344b,134.0,21796631965702.0,1878173.0
3192,Privileged Cont,0x7fdc2046c000,0x118930,0000000095e6344b,38.0,21796632332313.0,2244784.0
3192,Privileged Cont,0x7fdc2046d000,0x11088d,0000000095e6344b,39.0,21796632337272.0,2249743.0
3192,Privileged Cont,0x7fdc2046e000,0x11088e,0000000095e6344b,40.0,21796632338761.0,2251232.0
3026,firefox,0x7c2c4349b000,0x111eec,0000000058dd5e72,0.0,21796979391689.0,107726.0
3819,Isolated Web Co,0x7c2a44a3d000,0x12a666,00000000f7e4ddd5,63.0,21797085685896.0,81763.0
3819,Isolated Web Co,0x7c2a44a3e000,0x12a666,00000000f7e4ddd5,63.0,21797085691712.0,87579.0
3819,Isolated Web Co,0x7c2a44a01000,0x12b61b,00000000f7e4ddd5,15.0,21797589030587.0,99729.0
3819,Isolated Web Co,0x7c2a44a02000,0x12b61b,00000000f7e4ddd5,15.0,21797589037782.0,106924.0
3819,Isolated Web Co,0x7c2a44a03000,0x12b61b,00000000f7e4ddd5,15.0,21797589040048.0,109190.0
3819,Isolated Web Co,0x7c2a44a04000,0x12b61b,00000000f7e4ddd5,15.0,21797589783354.0,852496.0
3819,Isolated Web Co,0x7c2a44a05000,0x12b61b,00000000f7e4ddd5,15.0,21797589792195.0,861337.0
3819,Isolated Web Co,0x7c2a44a06000,0x12b61b,00000000f7e4ddd5,15.0,21797589795260.0,864402.0
3819,Isolated Web Co,0x7c2a44a07000,0x12b61b,00000000f7e4ddd5,15.0,21797589796698.0,865840.0
3819,Isolated Web Co,0x7c2a44a08000,0x12b61b,00000000f7e4ddd5,15.0,21797589798754.0,867896.0
3819,Isolated Web Co,0x7c2a44a09000,0x12b61b,00000000f7e4ddd5,15.0,21797589802334.0,871476.0
3026,firefox,0x7c2c4422e000,0x67e51,000000003dee44ed,0.0,21798086205256.0,407383.0
3026,firefox,0x7c2c4422f000,0x67e52,000000003dee44ed,1.0,21798086208593.0,410720.0
3026,firefox,0x7c2c44231000,0x67e54,000000003dee44ed,3.0,21798086214285.0,416412.0
3026,firefox,0x7c2c4827e000,0x90989,000000000fe86852,2.0,21801043842531.0,27188.0
3026,firefox,0x7c2c4827f000,0x9098a,000000000fe86852,3.0,21801043844610.0,29267.0
3026,firefox,0x7c2c28bf4000,0x84af1,00000000f3d3496f,0.0,21801551493681.0,945470.0
3026,firefox,0x7c2c28bf5000,0x84af0,00000000f3d3496f,1.0,21801551504300.0,956089.0
3026,firefox,0x7c2c28bf6000,0x84aef,00000000f3d3496f,2.0,21801551507518.0,959307.0
3026,firefox,0x7c2c28bf7000,0x84aee,00000000f3d3496f,3.0,21801551510208.0,961997.0
3026,firefox,0x7c2c28bf9000,0x84aec,00000000f3d3496f,5.0,21801551515092.0,966881.0
3026,firefox,0x7c2c28bfa000,0x84aeb,00000000f3d3496f,6.0,21801551517844.0,969633.0
3026,firefox,0x7c2c28bfc000,0x84ae9,00000000f3d3496f,8.0,21801551522041.0,973830.0
3026,firefox,0x7c2c28bfd000,0x84ae8,00000000f3d3496f,9.0,21801551524653.0,976442.0
3026,firefox,0x7c2c28bff000,0x84ae6,00000000f3d3496f,11.0,21801551528940.0,980729.0
3026,firefox,0x7c2c28c03000,0x84ae2,00000000f3d3496f,15.0,21801551536476.0,988265.0
3026,firefox,0x7c2c28c06000,0x84adf,00000000f3d3496f,18.0,21801551542251.0,994040.0
3026,firefox,0x7c2c28c09000,0x84adc,00000000f3d3496f,21.0,21801551547258.0,999047.0
3026,firefox,0x7c2c28c0c000,0x84ad9,00000000f3d3496f,24.0,21801551551835.0,1003624.0
3026,firefox,0x7c2c28c0f000,0x84ad6,00000000f3d3496f,27.0,21801551556346.0,1008135.0
3026,firefox,0x7c2c28c16000,0x84acf,00000000f3d3496f,34.0,21801551568276.0,1020065.0
3026,firefox,0x7c2c28c19000,0x84acc,00000000f3d3496f,37.0,21801551572800.0,1024589.0
3026,firefox,0x7c2c28c1c000,0x84ac9,00000000f3d3496f,40.0,21801551577632.0,1029421.0
3026,firefox,0x7c2c28c1f000,0x84ac6,00000000f3d3496f,43.0,21801551582363.0,1034152.0
3026,firefox,0x7c2c28c2f000,0x84ab6,00000000f3d3496f,59.0,21801551605025.0,1056814.0
3026,firefox,0x7c2c28c6b000,0x84a7a,00000000f3d3496f,119.0,21801551691747.0,1143536.0
3026,firefox,0x7c2c28c7e000,0x84a67,00000000f3d3496f,138.0,21801551719834.0,1171623.0
3026,firefox,0x7c2c28c81000,0x84a64,00000000f3d3496f,141.0,21801551724496.0,1176285.0
3026,firefox,0x7c2c28c84000,0x84a61,00000000f3d3496f,144.0,21801551729047.0,1180836.0
3026,firefox,0x7c2c28c8e000,0x84a57,00000000f3d3496f,154.0,21801551744551.0,1196340.0
3026,firefox,0x7c2c28c91000,0x84a54,00000000f3d3496f,157.0,21801551749165.0,1200954.0
3026,firefox,0x7c2c28c94000,0x84a51,00000000f3d3496f,160.0,21801551753671.0,1205460.0
3026,firefox,0x7c2c28c97000,0x84a4e,00000000f3d3496f,163.0,21801551758330.0,1210119.0
3026,firefox,0x7c2c28c9a000,0x84a4b,00000000f3d3496f,166.0,21801551763277.0,1215066.0
3026,firefox,0x7c2c28c9d000,0x84a48,00000000f3d3496f,169.0,21801551767778.0,1219567.0
3026,firefox,0x7c2c28c9e000,0x84a47,00000000f3d3496f,170.0,21801551769613.0,1221402.0
3026,firefox,0x7c2c28ca1000,0x84a44,00000000f3d3496f,173.0,21801551774674.0,1226463.0
3026,firefox,0x7c2c28ca4000,0x84a41,00000000f3d3496f,176.0,21801551779664.0,1231453.0
3026,firefox,0x7c2c28ca7000,0x84a3e,00000000f3d3496f,179.0,21801551784469.0,1236258.0
3026,firefox,0x7c2c28caa000,0x84a3b,00000000f3d3496f,182.0,21801551789513.0,1241302.0
3026,firefox,0x7c2c28cab000,0x84a3a,00000000f3d3496f,183.0,21801551791337.0,1243126.0
3026,firefox,0x7c2c28cad000,0x84a38,00000000f3d3496f,185.0,21801551796111.0,1247900.0
3026,firefox,0x7c2c28cae000,0x84a37,00000000f3d3496f,186.0,21801551797978.0,1249767.0
3026,firefox,0x7c2c28cb1000,0x84a34,00000000f3d3496f,189.0,21801551804821.0,1256610.0
3026,firefox,0x7c2c48277000,0x43ccf,00000000e7960f78,1.0,21801579664714.0,142954.0
3026,firefox,0x7c2c48278000,0x43cce,00000000e7960f78,2.0,21801579667861.0,146101.0
3026,firefox,0x7c2c48279000,0x43ccd,00000000e7960f78,3.0,21801579669699.0,147939.0
3026,firefox,0x7c2c4827a000,0x43ccc,00000000e7960f78,4.0,21801579906633.0,384873.0
3026,firefox,0x7c2c48275000,0x43ccb,00000000e7960f78,5.0,21801580071413.0,549653.0
3026,firefox,0x7c2c4349c000,0x118f6a,0000000058dd5e72,1.0,21858755144825.0,6236233.0
3026,firefox,0x7c2c10be9000,0x3588f,00000000a04b70f7,0.0,21865787588017.0,54563483.0
3026,firefox,0x7c2c10bea000,0x3588e,00000000a04b70f7,1.0,21865787590831.0,54566297.0
3026,firefox,0x7c2c10beb000,0x3588d,00000000a04b70f7,2.0,21865787592569.0,54568035.0
3026,firefox,0x7c2c10bed000,0x3588b,00000000a04b70f7,4.0,21865787596505.0,54571971.0
3026,firefox,0x7c2c10bee000,0x3588a,00000000a04b70f7,5.0,21865787598133.0,54573599.0
3026,firefox,0x7c2c10bf1000,0x35887,00000000a04b70f7,8.0,21865787602619.0,54578085.0
3026,firefox,0x7c2c10bf3000,0x35885,00000000a04b70f7,10.0,21865787605316.0,54580782.0
3026,firefox,0x7c2c10bf4000,0x35884,00000000a04b70f7,11.0,21865787606871.0,54582337.0
3026,firefox,0x7c2c10bf6000,0x35882,00000000a04b70f7,13.0,21865787609482.0,54584948.0
3026,firefox,0x7c2c10bf9000,0x3d67f,00000000a04b70f7,16.0,21865787615230.0,54590696.0
3026,firefox,0x7c2c10bfc000,0x3d67c,00000000a04b70f7,19.0,21865787618865.0,54594331.0
3026,firefox,0x7c2c10bff000,0x3d679,00000000a04b70f7,22.0,21865787622399.0,54597865.0
3026,firefox,0x7c2c10c02000,0x3d676,00000000a04b70f7,25.0,21865787626522.0,54601988.0
3026,firefox,0x7c2c10c05000,0x3d673,00000000a04b70f7,28.0,21865787630277.0,54605743.0
3026,firefox,0x7c2c10c16000,0x3ef62,00000000a04b70f7,45.0,21865787648694.0,54624160.0
3026,firefox,0x7c2c10c19000,0x86aef,00000000a04b70f7,48.0,21865787653575.0,54629041.0
3026,firefox,0x7c2c10c47000,0x98827,00000000a04b70f7,94.0,21865787707371.0,54682837.0
3026,firefox,0x7c2c10c4a000,0x98824,00000000a04b70f7,97.0,21865787710907.0,54686373.0
3026,firefox,0x7c2c10c5b000,0x61a29,00000000a04b70f7,114.0,21865787731716.0,54707182.0
3026,firefox,0x7c2c10c5e000,0x61a2c,00000000a04b70f7,117.0,21865787735534.0,54711000.0
3026,firefox,0x7c2c10c61000,0x61a2f,00000000a04b70f7,120.0,21865787739521.0,54714987.0
3026,firefox,0x7c2c10c64000,0x81eb2,00000000a04b70f7,123.0,21865787743009.0,54718475.0
3026,firefox,0x7c2c10c67000,0x81eb5,00000000a04b70f7,126.0,21865787746687.0,54722153.0
3026,firefox,0x7c2c10c6a000,0x81eb8,00000000a04b70f7,129.0,21865787750482.0,54725948.0
3026,firefox,0x7c2c10c6c000,0x81eba,00000000a04b70f7,131.0,21865787753359.0,54728825.0
3026,firefox,0x7c2c10c6d000,0x81ebb,00000000a04b70f7,132.0,21865787755149.0,54730615.0
3026,firefox,0x7c2c10c6f000,0x81ebd,00000000a04b70f7,134.0,21865787757728.0,54733194.0
3026,firefox,0x7c2c10c72000,0x8ce50,00000000a04b70f7,137.0,21865787762044.0,54737510.0
3026,firefox,0x7c2c10c73000,0x8ce51,00000000a04b70f7,138.0,21865787763461.0,54738927.0
3026,firefox,0x7c2c10c75000,0x8ce53,00000000a04b70f7,140.0,21865787767467.0,54742933.0
3026,firefox,0x7c2c10c76000,0x8ce54,00000000a04b70f7,141.0,21865787769307.0,54744773.0
3026,firefox,0x7c2c10c77000,0x8ce55,00000000a04b70f7,142.0,21865787770947.0,54746413.0
3026,firefox,0x7c2c10c78000,0x8ce56,00000000a04b70f7,143.0,21865787772974.0,54748440.0
3026,firefox,0x7c2c10c79000,0x8ce57,00000000a04b70f7,144.0,21865787776149.0,54751615.0
3026,firefox,0x7c2c49742000,0x983c6,000000001f8d039c,10.0,21905178729600.0,166300.0
3192,Privileged Cont,0x7fdc20bdb000,0xbd079,00000000cffbe0c3,18.0,21919618072302.0,38618.0
3026,firefox,0x7c2c487a2000,0x121dd0,00000000cffbe0c3,36.0,21926707759711.0,46928.0
3811,Isolated Web Co,0x7fdc20448000,0x10c94a,0000000095e6344b,1.0,21930896890089.0,122214443.0
3811,Isolated Web Co,0x7fdc20447000,0x11503a,0000000095e6344b,3.0,21931341442548.0,417308.0
3811,Isolated Web Co,0x7fdc2048b000,0x11ad30,0000000095e6344b,69.0,21935975763394.0,52302.0
3811,Isolated Web Co,0x7fdc204e2000,0x1303c0,0000000095e6344b,156.0,21936560119411.0,148436.0
3192,Privileged Cont,0x7fdc20bd9000,0x130936,00000000cffbe0c3,15.0,21946453663517.0,73104346.0
3192,Privileged Cont,0x7c2a44a1e000,0xbe05d,00000000f7e4ddd5,29.0,21954535835043.0,40848.0
3192,Privileged Cont,0x7c2a44a1f000,0x12e6f8,00000000f7e4ddd5,30.0,21954537201932.0,37724.0
3192,Privileged Cont,0x7c2a44a29000,0x119e88,00000000f7e4ddd5,45.0,21955396306946.0,325470.0
3192,Privileged Cont,0x7c2a44a47000,0x1135a5,00000000f7e4ddd5,69.0,21955397213308.0,306729.0
3192,Privileged Cont,0x7c2a44a49000,0x11bf70,00000000f7e4ddd5,71.0,21955405059031.0,38282.0
3192,Privileged Cont,0x7c2a44a4a000,0x11baad,00000000f7e4ddd5,73.0,21955405775319.0,63597.0
3192,Privileged Cont,0x7c2a44a4c000,0x12e6d4,00000000f7e4ddd5,74.0,21955406204560.0,41722.0
3192,Privileged Cont,0x7c2a44a4e000,0x121b11,00000000f7e4ddd5,76.0,21955406434102.0,187879.0
3192,Privileged Cont,0x7c2a44a37000,0x12103d,00000000f7e4ddd5,50.0,21955406822215.0,347115.0
3192,Privileged Cont,0x7c2a44a20000,0x12c9fd,00000000f7e4ddd5,46.0,21955692242483.0,39878.0
3192,Privileged Cont,0x7c2a44a0c000,0x12565f,00000000f7e4ddd5,13.0,21955768894928.0,45246.0
3192,Privileged Cont,0x7c2a44a0b000,0x12565f,00000000f7e4ddd5,13.0,21956106348309.0,6749.0
3192,Privileged Cont,0x7c2a44a31000,0x12abb6,00000000f7e4ddd5,55.0,21956114434274.0,43707.0
3192,Privileged Cont,0x7fdc20447000,0x1283dd,0000000095e6344b,1.0,21956874878621.0,378071.0
3026,firefox,0x7c2c5e4d2000,0x9afcf,00000000d4cc55e6,352.0,21958744172917.0,5202957.0
2334,gsd-housekeepin,0x5ec033399000,0xaf341,0000000037ce107b,9.0,21958796227488.0,5737.0
3192,Privileged Cont,0x7fdc20bdb000,0xb5ce0,00000000cffbe0c3,17.0,21966098000472.0,10481.0
3026,firefox,0x7c2c49742000,0xc5506,000000001f8d039c,10.0,21968071757880.0,94252.0
3026,firefox,0x7c2c487a2000,0x8e84d,00000000cffbe0c3,25.0,21969497502500.0,345740.0
3106,Socket Thread,0x7c2c5e4d2000,0xcaec3,00000000d4cc55e6,352.0,21970246664854.0,424059.0
3026,firefox,0x7c2c44e74000,0xd35e2,00000000f3cec708,63.0,21978481982909.0,46501.0
3026,firefox,0x7c2c44e60000,0xa1be6,00000000f3cec708,52.0,21978481993537.0,57129.0
3026,firefox,0x7c2c44e56000,0x12d002,00000000f3cec708,33.0,21978482563055.0,36416.0
3026,firefox,0x7c2c44e6f000,0xa1be6,00000000f3cec708,52.0,21978488900593.0,39352.0
3026,firefox,0x7c2c44e68000,0xd6f46,00000000f3cec708,53.0,21978502112824.0,211831.0
3026,firefox,0x7c2c44e7c000,0x6e279,00000000f3cec708,65.0,21985892878321.0,40314.0
3106,Socket Thread,0x7c2c5e4d2000,0xd80ad,00000000d4cc55e6,352.0,21989366864983.0,23397528.0
3026,firefox,0x7c2c44e75000,0x14c4c,00000000f3cec708,66.0,21989372482933.0,175467.0
3811,Isolated Web Co,0x7fdc20be3000,0xce1d3,00000000cffbe0c3,31.0,21989532221707.0,45974.0
3811,Isolated Web Co,0x7fdc20be4000,0xce1d3,00000000cffbe0c3,31.0,21990538122100.0,936056.0
3106,Socket Thread,0x7c2c5eef3000,0x123028,000000008706e445,49.0,21991614305363.0,255711.0
3026,firefox,0x7c2c49742000,0x71af1,000000001f8d039c,10.0,21991660896632.0,90237.0
2334,gsd-housekeepin,0x5ec033399000,0x124579,0000000037ce107b,9.0,22019025469290.0,1456236.0
3811,Isolated Web Co,0x7fdc2048b000,0x74100,0000000095e6344b,69.0,22056983933501.0,43632.0
3026,firefox,0x7c2c49742000,0x10e075,000000001f8d039c,10.0,22058282386796.0,485188.0
3192,Privileged Cont,0x7c2a44a4f000,0x130891,00000000f7e4ddd5,70.0,22059369104621.0,39455.0
3192,Privileged Cont,0x7c2a44a47000,0x7deed,00000000f7e4ddd5,79.0,22059369683722.0,618556.0
3192,Privileged Cont,0x7c2a44a48000,0x7deed,00000000f7e4ddd5,79.0,22059373157962.0,775472.0
3192,Privileged Cont,0x7fdc20f45000,0x531cf,00000000f3cec708,65.0,22059398048326.0,9344584.0
3192,Privileged Cont,0x7c2a44a49000,0x7deed,00000000f7e4ddd5,79.0,22059884923652.0,34247.0
3192,Privileged Cont,0x7c2a44a4a000,0x7deed,00000000f7e4ddd5,79.0,22059886196613.0,370614.0
3192,Privileged Cont,0x7c2a44a4b000,0x7deed,00000000f7e4ddd5,79.0,22059891844873.0,406833.0
3192,Privileged Cont,0x7c2a44a4c000,0x7deed,00000000f7e4ddd5,79.0,22059891846911.0,408871.0
3192,Privileged Cont,0x7c2a44a4d000,0x7deed,00000000f7e4ddd5,79.0,22059907598458.0,16874.0
3192,Privileged Cont,0x7c2a44a4e000,0x7deed,00000000f7e4ddd5,79.0,22059908042237.0,460653.0
3192,Privileged Cont,0x7c2a44a3c000,0x12103d,00000000f7e4ddd5,50.0,22059911261831.0,40200.0
3192,Privileged Cont,0x7c2a44a37000,0x10c2a2,00000000f7e4ddd5,60.0,22059915859412.0,40065.0
3192,Privileged Cont,0x7c2a44a38000,0x10c2a2,00000000f7e4ddd5,60.0,22059917134026.0,43930.0
3192,Privileged Cont,0x7c2a44a39000,0x10c2a2,00000000f7e4ddd5,60.0,22059918935214.0,40715.0
3192,Privileged Cont,0x7c2a44a3a000,0x10c2a2,00000000f7e4ddd5,60.0,22059925839951.0,40437.0
3192,Privileged Cont,0x7c2a44a3b000,0x10c2a2,00000000f7e4ddd5,60.0,22059925843415.0,43901.0
3192,Privileged Cont,0x7c2a44a1c000,0x12e6f8,00000000f7e4ddd5,30.0,22059928879251.0,38194.0
3192,Privileged Cont,0x7c2a44a1f000,0x12e6f8,00000000f7e4ddd5,30.0,22059928883041.0,41984.0
3192,Privileged Cont,0x7c2a44a20000,0x11affa,00000000f7e4ddd5,44.0,22059928884298.0,43241.0
3192,Privileged Cont,0x7c2a44a21000,0x11affa,00000000f7e4ddd5,44.0,22059928886353.0,45296.0
3192,Privileged Cont,0x7c2a44a22000,0x11affa,00000000f7e4ddd5,44.0,22059930031962.0,38892.0
3192,Privileged Cont,0x7c2a44a23000,0x11affa,00000000f7e4ddd5,44.0,22059930034647.0,41577.0
3192,Privileged Cont,0x7c2a44a24000,0x11affa,00000000f7e4ddd5,44.0,22059930035876.0,42806.0
3192,Privileged Cont,0x7c2a44a25000,0x11affa,00000000f7e4ddd5,44.0,22059930637632.0,553878.0
3192,Privileged Cont,0x7c2a44a26000,0x11affa,00000000f7e4ddd5,44.0,22059946979855.0,98234.0
3192,Privileged Cont,0x7c2a44a27000,0x11affa,00000000f7e4ddd5,44.0,22059958077729.0,79877.0
3192,Privileged Cont,0x7c2a44a28000,0x11affa,00000000f7e4ddd5,44.0,22059978697860.0,128751.0
3192,Privileged Cont,0x7c2a44a29000,0x11affa,00000000f7e4ddd5,44.0,22059990387473.0,39678.0
3192,Privileged Cont,0x7c2a44a2a000,0x11affa,00000000f7e4ddd5,44.0,22060010848551.0,40529.0
3192,Privileged Cont,0x7c2a44a2b000,0x11affa,00000000f7e4ddd5,44.0,22060011156329.0,348307.0
3192,Privileged Cont,0x7c2a44a2d000,0x11affa,00000000f7e4ddd5,44.0,22060020227344.0,40942.0
3192,Privileged Cont,0x7c2a44a2e000,0x119546,00000000f7e4ddd5,45.0,22060022774003.0,41692.0
3192,Privileged Cont,0x7c2a44a2f000,0x11a562,00000000f7e4ddd5,46.0,22060025857622.0,38337.0
3192,Privileged Cont,0x7c2a44a30000,0x10c2a2,00000000f7e4ddd5,60.0,22060025861504.0,42219.0
3192,Privileged Cont,0x7c2a44a31000,0x10c2a2,00000000f7e4ddd5,60.0,22060026784685.0,35897.0
3192,Privileged Cont,0x7c2a44a33000,0x10c2a2,00000000f7e4ddd5,60.0,22060026796288.0,47500.0
3192,Privileged Cont,0x7c2a44a34000,0x10c2a2,00000000f7e4ddd5,60.0,22060026797910.0,49122.0
3192,Privileged Cont,0x7c2a44a35000,0x10c2a2,00000000f7e4ddd5,60.0,22060026799154.0,50366.0
3192,Privileged Cont,0x7c2a44a36000,0x10c2a2,00000000f7e4ddd5,60.0,22060026801786.0,52998.0
3192,Privileged Cont,0x7c2a44a00000,0x126bcf,00000000f7e4ddd5,10.0,22060027126481.0,377693.0
3192,Privileged Cont,0x7c2a44a0b000,0x126bcf,00000000f7e4ddd5,10.0,22060027129080.0,380292.0
3192,Privileged Cont,0x7c2a44a0c000,0x11ee34,00000000f7e4ddd5,11.0,22060027130311.0,381523.0
3192,Privileged Cont,0x7c2a44a0d000,0x11ee35,00000000f7e4ddd5,12.0,22060027131446.0,382658.0
3192,Privileged Cont,0x7c2a44a0e000,0x11ee36,00000000f7e4ddd5,13.0,22060027132687.0,383899.0
3192,Privileged Cont,0x7c2a44a0f000,0x11ee37,00000000f7e4ddd5,14.0,22060027135769.0,386981.0
3192,Privileged Cont,0x7c2a44a10000,0x12d710,00000000f7e4ddd5,31.0,22060031759434.0,41796.0
3192,Privileged Cont,0x7c2a44a11000,0x12d710,00000000f7e4ddd5,31.0,22060032386792.0,52174.0
3192,Privileged Cont,0x7c2a44a12000,0x12d710,00000000f7e4ddd5,31.0,22060032854101.0,38926.0
3192,Privileged Cont,0x7c2a44a13000,0x12d710,00000000f7e4ddd5,31.0,22060033848445.0,185901.0
3192,Privileged Cont,0x7c2a44a14000,0x12d710,00000000f7e4ddd5,31.0,22060034413816.0,35256.0
3192,Privileged Cont,0x7c2a44a15000,0x12d710,00000000f7e4ddd5,31.0,22060035857362.0,35714.0
3192,Privileged Cont,0x7c2a44a16000,0x12d710,00000000f7e4ddd5,31.0,22060036238724.0,36378.0
3192,Privileged Cont,0x7c2a44a17000,0x12d710,00000000f7e4ddd5,31.0,22060036272946.0,70600.0
3192,Privileged Cont,0x7c2a44a18000,0x12d710,00000000f7e4ddd5,31.0,22060036643819.0,441473.0
3192,Privileged Cont,0x7c2a44a19000,0x12d710,00000000f7e4ddd5,31.0,22060036645838.0,443492.0
3192,Privileged Cont,0x7c2a44a1a000,0x12d710,00000000f7e4ddd5,31.0,22060036647302.0,444956.0
3192,Privileged Cont,0x7c2a44a1b000,0x12d710,00000000f7e4ddd5,31.0,22060051182127.0,69438.0
3192,Privileged Cont,0x7c2a44a3f000,0x10c2a2,00000000f7e4ddd5,60.0,22060051213248.0,100559.0
3026,firefox,0x7c2c49742000,0x12d502,000000001f8d039c,10.0,22077008482918.0,116840.0
2334,gsd-housekeepin,0x5ec033399000,0x1159ea,0000000037ce107b,9.0,22079880542527.0,546500.0
1500,upowerd,0x7766c91df000,0xce0ca,0000000018d9f899,48.0,22081373216492.0,529317.0
3026,firefox,0x7c2c44e6f000,0x12eabc,00000000f3cec708,52.0,22099168884616.0,45243.0
3026,firefox,0x7c2c49742000,0x119ed0,000000001f8d039c,10.0,22100537645693.0,610403.0
3026,firefox,0x7c2c44e74000,0x531d2,00000000f3cec708,66.0,22114813170233.0,38938.0
3026,firefox,0x7c2c44e56000,0x11a03e,00000000f3cec708,33.0,22114813176617.0,45322.0
3026,firefox,0x7c2c44e6f000,0x12a038,00000000f3cec708,45.0,22114813497387.0,366092.0
3026,firefox,0x7c2c44e68000,0x41297,00000000f3cec708,53.0,22114813729044.0,597749.0
3026,firefox,0x7c2c44e77000,0x531d2,00000000f3cec708,66.0,22114845543843.0,504351.0
3026,firefox,0x7c2c44e45000,0x118e50,00000000f3cec708,20.0,22115314457455.0,45127.0
3026,firefox,0x7c2c44e6b000,0x41297,00000000f3cec708,53.0,22115317067559.0,40471.0
3026,firefox,0x7c2c44e47000,0x118e50,00000000f3cec708,20.0,22115318458825.0,539765.0
3026,firefox,0x7c2c44e48000,0x118e50,00000000f3cec708,20.0,22115319800390.0,656017.0
3026,firefox,0x7c2c44e63000,0x41297,00000000f3cec708,53.0,22115320833006.0,160432.0
2334,gsd-housekeepin,0x5ec033399000,0x1e17,0000000037ce107b,9.0,22139796725983.0,694031.0
2334,gsd-housekeepin,0x5ec033399000,0xc9259,0000000037ce107b,9.0,22199796322773.0,375643.0
1500,upowerd,0x7766c91df000,0x124a92,0000000018d9f899,48.0,22231954851555.0,4351956.0
2334,gsd-housekeepin,0x5ec033399000,0x985e7,0000000037ce107b,9.0,22259841126558.0,70270.0
3106,Socket Thread,0x7c2c5e5b7000,0x12b40b,00000000c5d2e7e7,173.0,22285338340083.0,106093.0
1500,upowerd,0x7766c91df000,0xd54e9,0000000018d9f899,48.0,22292035308855.0,197300.0
3106,Socket Thread,0x7c2c5e4d2000,0x11f736,00000000d4cc55e6,352.0,22294808747713.0,2068398.0
3106,Socket Thread,0x7c2c5e5b7000,0x116b4e,00000000c5d2e7e7,173.0,22306019136054.0,1044489.0
3811,Isolated Web Co,0x7fdc20446000,0x11f466,0000000095e6344b,0.0,22312613204249.0,4229.0
3811,Isolated Web Co,0x7fdc20448000,0x111ef6,0000000095e6344b,1.0,22312616433945.0,298661.0
3811,Isolated Web Co,0x7fdc20447000,0x109f5c,0000000095e6344b,3.0,22312617040826.0,36400.0
3811,Isolated Web Co,0x7fdc20449000,0x109f5c,0000000095e6344b,3.0,22312617368365.0,363939.0
3811,Isolated Web Co,0x7fdc2048b000,0x100635,0000000095e6344b,69.0,22312665495206.0,300706.0
2334,gsd-housekeepin,0x5ec033399000,0x11c5a0,0000000037ce107b,9.0,22321585854583.0,892719.0
1500,upowerd,0x7766c91df000,0x12f592,0000000018d9f899,48.0,22322077275510.0,471376.0
3106,Socket Thread,0x7c2c5e4d2000,0x12bfac,00000000d4cc55e6,352.0,22377565009958.0,162506.0
3811,Isolated Web Co,0x7fdc20be3000,0xac380,00000000cffbe0c3,32.0,22377810827362.0,64172.0
3106,Socket Thread,0x7c2c5eef3000,0x12f0a5,000000008706e445,49.0,22378191219966.0,284838.0
2334,gsd-housekeepin,0x5ec033399000,0x26f0c,0000000037ce107b,9.0,22380796898834.0,42339.0
3106,Socket Thread,0x7c2c5e366000,0x12c4f6,00000000c3d72311,95.0,22396025047622.0,60068.0
1500,upowerd,0x7766c91df000,0x1248df,0000000018d9f899,48.0,22412172189042.0,363160.0
3106,Socket Thread,0x7c2c5e366000,0x12c4f6,00000000c3d72311,95.0,22424037195198.0,59361.0
2334,gsd-housekeepin,0x5ec033399000,0x12415e,0000000037ce107b,9.0,22440827924430.0,62790.0
3106,Socket Thread,0x7c2c5e4d2000,0x70a5,00000000d4cc55e6,352.0,22444474613043.0,757767.0
3811,Isolated Web Co,0x7fdc20bd9000,0xb40f6,00000000cffbe0c3,22.0,22465964715725.0,476294.0
3106,Socket Thread,0x7c2c424f2000,0x113b0d,000000002815a0ae,269.0,22475583138977.0,1174822.0
1500,upowerd,0x7766c91df000,0x117c1e,0000000018d9f899,48.0,22502267299405.0,48138.0
3106,Socket Thread,0x7c2c5e4d2000,0x1296a1,00000000d4cc55e6,352.0,22539977797770.0,64628.0
2245,gnome-shell,0x766209815000,0x1244be,0000000090f3dbfd,7.0,22556816420383.0,851384.0
2245,gnome-shell,0x76620992c000,0x124794,0000000016214f93,7.0,22556827568186.0,494494.0
2245,gnome-shell,0x7661fbf93000,0x1130a1,0000000047bada3d,7.0,22557111784196.0,358470.0
2245,gnome-shell,0x7662140b3000,0x51016,0000000081879478,39.0,22557532985288.0,485192.0
3192,Privileged Cont,0x7fdc204c5000,0xb5299,0000000095e6344b,127.0,22579476064738.0,909972.0
3192,Privileged Cont,0x7fdc204c6000,0xb5286,0000000095e6344b,128.0,22579476975477.0,708090.0
3192,Privileged Cont,0x7fdc204c7000,0x93a4e,0000000095e6344b,129.0,22579478632983.0,614832.0
3192,Privileged Cont,0x7fdc204c8000,0xbd6e4,0000000095e6344b,130.0,22579479315345.0,43911.0
3192,Privileged Cont,0x7fdc204c9000,0x7d296,0000000095e6344b,131.0,22579480137572.0,50545.0
3192,Privileged Cont,0x7fdc204ca000,0xcedf0,0000000095e6344b,132.0,22579480870237.0,43405.0
3192,Privileged Cont,0x7fdc204cb000,0x9c90a,0000000095e6344b,133.0,22579481450634.0,68705.0
3192,Privileged Cont,0x7fdc204cc000,0xa8412,0000000095e6344b,134.0,22579482198123.0,44155.0
3192,Privileged Cont,0x7c2a44a4b000,0x10e1bb,00000000f7e4ddd5,79.0,22616875064562.0,328814.0
3192,Privileged Cont,0x7c2a44a4a000,0x10e1bb,00000000f7e4ddd5,79.0,22616886349197.0,55625.0
3192,Privileged Cont,0x7c2a44a4d000,0x10e1bb,00000000f7e4ddd5,79.0,22616907738035.0,75181.0
3192,Privileged Cont,0x7c2a44a46000,0x10e1bb,00000000f7e4ddd5,79.0,22616910024996.0,38588.0
3106,Socket Thread,0x7c2c5e4d2000,0xac6d3,00000000d4cc55e6,352.0,22617417653672.0,265312.0
2334,gsd-housekeepin,0x5ec033399000,0x119e55,0000000037ce107b,9.0,22680797389682.0,510015.0
3106,Socket Thread,0x7c2c5e4d2000,0xaa9f6,00000000d4cc55e6,352.0,22753983456023.0,369189.0
3106,Socket Thread,0x7c2c9fa27000,0xd44fe,00000000ae8027b3,282.0,22754869279736.0,11264843.0
3811,Isolated Web Co,0x7fdc20448000,0x125cd2,0000000095e6344b,1.0,22828608936667.0,49421.0
3811,Isolated Web Co,0x7fdc20447000,0x10f554,0000000095e6344b,3.0,22828612291905.0,172269.0
3106,Socket Thread,0x7c2c5e366000,0x12da1f,00000000c3d72311,95.0,22917186677969.0,126868.0
3106,Socket Thread,0x7c2c5eef3000,0x12f0a5,000000008706e445,49.0,22918389365625.0,3730121.0
2334,gsd-housekeepin,0x5ec033399000,0x10fcc,0000000037ce107b,9.0,22920804870814.0,419928.0
1500,upowerd,0x7766c91df000,0x12f67d,0000000018d9f899,48.0,22922836524959.0,324257.0
3192,Privileged Cont,0x7fdc204c5000,0xd82d8,0000000095e6344b,127.0,22943354321904.0,99409.0
3192,Privileged Cont,0x7fdc204c6000,0xd82d9,0000000095e6344b,128.0,22943357792114.0,64559.0
3192,Privileged Cont,0x7fdc204c7000,0x5a5e1,0000000095e6344b,129.0,22943358754133.0,61055.0
3192,Privileged Cont,0x7fdc204c8000,0xdb506,0000000095e6344b,130.0,22943359285810.0,40165.0
3192,Privileged Cont,0x7fdc204c9000,0xd571a,0000000095e6344b,131.0,22943360161615.0,51966.0
3192,Privileged Cont,0x7fdc204ca000,0xd571c,0000000095e6344b,132.0,22943361107111.0,997462.0
3192,Privileged Cont,0x7fdc204cb000,0xa1d2c,0000000095e6344b,133.0,22943362234400.0,971680.0
3192,Privileged Cont,0x7fdc204cc000,0xa1d2e,0000000095e6344b,134.0,22943362787501.0,459955.0
3192,Privileged Cont,0x7fdc2046d000,0x65a30,0000000095e6344b,39.0,22943468898255.0,68497.0
3192,Privileged Cont,0x7fdc2046e000,0xcc9e0,0000000095e6344b,40.0,22943469527028.0,38124.0
3192,Privileged Cont,0x7fdc204e1000,0x430f0,0000000095e6344b,170.0,22943487693641.0,368004.0
2334,gsd-housekeepin,0x5ec033399000,0x87fc6,0000000037ce107b,9.0,22980805732951.0,877926.0
1500,upowerd,0x7766c91df000,0x10fac1,0000000018d9f899,48.0,23042990985711.0,40019.0
3192,Privileged Cont,0x7c2a44a44000,0x11eb76,00000000f7e4ddd5,69.0,23071174791843.0,475302.0
3192,Privileged Cont,0x7c2a44a43000,0x11eb76,00000000f7e4ddd5,69.0,23071175297337.0,980796.0
3192,Privileged Cont,0x7c2a44a40000,0x11eb76,00000000f7e4ddd5,69.0,23071176085804.0,1769263.0
3192,Privileged Cont,0x7c2a44a42000,0x11eb76,00000000f7e4ddd5,69.0,23071177356027.0,3039486.0
3192,Privileged Cont,0x7c2a44a41000,0x11eb76,00000000f7e4ddd5,69.0,23071181594908.0,538569.0
2334,gsd-housekeepin,0x5ec033399000,0x7e902,0000000037ce107b,9.0,23100796669940.0,54679129.0
2334,gsd-housekeepin,0x5ec033399000,0x12dd44,0000000037ce107b,9.0,23220799110411.0,58900.0
3106,Socket Thread,0x7c2c5e366000,0x12a6af,00000000c3d72311,95.0,23362379400862.0,4159170.0
3106,Socket Thread,0x7c2c5eef3000,0x12f0a5,000000008706e445,49.0,23432115150111.0,54601.0
3106,Socket Thread,0x7c2c5eef3000,0x1292be,000000008706e445,49.0,23513868562395.0,992275.0
2334,gsd-housekeepin,0x5ec033399000,0x10f4d5,0000000037ce107b,9.0,23520799401442.0,804427.0
3106,Socket Thread,0x7c2c5eef3000,0x1292be,000000008706e445,49.0,23561610372747.0,52046.0
2245,gnome-shell,0x766218914000,0xd2711,0000000021401416,10.0,23601036224969.0,59099.0
2245,gnome-shell,0x766209805000,0x4507e,000000005f7bfc86,8.0,23607044037934.0,32572.0
2245,gnome-shell,0x55d8f3969000,0x1244fd,00000000092ed9d1,2.0,23607113642293.0,388600.0
2245,gnome-shell,0x766213eba000,0x11d0c4,00000000e4441c6b,2.0,23607246316574.0,316266.0
2245,gnome-shell,0x76621392f000,0x102355,00000000f364db8a,1.0,23607265310034.0,309328.0
2334,gsd-housekeepin,0x5ec033399000,0x44a9f,0000000037ce107b,9.0,23640816805529.0,509935.0
2245,gnome-shell,0x766218914000,0x136237,0000000021401416,10.0,23660986175819.0,380993.0
3106,Socket Thread,0x7c2c5e5b7000,0x125266,00000000c5d2e7e7,173.0,23663559381244.0,128671.0
1500,upowerd,0x7766c91df000,0x122381,0000000018d9f899,48.0,23673692187804.0,767058.0
3106,Socket Thread,0x7c2c5e5b7000,0x1028e7,00000000c5d2e7e7,173.0,23690789927712.0,479080.0
2334,gsd-housekeepin,0x5ec033399000,0x12b9fc,0000000037ce107b,9.0,23700808229962.0,330464.0
3106,Socket Thread,0x7c2c5e5b7000,0x12ec27,00000000c5d2e7e7,173.0,23701009206271.0,404062.0
1500,upowerd,0x7766c91df000,0x130830,0000000018d9f899,48.0,23703819491784.0,6677144.0
2245,gnome-shell,0x766218914000,0x12e634,0000000021401416,10.0,23720991722161.0,485853.0
3106,Socket Thread,0x7c2c5e4d2000,0x11d538,00000000d4cc55e6,352.0,23721083760074.0,61538.0
3106,Socket Thread,0x7c2c5e5b7000,0x10e841,00000000c5d2e7e7,173.0,23723610803085.0,107930.0
1500,upowerd,0x7766c91df000,0x12eb8c,0000000018d9f899,48.0,23733956937659.0,662262.0
3106,Socket Thread,0x7c2c5e366000,0x1302cc,00000000c3d72311,95.0,23737497471080.0,52104.0
2334,gsd-housekeepin,0x5ec033399000,0x9750c,0000000037ce107b,9.0,23760802668474.0,471989.0
1500,upowerd,0x7766c91df000,0x1091b3,0000000018d9f899,48.0,23764082857096.0,340878.0
3106,Socket Thread,0x7c2c5e4d2000,0x12019e,00000000d4cc55e6,352.0,23775415702276.0,38053.0
2245,gnome-shell,0x766218914000,0x5b41,0000000021401416,10.0,23780990468083.0,312121.0
3192,Privileged Cont,0x7fdc20be8000,0x11c2c1,00000000cffbe0c3,25.0,23790149282801.0,43806.0
1500,upowerd,0x7766c91df000,0x1185b5,0000000018d9f899,48.0,23794338883933.0,494792.0
3192,Privileged Cont,0x7fdc20be2000,0x12a77d,00000000cffbe0c3,32.0,23797070319064.0,42247.0
2334,gsd-housekeepin,0x5ec033399000,0x109e2c,0000000037ce107b,9.0,23820805343320.0,445058.0
3106,Socket Thread,0x7c2c5e5b7000,0x10f33b,00000000c5d2e7e7,173.0,23838317556405.0,2801963.0
3106,Socket Thread,0x7c2c5e4d2000,0x12657b,00000000d4cc55e6,352.0,23839389928059.0,61510.0
2245,gnome-shell,0x766218914000,0x125613,0000000021401416,10.0,23841222162360.0,415605.0
3106,Socket Thread,0x7c2c5e4d2000,0x12da15,00000000d4cc55e6,352.0,23842106355597.0,1135459.0
1500,upowerd,0x7766c91df000,0x11f5b8,0000000018d9f899,48.0,23854468796042.0,608473.0
3106,Socket Thread,0x7c2c5e5b7000,0x116f38,00000000c5d2e7e7,173.0,23864304876036.0,125088.0
3106,Socket Thread,0x7c2c5eef3000,0x12acc7,000000008706e445,49.0,23870051315367.0,405807.0
2334,gsd-housekeepin,0x5ec033399000,0x1191fd,0000000037ce107b,9.0,23880804792082.0,262726.0
3106,Socket Thread,0x7c2c5e5b7000,0x10fcb2,00000000c5d2e7e7,173.0,23883432916805.0,102508.0
1500,upowerd,0x7766c91df000,0x119297,0000000018d9f899,48.0,23884534470314.0,807526.0
3106,Socket Thread,0x7c2c5e5b7000,0x11de44,00000000c5d2e7e7,173.0,23894202866514.0,404477.0
2245,gnome-shell,0x766218914000,0x1274ba,0000000021401416,10.0,23900994425963.0,440796.0
1500,upowerd,0x7766c91df000,0x12dde5,0000000018d9f899,48.0,23914605398859.0,447245.0
2334,gsd-housekeepin,0x5ec033399000,0x10c302,0000000037ce107b,9.0,23940800570143.0,379735.0
3106,Socket Thread,0x7c2c5eef3000,0x11fa0f,000000008706e445,49.0,23944200838924.0,43433.0
1500,upowerd,0x7766c91df000,0x12ed88,0000000018d9f899,48.0,23944669707325.0,610549.0
3106,Socket Thread,0x7c2c5eef3000,0x11fa0f,000000008706e445,49.0,23947174942811.0,189915.0
3106,Socket Thread,0x7c2c5e4d2000,0x112e15,00000000d4cc55e6,352.0,23955141130430.0,184165.0
2245,gnome-shell,0x766218914000,0x118a1f,0000000021401416,10.0,23961008495833.0,201247.0
1500,upowerd,0x7766c91df000,0x1183d7,0000000018d9f899,48.0,23974762300816.0,6821240.0
2334,gsd-housekeepin,0x5ec033399000,0x3f2e0,0000000037ce107b,9.0,24000803352684.0,424718.0
1500,upowerd,0x7766c91df000,0x11548a,0000000018d9f899,48.0,24004907443151.0,1629660.0
3106,Socket Thread,0x7c2c5e4d2000,0x116dcc,00000000d4cc55e6,352.0,24005596547947.0,393804.0
3106,Socket Thread,0x7c2c5e366000,0x11a005,00000000c3d72311,95.0,24011904104860.0,65036.0
3106,Socket Thread,0x7c2c5e4d2000,0x11e426,00000000d4cc55e6,352.0,24012934236261.0,60635.0
2245,gnome-shell,0x766218914000,0xd0faa,0000000021401416,10.0,24021006613162.0,544103.0
3106,Socket Thread,0x7c2c5e4d2000,0xced74,00000000d4cc55e6,352.0,24021031179243.0,108783.0
3106,Socket Thread,0x7c2c5e5b7000,0x12b18c,00000000c5d2e7e7,173.0,24029480964625.0,109385.0
1500,upowerd,0x7766c91df000,0x11d32d,0000000018d9f899,48.0,24035091496018.0,26592152.0
3192,Privileged Cont,0x7fdc20be8000,0x12eebc,00000000cffbe0c3,31.0,24043373883470.0,343662.0
3192,Privileged Cont,0x7fdc20be8000,0x12bc45,00000000cffbe0c3,30.0,24053232814975.0,37846.0
3106,Socket Thread,0x7c2c5e5b7000,0x111964,00000000c5d2e7e7,173.0,24056217823673.0,388011.0
2334,gsd-housekeepin,0x5ec033399000,0x91676,0000000037ce107b,9.0,24060803523801.0,346486.0
1500,upowerd,0x7766c91df000,0x12ce9d,0000000018d9f899,48.0,24065807966805.0,3967254.0
3106,Socket Thread,0x7c2c5eef3000,0x12f925,000000008706e445,49.0,24071671043901.0,115088.0
2245,gnome-shell,0x766218914000,0x12fedf,0000000021401416,10.0,24080997431914.0,348794.0
3192,Privileged Cont,0x7fdc20be2000,0x12e495,00000000cffbe0c3,32.0,24095253189494.0,37265.0
3106,Socket Thread,0x7c2c5e366000,0x12fd79,00000000c3d72311,95.0,24095549364729.0,516592.0
1500,upowerd,0x7766c91df000,0xce093,0000000018d9f899,48.0,24096035972190.0,573242.0
3192,Privileged Cont,0x7fdc20be8000,0x120381,00000000cffbe0c3,31.0,24106184245968.0,433496.0
3192,Privileged Cont,0x7fdc20be2000,0x116187,00000000cffbe0c3,32.0,24106354829267.0,407660.0
2334,gsd-housekeepin,0x5ec033399000,0x74998,0000000037ce107b,9.0,24120804755098.0,619943.0
1500,upowerd,0x7766c91df000,0x12b748,0000000018d9f899,48.0,24126091097700.0,323513.0
3192,Privileged Cont,0x7fdc20be2000,0x12e3c8,00000000cffbe0c3,25.0,24151697971471.0,476000.0
3192,Privileged Cont,0x7fdc20bd7000,0x111dc6,00000000cffbe0c3,22.0,24151702800326.0,243553.0
3192,Privileged Cont,0x7fdc20bdb000,0x111dc6,00000000cffbe0c3,22.0,24151765445982.0,43446.0
3106,Socket Thread,0x7c2c5eef3000,0x118922,000000008706e445,49.0,24166796187747.0,197231.0
3106,Socket Thread,0x7c2c5e366000,0x10e013,00000000c3d72311,95.0,24168287913878.0,102414161.0
3106,Socket Thread,0x7c2c5eef3000,0x118922,000000008706e445,49.0,24175817207870.0,38492.0
2334,gsd-housekeepin,0x5ec033399000,0x11dcdf,0000000037ce107b,9.0,24180810468536.0,4454204.0
3106,Socket Thread,0x7c2c5eef3000,0x118922,000000008706e445,49.0,24185691063045.0,258881.0
1500,upowerd,0x7766c91df000,0x116de5,0000000018d9f899,48.0,24186158067390.0,529314.0
3106,Socket Thread,0x7c2c5e366000,0x1107a8,00000000c3d72311,95.0,24195616214808.0,1003218.0
3106,Socket Thread,0x7c2c5e4d2000,0x12a5b0,00000000d4cc55e6,352.0,24195640571893.0,2812271.0
3106,Socket Thread,0x7c2c5eef3000,0x118922,000000008706e445,49.0,24207222725765.0,326594.0
1500,upowerd,0x7766c91df000,0x6a6e1,0000000018d9f899,48.0,24216215959223.0,498663.0
3106,Socket Thread,0x7c2c5e5b7000,0x52b30,00000000c5d2e7e7,173.0,24221828010732.0,93666.0
3106,Socket Thread,0x7c2c5a3fd000,0x12b8d0,00000000e7c2df6a,32669.0,24232154806856.0,77723.0
2334,gsd-housekeepin,0x5ec033399000,0x10cd7c,0000000037ce107b,9.0,24240816196551.0,443950.0
1500,upowerd,0x7766c91df000,0x118727,0000000018d9f899,48.0,24246287046102.0,311797.0
3106,Socket Thread,0x7c2c5e4d2000,0x129ec5,00000000d4cc55e6,352.0,24256176962265.0,514559.0
3106,Socket Thread,0x7c2c5e366000,0x11da8f,00000000c3d72311,95.0,24259656923440.0,95909.0
2245,gnome-shell,0x766218914000,0x18ae1,0000000021401416,10.0,24260999722370.0,419554.0
1500,upowerd,0x7766c91df000,0x12339c,0000000018d9f899,48.0,24276354012166.0,357891.0
3106,Socket Thread,0x7c2c5eef3000,0x130b32,000000008706e445,49.0,24288240219923.0,40846.0
3106,Socket Thread,0x7c2c5e5b7000,0x1138d5,00000000c5d2e7e7,173.0,24291340761321.0,529555.0
2334,gsd-housekeepin,0x5ec033399000,0x2ae84,0000000037ce107b,9.0,24300808802960.0,398415.0
1500,upowerd,0x7766c91df000,0x12a648,0000000018d9f899,48.0,24306416685503.0,612696.0
2245,gnome-shell,0x766218914000,0xa6d81,0000000021401416,10.0,24321006760561.0,12291845.0
1500,upowerd,0x7766c91df000,0x1230f1,0000000018d9f899,48.0,24336469154490.0,37432.0
3192,Privileged Cont,0x7fdc20be8000,0x1267d9,00000000cffbe0c3,31.0,24342821891456.0,367010.0
3192,Privileged Cont,0x7fdc20be2000,0x11c924,00000000cffbe0c3,32.0,24350278720353.0,417152.0
3192,Privileged Cont,0x7fdc20be2000,0x124bfc,00000000cffbe0c3,31.0,24354118269290.0,40520981.0
3192,Privileged Cont,0x7fdc20bde000,0x12e6bd,00000000cffbe0c3,19.0,24354805293601.0,2867333.0
3106,Socket Thread,0x7c2c5e5b7000,0x10cfb1,00000000c5d2e7e7,173.0,24356253509657.0,252050.0
2334,gsd-housekeepin,0x5ec033399000,0x129e31,0000000037ce107b,9.0,24360808412369.0,471040.0
1500,upowerd,0x7766c91df000,0x128eb2,0000000018d9f899,48.0,24366540085075.0,721453.0
3106,Socket Thread,0x7c2c5e5b7000,0x10b933,00000000c5d2e7e7,173.0,24373787828001.0,111398.0
2245,gnome-shell,0x766218914000,0x10ddbb,0000000021401416,10.0,24381034127884.0,420860.0
3106,Socket Thread,0x7c2c5e5b7000,0x12bf9,00000000c5d2e7e7,173.0,24382170992265.0,251242.0
1500,upowerd,0x7766c91df000,0x12f32d,0000000018d9f899,48.0,24396667672226.0,737467.0
3106,Socket Thread,0x7c2c5e5b7000,0x127687,00000000c5d2e7e7,173.0,24403126032516.0,684441.0
3106,Socket Thread,0x7c2c5e4d2000,0x119cd9,00000000d4cc55e6,352.0,24413227767529.0,60834.0
2334,gsd-housekeepin,0x5ec033399000,0x126ca6,0000000037ce107b,9.0,24420807132410.0,332852.0
1500,upowerd,0x7766c91df000,0x11b14d,0000000018d9f899,48.0,24426728118201.0,43879.0
3106,Socket Thread,0x7c2c5e5b7000,0x121484,00000000c5d2e7e7,173.0,24441968255203.0,112970.0
1500,upowerd,0x7766c91df000,0x21d95,0000000018d9f899,48.0,24456776185195.0,1295199.0
3106,Socket Thread,0x7c2c5e5b7000,0x1186e3,00000000c5d2e7e7,173.0,24473377306121.0,263951.0
2334,gsd-housekeepin,0x5ec033399000,0x127622,0000000037ce107b,9.0,24480808357621.0,331907.0
1500,upowerd,0x7766c91df000,0x123ff2,0000000018d9f899,48.0,24486858764883.0,11897941.0
3106,Socket Thread,0x7c2c5eef3000,0x1176a4,000000008706e445,49.0,24493043332624.0,247.465423
2245,gnome-shell,0x766218914000,0x119f0b,0000000021401416,10.0,24500988273731.0,462830.0
1500,upowerd,0x7766c91df000,0x125507,0000000018d9f899,48.0,24516970743089.0,1375740.0
3106,Socket Thread,0x7c2c5e5b7000,0x10dc18,00000000c5d2e7e7,173.0,24534475754397.0,511651.0
3106,Socket Thread,0x7c2c5e366000,0x1191ae,00000000c3d72311,95.0,24534529496872.0,2170447.0
3106,Socket Thread,0x7c2c5e5b7000,0x12daed,00000000c5d2e7e7,173.0,24538173069397.0,393198.0
2334,gsd-housekeepin,0x5ec033399000,0x11f408,0000000037ce107b,9.0,24540864090322.0,441390.0
1500,upowerd,0x7766c91df000,0x10ea9e,0000000018d9f899,48.0,24547010719117.0,2494122.0
2245,gnome-shell,0x766218914000,0x1262eb,0000000021401416,10.0,24561020979644.0,2961379.0
3106,Socket Thread,0x7c2c5e4d2000,0x11df31,00000000d4cc55e6,352.0,24565275138947.0,81251.0
1500,upowerd,0x7766c91df000,0x2cbcf,0000000018d9f899,48.0,24577062461097.0,986272.0
3106,Socket Thread,0x7c2c5e366000,0x129b47,00000000c3d72311,95.0,24585661133053.0,204635.0
3106,Socket Thread,0x7c2c5e4d2000,0x126c60,00000000d4cc55e6,352.0,24586578041393.0,553790.0
3106,Socket Thread,0x7c2c5e366000,0x129b47,00000000c3d72311,95.0,24595776772280.0,256404.0
2334,gsd-housekeepin,0x5ec033399000,0xc0aa7,0000000037ce107b,9.0,24600806459037.0,426148.0
3106,Socket Thread,0x7c2c5e4d2000,0x1260f9,00000000d4cc55e6,352.0,24602621365224.0,228681.0
3106,Socket Thread,0x7c2c5e366000,0x129b47,00000000c3d72311,95.0,24606036122150.0,70911.0
3106,Socket Thread,0x7c2c5e4d2000,0x12a1d6,00000000d4cc55e6,352.0,24606273441417.0,60030.0
1500,upowerd,0x7766c91df000,0x11788a,0000000018d9f899,48.0,24607147238748.0,1460984.0
3106,Socket Thread,0x7c2c5eef3000,0x111afa,000000008706e445,49.0,24611616706181.0,795736.0
3106,Socket Thread,0x7c2c5e366000,0x129b47,00000000c3d72311,95.0,24612370621834.0,435978.0
1500,upowerd,0x7766c91df000,0x123f37,0000000018d9f899,48.0,24637200028118.0,616519.0
3192,Privileged Cont,0x7fdc20be2000,0x1254b4,00000000cffbe0c3,32.0,24647050694894.0,43715.0
3192,Privileged Cont,0x7fdc20bdb000,0x11d136,00000000cffbe0c3,15.0,24647102877404.0,47103.0
3192,Privileged Cont,0x7fdc20be2000,0x12a308,00000000cffbe0c3,31.0,24650535389939.0,331838.0
3192,Privileged Cont,0x7fdc20bde000,0x128d53,00000000cffbe0c3,19.0,24650554453608.0,304541.0
2334,gsd-housekeepin,0x5ec033399000,0x114a4d,0000000037ce107b,9.0,24660807534358.0,356044.0
1500,upowerd,0x7766c91df000,0x127827,0000000018d9f899,48.0,24667272018860.0,41920.0
2245,gnome-shell,0x766218914000,0x127a7d,0000000021401416,10.0,24680987674849.0,380703.0
3106,Socket Thread,0x7c2c5e4d2000,0x130dcd,00000000d4cc55e6,352.0,24680997859026.0,66511.0
3106,Socket Thread,0x7c2c5eef3000,0x11dde8,000000008706e445,49.0,24689124948235.0,9149228.0
1500,upowerd,0x7766c91df000,0x13044d,0000000018d9f899,48.0,24697337904156.0,715595.0
3106,Socket Thread,0x7c2c5e4d2000,0x121814,00000000d4cc55e6,352.0,24704455289555.0,74108.0
3106,Socket Thread,0x7c2c5e5b7000,0x12065b,00000000c5d2e7e7,173.0,24720698845809.0,44241.0
2334,gsd-housekeepin,0x5ec033399000,0x122c62,0000000037ce107b,9.0,24720799967031.0,445873.0
3106,Socket Thread,0x7c2c5e4d2000,0x13006b,00000000d4cc55e6,352.0,24721360754271.0,276566.0
3803,Utility Process,0x7fdc18612000,0x129e53,00000000bdc83f8c,11.0,24724107610179.0,39043.0
3803,Utility Process,0x7fdc18613000,0x11788a,00000000bdc83f8c,12.0,24724112317228.0,38212.0
3803,Utility Process,0x7fdc18614000,0x119c69,00000000bdc83f8c,13.0,24724114161493.0,320960.0
3803,Utility Process,0x7fdc18615000,0x12dfa5,00000000bdc83f8c,14.0,24724117826517.0,38159.0
3803,Utility Process,0x7fdc18616000,0x12b23f,00000000bdc83f8c,15.0,24724121897815.0,39096.0
1500,upowerd,0x7766c91df000,0x1271af,0000000018d9f899,48.0,24727447297956.0,6511588.0
2245,gnome-shell,0x766218914000,0x12cef7,0000000021401416,10.0,24740985193176.0,425707.0
3106,Socket Thread,0x7c2c5e5b7000,0x36fd3,00000000c5d2e7e7,173.0,24742348836503.0,20092884.0
1500,upowerd,0x7766c91df000,0x121fb0,0000000018d9f899,48.0,24757602957951.0,349508.0
3106,Socket Thread,0x7c2c5eef3000,0x10df0a,000000008706e445,49.0,24771133440170.0,322433.0
2334,gsd-housekeepin,0x5ec033399000,0x10c678,0000000037ce107b,9.0,24780814895790.0,664662.0
1500,upowerd,0x7766c91df000,0xab564,0000000018d9f899,48.0,24787659642949.0,1000117.0
3106,Socket Thread,0x7c2c5e366000,0x12c742,00000000c3d72311,95.0,24795195257831.0,512434.0
2245,gnome-shell,0x766218914000,0xb706c,0000000021401416,10.0,24800996406098.0,519759.0
3106,Socket Thread,0x7c2c5e366000,0x12c742,00000000c3d72311,95.0,24810640471296.0,59086.0
1500,upowerd,0x7766c91df000,0x122bf3,0000000018d9f899,48.0,24817728405509.0,558547.0
3106,Socket Thread,0x7c2c5e5b7000,0x12323c,00000000c5d2e7e7,173.0,24835565422177.0,37405.0
2334,gsd-housekeepin,0x5ec033399000,0x4b511,0000000037ce107b,9.0,24840810195075.0,418976.0
1500,upowerd,0x7766c91df000,0x83473,0000000018d9f899,48.0,24847815708892.0,417986.0
2245,gnome-shell,0x766218914000,0x448c3,0000000021401416,10.0,24860987251188.0,457211.0
1500,upowerd,0x7766c91df000,0x118df2,0000000018d9f899,48.0,24877900706487.0,1085820.0
3106,Socket Thread,0x7c2c5e5b7000,0x10f634,00000000c5d2e7e7,173.0,24893468576939.0,118961.0
3106,Socket Thread,0x7c2c5e4d2000,0x124315,00000000d4cc55e6,352.0,24896676040432.0,360016.0
3106,Socket Thread,0x7c2c5eef3000,0x111b4b,000000008706e445,49.0,24897570866107.0,41754.0
3106,Socket Thread,0x7c2c5e5b7000,0x126899,00000000c5d2e7e7,173.0,24900138954290.0,607337.0
2334,gsd-housekeepin,0x5ec033399000,0x130390,0000000037ce107b,9.0,24900805376524.0,324212.0
1500,upowerd,0x7766c91df000,0x10dcc2,0000000018d9f899,48.0,24907957904313.0,503249.0
2245,gnome-shell,0x766218914000,0x12b203,0000000021401416,10.0,24921034821574.0,546813.0
3106,Socket Thread,0x7c2c5e366000,0x11dbc9,00000000c3d72311,95.0,24929671884407.0,443613.0
1500,upowerd,0x7766c91df000,0x4bb30,0000000018d9f899,48.0,24938023437387.0,1058720.0
3192,Privileged Cont,0x7fdc20be2000,0x12929b,00000000cffbe0c3,32.0,24953243119464.0,38166.0
2334,gsd-housekeepin,0x5ec033399000,0x29227,0000000037ce107b,9.0,24960805806863.0,503302.0
1500,upowerd,0x7766c91df000,0x88e08,0000000018d9f899,48.0,24968087973074.0,535692.0
3106,Socket Thread,0x7c2c5e4d2000,0x10cd76,00000000d4cc55e6,352.0,24986170273871.0,79853.0
1500,upowerd,0x7766c91df000,0x12e4e8,0000000018d9f899,48.0,24998163121920.0,714006.0
2334,gsd-housekeepin,0x5ec033399000,0x10e9fc,0000000037ce107b,9.0,25021312554392.0,758465.0
3106,Socket Thread,0x7c2c5e366000,0x12056d,00000000c3d72311,95.0,25025892474946.0,95937.0
1500,upowerd,0x7766c91df000,0x10df14,0000000018d9f899,48.0,25028216163059.0,1358441.0
3106,Socket Thread,0x7c2c5e5b7000,0x119c6d,00000000c5d2e7e7,173.0,25034962134648.0,433499.0
3106,Socket Thread,0x7c2c5eef3000,0x111ad7,000000008706e445,49.0,25069200402550.0,43892.0
2334,gsd-housekeepin,0x5ec033399000,0x106f94,0000000037ce107b,9.0,25081807295808.0,460842.0
3106,Socket Thread,0x7c2c5e5b7000,0x11549a,00000000c5d2e7e7,173.0,25097140273414.0,98865.0
3106,Socket Thread,0x7c2c5e4d2000,0x10cc79,00000000d4cc55e6,352.0,25097392453958.0,67464.0
2245,gnome-shell,0x766218914000,0x11b477,0000000021401416,10.0,25101017692443.0,296447.0
3106,Socket Thread,0x7c2c5eef3000,0x10d13b,000000008706e445,49.0,25110664532388.0,917462.0
1500,upowerd,0x7766c91df000,0x112f47,0000000018d9f899,48.0,25118322654547.0,1204971.0
3106,Socket Thread,0x7c2c5e5b7000,0x1269b9,00000000c5d2e7e7,173.0,25131710788619.0,42104.0
3106,Socket Thread,0x7c2c5eef3000,0x10d13b,000000008706e445,49.0,25138269049482.0,44733.0
2334,gsd-housekeepin,0x5ec033399000,0x11e3ad,0000000037ce107b,9.0,25141806730448.0,396512.0
1500,upowerd,0x7766c91df000,0x10ea89,0000000018d9f899,48.0,25148369198639.0,476410.0
3106,Socket Thread,0x7c2c5eef3000,0x12fcba,000000008706e445,49.0,25152761470846.0,38943.0
3106,Socket Thread,0x7c2c5e5b7000,0x1197dc,00000000c5d2e7e7,173.0,25154941235848.0,883838.0
3106,Socket Thread,0x7c2c5e5b7000,0x120673,00000000c5d2e7e7,173.0,25169604707030.0,47301.0
2334,gsd-housekeepin,0x5ec033399000,0xbb745,0000000037ce107b,9.0,25201811182320.0,426989.0
3106,Socket Thread,0x7c2c5e4d2000,0x109628,00000000d4cc55e6,352.0,25213763986243.0,57464.0
3106,Socket Thread,0x7c2c5e4d2000,0x125b53,00000000d4cc55e6,352.0,25216719162375.0,112339.0
2245,gnome-shell,0x766218914000,0x116260,0000000021401416,10.0,25220993338801.0,754741.0
3811,Isolated Web Co,0x7fdc20bd9000,0x112b83,00000000cffbe0c3,18.0,25223444460209.0,303246.0
3811,Isolated Web Co,0x7fdc20f09000,0x127f32,00000000f3cec708,13.0,25230611790119.0,241584.0
3811,Isolated Web Co,0x7fdc20f23000,0x12199b,00000000f3cec708,39.0,25230612261241.0,80922.0
3811,Isolated Web Co,0x7fdc20f0b000,0x127f32,00000000f3cec708,13.0,25230614166600.0,62209.0
3811,Isolated Web Co,0x7fdc20f0a000,0x127f32,00000000f3cec708,13.0,25230614841264.0,42270.0
3811,Isolated Web Co,0x7fdc20f19000,0x121d94,00000000f3cec708,24.0,25230615346226.0,460148.0
3811,Isolated Web Co,0x7fdc20f3c000,0x11042b,00000000f3cec708,56.0,25230616239923.0,426497.0
3811,Isolated Web Co,0x7fdc20f3d000,0x11042b,00000000f3cec708,56.0,25230616895825.0,37377.0
3811,Isolated Web Co,0x7fdc20f20000,0x12199b,00000000f3cec708,39.0,25230617784216.0,846961.0
3811,Isolated Web Co,0x7fdc20f32000,0x11042b,00000000f3cec708,56.0,25230618912355.0,40344.0
3811,Isolated Web Co,0x7fdc20f1a000,0x121d94,00000000f3cec708,24.0,25230620465384.0,36683.0
3811,Isolated Web Co,0x7fdc20f33000,0x11042b,00000000f3cec708,56.0,25230620868883.0,440182.0
3106,Socket Thread,0x7c2c5e5b7000,0x128689,00000000c5d2e7e7,173.0,25235637361575.0,1203325.0
1500,upowerd,0x7766c91df000,0x8f48a,0000000018d9f899,48.0,25238498995841.0,532362.0
2334,gsd-housekeepin,0x5ec033399000,0x118d55,0000000037ce107b,9.0,25262737843997.0,499536.0
3192,Privileged Cont,0x7fdc20be8000,0x113f7e,00000000cffbe0c3,25.0,25263102963957.0,48992.0
1500,upowerd,0x7766c91df000,0xb3bd1,0000000018d9f899,48.0,25268583111786.0,743737.0
3192,Privileged Cont,0x7fdc20be2000,0x12233c,00000000cffbe0c3,32.0,25272021693538.0,155912.0
3192,Privileged Cont,0x7fdc20bde000,0x1169bc,00000000cffbe0c3,19.0,25272629317546.0,43544.0
3106,Socket Thread,0x7c2c5e5b7000,0x127480,00000000c5d2e7e7,173.0,25277646053976.0,35635.0
2245,gnome-shell,0x766218914000,0x12df9c,0000000021401416,10.0,25280991194306.0,340017.0
3106,Socket Thread,0x7c2c5e5b7000,0x11e1b8,00000000c5d2e7e7,173.0,25294632335606.0,43935.0
2334,gsd-housekeepin,0x5ec033399000,0xcd0ef,0000000037ce107b,9.0,25322759788610.0,625034.0
1500,upowerd,0x7766c91df000,0x10d5b4,0000000018d9f899,48.0,25328709301626.0,425341.0
2245,gnome-shell,0x766218914000,0x7ea30,0000000021401416,10.0,25342200035786.0,559734.0
3106,Socket Thread,0x7c2c5e5b7000,0x1266ec,00000000c5d2e7e7,173.0,25364207206665.0,283688.0
3106,Socket Thread,0x7c2c5eef3000,0x12c3c9,000000008706e445,49.0,25374516874383.0,111267.0
2334,gsd-housekeepin,0x5ec033399000,0xa6aea,0000000037ce107b,9.0,25382801225245.0,552397.0
3106,Socket Thread,0x7c2c5e5b7000,0x121091,00000000c5d2e7e7,173.0,25384218839231.0,4162343.0
1500,upowerd,0x7766c91df000,0x1234f5,0000000018d9f899,48.0,25388830993776.0,436004.0
3106,Socket Thread,0x7c2c5e366000,0x128dbc,00000000c3d72311,95.0,25428285054314.0,400551.0
3106,Socket Thread,0x7c2c5e4d2000,0x12171d,00000000d4cc55e6,352.0,25428347303843.0,513841.0
3106,Socket Thread,0x7c2c5e4d2000,0x12aa4c,00000000d4cc55e6,352.0,25439032262891.0,60991.0
2334,gsd-housekeepin,0x5ec033399000,0x113cb8,0000000037ce107b,9.0,25442801772268.0,9835212.0
1500,upowerd,0x7766c91df000,0x11e76f,0000000018d9f899,48.0,25448921356705.0,350722.0
3106,Socket Thread,0x7c2c5e4d2000,0x1110d3,00000000d4cc55e6,352.0,25452332755695.0,339046.0
2245,gnome-shell,0x766218914000,0x11edc7,0000000021401416,10.0,25461085630055.0,432870.0
1500,upowerd,0x7766c91df000,0x110b78,0000000018d9f899,48.0,25478985149395.0,1082898.0
3106,Socket Thread,0x7c2c5e5b7000,0x12d4b3,00000000c5d2e7e7,173.0,25491230452578.0,4641674.0
2334,gsd-housekeepin,0x5ec033399000,0x1261cf,0000000037ce107b,9.0,25502807975779.0,444706.0
1500,upowerd,0x7766c91df000,0x130a09,0000000018d9f899,48.0,25509044664593.0,461159.0
3106,Socket Thread,0x7c2c5e5b7000,0x11f07d,00000000c5d2e7e7,173.0,25511495975751.0,103542.0
2245,gnome-shell,0x766218914000,0x98053,0000000021401416,10.0,25521647041239.0,440529.0
2334,gsd-housekeepin,0x5ec033399000,0x11a39a,0000000037ce107b,9.0,25562812755147.0,488895.0
3106,Socket Thread,0x7c2c5e4d2000,0x12b0d4,00000000d4cc55e6,352.0,25588155163338.0,408798.0
3106,Socket Thread,0x7c2c5e5b7000,0x126105,00000000c5d2e7e7,173.0,25591325126349.0,340476.0
3106,Socket Thread,0x7c2c5e366000,0x11d8a5,00000000c3d72311,95.0,25598789750643.0,56706.0
3106,Socket Thread,0x7c2c5e4d2000,0x12c1ed,00000000d4cc55e6,352.0,25598870540803.0,352378.0
1500,upowerd,0x7766c91df000,0x12701b,0000000018d9f899,48.0,25599200331088.0,49247.0
3106,Socket Thread,0x7c2c5e4d2000,0x1154e2,00000000d4cc55e6,352.0,25601746215079.0,68618.0
3106,Socket Thread,0x7c2c5eef3000,0x131b90,000000008706e445,49.0,25611523902656.0,248792.0
3106,Socket Thread,0x7c2c5e366000,0x11d8a5,00000000c3d72311,95.0,25611586142968.0,327066.0
2334,gsd-housekeepin,0x5ec033399000,0x121cb8,0000000037ce107b,9.0,25622977301164.0,308225.0
3106,Socket Thread,0x7c2c5eef3000,0x131b90,000000008706e445,49.0,25623198514636.0,161131.0
3106,Socket Thread,0x7c2c5e5b7000,0x12ed6a,00000000c5d2e7e7,173.0,25634032111773.0,264181.0
3106,Socket Thread,0x7c2c5e4d2000,0x12cd73,00000000d4cc55e6,352.0,25656096359377.0,62639.0
2334,gsd-housekeepin,0x5ec033399000,0x114411,0000000037ce107b,9.0,25682804086510.0,266730.0
2334,gsd-housekeepin,0x5ec033399000,0xdfd6,0000000037ce107b,9.0,25742799635711.0,11729867.0
2245,gnome-shell,0x766218914000,0x119e6b,0000000021401416,10.0,25760992144692.0,860693.0
3106,Socket Thread,0x7c2c5e5b7000,0x12f267,00000000c5d2e7e7,173.0,25762399249505.0,375130.0
3106,Socket Thread,0x7c2c5e5b7000,0x1223f1,00000000c5d2e7e7,173.0,25769434559033.0,442248.0
1500,upowerd,0x7766c91df000,0x10cf90,0000000018d9f899,48.0,25780001960313.0,1193543.0
2334,gsd-housekeepin,0x5ec033399000,0x1267ca,0000000037ce107b,9.0,25802802487767.0,219186.0
1500,upowerd,0x7766c91df000,0x106322,0000000018d9f899,48.0,25810058215018.0,611119.0
2245,gnome-shell,0x766218914000,0x109314,0000000021401416,10.0,25821023113617.0,55782.0
3106,Socket Thread,0x7c2c5e4d2000,0x4a905,00000000d4cc55e6,352.0,25822460923958.0,58385.0
3106,Socket Thread,0x7c2c5e5b7000,0x12e52c,00000000c5d2e7e7,173.0,25852436185921.0,121068.0
3192,Privileged Cont,0x7fdc20be8000,0x11b47a,00000000cffbe0c3,31.0,25856326196179.0,38322.0
2334,gsd-housekeepin,0x5ec033399000,0x10d22c,0000000037ce107b,9.0,25862812815197.0,356804.0
3192,Privileged Cont,0x7fdc20be8000,0x1259cb,00000000cffbe0c3,31.0,25866635802633.0,261224.0
3192,Privileged Cont,0x7fdc200c5000,0x12c6a6,000000002e361497,0.0,25866795237604.0,38386.0
3192,Privileged Cont,0x7fdc200c6000,0x12ec18,000000002e361497,1.0,25866796493720.0,37955.0
3192,Privileged Cont,0x7fdc200c7000,0x126872,000000002e361497,2.0,25866799972103.0,38743.0
3192,Privileged Cont,0x7fdc200c8000,0x1206fa,000000002e361497,3.0,25866802965360.0,38936.0
3192,Privileged Cont,0x7fdc200c9000,0x11f8af,000000002e361497,4.0,25866805511637.0,44011.0
3192,Privileged Cont,0x7fdc200ca000,0x12c645,000000002e361497,5.0,25866806276139.0,41044.0
3192,Privileged Cont,0x7fdc200cb000,0x12dabd,000000002e361497,6.0,25866807299539.0,978458.0
3192,Privileged Cont,0x7fdc200cc000,0x11c336,000000002e361497,7.0,25866808685231.0,487625.0
3192,Privileged Cont,0x7fdc200cd000,0x12d634,000000002e361497,8.0,25866809697113.0,592308.0
3192,Privileged Cont,0x7fdc200ce000,0x11c241,000000002e361497,9.0,25866811248741.0,325772.0
3192,Privileged Cont,0x7fdc200cf000,0x1293bb,000000002e361497,10.0,25866812937283.0,146545.0
3192,Privileged Cont,0x7fdc200d1000,0x127ed2,000000002e361497,12.0,25866816757746.0,39836.0
3192,Privileged Cont,0x7fdc200d2000,0x12a526,000000002e361497,13.0,25866817852517.0,371530.0
3192,Privileged Cont,0x7fdc200d3000,0x130dc5,000000002e361497,14.0,25866823155349.0,38079.0
3192,Privileged Cont,0x7fdc200d4000,0x11ffe4,000000002e361497,15.0,25866825099665.0,321717.0
3192,Privileged Cont,0x7fdc200d5000,0x127c37,000000002e361497,16.0,25866825925673.0,361564.0
3192,Privileged Cont,0x7fdc200d6000,0x10cbca,000000002e361497,17.0,25866826386517.0,335292.0
3192,Privileged Cont,0x7fdc200d7000,0x1106d0,000000002e361497,18.0,25866826888025.0,42248.0
1500,upowerd,0x7766c91df000,0x1148a7,0000000018d9f899,48.0,25870126802516.0,1674905.0
2245,gnome-shell,0x766218914000,0x10aaa3,0000000021401416,10.0,25880988853670.0,53457.0
3106,Socket Thread,0x7c2c5e4d2000,0xd353d,00000000d4cc55e6,352.0,25889138219117.0,38931.0
1500,upowerd,0x7766c91df000,0x37184,0000000018d9f899,48.0,25900183196449.0,342055.0
3192,Privileged Cont,0x7fdc20be2000,0x11c17c,00000000cffbe0c3,30.0,25905978878812.0,38910.0
3192,Privileged Cont,0x7fdc20bd7000,0x11c5c5,00000000cffbe0c3,19.0,25906020129494.0,41182.0
2334,gsd-housekeepin,0x5ec033399000,0x12653b,0000000037ce107b,9.0,25922806726961.0,378163.0
1500,upowerd,0x7766c91df000,0x11fe2a,0000000018d9f899,48.0,25930236949209.0,465554.0
2245,gnome-shell,0x766218914000,0x12f236,0000000021401416,10.0,25940999852737.0,527137.0
3106,Socket Thread,0x7c2c5eef3000,0xdbf34,000000008706e445,49.0,25943070135394.0,1184300.0
3106,Socket Thread,0x7c2c5e366000,0x121cc2,00000000c3d72311,95.0,25973025941312.0,120644.0
3106,Socket Thread,0x7c2c5e4d2000,0x130440,00000000d4cc55e6,352.0,25976385171885.0,40408.0
2334,gsd-housekeepin,0x5ec033399000,0x112cdb,0000000037ce107b,9.0,25982803511023.0,1056558.0
1500,upowerd,0x7766c91df000,0x82e22,0000000018d9f899,48.0,25990303043348.0,2343371.0
3106,Socket Thread,0x7c2c5e4d2000,0x12a76a,00000000d4cc55e6,352.0,26016773236890.0,410840.0
1500,upowerd,0x7766c91df000,0x128df8,0000000018d9f899,48.0,26020344481710.0,313781.0
3106,Socket Thread,0x7c2c5e366000,0x112a74,00000000c3d72311,95.0,26030088027877.0,217197.0
2334,gsd-housekeepin,0x5ec033399000,0x12d46d,0000000037ce107b,9.0,26042808156957.0,861274.0
1500,upowerd,0x7766c91df000,0x11fb00,0000000018d9f899,48.0,26050408569370.0,389039.0
3106,Socket Thread,0x7c2c5e5b7000,0x1267e6,00000000c5d2e7e7,173.0,26070292691727.0,803169.0
1500,upowerd,0x7766c91df000,0x122d80,0000000018d9f899,48.0,26080486060947.0,600631.0
3106,Socket Thread,0x7c2c5e5b7000,0x11dfca,00000000c5d2e7e7,173.0,26084847967322.0,134918.0
2334,gsd-housekeepin,0x5ec033399000,0x18b8b,0000000037ce107b,9.0,26102800459227.0,542743.0
1500,upowerd,0x7766c91df000,0x11975a,0000000018d9f899,48.0,26110571472920.0,5601029.0
3106,Socket Thread,0x7c2c5e5b7000,0x3118d,00000000c5d2e7e7,173.0,26133229815172.0,266110.0
1500,upowerd,0x7766c91df000,0x41bfa,0000000018d9f899,48.0,26140626712895.0,633661.0
3192,Privileged Cont,0x7fdc20be8000,0x10bf05,00000000cffbe0c3,31.0,26156532403594.0,232510.0
2334,gsd-housekeepin,0x5ec033399000,0x119f83,0000000037ce107b,9.0,26162808175204.0,190408.0
3192,Privileged Cont,0x7fdc20be2000,0x1146e4,00000000cffbe0c3,32.0,26162888838199.0,37584.0
3192,Privileged Cont,0x7fdc20bd7000,0x12bc65,00000000cffbe0c3,18.0,26162890870227.0,37827.0
3192,Privileged Cont,0x7fdc20bdb000,0x12bc65,00000000cffbe0c3,18.0,26162933125979.0,38106.0
1500,upowerd,0x7766c91df000,0x54afc,0000000018d9f899,48.0,26170700375322.0,1074928.0
2245,gnome-shell,0x766218914000,0xaa0b7,0000000021401416,10.0,26180992603262.0,529186.0
3106,Socket Thread,0x7c2c5eef3000,0x1305ca,000000008706e445,49.0,26195845017052.0,554480.0
1500,upowerd,0x7766c91df000,0x8cf3c,0000000018d9f899,48.0,26200760414441.0,1615475.0
2334,gsd-housekeepin,0x5ec033399000,0x12bec2,0000000037ce107b,9.0,26222801716017.0,386406.0
1500,upowerd,0x7766c91df000,0x99724,0000000018d9f899,48.0,26230843706603.0,1057737.0
1500,upowerd,0x7766c91df000,0x11ebae,0000000018d9f899,48.0,26261373496028.0,1691466.0
2334,gsd-housekeepin,0x5ec033399000,0x1180b9,0000000037ce107b,9.0,26282796828863.0,508792.0
2245,gnome-shell,0x766218914000,0x1200c7,0000000021401416,10.0,26300987389201.0,559979.0
3106,Socket Thread,0x7c2c5e5b7000,0x12918f,00000000c5d2e7e7,173.0,26324579862307.0,1842453.0
2334,gsd-housekeepin,0x5ec033399000,0x4a17c,0000000037ce107b,9.0,26342799357452.0,225002.0
3192,Privileged Cont,0x7fdc2048b000,0x154b8,0000000095e6344b,69.0,26350869470651.0,358547.0
3192,Privileged Cont,0x7fdc2046b000,0x241d5,0000000095e6344b,39.0,26350870151806.0,281382.0
3192,Privileged Cont,0x7fdc204c5000,0x48d55,0000000095e6344b,127.0,26351186084891.0,48700.0
3192,Privileged Cont,0x7fdc204c6000,0x48d56,0000000095e6344b,128.0,26351186860777.0,824586.0
3192,Privileged Cont,0x7fdc204c7000,0xc75a3,0000000095e6344b,129.0,26351186868298.0,832107.0
3192,Privileged Cont,0x7fdc204c8000,0xc75a4,0000000095e6344b,130.0,26351186871237.0,835046.0
3192,Privileged Cont,0x7fdc204c9000,0xc75a6,0000000095e6344b,131.0,26351187279097.0,243110.0
3192,Privileged Cont,0x7fdc204ca000,0xc75a7,0000000095e6344b,132.0,26351187283648.0,247661.0
3192,Privileged Cont,0x7fdc204cb000,0x94cf0,0000000095e6344b,133.0,26351187284924.0,248937.0
3192,Privileged Cont,0x7fdc204cc000,0x94cf2,0000000095e6344b,134.0,26351188033467.0,76036.0
3192,Privileged Cont,0x7fdc2046d000,0x241d5,0000000095e6344b,39.0,26351188721870.0,3738.0
3192,Privileged Cont,0x7fdc2046e000,0x5c6a1,0000000095e6344b,40.0,26351189245564.0,527432.0
2245,gnome-shell,0x766217bf7000,0x1acb4,000000006d6f2b4f,22.0,26351334010413.0,55634.0
3106,Socket Thread,0x7c2c5e366000,0x112f81,00000000c3d72311,95.0,26432556059337.0,40523.0
3106,Socket Thread,0x7c2c5eef3000,0x122996,000000008706e445,49.0,26432989392196.0,133279.0
3106,Socket Thread,0x7c2c5e5b7000,0x116be4,00000000c5d2e7e7,173.0,26447666766632.0,118410.0
3106,Socket Thread,0x7c2c5e4d2000,0x11b4f9,00000000d4cc55e6,352.0,26462454517832.0,59831.0
2334,gsd-housekeepin,0x5ec033399000,0x12ce93,0000000037ce107b,9.0,26462804849023.0,38587.0
3106,Socket Thread,0x7c2c5eef3000,0x12d890,000000008706e445,49.0,26471959715629.0,729072.0
1500,upowerd,0x7766c91df000,0x12efd1,0000000018d9f899,48.0,26472672764376.0,1054547.0
2245,gnome-shell,0x766218914000,0x116877,0000000021401416,10.0,26480992419683.0,157248.0
1500,upowerd,0x7766c91df000,0x124f66,0000000018d9f899,48.0,26502808694431.0,410636.0
3106,Socket Thread,0x7c2c5eef3000,0x116196,000000008706e445,49.0,26503143770451.0,38412.0
3106,Socket Thread,0x7c2c5e366000,0x11c035,00000000c3d72311,95.0,26503155806918.0,86300.0
3106,Socket Thread,0x7c2c5eef3000,0x116196,000000008706e445,49.0,26519060445168.0,371898.0
3192,Privileged Cont,0x7fdc20bda000,0x115893,00000000cffbe0c3,22.0,26519658245122.0,321307.0
3192,Privileged Cont,0x7fdc20be8000,0x12a922,00000000cffbe0c3,31.0,26519670544484.0,323593.0
3192,Privileged Cont,0x7fdc20bd9000,0x115893,00000000cffbe0c3,22.0,26522774360762.0,39546.0
2334,gsd-housekeepin,0x5ec033399000,0x12b20e,0000000037ce107b,9.0,26522799020677.0,319908.0
3192,Privileged Cont,0x7c2a44a47000,0x12d00f,00000000f7e4ddd5,79.0,26523376822919.0,38623.0
3192,Privileged Cont,0x7c2a44a48000,0x12d00f,00000000f7e4ddd5,79.0,26523377492588.0,599328.0
3192,Privileged Cont,0x7c2a44a49000,0x12d00f,00000000f7e4ddd5,79.0,26523377788137.0,247172.0
3192,Privileged Cont,0x7c2a44a4a000,0x12d00f,00000000f7e4ddd5,79.0,26523378854969.0,38254.0
3192,Privileged Cont,0x7c2a44a4b000,0x12d00f,00000000f7e4ddd5,79.0,26523379542415.0,37326.0
3192,Privileged Cont,0x7c2a44a4c000,0x12d00f,00000000f7e4ddd5,79.0,26523382145906.0,47817.0
3192,Privileged Cont,0x7c2a44a4d000,0x12d00f,00000000f7e4ddd5,79.0,26523383145926.0,90229.0
3192,Privileged Cont,0x7c2a44a4e000,0x12d00f,00000000f7e4ddd5,79.0,26523383480265.0,424568.0
3192,Privileged Cont,0x7c2a44a37000,0x11bcc9,00000000f7e4ddd5,60.0,26523386274738.0,35585.0
3192,Privileged Cont,0x7c2a44a38000,0x11bcc9,00000000f7e4ddd5,60.0,26523386789244.0,37730.0
3192,Privileged Cont,0x7c2a44a39000,0x11bcc9,00000000f7e4ddd5,60.0,26523387221562.0,349791.0
3192,Privileged Cont,0x7c2a44a3a000,0x11bcc9,00000000f7e4ddd5,60.0,26523387947416.0,40457.0
3192,Privileged Cont,0x7c2a44a3b000,0x11bcc9,00000000f7e4ddd5,60.0,26523388282793.0,38210.0
3192,Privileged Cont,0x7c2a44a45000,0x12d00f,00000000f7e4ddd5,79.0,26523388754992.0,389990.0
3192,Privileged Cont,0x7c2a44a46000,0x12d00f,00000000f7e4ddd5,79.0,26523389372996.0,40866.0
3192,Privileged Cont,0x7c2a44a1c000,0x10f924,00000000f7e4ddd5,31.0,26523390379036.0,390022.0
3192,Privileged Cont,0x7c2a44a1d000,0x10f924,00000000f7e4ddd5,31.0,26523391346450.0,39182.0
3192,Privileged Cont,0x7c2a44a1e000,0x10f924,00000000f7e4ddd5,31.0,26523391801305.0,410433.0
2334,gsd-housekeepin,0x5ec033399000,0x12b06b,0000000037ce107b,9.0,26582878425430.0,3382902.0
3106,Socket Thread,0x7c2c5e366000,0x11c035,00000000c3d72311,95.0,26583717281790.0,28456.0
3106,Socket Thread,0x7c2c5e366000,0x11c035,00000000c3d72311,95.0,26590569446091.0,50051.0
3106,Socket Thread,0x7c2c5e4d2000,0x10d3e2,00000000d4cc55e6,352.0,26590622810056.0,86421.0
1500,upowerd,0x7766c91df000,0x1227b3,0000000018d9f899,48.0,26592963275982.0,5407709.0
3106,Socket Thread,0x7c2c5eef3000,0x116196,000000008706e445,49.0,26596544036202.0,255658.0
2245,gnome-shell,0x766218914000,0x10e69f,0000000021401416,10.0,26600988379216.0,456263.0
3106,Socket Thread,0x7c2c5e5b7000,0x121c8e,00000000c5d2e7e7,173.0,26608980190818.0,21154132.0
3106,Socket Thread,0x7c2c5e4d2000,0x12d4d8,00000000d4cc55e6,352.0,26610287430708.0,10102.0
1500,upowerd,0x7766c91df000,0xd1a68,0000000018d9f899,48.0,26623060257345.0,3141584.0
2334,gsd-housekeepin,0x5ec033399000,0x9317b,0000000037ce107b,9.0,26642805747372.0,517879.0
3106,Socket Thread,0x7c2c5e366000,0x11e2d4,00000000c3d72311,95.0,26652515207896.0,52344.0
1500,upowerd,0x7766c91df000,0xa664b,0000000018d9f899,48.0,26653143343241.0,1552378.0
2245,gnome-shell,0x766218914000,0xfa4e,0000000021401416,10.0,26660997975556.0,623138.0
3106,Socket Thread,0x7c2c5eef3000,0x11a737,000000008706e445,49.0,26670886498021.0,270995.0
1500,upowerd,0x7766c91df000,0x125c0b,0000000018d9f899,48.0,26683180000411.0,3339194.0
3106,Socket Thread,0x7c2c5e5b7000,0x131b2c,00000000c5d2e7e7,173.0,26691691254733.0,362679.0
2334,gsd-housekeepin,0x5ec033399000,0x127595,0000000037ce107b,9.0,26702802773494.0,273310.0
3106,Socket Thread,0x7c2c5e5b7000,0x12f30b,00000000c5d2e7e7,173.0,26708426310899.0,192083.0
3106,Socket Thread,0x7c2c5e4d2000,0x12aa34,00000000d4cc55e6,352.0,26711814538388.0,37999.0
1500,upowerd,0x7766c91df000,0x11bec8,0000000018d9f899,48.0,26713281744403.0,400011.0
2334,gsd-housekeepin,0x5ec033399000,0x4f887,0000000037ce107b,9.0,26762806676726.0,578516.0
3106,Socket Thread,0x7c2c5e5b7000,0x1214f9,00000000c5d2e7e7,173.0,26767892615609.0,550886.0
1500,upowerd,0x7766c91df000,0x11c7c2,0000000018d9f899,48.0,26773357424388.0,572299.0
3106,Socket Thread,0x7c2c5e366000,0x119122,00000000c3d72311,95.0,26780166109251.0,565756.0
3106,Socket Thread,0x7c2c5e366000,0x119122,00000000c3d72311,95.0,26792056928762.0,99370.0
1860,pipewire-pulse,0x7132a82c1000,0x11010c,00000000024d2bd4,0.0,26811464890343.0,434729.0
1860,pipewire-pulse,0x7132a82c2000,0x11010d,00000000024d2bd4,1.0,26811464900237.0,444623.0
1860,pipewire-pulse,0x7132a82c3000,0x11010e,00000000024d2bd4,2.0,26811464902061.0,446447.0
1860,pipewire-pulse,0x7132a82c4000,0x11010f,00000000024d2bd4,3.0,26811464903687.0,448073.0
1860,pipewire-pulse,0x7132a82c5000,0x110110,00000000024d2bd4,4.0,26811464905673.0,450059.0
1860,pipewire-pulse,0x7132a82c6000,0x110111,00000000024d2bd4,5.0,26811464907271.0,451657.0
1860,pipewire-pulse,0x7132a82c7000,0x110112,00000000024d2bd4,6.0,26811464908773.0,453159.0
1860,pipewire-pulse,0x7132a82c8000,0x110113,00000000024d2bd4,7.0,26811464910344.0,454730.0
1860,pipewire-pulse,0x7132a82b8000,0x110115,00000000664f93bc,0.0,26811465160462.0,704848.0
1860,pipewire-pulse,0x7132a82b9000,0x110116,00000000664f93bc,1.0,26811465163614.0,708000.0
1860,pipewire-pulse,0x7132a82ba000,0x110117,00000000664f93bc,2.0,26811465165203.0,709589.0
1860,pipewire-pulse,0x7132a82bb000,0x110118,00000000664f93bc,3.0,26811465166041.0,710427.0
1860,pipewire-pulse,0x7132a82bc000,0x110119,00000000664f93bc,4.0,26811465166876.0,711262.0
1860,pipewire-pulse,0x7132a82bd000,0x11011a,00000000664f93bc,5.0,26811465167699.0,712085.0
1860,pipewire-pulse,0x7132a82be000,0x11011b,00000000664f93bc,6.0,26811465168563.0,712949.0
1860,pipewire-pulse,0x7132a82bf000,0x11011c,00000000664f93bc,7.0,26811465169495.0,713881.0
2334,gsd-housekeepin,0x5ec033399000,0x65cfc,0000000037ce107b,9.0,26822798859091.0,42191.0
3153,Privileged Cont,0x72406492a000,0x73046,00000000e19bd408,1.0,26822798859091.0,234899.557525
2987,firefox,0x7be398d34000,0x7ed3d,00000000d2f09527,2.0,26845011455065.0,257112.153499
2987,firefox,0x7be398d35000,0x7ed3c,00000000d2f09527,3.0,26845011470383.0,257112.168817
2987,firefox,0x7be398d2c000,0x7ed3a,00000000603b48f4,0.0,26845015067761.0,257115.766195
2987,firefox,0x7be398d2d000,0x7e27a,00000000603b48f4,1.0,26845015079801.0,257115.778235
2987,firefox,0x7be398d2e000,0x75e75,00000000603b48f4,2.0,26845015089291.0,257115.787725
2987,firefox,0x7be398d2f000,0x75e76,00000000603b48f4,3.0,26845015094798.0,257115.793232
3095,Renderer,0x7be398d31000,0x7ed3b,00000000d2f09527,4.0,26845025828791.0,257126.527225
3095,Renderer,0x7be398d32000,0x7ed3b,00000000d2f09527,4.0,26845025841912.0,257126.540346
3095,Renderer,0x7be398d36000,0x7ed3b,00000000d2f09527,4.0,26845025847577.0,257126.546011
3095,Renderer,0x7be398d37000,0x75e7b,00000000d2f09527,5.0,26845025851142.0,257126.549576
3095,Renderer,0x7be398d38000,0x75e7c,00000000d2f09527,6.0,26845025854596.0,257126.55303
2987,firefox,0x7be398d1e000,0x81f8f,000000007dedcf93,2.0,26849722225406.0,261822.92384
2987,firefox,0x7be398d1f000,0x81f8e,000000007dedcf93,3.0,26849722230614.0,261822.929048
3095,Renderer,0x7be398d1b000,0x81f8d,000000007dedcf93,4.0,26849781905957.0,261882.604391
3095,Renderer,0x7be398d1c000,0x81f8d,000000007dedcf93,4.0,26849781912061.0,261882.610495
3095,Renderer,0x7be398d21000,0x789ad,000000007dedcf93,5.0,26849781917496.0,261882.61593
3095,Renderer,0x7be398d22000,0x698c9,000000007dedcf93,6.0,26849781920654.0,261882.619088
1726,pipewire-pulse,0x7c6c25f1e000,0x6a000,00000000e45b9034,0.0,26857430643026.0,269531.34146
1726,pipewire-pulse,0x7c6c25f1f000,0x69e00,00000000e45b9034,1.0,26857430658428.0,269531.356862
1726,pipewire-pulse,0x7c6c25f21000,0x69df9,00000000e45b9034,3.0,26857430663459.0,269531.361893
1726,pipewire-pulse,0x7c6c25f22000,0x69c51,00000000e45b9034,4.0,26857430666488.0,269531.364922
1726,pipewire-pulse,0x7c6c25f23000,0x69b8c,00000000e45b9034,5.0,26857430669254.0,269531.367688
1726,pipewire-pulse,0x7c6c25f24000,0x69b8b,00000000e45b9034,6.0,26857430672068.0,269531.370502
1726,pipewire-pulse,0x7c6c25f25000,0x69b8a,00000000e45b9034,7.0,26857430674852.0,269531.373286
1726,pipewire-pulse,0x7c6c247fa000,0x69b7d,00000000d2fe3b73,0.0,26857430818317.0,269531.516751
1726,pipewire-pulse,0x7c6c247fb000,0x69b7b,00000000d2fe3b73,1.0,26857430822633.0,269531.521067
1726,pipewire-pulse,0x7c6c247fc000,0x69b73,00000000d2fe3b73,2.0,26857430826000.0,269531.524434
1726,pipewire-pulse,0x7c6c247fd000,0x69b48,00000000d2fe3b73,3.0,26857430829093.0,269531.527527
1726,pipewire-pulse,0x7c6c247fe000,0x69b47,00000000d2fe3b73,4.0,26857430830778.0,269531.529212
1726,pipewire-pulse,0x7c6c247ff000,0x69b46,00000000d2fe3b73,5.0,26857430832289.0,269531.530723
1726,pipewire-pulse,0x7c6c24801000,0x69b40,00000000d2fe3b73,7.0,26857430835048.0,269531.533482
1726,pipewire-pulse,0x7c6c25f1e000,0x8f06e,0000000083e0bdfb,0.0,26862500242950.0,274600.941384
1726,pipewire-pulse,0x7c6c25f1f000,0x8f06f,0000000083e0bdfb,1.0,26862500283819.0,274600.982253
1726,pipewire-pulse,0x7c6c25f21000,0x8f071,0000000083e0bdfb,3.0,26862500314327.0,274601.012761
1726,pipewire-pulse,0x7c6c25f22000,0x8f072,0000000083e0bdfb,4.0,26862500330030.0,274601.028464
1726,pipewire-pulse,0x7c6c25f23000,0x8f073,0000000083e0bdfb,5.0,26862500345618.0,274601.044052
1726,pipewire-pulse,0x7c6c25f24000,0x8f074,0000000083e0bdfb,6.0,26862500361386.0,274601.05982
1726,pipewire-pulse,0x7c6c25f25000,0x8f075,0000000083e0bdfb,7.0,26862500376979.0,274601.075413
1726,pipewire-pulse,0x7c6c247fa000,0x8f077,00000000e97071b5,0.0,26862503514619.0,274604.213053
1726,pipewire-pulse,0x7c6c247fb000,0x8f078,00000000e97071b5,1.0,26862503536079.0,274604.234513
1726,pipewire-pulse,0x7c6c247fc000,0x8f079,00000000e97071b5,2.0,26862503552371.0,274604.250805
1726,pipewire-pulse,0x7c6c247fd000,0x8f07a,00000000e97071b5,3.0,26862503568445.0,274604.266879
1726,pipewire-pulse,0x7c6c247fe000,0x8f07b,00000000e97071b5,4.0,26862503582751.0,274604.281185
1726,pipewire-pulse,0x7c6c247ff000,0x8f07c,00000000e97071b5,5.0,26862503596864.0,274604.295298
1726,pipewire-pulse,0x7c6c24801000,0x8f07e,00000000e97071b5,7.0,26862503625286.0,274604.32372
1726,pipewire-pulse,0x7c6c25f1e000,0x9269a,000000006ea8f7c5,0.0,26866280594515.0,278381.292949
1726,pipewire-pulse,0x7c6c25f1f000,0x9269b,000000006ea8f7c5,1.0,26866280610608.0,278381.309042
1726,pipewire-pulse,0x7c6c25f21000,0x9269d,000000006ea8f7c5,3.0,26866280638169.0,278381.336603
1726,pipewire-pulse,0x7c6c25f22000,0x9269e,000000006ea8f7c5,4.0,26866280652176.0,278381.35061
1726,pipewire-pulse,0x7c6c25f23000,0x9269f,000000006ea8f7c5,5.0,26866280687561.0,278381.385995
1726,pipewire-pulse,0x7c6c25f24000,0x926a0,000000006ea8f7c5,6.0,26866280701774.0,278381.400208
1726,pipewire-pulse,0x7c6c25f25000,0x926a1,000000006ea8f7c5,7.0,26866280715703.0,278381.414137
1726,pipewire-pulse,0x7c6c247fa000,0x926a3,000000008a88fd00,0.0,26866280789794.0,278381.488228
1726,pipewire-pulse,0x7c6c247fb000,0x926a4,000000008a88fd00,1.0,26866280804091.0,278381.502525
1726,pipewire-pulse,0x7c6c247fc000,0x926a5,000000008a88fd00,2.0,26866280824856.0,278381.52329
1726,pipewire-pulse,0x7c6c247fd000,0x926a6,000000008a88fd00,3.0,26866280838595.0,278381.537029
1726,pipewire-pulse,0x7c6c247fe000,0x926a7,000000008a88fd00,4.0,26866280852357.0,278381.550791
1726,pipewire-pulse,0x7c6c247ff000,0x926a8,000000008a88fd00,5.0,26866280866102.0,278381.564536
1726,pipewire-pulse,0x7c6c24801000,0x926aa,000000008a88fd00,7.0,26866280893325.0,278381.591759
1726,pipewire-pulse,0x7c6c247ef000,0x94ae0,00000000b9cf9720,0.0,26867276821338.0,279377.519772
1726,pipewire-pulse,0x7c6c247f1000,0x94ae2,00000000b9cf9720,2.0,26867276850882.0,279377.549316
1726,pipewire-pulse,0x7c6c247f2000,0x94ae3,00000000b9cf9720,3.0,26867276864659.0,279377.563093
1726,pipewire-pulse,0x7c6c247f3000,0x94ae4,00000000b9cf9720,4.0,26867276878606.0,279377.57704
1726,pipewire-pulse,0x7c6c247f4000,0x94ae5,00000000b9cf9720,5.0,26867276892326.0,279377.59076
1726,pipewire-pulse,0x7c6c247f5000,0x94ae6,00000000b9cf9720,6.0,26867276906043.0,279377.604477
1726,pipewire-pulse,0x7c6c247f6000,0x94ae7,00000000b9cf9720,7.0,26867276919744.0,279377.618178
1726,pipewire-pulse,0x7c6c247e6000,0x94ae9,00000000c4cc8088,0.0,26867277975992.0,279378.674426
1726,pipewire-pulse,0x7c6c247e7000,0x94aea,00000000c4cc8088,1.0,26867277994301.0,279378.692735
1726,pipewire-pulse,0x7c6c247e8000,0x94aeb,00000000c4cc8088,2.0,26867278008045.0,279378.706479
1726,pipewire-pulse,0x7c6c247e9000,0x94aec,00000000c4cc8088,3.0,26867278021746.0,279378.72018
1726,pipewire-pulse,0x7c6c247ea000,0x94aed,00000000c4cc8088,4.0,26867278035404.0,279378.733838
1726,pipewire-pulse,0x7c6c247eb000,0x94aee,00000000c4cc8088,5.0,26867278049333.0,279378.747767
1726,pipewire-pulse,0x7c6c247ec000,0x94aef,00000000c4cc8088,6.0,26867278075336.0,279378.77377
1726,pipewire-pulse,0x7c6c247ed000,0x94af0,00000000c4cc8088,7.0,26867278089383.0,279378.787817
1726,pipewire-pulse,0x7c6c247ef000,0x95f42,00000000b07d272a,0.0,26868293227540.0,280393.925974
1726,pipewire-pulse,0x7c6c247f1000,0x95f44,00000000b07d272a,2.0,26868293270088.0,280393.968522
1726,pipewire-pulse,0x7c6c247f2000,0x95f45,00000000b07d272a,3.0,26868293286270.0,280393.984704
1726,pipewire-pulse,0x7c6c247f3000,0x95f46,00000000b07d272a,4.0,26868293302244.0,280394.000678
1726,pipewire-pulse,0x7c6c247f4000,0x95f47,00000000b07d272a,5.0,26868293317770.0,280394.016204
1726,pipewire-pulse,0x7c6c247f5000,0x95f48,00000000b07d272a,6.0,26868293333315.0,280394.031749
1726,pipewire-pulse,0x7c6c247f6000,0x95f49,00000000b07d272a,7.0,26868293348931.0,280394.047365
1726,pipewire-pulse,0x7c6c247e6000,0x95f4b,0000000008a620ee,0.0,26868293558604.0,280394.257038
1726,pipewire-pulse,0x7c6c247e7000,0x95f4c,0000000008a620ee,1.0,26868293576165.0,280394.274599
1726,pipewire-pulse,0x7c6c247e8000,0x95f4d,0000000008a620ee,2.0,26868293591980.0,280394.290414
1726,pipewire-pulse,0x7c6c247e9000,0x95f4e,0000000008a620ee,3.0,26868293607906.0,280394.30634
1726,pipewire-pulse,0x7c6c247ea000,0x95f4f,0000000008a620ee,4.0,26868293639165.0,280394.337599
1726,pipewire-pulse,0x7c6c247eb000,0x95f50,0000000008a620ee,5.0,26868293653114.0,280394.351548
1726,pipewire-pulse,0x7c6c247ec000,0x95f51,0000000008a620ee,6.0,26868293667006.0,280394.36544
1726,pipewire-pulse,0x7c6c247ed000,0x95f52,0000000008a620ee,7.0,26868293680975.0,280394.379409
2987,firefox,0x7be38708e000,0x95fa6,00000000078ad951,0.0,26868330779509.0,280431.477943
2987,firefox,0x7be38708f000,0x95fa7,00000000078ad951,1.0,26868330798062.0,280431.496496
2987,firefox,0x7be387091000,0x95fa9,00000000078ad951,3.0,26868330831409.0,280431.529843
2987,firefox,0x7be387092000,0x95faa,00000000078ad951,4.0,26868330847729.0,280431.546163
2987,firefox,0x7be387093000,0x95fab,00000000078ad951,5.0,26868330863820.0,280431.562254
2987,firefox,0x7be387094000,0x95fac,00000000078ad951,6.0,26868330879916.0,280431.57835
2987,firefox,0x7be387095000,0x95fad,00000000078ad951,7.0,26868330896066.0,280431.5945
2987,firefox,0x7be387096000,0x95fae,00000000078ad951,8.0,26868330912107.0,280431.610541
2987,firefox,0x7be387097000,0x95faf,00000000078ad951,9.0,26868330941873.0,280431.640307
2987,firefox,0x7be387098000,0x95fb0,00000000078ad951,10.0,26868330957872.0,280431.656306
2987,firefox,0x7be387099000,0x95fb1,00000000078ad951,11.0,26868330973717.0,280431.672151
2987,firefox,0x7be38709a000,0x95fb2,00000000078ad951,12.0,26868330989541.0,280431.687975
2987,firefox,0x7be38709b000,0x95fb3,00000000078ad951,13.0,26868331005079.0,280431.703513
2987,firefox,0x7be38709c000,0x95fb4,00000000078ad951,14.0,26868331024588.0,280431.723022
2987,firefox,0x7be38709d000,0x95fb5,00000000078ad951,15.0,26868331040410.0,280431.738844
2987,firefox,0x7be38709e000,0x95fb6,00000000078ad951,16.0,26868331056642.0,280431.755076
2987,firefox,0x7be38709f000,0x95fb7,00000000078ad951,17.0,26868331072257.0,280431.770691
2987,firefox,0x7be3870a1000,0x95fb9,00000000078ad951,19.0,26868331103951.0,280431.802385
2987,firefox,0x7be3870fd000,0x96015,00000000078ad951,111.0,26868332605593.0,280433.304027
2987,firefox,0x7be3870fe000,0x96016,00000000078ad951,112.0,26868332623140.0,280433.321574
2987,firefox,0x7be3870ff000,0x96017,00000000078ad951,113.0,26868332641861.0,280433.340295
4192,Isolated Web Co,0x7240635bf000,0x9c1ff,000000006595aeb1,7.0,26872816036328.0,284916.734762
2987,firefox,0x7be37c0d3000,0xa2b6b,00000000e90e03c9,160.0,26879653861705.0,291754.560139
2987,firefox,0x7be399631000,0xa4cb8,000000008fee079f,7.0,26881586775766.0,293687.4742
4192,Isolated Web Co,0x724060897000,0x77b7a,000000009d33c85c,7.0,26886271481894.0,298372.180328
2987,firefox,0x7be39a813000,0xab9d1,00000000c9eac272,7.0,26886362600561.0,298463.298995
2987,firefox,0x7be399631000,0xada97,0000000004b9495f,7.0,26887779978462.0,299880.676896
2987,firefox,0x7be399631000,0xada9f,00000000d6d5cc10,7.0,26887800866138.0,299901.564572
2987,firefox,0x7be399631000,0xaf182,000000003aaee961,7.0,26889528947181.0,301629.645615
2987,firefox,0x7be399631000,0x9e70f,0000000012a649ff,7.0,26890039606039.0,302140.304473
2987,firefox,0x7be399631000,0x9561a,000000009cd824e0,7.0,26890270546070.0,302371.244504
2987,firefox,0x7be399631000,0xae831,000000008264fc7f,7.0,26890306813379.0,302407.511813
2987,firefox,0x7be399631000,0xae4bb,000000006a90238d,7.0,26890348078279.0,302448.776713
2987,firefox,0x7be399631000,0xaf3cc,0000000099fbd294,7.0,26890352647492.0,302453.345926
2987,firefox,0x7be399631000,0xb33a8,0000000039e3ed87,7.0,26894044646052.0,306145.344486
2987,firefox,0x7be399631000,0xb57af,00000000c65159b4,7.0,26894758595762.0,306859.294196
2987,firefox,0x7be399631000,0xb5779,00000000a09cb060,7.0,26894759977932.0,306860.676366
2987,firefox,0x7be39961d000,0xa72b8,000000006b6e501c,7.0,26896097571923.0,308198.270357
2987,firefox,0x7be39961d000,0xb8452,00000000ab9ea6b6,7.0,26896105789998.0,308206.488432
2987,firefox,0x7be399621000,0xb909d,00000000a0a31e09,7.0,26897951795563.0,310052.493997
2987,firefox,0x7be399621000,0xb903c,000000009a4b31fe,7.0,26897990584725.0,310091.283159
1726,pipewire-pulse,0x7c6c247f1000,0xd3d94,00000000bc48d7c9,1.0,26948035660620.0,360136.359054
1726,pipewire-pulse,0x7c6c247f2000,0xd3d95,00000000bc48d7c9,2.0,26948035688340.0,360136.386774
1726,pipewire-pulse,0x7c6c247f3000,0xd3d96,00000000bc48d7c9,3.0,26948035706318.0,360136.404752
1726,pipewire-pulse,0x7c6c247f4000,0xd3d97,00000000bc48d7c9,4.0,26948035722442.0,360136.420876
1726,pipewire-pulse,0x7c6c247f5000,0xd3d98,00000000bc48d7c9,5.0,26948035738358.0,360136.436792
1726,pipewire-pulse,0x7c6c247f6000,0xd3d99,00000000bc48d7c9,6.0,26948035754060.0,360136.452494
1726,pipewire-pulse,0x7c6c247f7000,0xd3d9a,00000000bc48d7c9,7.0,26948035770062.0,360136.468496
1726,pipewire-pulse,0x7c6c247e7000,0xd3d9c,00000000eb6515a2,0.0,26948035971315.0,360136.669749
1726,pipewire-pulse,0x7c6c247e8000,0xd3d9d,00000000eb6515a2,1.0,26948035989406.0,360136.68784
1726,pipewire-pulse,0x7c6c247e9000,0xd3d9e,00000000eb6515a2,2.0,26948036005641.0,360136.704075
1726,pipewire-pulse,0x7c6c247ea000,0xd3d9f,00000000eb6515a2,3.0,26948036043857.0,360136.742291
1726,pipewire-pulse,0x7c6c247eb000,0xd3da0,00000000eb6515a2,4.0,26948036058259.0,360136.756693
1726,pipewire-pulse,0x7c6c247ec000,0xd3da1,00000000eb6515a2,5.0,26948036072303.0,360136.770737
1726,pipewire-pulse,0x7c6c247ed000,0xd3da2,00000000eb6515a2,6.0,26948036086717.0,360136.785151
1726,pipewire-pulse,0x7c6c247ee000,0xd3da3,00000000eb6515a2,7.0,26948036101760.0,360136.800194
1726,pipewire-pulse,0x7c6c247db000,0xd3ea5,00000000ee5f03ed,0.0,26948171606202.0,360272.304636
1726,pipewire-pulse,0x7c6c247dc000,0xd3ea6,00000000ee5f03ed,1.0,26948171610299.0,360272.308733
1726,pipewire-pulse,0x7c6c247dd000,0xd3ea7,00000000ee5f03ed,2.0,26948171612397.0,360272.310831
1726,pipewire-pulse,0x7c6c247de000,0xd3ea8,00000000ee5f03ed,3.0,26948171614125.0,360272.312559
1726,pipewire-pulse,0x7c6c247df000,0xd3ea9,00000000ee5f03ed,4.0,26948171616040.0,360272.314474
1726,pipewire-pulse,0x7c6c247e1000,0xd3eab,00000000ee5f03ed,6.0,26948171619416.0,360272.31785
1726,pipewire-pulse,0x7c6c247e2000,0xd3eac,00000000ee5f03ed,7.0,26948171621402.0,360272.319836
1726,pipewire-pulse,0x7c6c247d2000,0xd3eae,000000000338f01a,0.0,26948171658750.0,360272.357184
1726,pipewire-pulse,0x7c6c247d3000,0xd3eaf,000000000338f01a,1.0,26948171660638.0,360272.359072
1726,pipewire-pulse,0x7c6c247d4000,0xd3eb0,000000000338f01a,2.0,26948171662337.0,360272.360771
1726,pipewire-pulse,0x7c6c247d5000,0xd3eb1,000000000338f01a,3.0,26948171664182.0,360272.362616
1726,pipewire-pulse,0x7c6c247d6000,0xd3eb2,000000000338f01a,4.0,26948171666058.0,360272.364492
1726,pipewire-pulse,0x7c6c247d7000,0xd3eb3,000000000338f01a,5.0,26948171667812.0,360272.366246
1726,pipewire-pulse,0x7c6c247d8000,0xd3eb4,000000000338f01a,6.0,26948171669634.0,360272.368068
1726,pipewire-pulse,0x7c6c247d9000,0xd3eb5,000000000338f01a,7.0,26948171671429.0,360272.369863
2139,at-spi2-registr,0x5db00f3b9000,0x29b9,00000000f8610062,12.0,26970484634624.0,382585.333058
2553,gvfs-afc-volume,0x7c46a5034000,0x10d335,00000000b9a3a5df,7.0,26971051639312.0,383152.337746
1370,upowerd,0x752dd4fdf000,0x12f335,00000000922d61d0,48.0,26975298185381.0,981022.0
3793,Isolated Web Co,0x7240b7e03000,0x11b58a,0000000064b8efcd,1.0,26978224246038.0,1026650.0
3793,Isolated Web Co,0x72405d242000,0xa0615,00000000f6098ed6,2633.0,26978271631908.0,2005145.0
5599,Isolated Web Co,0x7240757ae000,0x122680,0000000051618b51,1.0,26981086600999.0,195743.0
2113,gnome-shell,0x7556c03f8000,0xc1ab,00000000b2a7b193,10.0,26985507872272.0,903615.0
2198,gsd-housekeepin,0x56bcb2cbb000,0x37457,00000000806bdfe8,9.0,26994942953108.0,773626.0
3793,Isolated Web Co,0x724063405000,0x10f654,000000006595aeb1,7.0,26996889780144.0,8343769.0
3793,Isolated Web Co,0x72405d68c000,0xad949,0000000070799606,17.0,26998742187542.0,103809.0
3793,Isolated Web Co,0x72405ec8e000,0x3613a,00000000e3f99778,4751.0,27001811999429.0,24724007.0
3793,Isolated Web Co,0x72405d38b000,0x7c828,00000000e90e03c9,157.0,27002294534858.0,1734801.0
4110,Isolated Web Co,0x724064da0000,0xa2a7a,00000000bd5e3ddc,171.0,27040299846970.0,105534.0
4110,Isolated Web Co,0x724064d84000,0x56804,00000000bd5e3ddc,127.0,27040474953383.0,229312.0
4110,Isolated Web Co,0x724064d85000,0x56805,00000000bd5e3ddc,128.0,27040474969166.0,245095.0
4110,Isolated Web Co,0x724064d86000,0x56806,00000000bd5e3ddc,129.0,27040474973933.0,249862.0
4110,Isolated Web Co,0x724064d87000,0x56807,00000000bd5e3ddc,130.0,27040474977679.0,253608.0
4110,Isolated Web Co,0x724064d88000,0x56808,00000000bd5e3ddc,131.0,27040474982208.0,258137.0
4110,Isolated Web Co,0x724064d89000,0x56809,00000000bd5e3ddc,132.0,27040474986124.0,262053.0
4110,Isolated Web Co,0x724064d8a000,0x5680a,00000000bd5e3ddc,133.0,27040474989985.0,265914.0
4110,Isolated Web Co,0x724064d8b000,0x5680b,00000000bd5e3ddc,134.0,27040474996826.0,272755.0
4324,Isolated Web Co,0x7240654a4000,0x540f0,00000000c713297e,31.0,27051677411025.0,199035.0
2198,gsd-housekeepin,0x56bcb2cbb000,0x124c46,00000000806bdfe8,9.0,27054909761977.0,773794.0
1370,upowerd,0x752dd4fdf000,0x12e099,00000000922d61d0,48.0,27055422546791.0,765893.0
4324,Isolated Web Co,0x7240654b6000,0x540db,00000000c713297e,52.0,27055456515551.0,215232.0
4324,Isolated Web Co,0x7240654b2000,0x540db,00000000c713297e,52.0,27055489918981.0,72446.0
4324,Isolated Web Co,0x72406548e000,0x54100,00000000c713297e,15.0,27055492159680.0,78602.0
4324,Isolated Web Co,0x724065490000,0x540f4,00000000c713297e,27.0,27055504137928.0,74572.0
2901,update-notifier,0x5f1664222000,0xc02cc,000000009fadb09a,15.0,27056933055140.0,72790.0
4324,Isolated Web Co,0x7240654b1000,0x540db,00000000c713297e,52.0,27063825024816.0,1037555.0
4324,Isolated Web Co,0x72406548d000,0x54100,00000000c713297e,15.0,27063854207234.0,705921.0
4324,Isolated Web Co,0x72406548f000,0x54100,00000000c713297e,15.0,27063864834928.0,148056.0
4324,Isolated Web Co,0x7240654b7000,0x540db,00000000c713297e,52.0,27063905518328.0,8721215.0
3793,Isolated Web Co,0x7240654d8000,0x582bf,00000000b6e40b81,33.0,27077218679569.0,82181.0
3793,Isolated Web Co,0x7240654bc000,0x582ad,00000000b6e40b81,15.0,27077221127815.0,74375.0
3793,Isolated Web Co,0x7240654e8000,0x582d2,00000000b6e40b81,52.0,27077225811927.0,86795.0
3793,Isolated Web Co,0x7240654bd000,0x582ad,00000000b6e40b81,15.0,27077234844506.0,92025.0
3793,Isolated Web Co,0x7240654e7000,0x582d2,00000000b6e40b81,52.0,27077257662474.0,81709.0
3793,Isolated Web Co,0x7240654f5000,0x582db,00000000b6e40b81,61.0,27077267064188.0,89161.0
3793,Isolated Web Co,0x7240654d9000,0x582bf,00000000b6e40b81,33.0,27077270117723.0,76723.0
3793,Isolated Web Co,0x7240654e1000,0x582d2,00000000b6e40b81,52.0,27077272490826.0,207776.0
3793,Isolated Web Co,0x7240654e0000,0x582d2,00000000b6e40b81,52.0,27077274147593.0,158683.0
3793,Isolated Web Co,0x7240654e2000,0x582d2,00000000b6e40b81,52.0,27077286394387.0,326207.0
3793,Isolated Web Co,0x72406549f000,0x540f6,00000000c713297e,25.0,27078486943326.0,841705.0
3793,Isolated Web Co,0x7240654a0000,0x112862,00000000c713297e,31.0,27078563873340.0,779722.0
4324,Isolated Web Co,0x7240654c0000,0x582ae,00000000b6e40b81,16.0,27079404703247.0,22939.0
4324,Isolated Web Co,0x7240654d1000,0x582bf,00000000b6e40b81,33.0,27079404712213.0,31905.0
4324,Isolated Web Co,0x7240654bf000,0x582ad,00000000b6e40b81,15.0,27079433558680.0,98677.0
4324,Isolated Web Co,0x7240654ce000,0x582ae,00000000b6e40b81,16.0,27079442622310.0,5829535.0
4324,Isolated Web Co,0x7240654f1000,0x582db,00000000b6e40b81,61.0,27079463450382.0,4635461.0
4324,Isolated Web Co,0x7240654f2000,0x582db,00000000b6e40b81,61.0,27079467915773.0,201805.0
4324,Isolated Web Co,0x7240654d5000,0x582bf,00000000b6e40b81,33.0,27079473902715.0,103987.0
4324,Isolated Web Co,0x7240654cf000,0x73425,00000000b6e40b81,19.0,27079482443150.0,73412.0
4324,Isolated Web Co,0x7240654c6000,0x6fa52,00000000b6e40b81,20.0,27086858873053.0,96288.0
4324,Isolated Web Co,0x7240654ec000,0x582d2,00000000b6e40b81,52.0,27086877534844.0,14144009.0
4324,Isolated Web Co,0x7240654c4000,0x6fa52,00000000b6e40b81,20.0,27086880902532.0,87931.0
4324,Isolated Web Co,0x7240654ca000,0x6fa52,00000000b6e40b81,20.0,27086931594985.0,1191400.0
4324,Isolated Web Co,0x7240654c5000,0x6fa52,00000000b6e40b81,20.0,27086962713515.0,1023883.0
4324,Isolated Web Co,0x7240654f4000,0x123f2e,00000000b6e40b81,58.0,27086980977405.0,240190.0
4324,Isolated Web Co,0x7240654d3000,0x582bf,00000000b6e40b81,33.0,27086981961666.0,104596.0
4324,Isolated Web Co,0x7240654cb000,0x6fa52,00000000b6e40b81,20.0,27086981980409.0,123339.0
4324,Isolated Web Co,0x7240654f8000,0x123f2e,00000000b6e40b81,58.0,27086994515181.0,91837.0
4324,Isolated Web Co,0x72406549e000,0x123e4f,00000000c713297e,27.0,27093462497602.0,284010.0
2987,firefox,0x7be39e056000,0x123e4f,00000000c713297e,27.0,27100688956840.0,68388.0
3793,Isolated Web Co,0x72406549e000,0x123e4f,00000000c713297e,27.0,27100755098478.0,935344.0
2987,firefox,0x7be39e05c000,0x123e4f,00000000c713297e,27.0,27100785946003.0,721316.0
2987,firefox,0x7be39a98c000,0x127ed8,00000000b6e40b81,16.0,27100948962198.0,721407.0
2987,firefox,0x7be39a9b2000,0x122f45,00000000b6e40b81,61.0,27104557903804.0,22350.0
2987,firefox,0x7be39e075000,0x56685,00000000c713297e,52.0,27109290147858.0,1090695.0
2113,gnome-shell,0x7556c03f8000,0xd9f26,00000000b2a7b193,10.0,27111480985986.0,710650.0
3793,Isolated Web Co,0x7be19a845000,0x12602c,0000000074d6c414,68.0,27114621994143.0,96961.0
3793,Isolated Web Co,0x7be19a840000,0x123c3c,0000000074d6c414,69.0,27114630542274.0,261943.0
3793,Isolated Web Co,0x7be19a843000,0x123c3c,0000000074d6c414,69.0,27114642018905.0,107883.0
3793,Isolated Web Co,0x7be19a842000,0x123c3c,0000000074d6c414,69.0,27114655952864.0,679868.0
3793,Isolated Web Co,0x7be19a841000,0x123c3c,0000000074d6c414,69.0,27114660917006.0,864725.0
3793,Isolated Web Co,0x724064d05000,0x9635,00000000bd5e3ddc,0.0,27115420813408.0,84662.0
3793,Isolated Web Co,0x724064d07000,0x12eecd,00000000bd5e3ddc,1.0,27115473098363.0,1009275.0
3793,Isolated Web Co,0x724064d06000,0x12d88d,00000000bd5e3ddc,3.0,27115478699700.0,847991.0
3793,Isolated Web Co,0x724064d4a000,0x1184a3,00000000bd5e3ddc,69.0,27115515630689.0,251381.0
3793,Isolated Web Co,0x724064d11000,0x121f67,00000000bd5e3ddc,12.0,27116060547635.0,70985.0
3793,Isolated Web Co,0x724064d08000,0x121f6a,00000000bd5e3ddc,13.0,27117479027607.0,70542.0
3793,Isolated Web Co,0x724064d8f000,0x96023,00000000bd5e3ddc,138.0,27117485155699.0,325862.0
3793,Isolated Web Co,0x724064d91000,0x98a70,00000000bd5e3ddc,140.0,27117504733713.0,72300.0
3793,Isolated Web Co,0x724064d92000,0x98a76,00000000bd5e3ddc,141.0,27117512855198.0,777632.0
4324,Isolated Web Co,0x72406549e000,0xa2862,00000000c713297e,25.0,27120240719709.0,71660.0
2987,firefox,0x7be39a990000,0x582bf,00000000b6e40b81,33.0,27121653234129.0,69873.0
2987,firefox,0x7be39a9a3000,0x116263,00000000b6e40b81,45.0,27121654963351.0,69334.0
2987,firefox,0x7be39a99a000,0x582bf,00000000b6e40b81,33.0,27121656171389.0,73031.0
2987,firefox,0x7be39a9b3000,0x122f45,00000000b6e40b81,61.0,27121657941838.0,80779.0
2987,firefox,0x7be39a9b0000,0x122f45,00000000b6e40b81,61.0,27121659009375.0,70029.0
2987,firefox,0x7be39a99d000,0x582bf,00000000b6e40b81,33.0,27121660267339.0,146134.0
2987,firefox,0x7be39a999000,0x12da64,00000000b6e40b81,34.0,27121664191026.0,296467.0
2987,firefox,0x7be39a9a5000,0x116263,00000000b6e40b81,45.0,27121666062571.0,74037.0
2987,firefox,0x7be39a98c000,0x10bb58,00000000b6e40b81,20.0,27121667101816.0,67345.0
2987,firefox,0x7be39a994000,0x12da64,00000000b6e40b81,34.0,27121668062762.0,74058.0
2987,firefox,0x7be39a986000,0x10bb58,00000000b6e40b81,20.0,27121857542343.0,199446.0
2987,firefox,0x7be39a9ac000,0x116263,00000000b6e40b81,45.0,27121858830124.0,70557.0
2987,firefox,0x7be39a988000,0x10bb58,00000000b6e40b81,20.0,27121860001129.0,74720.0
2987,firefox,0x7be39a997000,0x12da64,00000000b6e40b81,34.0,27121861772203.0,76914.0
2987,firefox,0x7be39a989000,0x10bb58,00000000b6e40b81,20.0,27121863269086.0,76098.0
2987,firefox,0x7be39a9a4000,0x12ff83,00000000b6e40b81,49.0,27121864195554.0,72865.0
2987,firefox,0x7be39a9a1000,0x12ff83,00000000b6e40b81,49.0,27121865084783.0,73502.0
2987,firefox,0x7be39a9ae000,0x12ff83,00000000b6e40b81,49.0,27121866668980.0,67599.0
2987,firefox,0x7be39a99e000,0x12da64,00000000b6e40b81,34.0,27121868013714.0,74854.0
2987,firefox,0x7be39a996000,0x11c15f,00000000b6e40b81,35.0,27121868957478.0,72285.0
2987,firefox,0x7be39a9b9000,0x122f45,00000000b6e40b81,61.0,27121870098970.0,74109.0
2987,firefox,0x7be39a987000,0x10bb58,00000000b6e40b81,20.0,27122032243964.0,69755.0
2987,firefox,0x7be39a98b000,0x10bb58,00000000b6e40b81,20.0,27122034165067.0,14764.0
2987,firefox,0x7be39a9ab000,0x117b6b,00000000b6e40b81,51.0,27122038318928.0,67174.0
2987,firefox,0x7be39a9a2000,0x117b6b,00000000b6e40b81,51.0,27122041181485.0,68957.0
2987,firefox,0x7be39a9a0000,0x117b6b,00000000b6e40b81,51.0,27122042623898.0,242903.0
2987,firefox,0x7be39a9b5000,0x10dc76,00000000b6e40b81,62.0,27122045029510.0,79003.0
2987,firefox,0x7be39a98d000,0x10bb58,00000000b6e40b81,20.0,27122046233261.0,69838.0
2987,firefox,0x7be39a99f000,0x11c15f,00000000b6e40b81,35.0,27122047728533.0,381864.0
2987,firefox,0x7be39a9ad000,0x117b6b,00000000b6e40b81,51.0,27122051238015.0,81845.0
4324,Isolated Web Co,0x7be19a811000,0x10d0ea,0000000074d6c414,30.0,27123158731502.0,815975.0
4324,Isolated Web Co,0x7be19a812000,0x10d0ea,0000000074d6c414,30.0,27123160260208.0,100360.0
4324,Isolated Web Co,0x7be19a813000,0x10d0ea,0000000074d6c414,30.0,27123162687071.0,70139.0
4324,Isolated Web Co,0x7be19a814000,0x10d0ea,0000000074d6c414,30.0,27123170585690.0,7968758.0
4324,Isolated Web Co,0x7be19a815000,0x10d0ea,0000000074d6c414,30.0,27123187094799.0,13300348.0
4324,Isolated Web Co,0x7be19a816000,0x10d0ea,0000000074d6c414,30.0,27123195030424.0,4766271.0
4324,Isolated Web Co,0x7be19a818000,0x10d0ea,0000000074d6c414,30.0,27123196936522.0,119140.0
4324,Isolated Web Co,0x7be19a81a000,0x10d0ea,0000000074d6c414,30.0,27123198506456.0,73427.0
4324,Isolated Web Co,0x7be19a81c000,0x10d0ea,0000000074d6c414,30.0,27123200372002.0,567043.0
4324,Isolated Web Co,0x7be19a81d000,0x10d0ea,0000000074d6c414,30.0,27123212840312.0,85879.0
4324,Isolated Web Co,0x7be19a82c000,0x9186,0000000074d6c414,45.0,27123271889886.0,73904.0
4324,Isolated Web Co,0x7be19a81f000,0x10d0ea,0000000074d6c414,30.0,27123296691315.0,86254.0
2987,firefox,0x7be39e05c000,0xc69d3,00000000c713297e,26.0,27125014712843.0,90423.0
4324,Isolated Web Co,0x7240654bf000,0x582a5,00000000b6e40b81,7.0,27128690175735.0,77501.0
4324,Isolated Web Co,0x7240654e3000,0x12ff83,00000000b6e40b81,49.0,27128692452237.0,227309.0
4324,Isolated Web Co,0x7240654ed000,0x12ff83,00000000b6e40b81,49.0,27128693702111.0,1083980.0
4324,Isolated Web Co,0x7240654e6000,0x124d88,00000000b6e40b81,50.0,27128695076911.0,83469.0
4324,Isolated Web Co,0x7240654de000,0x582bf,00000000b6e40b81,33.0,27128696147448.0,980254.0
4324,Isolated Web Co,0x7240654f9000,0x122f45,00000000b6e40b81,61.0,27128697172102.0,923213.0
4324,Isolated Web Co,0x7240654fc000,0x124bff,00000000b6e40b81,62.0,27128698117097.0,840071.0
4110,Isolated Web Co,0x7be19a847000,0x950b5,0000000074d6c414,70.0,27138237951477.0,70947.0
4110,Isolated Web Co,0x7be19a831000,0xba546,0000000074d6c414,50.0,27138288189130.0,81474.0
4110,Isolated Web Co,0x7be19a84a000,0xcfc80,0000000074d6c414,71.0,27138464837058.0,70006.0
2987,firefox,0x7be39a986000,0x1265a0,00000000b6e40b81,7.0,27144213002522.0,75221.0
2987,firefox,0x7be39a988000,0x12a6bb,00000000b6e40b81,11.0,27144221961413.0,75324.0
2987,firefox,0x7be39a997000,0x12cc83,00000000b6e40b81,33.0,27144224820930.0,69336.0
2987,firefox,0x7be39a989000,0x12f562,00000000b6e40b81,13.0,27144226012211.0,75010.0
2987,firefox,0x7be39a9a4000,0x129372,00000000b6e40b81,49.0,27144242750702.0,960520.0
2987,firefox,0x7be39a9a0000,0x129372,00000000b6e40b81,49.0,27144252185594.0,6281750.0
2987,firefox,0x7be39a9a1000,0x129372,00000000b6e40b81,49.0,27144261936471.0,72632.0
2987,firefox,0x7be39a9a3000,0x129372,00000000b6e40b81,49.0,27144263069272.0,963871.0
2987,firefox,0x7be39a9ae000,0x129372,00000000b6e40b81,49.0,27144266163526.0,71624.0
2987,firefox,0x7be39a9a5000,0x12d4ff,00000000b6e40b81,51.0,27144267031512.0,939610.0
2987,firefox,0x7be39a991000,0x12cc83,00000000b6e40b81,33.0,27144270643370.0,265049.0
2987,firefox,0x7be39a99b000,0x12cc83,00000000b6e40b81,33.0,27144271654099.0,770144.0
3095,Renderer,0x7be398d1c000,0x12f45c,000000007dedcf93,0.0,27144273740741.0,36770.0
3095,Renderer,0x7be398d1d000,0x12f45d,000000007dedcf93,1.0,27144274603296.0,899325.0
2987,firefox,0x7be39a9b8000,0x130b87,00000000b6e40b81,55.0,27144275022709.0,73977.0
3095,Renderer,0x7be398d1e000,0x111982,000000007dedcf93,2.0,27144276809135.0,548732.0
3095,Renderer,0x7be398d1f000,0x111983,000000007dedcf93,3.0,27144279450129.0,211443.0
3095,Renderer,0x7be398d21000,0x12f8f7,000000007dedcf93,5.0,27144279463267.0,224581.0
3095,Renderer,0x7be398d22000,0x1230f0,000000007dedcf93,6.0,27144279465660.0,226974.0
4324,Isolated Web Co,0x7240654a2000,0x12d70b,00000000c713297e,32.0,27144683137380.0,70184.0
4324,Isolated Web Co,0x7240654a0000,0x12d70b,00000000c713297e,32.0,27144820200290.0,67955.0
4324,Isolated Web Co,0x7240654a1000,0x12d70b,00000000c713297e,32.0,27144885822131.0,77693.0
1370,upowerd,0x752dd4fdf000,0x113ad5,00000000922d61d0,48.0,27145565129750.0,1068138.0
2113,gnome-shell,0x7556c03f8000,0xb4976,00000000b2a7b193,10.0,27146700212821.0,724349.0
2987,firefox,0x7be39a9b0000,0x1300e9,00000000b6e40b81,61.0,27150531748548.0,73581.0
2987,firefox,0x7be39a98c000,0x12e32f,00000000b6e40b81,14.0,27150541939631.0,93153.0
2987,firefox,0x7be39a9b5000,0x1300e9,00000000b6e40b81,61.0,27150543554869.0,76158.0
2987,firefox,0x7be39a98d000,0x1189d2,00000000b6e40b81,17.0,27150544846475.0,1206413.0
2987,firefox,0x7be39a9a7000,0x12d4ff,00000000b6e40b81,51.0,27150691330132.0,32969.0
2987,firefox,0x7be39a9a6000,0x12d4ff,00000000b6e40b81,51.0,27150693943125.0,66240.0
2987,firefox,0x7be39a990000,0x12cc83,00000000b6e40b81,33.0,27150695777725.0,68401.0
2987,firefox,0x7be39a9af000,0x12d4ff,00000000b6e40b81,51.0,27150701204576.0,70424.0
2987,firefox,0x7be39a994000,0x12cc83,00000000b6e40b81,33.0,27150702324542.0,315788.0
2987,firefox,0x7be39a996000,0x12cc83,00000000b6e40b81,33.0,27150707721441.0,88274.0
2987,firefox,0x7be39a9b1000,0x1300e9,00000000b6e40b81,61.0,27150709044776.0,96431.0
2987,firefox,0x7be39a98b000,0x1189ca,00000000b6e40b81,18.0,27150710258067.0,63329.0
2987,firefox,0x7be39a9a9000,0x12d279,00000000b6e40b81,52.0,27150715325664.0,68218.0
2987,firefox,0x7be39a9b6000,0x1300e9,00000000b6e40b81,61.0,27150721759769.0,66903.0
2987,firefox,0x7be39a9ad000,0x12d279,00000000b6e40b81,52.0,27150726421841.0,265568.0
2987,firefox,0x7be39a99e000,0x12cc83,00000000b6e40b81,33.0,27150734745087.0,107697.0
2987,firefox,0x7be39a9b4000,0x1300e9,00000000b6e40b81,61.0,27150734754439.0,117049.0
2987,firefox,0x7be39a99a000,0x1172ee,00000000b6e40b81,35.0,27150735720792.0,73937.0
2987,firefox,0x7be39a99d000,0x1172ee,00000000b6e40b81,35.0,27150736782382.0,73090.0
2987,firefox,0x7be39a995000,0x1172ee,00000000b6e40b81,35.0,27150737694777.0,832503.0
2987,firefox,0x7be39a98f000,0x1189ca,00000000b6e40b81,18.0,27150738828735.0,77139.0
2987,firefox,0x7be39a993000,0x1172ee,00000000b6e40b81,35.0,27150739957183.0,77439.0
2987,firefox,0x7be39a99f000,0x1172ee,00000000b6e40b81,35.0,27150740961196.0,72013.0
2987,firefox,0x7be39a98a000,0x10dbfa,00000000b6e40b81,20.0,27150742327211.0,70789.0
2987,firefox,0x7be39a998000,0x115292,00000000b6e40b81,36.0,27150743292564.0,71260.0
2987,firefox,0x7be39a9a2000,0x12d279,00000000b6e40b81,52.0,27150743300138.0,78834.0
2987,firefox,0x7be39a9aa000,0x12d279,00000000b6e40b81,52.0,27150744862004.0,69281.0
2987,firefox,0x7be39a9a8000,0x12d279,00000000b6e40b81,52.0,27150748864199.0,67721.0
2987,firefox,0x7be39a9ab000,0x12d279,00000000b6e40b81,52.0,27150751199870.0,67663.0
2987,firefox,0x7be39a999000,0x115292,00000000b6e40b81,36.0,27150754826370.0,75492.0
2987,firefox,0x7be39a9b3000,0x1300e9,00000000b6e40b81,61.0,27150755947889.0,73218.0
2987,firefox,0x7be39a98e000,0x10dbfa,00000000b6e40b81,20.0,27150757080060.0,69976.0
2987,firefox,0x7be39a992000,0x115292,00000000b6e40b81,36.0,27150758533220.0,71389.0
2987,firefox,0x7be39a97c000,0x127b5f,00000000b6e40b81,15.0,27150758544355.0,82524.0
2987,firefox,0x7be39a9bd000,0x1300e9,00000000b6e40b81,61.0,27150760324374.0,361156.0
2987,firefox,0x7be39a97d000,0x127b5f,00000000b6e40b81,15.0,27150764155964.0,71774.0
2987,firefox,0x7be39a9bc000,0x10d5b7,00000000b6e40b81,66.0,27150764927052.0,842862.0
2987,firefox,0x7be39a97e000,0x127b5f,00000000b6e40b81,15.0,27150767550492.0,70596.0
2987,firefox,0x7be39a97f000,0x127b5f,00000000b6e40b81,15.0,27150769894691.0,68072.0
2987,firefox,0x7be39a980000,0x10dbfa,00000000b6e40b81,20.0,27150771581242.0,74143.0
2987,firefox,0x7be39a9b9000,0x10d5b7,00000000b6e40b81,66.0,27150773652206.0,78057.0
2987,firefox,0x7be39a9ba000,0x10d5b7,00000000b6e40b81,66.0,27150773658555.0,84406.0
2987,firefox,0x7be39a981000,0x10dbfa,00000000b6e40b81,20.0,27150774899429.0,67551.0
2987,firefox,0x7be39a983000,0x10dbfa,00000000b6e40b81,20.0,27150774971584.0,139706.0
2987,firefox,0x7be39a984000,0x10dbfa,00000000b6e40b81,20.0,27150775951986.0,64163.0
2987,firefox,0x7be39a985000,0x10dbfa,00000000b6e40b81,20.0,27150777269727.0,82020.0
2987,firefox,0x7be39a987000,0x10dbfa,00000000b6e40b81,20.0,27150778831912.0,68825.0
2987,firefox,0x7be39e057000,0xc69d3,00000000c713297e,26.0,27151007980760.0,696610.0
2987,firefox,0x7be39e05a000,0xc69d3,00000000c713297e,26.0,27151276558971.0,70180.0
2987,firefox,0x7be39e063000,0x12d70b,00000000c713297e,32.0,27152101737384.0,4768221.0
2987,firefox,0x7be39e05f000,0xc69d3,00000000c713297e,26.0,27152275773747.0,932864.0
2987,firefox,0x7be39e053000,0xda03d,00000000c713297e,27.0,27160140851416.0,68592.0
2987,firefox,0x7be39e05c000,0xda03d,00000000c713297e,27.0,27160774011185.0,1827985.0
2113,gnome-shell,0x7556c03f8000,0x34dbf,00000000b2a7b193,10.0,27171476789537.0,726423.0
2198,gsd-housekeepin,0x56bcb2cbb000,0x123f71,00000000806bdfe8,9.0,27174987283411.0,1140668.0
2987,firefox,0x7be39e05c000,0x12d52b,00000000c713297e,22.0,27178678061675.0,69866.0
4324,Isolated Web Co,0x7be19a81f000,0x98f15,0000000074d6c414,30.0,27180639896487.0,70856.0
4324,Isolated Web Co,0x7be19a81d000,0x98f22,0000000074d6c414,31.0,27180656619839.0,69014.0
4324,Isolated Web Co,0x7be19a849000,0x2c96c,0000000074d6c414,71.0,27181173543313.0,230116.0
4324,Isolated Web Co,0x7be19a84a000,0x4d87c,0000000074d6c414,73.0,27181174782822.0,1061839.0
4324,Isolated Web Co,0x7be19a84c000,0x4d8f5,0000000074d6c414,74.0,27181177757152.0,72897.0
4324,Isolated Web Co,0x7be19a84e000,0x4d8f8,0000000074d6c414,76.0,27181178814683.0,1130428.0
4324,Isolated Web Co,0x7be19a837000,0xabf6b,0000000074d6c414,50.0,27181180804497.0,82822.0
4324,Isolated Web Co,0x7be19a84b000,0x43da9,0000000074d6c414,78.0,27183076220728.0,73483.0
4324,Isolated Web Co,0x7be19a82a000,0x1e449,0000000074d6c414,41.0,27184029103850.0,142956.0
4324,Isolated Web Co,0x7be19a82b000,0x1e44a,0000000074d6c414,42.0,27184074697300.0,71991.0
4324,Isolated Web Co,0x7be19a83d000,0x43dac,0000000074d6c414,55.0,27184095080421.0,73556.0
4324,Isolated Web Co,0x7be19a83e000,0x10e7b8,0000000074d6c414,61.0,27184099955791.0,77114.0
4324,Isolated Web Co,0x7be19a83f000,0x5b1ab,0000000074d6c414,62.0,27184115977034.0,14070275.0
4324,Isolated Web Co,0x7be19a811000,0x98f22,0000000074d6c414,31.0,27190629841226.0,737309.0
4324,Isolated Web Co,0x7be19a812000,0x98f22,0000000074d6c414,31.0,27190633112579.0,97843.0
4324,Isolated Web Co,0x7be19a813000,0x98f22,0000000074d6c414,31.0,27190634220026.0,901206.0
4324,Isolated Web Co,0x7be19a814000,0x98f22,0000000074d6c414,31.0,27190636184446.0,372148.0
4324,Isolated Web Co,0x7be19a815000,0x98f22,0000000074d6c414,31.0,27190638887512.0,75744.0
4324,Isolated Web Co,0x7be19a816000,0x98f22,0000000074d6c414,31.0,27190641336732.0,739617.0
4324,Isolated Web Co,0x7be19a818000,0x98f22,0000000074d6c414,31.0,27190645099419.0,72867.0
4324,Isolated Web Co,0x7be19a81a000,0x98f22,0000000074d6c414,31.0,27190646694637.0,285141.0
4324,Isolated Web Co,0x7be19a81c000,0x98f22,0000000074d6c414,31.0,27190650936468.0,71623.0
4324,Isolated Web Co,0x7be19a80b000,0x13094c,0000000074d6c414,13.0,27190654922990.0,69975.0
4324,Isolated Web Co,0x7be19a80c000,0x13094c,0000000074d6c414,13.0,27190660156753.0,69026.0
4324,Isolated Web Co,0x7be19a82c000,0x11886c,0000000074d6c414,43.0,27190726968831.0,17742.0
4324,Isolated Web Co,0x7be19a819000,0x98f22,0000000074d6c414,31.0,27190907867449.0,78204.0
4324,Isolated Web Co,0x7be19a847000,0x123bbf,0000000074d6c414,70.0,27191028821986.0,74766.0
4324,Isolated Web Co,0x7be19a82d000,0x1309c9,0000000074d6c414,44.0,27191052955583.0,68111.0
4324,Isolated Web Co,0x7be19a84a000,0x12740b,0000000074d6c414,71.0,27192420610838.0,111704.0
4324,Isolated Web Co,0x7be19a84b000,0x96fba,0000000074d6c414,74.0,27192451487015.0,20889782.0
4110,Isolated Web Co,0x7240654be000,0x11710a,00000000b6e40b81,7.0,27196357649032.0,713971.0
4110,Isolated Web Co,0x7240654d8000,0x117109,00000000b6e40b81,33.0,27196363894178.0,385422.0
4110,Isolated Web Co,0x7240654c0000,0x11710a,00000000b6e40b81,7.0,27196378130737.0,260774.0
4110,Isolated Web Co,0x7240654d1000,0x117109,00000000b6e40b81,33.0,27196378929601.0,1059638.0
4110,Isolated Web Co,0x7240654bf000,0x11710a,00000000b6e40b81,7.0,27196418666150.0,121441.0
4110,Isolated Web Co,0x7240654ce000,0x11710a,00000000b6e40b81,7.0,27196421235016.0,223237.0
4110,Isolated Web Co,0x7240654f2000,0x109e0f,00000000b6e40b81,54.0,27196424509123.0,79695.0
4110,Isolated Web Co,0x7240654d5000,0x117109,00000000b6e40b81,33.0,27196441311174.0,75622.0
4110,Isolated Web Co,0x7240654cf000,0x109e01,00000000b6e40b81,19.0,27196444413216.0,203160.0
4110,Isolated Web Co,0x7240654e8000,0x10da97,00000000b6e40b81,44.0,27196446103137.0,369786.0
3095,Renderer,0x7be398d1c000,0x717d5,000000007dedcf93,0.0,27199849592288.0,45951.0
3095,Renderer,0x7be398d1d000,0x717d6,000000007dedcf93,1.0,27199850697754.0,1019797.0
3095,Renderer,0x7be398d1e000,0x717d7,000000007dedcf93,2.0,27199852063897.0,77397.0
3095,Renderer,0x7be398d1f000,0x717d9,000000007dedcf93,3.0,27199852983327.0,996827.0
3095,Renderer,0x7be398d21000,0x6e903,000000007dedcf93,5.0,27199853005588.0,1019088.0
3095,Renderer,0x7be398d22000,0x6e904,000000007dedcf93,6.0,27199853007699.0,1021199.0
2987,firefox,0x7be3b4268000,0x829f5,00000000447bad5d,352.0,27207124202896.0,481511.0
4324,Isolated Web Co,0x72406549d000,0xa8d5f,00000000c713297e,17.0,27210615736860.0,72940.0
3095,Renderer,0x7be398d1c000,0x111366,000000007dedcf93,0.0,27226868660634.0,47924.0
3095,Renderer,0x7be398d1d000,0x111365,000000007dedcf93,1.0,27226890324370.0,3743634.0
3095,Renderer,0x7be398d1e000,0x111364,000000007dedcf93,2.0,27226917947506.0,140919.0
3095,Renderer,0x7be398d1f000,0x111355,000000007dedcf93,3.0,27226980021519.0,127480.0
3095,Renderer,0x7be398d21000,0x11487e,000000007dedcf93,5.0,27226980075338.0,181299.0
3095,Renderer,0x7be398d22000,0x11487d,000000007dedcf93,6.0,27226980083214.0,189175.0
2113,gnome-shell,0x7556c03f8000,0xc3f9e,00000000b2a7b193,10.0,27231582606383.0,1415756.0
2198,gsd-housekeepin,0x56bcb2cbb000,0x10cea8,00000000806bdfe8,9.0,27234917889980.0,1313956.0
2901,update-notifier,0x5f1664222000,0x1168b4,000000009fadb09a,15.0,27238033270803.0,161356.0
4110,Isolated Web Co,0x7240654a3000,0x10d2b6,00000000c713297e,29.0,27295976900953.0,9724.0
4324,Isolated Web Co,0x7240654a2000,0x115f79,00000000c713297e,31.0,27296668947941.0,338116.0
4110,Isolated Web Co,0x724065494000,0x12afb6,00000000c713297e,22.0,27299391893810.0,101118.0
4110,Isolated Web Co,0x72406549d000,0x12afb6,00000000c713297e,22.0,27302131041275.0,84977.0
2987,firefox,0x7be39a97b000,0x121d19,00000000b6e40b81,4.0,27308952997380.0,88836.0
2987,firefox,0x7be39a986000,0x30846,00000000b6e40b81,7.0,27309074023881.0,884757.0
2987,firefox,0x7be39a988000,0xbad93,00000000b6e40b81,11.0,27309081953099.0,3820267.0
2987,firefox,0x7be39a997000,0x30c34,00000000b6e40b81,33.0,27309083795243.0,1638318.0
2987,firefox,0x7be39a989000,0x30fa8,00000000b6e40b81,13.0,27309094480777.0,2354874.0
2987,firefox,0x7be39a9a4000,0xbad86,00000000b6e40b81,49.0,27309100750386.0,8624483.0
2987,firefox,0x7be39a9a1000,0xbad86,00000000b6e40b81,49.0,27309155543069.0,17538520.0
2987,firefox,0x7be39a998000,0x30c34,00000000b6e40b81,33.0,27309161531940.0,61840.0
2987,firefox,0x7be39a9ae000,0xbad86,00000000b6e40b81,49.0,27309165059287.0,1385945.0
2987,firefox,0x7be39a99e000,0x30c34,00000000b6e40b81,33.0,27309182645226.0,6086524.0
2987,firefox,0x7be39a996000,0x9e089,00000000b6e40b81,35.0,27309182671476.0,6112774.0
2987,firefox,0x7be39a9b8000,0x1f846,00000000b6e40b81,57.0,27309184015632.0,77908.0
2987,firefox,0x7be39a9b9000,0xb1151,00000000b6e40b81,61.0,27309184024128.0,86404.0
2987,firefox,0x7be39e05e000,0x10c155,00000000c713297e,25.0,27310522712180.0,3056121.0
2987,firefox,0x7be39e053000,0x68aac,00000000c713297e,26.0,27310539365006.0,3197118.0
2987,firefox,0x7be39e057000,0x68aac,00000000c713297e,26.0,27311290171413.0,14350.0
2987,firefox,0x7be39e056000,0x68aac,00000000c713297e,26.0,27313804770682.0,71596.0
2987,firefox,0x7be39a987000,0xaa548,00000000b6e40b81,14.0,27322072156437.0,73616.0
2987,firefox,0x7be39a98b000,0xaa548,00000000b6e40b81,14.0,27322079524055.0,202600.0
2987,firefox,0x7be39a98d000,0x11de4f,00000000b6e40b81,16.0,27322082865338.0,67295.0
2987,firefox,0x7be39a9a6000,0x9e086,00000000b6e40b81,51.0,27322085522348.0,1199417.0
2987,firefox,0x7be39a9a9000,0x9e086,00000000b6e40b81,51.0,27322087229713.0,87851.0
2987,firefox,0x7be39e05c000,0x68aac,00000000c713297e,26.0,27322255073846.0,175657.0
2987,firefox,0x7be39a9a5000,0x9e086,00000000b6e40b81,51.0,27337800792155.0,223553.0
2987,firefox,0x7be39a9ad000,0x9e086,00000000b6e40b81,51.0,27337813505568.0,13883.0
2987,firefox,0x7be39a9b5000,0xb35cc,00000000b6e40b81,62.0,27337813537912.0,46227.0
2987,firefox,0x7be39a97e000,0xaa548,00000000b6e40b81,14.0,27338179108619.0,1474742.0
2987,firefox,0x7be39a97c000,0xaa548,00000000b6e40b81,14.0,27338191486598.0,8549750.0
2987,firefox,0x7be39a9a8000,0x9e086,00000000b6e40b81,51.0,27338208682431.0,7953609.0
2987,firefox,0x7be39a990000,0x9e089,00000000b6e40b81,35.0,27338216318462.0,1572599.0
2987,firefox,0x7be39a9aa000,0x9e086,00000000b6e40b81,51.0,27338224506117.0,5472375.0
2987,firefox,0x7be39a995000,0x9e089,00000000b6e40b81,35.0,27338226616228.0,1546599.0
2987,firefox,0x7be39a98a000,0x11d7c9,00000000b6e40b81,18.0,27338229059245.0,3989616.0
2987,firefox,0x7be39a9a7000,0x9e086,00000000b6e40b81,51.0,27338248358273.0,3262061.0
2987,firefox,0x7be39a9bc000,0xb35cc,00000000b6e40b81,62.0,27338248377830.0,3281618.0
2987,firefox,0x7be39e0e6000,0x12150e,000000004db4a739,10.0,27343863922014.0,831368.0
4324,Isolated Web Co,0x724065497000,0x68aac,00000000c713297e,26.0,27363187489367.0,26847.0
3793,Isolated Web Co,0x7be19a844000,0x127513,0000000074d6c414,69.0,27379713070345.0,73757.0
3793,Isolated Web Co,0x7be19a843000,0x127513,0000000074d6c414,69.0,27379722736241.0,2526990.0
3793,Isolated Web Co,0x7be19a840000,0x127513,0000000074d6c414,69.0,27379736465754.0,88017.0
3793,Isolated Web Co,0x7be19a842000,0x127513,0000000074d6c414,69.0,27379744626913.0,71085.0
3793,Isolated Web Co,0x7be19a841000,0x127513,0000000074d6c414,69.0,27379773884719.0,129798.0
3793,Isolated Web Co,0x724064d05000,0x12a6c4,00000000bd5e3ddc,0.0,27382706180999.0,74094.0
3793,Isolated Web Co,0x724064d07000,0xcedff,00000000bd5e3ddc,1.0,27382731503137.0,23899613.0
3793,Isolated Web Co,0x724064d06000,0xd462e,00000000bd5e3ddc,3.0,27382909799718.0,24264206.0
3793,Isolated Web Co,0x724064d4a000,0x4585c,00000000bd5e3ddc,69.0,27383590421825.0,9726009.0
3793,Isolated Web Co,0x724064d05000,0x12a6c4,00000000bd5e3ddc,0.0,27386822253956.0,6193203.0
3793,Isolated Web Co,0x724064d07000,0x116e65,00000000bd5e3ddc,1.0,27388220021265.0,73720.0
3793,Isolated Web Co,0x724064d06000,0x12e6a2,00000000bd5e3ddc,3.0,27388241927276.0,190742.0
3793,Isolated Web Co,0x724064d4a000,0x12612e,00000000bd5e3ddc,69.0,27388270384153.0,396894.0
3793,Isolated Web Co,0x724064d09000,0x12e6a2,00000000bd5e3ddc,3.0,27388379829334.0,74245.0
3793,Isolated Web Co,0x724064d0a000,0x130b06,00000000bd5e3ddc,5.0,27388384850678.0,81463.0
3793,Isolated Web Co,0x724064d0b000,0x122283,00000000bd5e3ddc,6.0,27388388529833.0,73262.0
3793,Isolated Web Co,0x724064d0c000,0x120968,00000000bd5e3ddc,7.0,27388389115262.0,658691.0
3793,Isolated Web Co,0x724064d0d000,0x12e28c,00000000bd5e3ddc,8.0,27388389894361.0,74861.0
3793,Isolated Web Co,0x724064d08000,0x12b733,00000000bd5e3ddc,9.0,27396058014856.0,66329.0
3793,Isolated Web Co,0x724064d18000,0x12a948,00000000bd5e3ddc,19.0,27396100988210.0,66193.0
3793,Isolated Web Co,0x724064d19000,0x129454,00000000bd5e3ddc,20.0,27396105940402.0,80400.0
3793,Isolated Web Co,0x724064d1a000,0x12603e,00000000bd5e3ddc,21.0,27396122985914.0,71369.0
3793,Isolated Web Co,0x724064d1b000,0x126299,00000000bd5e3ddc,22.0,27396139562135.0,69938.0
3095,Renderer,0x7be398d1f000,0x128bc3,000000007dedcf93,3.0,27405165482909.0,1032941.0
3095,Renderer,0x7be398d21000,0xb045f,000000007dedcf93,5.0,27405165513651.0,1063683.0
3095,Renderer,0x7be398d22000,0x6fe08,000000007dedcf93,6.0,27405165518094.0,1068126.0
2113,gnome-shell,0x7556c03f8000,0xb3bf1,00000000b2a7b193,10.0,27411545501799.0,14223279.0
2987,firefox,0x7be3b4268000,0x12e4e4,00000000447bad5d,352.0,27418563262824.0,143662.0
4110,Isolated Web Co,0x7240654b2000,0x846f0,00000000c713297e,49.0,27435737439057.0,846684.0
4110,Isolated Web Co,0x724065490000,0x12d2d4,00000000c713297e,25.0,27435862855948.0,82783.0
4110,Isolated Web Co,0x7240654b7000,0x846f0,00000000c713297e,49.0,27435884912388.0,74874.0
4110,Isolated Web Co,0x724065499000,0x12d2d4,00000000c713297e,25.0,27435944623541.0,117210.0
4324,Isolated Web Co,0x724065493000,0x12d2d4,00000000c713297e,25.0,27440398868314.0,70660.0
4324,Isolated Web Co,0x7240654a0000,0x115f79,00000000c713297e,31.0,27440432060976.0,78619.0
4324,Isolated Web Co,0x72406549f000,0x12d2d4,00000000c713297e,25.0,27453666775441.0,68147.0
3095,Renderer,0x7be398d1c000,0x127efe,000000007dedcf93,0.0,27466280670242.0,270487.0
3095,Renderer,0x7be398d1d000,0x12d627,000000007dedcf93,1.0,27466287980572.0,70247.0
3095,Renderer,0x7be398d1e000,0x126427,000000007dedcf93,2.0,27466291901003.0,67818.0
3095,Renderer,0x7be398d1f000,0x13017d,000000007dedcf93,3.0,27466291915901.0,82716.0
3095,Renderer,0x7be398d21000,0x1300be,000000007dedcf93,5.0,27466291925719.0,92534.0
3095,Renderer,0x7be398d22000,0x1300c2,000000007dedcf93,6.0,27466291929578.0,96393.0
4324,Isolated Web Co,0x7be19a81e000,0x67376,0000000074d6c414,31.0,27481061676775.0,71506.0
4324,Isolated Web Co,0x7be19a81d000,0x67376,0000000074d6c414,31.0,27481067969856.0,11491.0
4324,Isolated Web Co,0x7be19a849000,0x85e0b,0000000074d6c414,71.0,27482082708970.0,1240381.0
4324,Isolated Web Co,0x7be19a84a000,0xdb2ae,0000000074d6c414,73.0,27482097127601.0,154907.0
4324,Isolated Web Co,0x7be19a84c000,0xdb2ad,0000000074d6c414,74.0,27482117988084.0,68559.0
4324,Isolated Web Co,0x7be19a84e000,0x7d620,0000000074d6c414,76.0,27482118817937.0,898412.0
4324,Isolated Web Co,0x7be19a837000,0x1163ad,0000000074d6c414,50.0,27482133121671.0,83297.0
4324,Isolated Web Co,0x7be19a84b000,0xc97a0,0000000074d6c414,78.0,27489855552061.0,76227.0
2987,firefox,0x7be39e057000,0x77f0b,00000000c713297e,27.0,27491604799948.0,91133.0
2987,firefox,0x7be39e061000,0x12e2a1,00000000c713297e,31.0,27492247158244.0,15934.0
2987,firefox,0x7be39a9a6000,0x12f07b,00000000b6e40b81,44.0,27496423008799.0,67068.0
2987,firefox,0x7be39a9a3000,0x12f07b,00000000b6e40b81,44.0,27496425999877.0,933743.0
2987,firefox,0x7be39a9af000,0x12f07b,00000000b6e40b81,44.0,27496429119822.0,172675.0
2987,firefox,0x7be39a994000,0x12a153,00000000b6e40b81,21.0,27496449546643.0,87308.0
2987,firefox,0x7be39a996000,0x123efe,00000000b6e40b81,25.0,27496452520679.0,79120.0
2987,firefox,0x7be39a991000,0x12e3fe,00000000b6e40b81,27.0,27496493448169.0,81032.0
2987,firefox,0x7be39a98b000,0x12fafe,00000000b6e40b81,18.0,27496498894975.0,93288.0
2987,firefox,0x7be39a997000,0x12e3fe,00000000b6e40b81,27.0,27496501923112.0,69425.0
2987,firefox,0x7be39a9a9000,0x128e14,00000000b6e40b81,52.0,27496504094638.0,69819.0
2987,firefox,0x7be39a9ae000,0x128e14,00000000b6e40b81,52.0,27496505102418.0,69957.0
2113,gnome-shell,0x7556b15bd000,0x9aa34,00000000ed1ad73e,8.0,27539943565063.0,1279386.0
2113,gnome-shell,0x7556b802b000,0x9a825,00000000ed1de7e1,7.0,27540118508226.0,2453853.0
2113,gnome-shell,0x7556a15d7000,0x2d172,000000006db62dbe,7.0,27541135000214.0,2509875.0
2113,gnome-shell,0x7556bbe6c000,0x2b976,00000000f0251019,39.0,27541573426176.0,740071.0
2113,gnome-shell,0x602d69596000,0x515cf,000000009656e61e,2.0,27541834743256.0,1199941.0
2113,gnome-shell,0x7556bbc73000,0x12bdf4,00000000a998bf07,2.0,27543672070412.0,749103.0
2113,gnome-shell,0x7556bb6e8000,0x12d2ca,00000000fc8c60e9,1.0,27543702963643.0,694364.0
4110,Isolated Web Co,0x7240654c6000,0x12040d,00000000b6e40b81,20.0,27550267699539.0,68989.0
4110,Isolated Web Co,0x7240654c4000,0x12040d,00000000b6e40b81,20.0,27550269926280.0,2295730.0
4110,Isolated Web Co,0x7240654c5000,0x12040d,00000000b6e40b81,20.0,27550272862977.0,69026.0
4110,Isolated Web Co,0x7240654f4000,0x130b11,00000000b6e40b81,66.0,27550273959786.0,1165835.0
4110,Isolated Web Co,0x7240654d3000,0x11c8f9,00000000b6e40b81,36.0,27550273973069.0,1179118.0
4110,Isolated Web Co,0x7240654cb000,0x12040d,00000000b6e40b81,20.0,27550274791635.0,719535.0
4110,Isolated Web Co,0x7240654e9000,0xd439e,00000000b6e40b81,51.0,27550276115698.0,71993.0
4110,Isolated Web Co,0x7240654e6000,0xd439e,00000000b6e40b81,51.0,27550277329717.0,234092.0
4110,Isolated Web Co,0x7240654cd000,0x12040d,00000000b6e40b81,20.0,27550280441343.0,204932.0
4110,Isolated Web Co,0x7240654e2000,0xd439e,00000000b6e40b81,51.0,27550281035089.0,798678.0
4110,Isolated Web Co,0x7240654f9000,0x130b11,00000000b6e40b81,66.0,27550285228826.0,68425.0
3095,Renderer,0x7be398d1c000,0x122f3f,000000007dedcf93,0.0,27565094735248.0,18555.0
3095,Renderer,0x7be398d1d000,0x122f1b,000000007dedcf93,1.0,27565097766936.0,104805.0
3095,Renderer,0x7be398d1e000,0x123510,000000007dedcf93,2.0,27565101088115.0,71374.0
3095,Renderer,0x7be398d1f000,0x1252da,000000007dedcf93,3.0,27565101103269.0,86528.0
3095,Renderer,0x7be398d21000,0x12726b,000000007dedcf93,5.0,27565101112065.0,95324.0
3095,Renderer,0x7be398d22000,0x12726a,000000007dedcf93,6.0,27565101115420.0,98679.0
4110,Isolated Web Co,0x72406549a000,0x12d2d4,00000000c713297e,25.0,27572237424977.0,815869.0
3095,Renderer,0x7be398d1b000,0x122b3a,000000007dedcf93,4.0,27572518934202.0,319700.0
3095,Renderer,0x7be398d1c000,0x122b3a,000000007dedcf93,4.0,27572518951854.0,337352.0
3095,Renderer,0x7be398d21000,0x12c923,000000007dedcf93,5.0,27572518961626.0,347124.0
3095,Renderer,0x7be398d22000,0x12c954,000000007dedcf93,6.0,27572518965274.0,350772.0
3793,Isolated Web Co,0x724065495000,0x12d2d4,00000000c713297e,25.0,27573351906936.0,14714.0
2113,gnome-shell,0x7556c03f8000,0x49799,00000000b2a7b193,10.0,27582416736666.0,717217.0
2198,gsd-housekeepin,0x56bcb2cbb000,0x1259f0,00000000806bdfe8,9.0,27583944924112.0,729881.0
4324,Isolated Web Co,0x7240654c6000,0xaa171,00000000b6e40b81,7.0,27595181029694.0,72705.0
4324,Isolated Web Co,0x7240654c8000,0x76a64,00000000b6e40b81,11.0,27595192665213.0,78231.0
4324,Isolated Web Co,0x7240654d7000,0xc4aea,00000000b6e40b81,33.0,27595194990284.0,97597.0
4324,Isolated Web Co,0x7240654c7000,0x6f8ab,00000000b6e40b81,13.0,27595196635645.0,272259.0
4324,Isolated Web Co,0x7240654cb000,0x6f8ab,00000000b6e40b81,13.0,27595200815688.0,91960.0
4324,Isolated Web Co,0x7240654eb000,0xc503a,00000000b6e40b81,49.0,27595209861277.0,77245.0
4324,Isolated Web Co,0x7240654e2000,0xc503a,00000000b6e40b81,49.0,27595212794134.0,71829.0
4324,Isolated Web Co,0x7240654e9000,0xc503a,00000000b6e40b81,49.0,27595214048637.0,68270.0
4324,Isolated Web Co,0x7240654d3000,0xc4aea,00000000b6e40b81,33.0,27595216620358.0,89275.0
4324,Isolated Web Co,0x7240654da000,0xc4aea,00000000b6e40b81,33.0,27595218614499.0,221438.0
4324,Isolated Web Co,0x7240654d1000,0xc4aea,00000000b6e40b81,33.0,27595234117198.0,81570.0
4110,Isolated Web Co,0x7be19a81e000,0xd784b,0000000074d6c414,29.0,27595583130863.0,81634.0
4110,Isolated Web Co,0x7be19a81f000,0xc02ef,0000000074d6c414,30.0,27596030284753.0,70520.0
2113,gnome-shell,0x7556c03f8000,0xacf3c,00000000b2a7b193,10.0,27596385072273.0,1206384.0
4110,Isolated Web Co,0x7be19a814000,0xa749f,0000000074d6c414,31.0,27596643711273.0,66786.0
4110,Isolated Web Co,0x7be19a813000,0xa749f,0000000074d6c414,31.0,27596645251596.0,72745.0
4110,Isolated Web Co,0x7be19a847000,0x1aca,0000000074d6c414,70.0,27597860600527.0,96724.0
4110,Isolated Web Co,0x7be19a831000,0xd31dd,0000000074d6c414,50.0,27597899522332.0,75777.0
4110,Isolated Web Co,0x7be19a84a000,0xa476a,0000000074d6c414,71.0,27598028732328.0,85424.0
2901,update-notifier,0x5f1664222000,0x6d8e,000000009fadb09a,15.0,27598179725155.0,72142.0
4110,Isolated Web Co,0x7be19a84b000,0xa0b77,0000000074d6c414,74.0,27598924088043.0,82043.0
4324,Isolated Web Co,0x7240654a3000,0x72885,00000000c713297e,30.0,27600001845843.0,66299.0
4324,Isolated Web Co,0x7240654b6000,0x1277c1,00000000c713297e,53.0,27600109454508.0,195802.0
4324,Isolated Web Co,0x7240654b8000,0x1277c1,00000000c713297e,53.0,27600743603489.0,74473.0
4324,Isolated Web Co,0x7240654b5000,0x1277c1,00000000c713297e,53.0,27600855955653.0,174800.0
4324,Isolated Web Co,0x724065495000,0x12be00,00000000c713297e,25.0,27601102593461.0,6838191.0
4324,Isolated Web Co,0x7240654b2000,0x1277c1,00000000c713297e,53.0,27601143845520.0,821292.0
4324,Isolated Web Co,0x724065490000,0x12be00,00000000c713297e,25.0,27601155678970.0,67422.0
4324,Isolated Web Co,0x72406549c000,0x12be00,00000000c713297e,25.0,27601159667737.0,735214.0
4324,Isolated Web Co,0x72406548d000,0xd97df,00000000c713297e,12.0,27601186195469.0,78147.0
4324,Isolated Web Co,0x724065496000,0x12be00,00000000c713297e,25.0,27601220159043.0,176186.0
4324,Isolated Web Co,0x724065493000,0x12be00,00000000c713297e,25.0,27601319117586.0,69624.0
4324,Isolated Web Co,0x7240654b7000,0x1277c1,00000000c713297e,53.0,27601378851385.0,74099.0
4324,Isolated Web Co,0x7240654b4000,0x1277c1,00000000c713297e,53.0,27601380069345.0,97032.0
4324,Isolated Web Co,0x7240654ba000,0x1277c1,00000000c713297e,53.0,27601421855936.0,72347.0
4324,Isolated Web Co,0x7240654b3000,0xac2ba,00000000c713297e,54.0,27601706849932.0,98693.0
4324,Isolated Web Co,0x724065491000,0x12be00,00000000c713297e,25.0,27601709673578.0,77526.0
4324,Isolated Web Co,0x7240654a4000,0x11c9e4,00000000c713297e,31.0,27601718539309.0,88266.0
4110,Isolated Web Co,0x7240654e7000,0x12c69c,00000000b6e40b81,50.0,27602375411948.0,300406.0
4110,Isolated Web Co,0x7240654cf000,0x1287fd,00000000b6e40b81,19.0,27602376035735.0,924193.0
4324,Isolated Web Co,0x7240654c1000,0x37654,00000000b6e40b81,20.0,27602752881174.0,171949.0
4324,Isolated Web Co,0x7240654ea000,0x12c69c,00000000b6e40b81,50.0,27602773859550.0,253037.0
4324,Isolated Web Co,0x7240654d4000,0x12d90b,00000000b6e40b81,35.0,27602775986057.0,91029.0
4324,Isolated Web Co,0x7240654ef000,0x12c69c,00000000b6e40b81,50.0,27602783561518.0,853088.0
4324,Isolated Web Co,0x7240654d0000,0x12d90b,00000000b6e40b81,35.0,27602792516444.0,93835.0
4324,Isolated Web Co,0x7240654b2000,0x12e5e1,00000000c713297e,50.0,27606658845474.0,86997.0
4324,Isolated Web Co,0x72406548e000,0xd97df,00000000c713297e,12.0,27606674662069.0,804021.0
4324,Isolated Web Co,0x724065491000,0x12be00,00000000c713297e,25.0,27606702606706.0,100298.0
4324,Isolated Web Co,0x7240654b8000,0x12e5e1,00000000c713297e,50.0,27606742030166.0,74318.0
4324,Isolated Web Co,0x72406549e000,0x12be00,00000000c713297e,25.0,27609312751592.0,78288.0
4324,Isolated Web Co,0x72406549f000,0x9ba93,00000000c713297e,26.0,27609314110057.0,127933.0
4324,Isolated Web Co,0x724065494000,0x9bf0e,00000000c713297e,27.0,27609711025700.0,80455.0
4324,Isolated Web Co,0x7240654b5000,0x124432,00000000c713297e,52.0,27610117034278.0,91309.0
4324,Isolated Web Co,0x7240654b1000,0x124432,00000000c713297e,52.0,27610118592637.0,83274.0
4324,Isolated Web Co,0x72406548d000,0x130574,00000000c713297e,13.0,27610119874935.0,1020433.0
4324,Isolated Web Co,0x72406548f000,0x130574,00000000c713297e,13.0,27610121160920.0,76446.0
4324,Isolated Web Co,0x7240654b7000,0x124432,00000000c713297e,52.0,27610122148914.0,78637.0
4324,Isolated Web Co,0x72406549d000,0x9bf0e,00000000c713297e,27.0,27617462544059.0,745886.0
4324,Isolated Web Co,0x7240654a0000,0x11c9e4,00000000c713297e,31.0,27618688975177.0,118562.0
4324,Isolated Web Co,0x7240654b9000,0x124432,00000000c713297e,52.0,27618894522052.0,215709.0
2198,gsd-housekeepin,0x56bcb2cbb000,0x123d35,00000000806bdfe8,9.0,27643914302806.0,1209819.0
2113,gnome-shell,0x7556c03f8000,0xaa4ff,00000000b2a7b193,10.0,27651528826217.0,1927803.0
3793,Isolated Web Co,0x724065499000,0xaef05,00000000c713297e,27.0,27690259591004.0,71607.0
3793,Isolated Web Co,0x72406549d000,0xaef05,00000000c713297e,27.0,27690534728651.0,69808.0
2198,gsd-housekeepin,0x56bcb2cbb000,0x12429f,00000000806bdfe8,9.0,27703906892947.0,71624.0
3153,Privileged Cont,0x7be19a81f000,0x12415f,0000000074d6c414,30.0,27728543144973.0,80677.0
3153,Privileged Cont,0x7be19a81d000,0x115052,0000000074d6c414,31.0,27728572978219.0,111740.0
3153,Privileged Cont,0x7be19a831000,0x10c575,0000000074d6c414,50.0,27729734237598.0,68077.0
4324,Isolated Web Co,0x724064609000,0xa5f3a,00000000bf33c89b,0.0,27732232191573.0,77854.0
4324,Isolated Web Co,0x7240654b2000,0x5d5af,00000000c713297e,53.0,27762637095553.0,67564.0
4324,Isolated Web Co,0x72406548e000,0x10e923,00000000c713297e,15.0,27762641458644.0,3557844.0
4324,Isolated Web Co,0x724065491000,0xc4f59,00000000c713297e,26.0,27762648102309.0,120435.0
2198,gsd-housekeepin,0x56bcb2cbb000,0x116e67,00000000806bdfe8,9.0,27763935853440.0,6581913.0
4324,Isolated Web Co,0x7240654b1000,0x5d5af,00000000c713297e,53.0,27765297163865.0,69494.0
4324,Isolated Web Co,0x72406548d000,0x10e923,00000000c713297e,15.0,27765298750586.0,32288.0
4324,Isolated Web Co,0x72406548f000,0x10e923,00000000c713297e,15.0,27765312732693.0,148538.0
4324,Isolated Web Co,0x724065490000,0xc4f59,00000000c713297e,26.0,27765396250845.0,124292.0
4324,Isolated Web Co,0x72406549c000,0xc4f59,00000000c713297e,26.0,27765412251577.0,65415.0
4324,Isolated Web Co,0x7240654ba000,0x5d5af,00000000c713297e,53.0,27765723134349.0,87338.0
4324,Isolated Web Co,0x7240654b3000,0x12f5e0,00000000c713297e,54.0,27765892893173.0,105988.0
2113,gnome-shell,0x7556c03f8000,0x10c873,00000000b2a7b193,10.0,27771502971641.0,672156.0
2901,update-notifier,0x5f1664222000,0x110f33,000000009fadb09a,15.0,27778382644849.0,493978.0
4324,Isolated Web Co,0x72406549d000,0x1181fb,00000000c713297e,27.0,27779270407990.0,215114.0
4324,Isolated Web Co,0x7240654a0000,0x11aaff,00000000c713297e,32.0,27779619561743.0,71132.0
4110,Isolated Web Co,0x7240654a3000,0xd554b,00000000c713297e,30.0,27801125863310.0,707895.0
4110,Isolated Web Co,0x7240654a0000,0x1297fc,00000000c713297e,31.0,27802983879986.0,69512.0
2113,gnome-shell,0x7556c03f8000,0x2883d,00000000b2a7b193,10.0,27803366040023.0,847309.0
3793,Isolated Web Co,0x72406549d000,0x485c1,00000000c713297e,18.0,27807363834060.0,87241.0
4324,Isolated Web Co,0x7240654b5000,0xc714e,00000000c713297e,52.0,27810033029190.0,13746.0
4324,Isolated Web Co,0x7240654b2000,0xc714e,00000000c713297e,52.0,27810035075654.0,291240.0
4324,Isolated Web Co,0x724065490000,0x125b22,00000000c713297e,25.0,27810037096906.0,823539.0
4324,Isolated Web Co,0x7240654b1000,0xc714e,00000000c713297e,52.0,27810181505486.0,7629237.0
4324,Isolated Web Co,0x72406548d000,0x6d768,00000000c713297e,12.0,27810191626694.0,88093.0
4324,Isolated Web Co,0x72406548f000,0x6d768,00000000c713297e,12.0,27810206152887.0,74056.0
4324,Isolated Web Co,0x7240654b7000,0xc714e,00000000c713297e,52.0,27810225485219.0,90482.0
4324,Isolated Web Co,0x724065493000,0x125b22,00000000c713297e,25.0,27810229792382.0,284760.0
4324,Isolated Web Co,0x724064609000,0x10f9e6,00000000bf33c89b,0.0,27814758240409.0,66543.0
4110,Isolated Web Co,0x724065494000,0x125b22,00000000c713297e,25.0,27815486980475.0,80311.0
4324,Isolated Web Co,0x7240654b6000,0xc714e,00000000c713297e,52.0,27817664778447.0,73348.0
4324,Isolated Web Co,0x724065491000,0x125b22,00000000c713297e,25.0,27817666480090.0,368360.0
4324,Isolated Web Co,0x72406549f000,0x125b22,00000000c713297e,25.0,27817787426916.0,764850.0
4324,Isolated Web Co,0x72406549e000,0xc715f,00000000c713297e,27.0,27819026501032.0,754913.0
4324,Isolated Web Co,0x7240654a3000,0xd554b,00000000c713297e,30.0,27819150633611.0,11614373.0
4324,Isolated Web Co,0x7240654bb000,0x80260,00000000b6e40b81,15.0,27823793120380.0,68014.0
4324,Isolated Web Co,0x7240654c2000,0xc1de4,00000000b6e40b81,20.0,27823794376104.0,111251.0
4324,Isolated Web Co,0x7240654dc000,0x5139d,00000000b6e40b81,36.0,27823795731321.0,73118.0
4324,Isolated Web Co,0x7240654d1000,0x5139d,00000000b6e40b81,36.0,27823798833556.0,1492084.0
2198,gsd-housekeepin,0x56bcb2cbb000,0x1111b9,00000000806bdfe8,9.0,27823926170808.0,1056911.0
2113,gnome-shell,0x7556c03f8000,0x12fc69,00000000b2a7b193,10.0,27831481582094.0,503927.0
2198,gsd-housekeepin,0x56bcb2cbb000,0x12fdf7,00000000806bdfe8,9.0,27884020776102.0,1236671.0
2113,gnome-shell,0x7556c03f8000,0x112e22,00000000b2a7b193,10.0,27891481835744.0,980024.0
3793,Isolated Web Co,0x724064d05000,0x11c9ab,00000000bd5e3ddc,0.0,27891817706107.0,82847.0
3793,Isolated Web Co,0x724064d07000,0x126273,00000000bd5e3ddc,1.0,27891820294261.0,398455.0
3793,Isolated Web Co,0x724064d06000,0x1263a5,00000000bd5e3ddc,3.0,27891823815039.0,70486.0
3793,Isolated Web Co,0x724064d4a000,0x11c185,00000000bd5e3ddc,69.0,27891898294401.0,79412.0
3793,Isolated Web Co,0x724064d08000,0x11d9b1,00000000bd5e3ddc,15.0,27893504009839.0,90518.0
3793,Isolated Web Co,0x724064d20000,0x11d426,00000000bd5e3ddc,39.0,27893520581079.0,104999.0
3793,Isolated Web Co,0x724064d21000,0x11d426,00000000bd5e3ddc,39.0,27893525813464.0,149277.0
3793,Isolated Web Co,0x724064d22000,0x11d426,00000000bd5e3ddc,39.0,27893527019647.0,1087525.0
3793,Isolated Web Co,0x724064d23000,0x11d426,00000000bd5e3ddc,39.0,27893535859490.0,173483.0
3793,Isolated Web Co,0x724064d24000,0x11d426,00000000bd5e3ddc,39.0,27893556846145.0,68844.0
3793,Isolated Web Co,0x7be19a845000,0xb3d39,0000000074d6c414,68.0,27894298846540.0,92102.0
3793,Isolated Web Co,0x7be19a840000,0xd0835,0000000074d6c414,69.0,27894332603317.0,648366.0
3793,Isolated Web Co,0x7be19a843000,0xd0835,0000000074d6c414,69.0,27894336822349.0,67309.0
3793,Isolated Web Co,0x7be19a842000,0xd0835,0000000074d6c414,69.0,27894347691227.0,2838685.0
3793,Isolated Web Co,0x7be19a841000,0xd0835,0000000074d6c414,69.0,27894350655137.0,1102931.0
4110,Isolated Web Co,0x72406549a000,0xc715f,00000000c713297e,27.0,27897972044150.0,95658.0
3095,Renderer,0x7be398d1c000,0x112822,000000007dedcf93,0.0,27898744885744.0,33207.0
3095,Renderer,0x7be398d1d000,0x112839,000000007dedcf93,1.0,27898746206057.0,73649.0
3095,Renderer,0x7be398d1e000,0x11283a,000000007dedcf93,2.0,27898748306854.0,163174.0
3095,Renderer,0x7be398d1f000,0x10b583,000000007dedcf93,3.0,27898751104095.0,69154.0
3095,Renderer,0x7be398d21000,0x12f88a,000000007dedcf93,5.0,27898751116672.0,81731.0
3095,Renderer,0x7be398d22000,0x12f643,000000007dedcf93,6.0,27898751119100.0,84159.0
4110,Isolated Web Co,0x7240654d5000,0x1159ab,00000000b6e40b81,36.0,27898913100426.0,71008.0
4110,Isolated Web Co,0x7240654e7000,0x51390,00000000b6e40b81,49.0,27898914105551.0,73062.0
4110,Isolated Web Co,0x7240654cf000,0x12a3d1,00000000b6e40b81,19.0,27898917179892.0,82138.0
3095,Renderer,0x7be398d1b000,0x123ee9,000000007dedcf93,4.0,27926691993731.0,1109429.0
3095,Renderer,0x7be398d1c000,0x123ee9,000000007dedcf93,4.0,27926692012215.0,1127913.0
3095,Renderer,0x7be398d21000,0x92c11,000000007dedcf93,5.0,27926692021968.0,1137666.0
3095,Renderer,0x7be398d22000,0x92c12,000000007dedcf93,6.0,27926692025862.0,1141560.0
1370,upowerd,0x752dd4fdf000,0x3147c,00000000922d61d0,48.0,27927506922053.0,829697.0
2198,gsd-housekeepin,0x56bcb2cbb000,0x119510,00000000806bdfe8,9.0,27944085542852.0,103605037.0
2113,gnome-shell,0x7556c03f8000,0x124f92,00000000b2a7b193,10.0,27951491043658.0,943040.0
3095,Renderer,0x7be398d1d000,0x92c13,000000007dedcf93,7.0,27952061897763.0,74329.0
3095,Renderer,0x7be398d1e000,0x92c13,000000007dedcf93,7.0,27952067842853.0,72715.0
3095,Renderer,0x7be398d1f000,0x92c13,000000007dedcf93,7.0,27952069211657.0,18441.0
2901,update-notifier,0x5f1664222000,0x128812,000000009fadb09a,15.0,27958965873238.0,72684.0
3095,Renderer,0x7be398d1c000,0x1215e7,000000007dedcf93,0.0,27975424020463.0,25706.0
3095,Renderer,0x7be398d1d000,0x1285e8,000000007dedcf93,1.0,27975425179124.0,975209.0
3095,Renderer,0x7be398d1e000,0x1285e9,000000007dedcf93,2.0,27975426625257.0,223616.0
3095,Renderer,0x7be398d1f000,0x1285eb,000000007dedcf93,3.0,27975427778333.0,942809.0
3095,Renderer,0x7be398d21000,0x12bd35,000000007dedcf93,5.0,27975427793729.0,958205.0
3095,Renderer,0x7be398d22000,0x12bd36,000000007dedcf93,6.0,27975427797729.0,962205.0
4110,Isolated Web Co,0x72406549a000,0x109064,00000000c713297e,26.0,27976423579073.0,759448.0
3153,Privileged Cont,0x7240654a4000,0x11d2a0,00000000c713297e,31.0,27997967981998.0,85574.0
3153,Privileged Cont,0x7be19a81f000,0x4165f,0000000074d6c414,30.0,28001610843629.0,1005228.0
3153,Privileged Cont,0x7be19a81d000,0x4165e,0000000074d6c414,31.0,28001614622015.0,1365515.0
3153,Privileged Cont,0x7be19a829000,0x41658,0000000074d6c414,42.0,28001714734994.0,306763.0
3153,Privileged Cont,0x7be19a849000,0x41563,0000000074d6c414,71.0,28001727215422.0,93911.0
3153,Privileged Cont,0x7be19a84a000,0x41549,0000000074d6c414,73.0,28001730746733.0,94017.0
3153,Privileged Cont,0x7be19a84c000,0x41546,0000000074d6c414,74.0,28001733030414.0,731204.0
3153,Privileged Cont,0x7be19a84e000,0x4153d,0000000074d6c414,76.0,28001738239210.0,52502.0
3153,Privileged Cont,0x7be19a837000,0x41650,0000000074d6c414,50.0,28001746512405.0,1517064.0
3153,Privileged Cont,0x7be19a813000,0x4165e,0000000074d6c414,31.0,28001826480630.0,720560.0
3153,Privileged Cont,0x7be19a814000,0x4165e,0000000074d6c414,31.0,28001827859892.0,118499.0
3153,Privileged Cont,0x7be19a815000,0x4165e,0000000074d6c414,31.0,28001828919116.0,1177723.0
3153,Privileged Cont,0x7be19a84b000,0x41537,0000000074d6c414,78.0,28001981693390.0,247825.0
4324,Isolated Web Co,0x7240654b1000,0x10cfd7,00000000c713297e,53.0,28003390836646.0,950799.0
4324,Isolated Web Co,0x72406548f000,0x11461a,00000000c713297e,15.0,28003397717008.0,502426.0
4324,Isolated Web Co,0x72406548e000,0x11461a,00000000c713297e,15.0,28003844599472.0,1901195.0
2198,gsd-housekeepin,0x56bcb2cbb000,0x71a5,00000000806bdfe8,9.0,28003901970700.0,993099.0
4324,Isolated Web Co,0x7be19a80d000,0x41491,0000000074d6c414,12.0,28004157891902.0,913812.0
4324,Isolated Web Co,0x7be19a811000,0x4165e,0000000074d6c414,31.0,28004159777780.0,281559.0
4324,Isolated Web Co,0x7be19a812000,0x4165e,0000000074d6c414,31.0,28004161617049.0,2120828.0
4324,Isolated Web Co,0x7be19a816000,0x4165e,0000000074d6c414,31.0,28004162547253.0,3051032.0
4324,Isolated Web Co,0x7be19a818000,0x4165e,0000000074d6c414,31.0,28004163995523.0,78577.0
4324,Isolated Web Co,0x7be19a81a000,0x4165e,0000000074d6c414,31.0,28004165348647.0,201590.0
4324,Isolated Web Co,0x7be19a81c000,0x4165e,0000000074d6c414,31.0,28004179190337.0,100043.0
4324,Isolated Web Co,0x7be19a845000,0x41537,0000000074d6c414,78.0,28004202464673.0,256789.0
4324,Isolated Web Co,0x7be19a82d000,0x41658,0000000074d6c414,42.0,28004203191109.0,983225.0
4324,Isolated Web Co,0x7be19a82c000,0xd441b,0000000074d6c414,45.0,28004235932104.0,85695.0
4324,Isolated Web Co,0x7240654b3000,0x10cfd7,00000000c713297e,53.0,28004512910449.0,846280.0
4324,Isolated Web Co,0x724065491000,0x124ddd,00000000c713297e,27.0,28004514114805.0,75674.0
3153,Privileged Cont,0x7be19a831000,0x41528,0000000074d6c414,55.0,28004822819884.0,81613.0
3095,Renderer,0x7be385a4c000,0x4e28a,00000000fc10d6e2,4.0,28008577094733.0,70771.0
3095,Renderer,0x7be385a4d000,0x2bb6e,00000000fc10d6e2,5.0,28008605922119.0,744265.0
3095,Renderer,0x7be385a4e000,0x4eeff,00000000fc10d6e2,6.0,28008633106318.0,66640.0
3095,Renderer,0x7be385a4f000,0x829a3,00000000fc10d6e2,7.0,28008686655765.0,67908.0
3095,Renderer,0x7be385a51000,0x10cb7,00000000fc10d6e2,9.0,28008731797275.0,129271.0
3095,Renderer,0x7be385a52000,0xd4e7c,00000000fc10d6e2,10.0,28008743203926.0,73857.0
3095,Renderer,0x7be385a53000,0xc3c56,00000000fc10d6e2,11.0,28008752677413.0,139242.0
3095,Renderer,0x7be385a54000,0xb13d0,00000000fc10d6e2,12.0,28008756484950.0,10297.0
3095,Renderer,0x7be385a55000,0xb13d1,00000000fc10d6e2,13.0,28008759328036.0,15087.0
3095,Renderer,0x7be385a56000,0xd47b0,00000000fc10d6e2,14.0,28008759347264.0,3755.0
3095,Renderer,0x7be385a57000,0xd47b1,00000000fc10d6e2,15.0,28008765106631.0,73763.0
3095,Renderer,0x7be385a58000,0xa5124,00000000fc10d6e2,16.0,28008765123233.0,3818.0
3095,Renderer,0x7be385a59000,0xa5125,00000000fc10d6e2,17.0,28008784243655.0,7203.0
3095,Renderer,0x7be385a5a000,0xccf36,00000000fc10d6e2,18.0,28008784256574.0,3409.0
3095,Renderer,0x7be385a5b000,0xccf37,00000000fc10d6e2,19.0,28008819208050.0,119535.0
3095,Renderer,0x7be385a5c000,0xb1d45,00000000fc10d6e2,20.0,28008824693164.0,95393.0
3095,Renderer,0x7be385a5d000,0x9f7a9,00000000fc10d6e2,21.0,28008824713469.0,5591.0
3095,Renderer,0x7be385a5e000,0xc9a02,00000000fc10d6e2,22.0,28008831859106.0,6669.0
3095,Renderer,0x7be385a5f000,0xc9a03,00000000fc10d6e2,23.0,28008832953239.0,71487.0
3095,Renderer,0x7be385a61000,0xd17c3,00000000fc10d6e2,25.0,28008837488606.0,5872.0
3095,Renderer,0x7be385a62000,0xd7aba,00000000fc10d6e2,26.0,28008840870200.0,5849.0
3095,Renderer,0x7be385a63000,0xd7abb,00000000fc10d6e2,27.0,28008840879604.0,2967.0
3095,Renderer,0x7be385a64000,0x6e6fc,00000000fc10d6e2,28.0,28008840888588.0,3393.0
3095,Renderer,0x7be385a65000,0x6e6fd,00000000fc10d6e2,29.0,28008842654504.0,4642.0
3095,Renderer,0x7be385a66000,0xbc57c,00000000fc10d6e2,30.0,28008842664008.0,3229.0
3095,Renderer,0x7be385a67000,0xbc57d,00000000fc10d6e2,31.0,28008877786946.0,83552.0
3095,Renderer,0x7be385a68000,0xbf2af,00000000fc10d6e2,32.0,28008877809079.0,5000.0
3095,Renderer,0x7be385a69000,0x93b6c,00000000fc10d6e2,33.0,28008882729377.0,7585.0
3095,Renderer,0x7be385a6a000,0x93b6d,00000000fc10d6e2,34.0,28008882740887.0,3529.0
3095,Renderer,0x7be385a6b000,0x7598a,00000000fc10d6e2,35.0,28008909555377.0,135598.0
3095,Renderer,0x7be385a6c000,0xcb6fd,00000000fc10d6e2,36.0,28008929071903.0,67496.0
3095,Renderer,0x7be385a6d000,0xb27ce,00000000fc10d6e2,37.0,28008929091977.0,5109.0
3095,Renderer,0x7be385a6e000,0xb27cf,00000000fc10d6e2,38.0,28008948293054.0,7183.0
3095,Renderer,0x7be385a6f000,0x86e6c,00000000fc10d6e2,39.0,28008966650572.0,65722.0
3095,Renderer,0x7be385a71000,0xd99ca,00000000fc10d6e2,41.0,28009012738714.0,13300.0
3095,Renderer,0x7be385a72000,0xd99cb,00000000fc10d6e2,42.0,28009014212235.0,8000.0
3095,Renderer,0x7be385a73000,0xd96ae,00000000fc10d6e2,43.0,28009014223036.0,2925.0
3095,Renderer,0x7be385a74000,0xd96af,00000000fc10d6e2,44.0,28009014233806.0,3060.0
3095,Renderer,0x7be385a75000,0x9e41e,00000000fc10d6e2,45.0,28009048928183.0,6639.0
3095,Renderer,0x7be385a47000,0xd47b1,00000000fc10d6e2,15.0,28009051291755.0,65264.0
3095,Renderer,0x7be385a48000,0xd47b1,00000000fc10d6e2,15.0,28009051308915.0,4836.0
3095,Renderer,0x7be385a49000,0xd47b1,00000000fc10d6e2,15.0,28009076759446.0,7098.0
3095,Renderer,0x7be385a4a000,0xd47b1,00000000fc10d6e2,15.0,28009076771669.0,3467.0
3095,Renderer,0x7be38a70b000,0x32cdc,00000000b787eed7,4.0,28009101856507.0,331622.0
3095,Renderer,0x7be38a70c000,0x32cdd,00000000b787eed7,5.0,28009101859924.0,335039.0
3095,Renderer,0x7be38a70d000,0x35acc,00000000b787eed7,6.0,28009129710423.0,138632.0
3095,Renderer,0x7be38a70e000,0x4032c,00000000b787eed7,7.0,28009129721456.0,149665.0
3095,Renderer,0x7be38a70f000,0x4032d,00000000b787eed7,8.0,28009129724752.0,152961.0
3095,Renderer,0x7be38a711000,0x1a675,00000000b787eed7,10.0,28009138017210.0,70745.0
3095,Renderer,0x7be38a712000,0x45a8a,00000000b787eed7,11.0,28009138670849.0,724384.0
3095,Renderer,0x7be38a713000,0x45a8b,00000000b787eed7,12.0,28009138674105.0,727640.0
3095,Renderer,0x7be38a714000,0xe482,00000000b787eed7,13.0,28009138676990.0,730525.0
3095,Renderer,0x7be38a715000,0xe483,00000000b787eed7,14.0,28009160682758.0,930366.0
3095,Renderer,0x7be38a716000,0x2ba3c,00000000b787eed7,15.0,28009160693288.0,940896.0
3095,Renderer,0x7be38a717000,0x2ba3d,00000000b787eed7,16.0,28009160696349.0,943957.0
3095,Renderer,0x7be38a718000,0x4f16e,00000000b787eed7,17.0,28009160699571.0,947179.0
3095,Renderer,0x7be38a719000,0x4f16f,00000000b787eed7,18.0,28009160702438.0,950046.0
3095,Renderer,0x7be38a71a000,0x4f1b4,00000000b787eed7,19.0,28009160705400.0,953008.0
3095,Renderer,0x7be38a71b000,0x4f1b5,00000000b787eed7,20.0,28009160707953.0,955561.0
3095,Renderer,0x7be38a71c000,0x30e74,00000000b787eed7,21.0,28009160710775.0,958383.0
3095,Renderer,0x7be38a71d000,0x30e75,00000000b787eed7,22.0,28009165074312.0,68531.0
3095,Renderer,0x7be38a71e000,0xd1e8a,00000000b787eed7,23.0,28009165083556.0,77775.0
3095,Renderer,0x7be38a71f000,0xd1e8b,00000000b787eed7,24.0,28009165086614.0,80833.0
3095,Renderer,0x7be38a721000,0xd1e85,00000000b787eed7,26.0,28009165091751.0,85970.0
3095,Renderer,0x7be38a722000,0xd2488,00000000b787eed7,27.0,28009165094283.0,88502.0
3095,Renderer,0x7be38a723000,0xd2489,00000000b787eed7,28.0,28009165097126.0,91345.0
3095,Renderer,0x7be38a724000,0xd2798,00000000b787eed7,29.0,28009165100006.0,94225.0
3095,Renderer,0x7be38a725000,0xd2799,00000000b787eed7,30.0,28009166013967.0,73182.0
3095,Renderer,0x7be38a726000,0xa2b42,00000000b787eed7,31.0,28009166020738.0,79953.0
3095,Renderer,0x7be38a727000,0xa2b43,00000000b787eed7,32.0,28009166024094.0,83309.0
3095,Renderer,0x7be38a728000,0xa634a,00000000b787eed7,33.0,28009166026742.0,85957.0
3095,Renderer,0x7be38a729000,0xa634b,00000000b787eed7,34.0,28009166029864.0,89079.0
3095,Renderer,0x7be38a72a000,0xacf24,00000000b787eed7,35.0,28009166032203.0,91418.0
3095,Renderer,0x7be38a72b000,0xacf25,00000000b787eed7,36.0,28009166035093.0,94308.0
3095,Renderer,0x7be38a72c000,0xb1e56,00000000b787eed7,37.0,28009166037900.0,97115.0
3095,Renderer,0x7be38a72d000,0xb1e57,00000000b787eed7,38.0,28009168668114.0,77274.0
3095,Renderer,0x7be38a72e000,0xb8a0a,00000000b787eed7,39.0,28009168676953.0,86113.0
3095,Renderer,0x7be38a72f000,0xb8a0b,00000000b787eed7,40.0,28009168680001.0,89161.0
3095,Renderer,0x7be38a731000,0xa5d55,00000000b787eed7,42.0,28009168685154.0,94314.0
3095,Renderer,0x7be38a732000,0xbc444,00000000b787eed7,43.0,28009168687589.0,96749.0
3095,Renderer,0x7be38a733000,0xbc445,00000000b787eed7,44.0,28009168690017.0,99177.0
3095,Renderer,0x7be38a734000,0xa631a,00000000b787eed7,45.0,28009168693252.0,102412.0
3095,Renderer,0x7be38a706000,0x2ba3c,00000000b787eed7,15.0,28009171043428.0,65586.0
3095,Renderer,0x7be38a707000,0x2ba3c,00000000b787eed7,15.0,28009171051511.0,73669.0
3095,Renderer,0x7be38a708000,0x2ba3c,00000000b787eed7,15.0,28009171054557.0,76715.0
3095,Renderer,0x7be38a709000,0x2ba3c,00000000b787eed7,15.0,28009171057703.0,79861.0
3095,Renderer,0x7be385a1d000,0xa4e01,000000000204f26e,4.0,28009174884909.0,75370.0
3095,Renderer,0x7be385a1e000,0xb73aa,000000000204f26e,5.0,28009174887682.0,78143.0
3095,Renderer,0x7be385a1f000,0xb73ab,000000000204f26e,6.0,28009174890075.0,80536.0
3095,Renderer,0x7be385a21000,0xc22f5,000000000204f26e,8.0,28009176870557.0,744534.0
3095,Renderer,0x7be385a22000,0xb78be,000000000204f26e,9.0,28009176877653.0,751630.0
3095,Renderer,0x7be385a23000,0xb78bf,000000000204f26e,10.0,28009176880278.0,754255.0
3095,Renderer,0x7be385a24000,0xb9d74,000000000204f26e,11.0,28009176882456.0,756433.0
3095,Renderer,0x7be385a25000,0xb9d75,000000000204f26e,12.0,28009176884697.0,758674.0
3095,Renderer,0x7be385a26000,0x4ca5a,000000000204f26e,13.0,28009176887333.0,761310.0
3095,Renderer,0x7be385a27000,0x4ca5b,000000000204f26e,14.0,28009176889634.0,763611.0
3095,Renderer,0x7be385a28000,0xd9326,000000000204f26e,15.0,28009176892010.0,765987.0
3095,Renderer,0x7be385a29000,0xd9327,000000000204f26e,16.0,28009181802851.0,204895.0
3095,Renderer,0x7be385a2a000,0xbc354,000000000204f26e,17.0,28009181811753.0,213797.0
3095,Renderer,0x7be385a2b000,0xbc355,000000000204f26e,18.0,28009181814220.0,216264.0
3095,Renderer,0x7be385a2c000,0x7ea74,000000000204f26e,19.0,28009181816755.0,218799.0
3095,Renderer,0x7be385a2d000,0x7ea75,000000000204f26e,20.0,28009181819088.0,221132.0
3095,Renderer,0x7be385a2e000,0xa9298,000000000204f26e,21.0,28009181821623.0,223667.0
3095,Renderer,0x7be385a2f000,0xa9299,000000000204f26e,22.0,28009181824143.0,226187.0
3095,Renderer,0x7be385a31000,0x89a2f,000000000204f26e,24.0,28009183048066.0,69121.0
3095,Renderer,0x7be385a32000,0xc9d2c,000000000204f26e,25.0,28009183055545.0,76600.0
3095,Renderer,0x7be385a33000,0xc9d2d,000000000204f26e,26.0,28009183058720.0,79775.0
3095,Renderer,0x7be385a34000,0xc4072,000000000204f26e,27.0,28009183061204.0,82259.0
3095,Renderer,0x7be385a35000,0xc4073,000000000204f26e,28.0,28009183063807.0,84862.0
3095,Renderer,0x7be385a36000,0xd28ac,000000000204f26e,29.0,28009183066073.0,87128.0
3095,Renderer,0x7be385a37000,0xd28ad,000000000204f26e,30.0,28009183068637.0,89692.0
3095,Renderer,0x7be385a38000,0x23714,000000000204f26e,31.0,28009183071070.0,92125.0
3095,Renderer,0x7be385a39000,0x23715,000000000204f26e,32.0,28009184562193.0,739772.0
3095,Renderer,0x7be385a3a000,0x9e244,000000000204f26e,33.0,28009184569502.0,747081.0
3095,Renderer,0x7be385a3b000,0x9e245,000000000204f26e,34.0,28009184572511.0,750090.0
3095,Renderer,0x7be385a3c000,0xfaa8,000000000204f26e,35.0,28009184574958.0,752537.0
3095,Renderer,0x7be385a3d000,0xfaa9,000000000204f26e,36.0,28009184577927.0,755506.0
3095,Renderer,0x7be385a3e000,0xcfcb8,000000000204f26e,37.0,28009184580486.0,758065.0
3095,Renderer,0x7be385a3f000,0xcfcb9,000000000204f26e,38.0,28009184583249.0,760828.0
3095,Renderer,0x7be385a41000,0x69ee9,000000000204f26e,40.0,28009188776415.0,76549.0
3095,Renderer,0x7be385a42000,0x5519c,000000000204f26e,41.0,28009188785768.0,85902.0
3095,Renderer,0x7be385a43000,0x5519d,000000000204f26e,42.0,28009188788700.0,88834.0
3095,Renderer,0x7be385a44000,0x4a31c,000000000204f26e,43.0,28009188791382.0,91516.0
3095,Renderer,0x7be385a45000,0x4a31d,000000000204f26e,44.0,28009188794050.0,94184.0
3095,Renderer,0x7be385a46000,0x498cc,000000000204f26e,45.0,28009188796376.0,96510.0
3095,Renderer,0x7be385a18000,0xd9326,000000000204f26e,15.0,28009188847040.0,147174.0
3095,Renderer,0x7be385a19000,0xd9326,000000000204f26e,15.0,28009188850470.0,150604.0
3095,Renderer,0x7be385a1a000,0xd9326,000000000204f26e,15.0,28009188853666.0,153800.0
3095,Renderer,0x7be385a1b000,0xd9326,000000000204f26e,15.0,28009188856845.0,156979.0
3095,Renderer,0x7be398db6000,0x427ed,00000000392dd580,0.0,28009444929509.0,206248.0
3095,Renderer,0x7be398db7000,0x1068c,00000000392dd580,1.0,28009444936594.0,213333.0
3095,Renderer,0x7be39b01c000,0x213a4,00000000e19bd408,0.0,28009450000391.0,86899.0
3095,Renderer,0x7be39b01d000,0x213a5,00000000e19bd408,1.0,28009450006211.0,92719.0
3095,Renderer,0x7be398d0b000,0x73da5,0000000056e0e23a,0.0,28009531256039.0,71674.0
3095,Renderer,0x7be398d01000,0x72341,00000000056c7d5d,0.0,28009544768217.0,76249.0
2113,gnome-shell,0x7556c03f8000,0x1ef8b,00000000b2a7b193,10.0,28011472842910.0,725651.0
4324,Isolated Web Co,0x7be19a82b000,0xd441b,0000000074d6c414,45.0,28015058511851.0,2506009.0
4324,Isolated Web Co,0x7be19a83d000,0x41528,0000000074d6c414,55.0,28015060059107.0,282484.0
4324,Isolated Web Co,0x7be19a83e000,0x3927b,0000000074d6c414,61.0,28015072491251.0,3039521.0
4324,Isolated Web Co,0x7be19a83f000,0x85993,0000000074d6c414,62.0,28015073830389.0,1075168.0
4324,Isolated Web Co,0x7be19a80b000,0x41132,0000000074d6c414,13.0,28015462751664.0,918913.0
4324,Isolated Web Co,0x7be19a819000,0x4165e,0000000074d6c414,31.0,28015526468528.0,251054.0
4324,Isolated Web Co,0x7be19a846000,0x41537,0000000074d6c414,78.0,28015530831856.0,1613717.0
4324,Isolated Web Co,0x7240654a7000,0x78b7f,00000000c713297e,32.0,28021285977074.0,79973.0
4324,Isolated Web Co,0x7240654a5000,0xc3c43,00000000c713297e,35.0,28021287170186.0,108591.0
4324,Isolated Web Co,0x724062737000,0x122e8c,00000000504b13b4,0.0,28049118155101.0,1557486.0
4324,Isolated Web Co,0x72406273a000,0x29d49,00000000504b13b4,1.0,28049120187269.0,286513.0
3793,Isolated Web Co,0x724064227000,0x9d7e6,00000000bf33c89b,0.0,28053316070779.0,1248028.0
4324,Isolated Web Co,0x7be19a844000,0x41537,0000000074d6c414,78.0,28129687838171.0,78569.0
2113,gnome-shell,0x7556bbe6c000,0x9b644,00000000f0251019,39.0,28138723722447.0,918027.0
1726,pipewire-pulse,0x7c6c247f1000,0x29a8a,0000000069870a75,1.0,37581057595335.0,188640.0
1726,pipewire-pulse,0x7c6c247f2000,0x29a8b,0000000069870a75,2.0,37581057606029.0,199334.0
1726,pipewire-pulse,0x7c6c247f3000,0x29a8c,0000000069870a75,3.0,37581057608922.0,202227.0
1726,pipewire-pulse,0x7c6c247f4000,0x29a8d,0000000069870a75,4.0,37581057611413.0,204718.0
1726,pipewire-pulse,0x7c6c247f5000,0x29a8e,0000000069870a75,5.0,37581057613945.0,207250.0
1726,pipewire-pulse,0x7c6c247f6000,0x29a8f,0000000069870a75,6.0,37581057616509.0,209814.0
1726,pipewire-pulse,0x7c6c247f7000,0x29a90,0000000069870a75,7.0,37581057618948.0,212253.0
1726,pipewire-pulse,0x7c6c247e7000,0x29a92,0000000094623c3d,0.0,37581057645901.0,239206.0
1726,pipewire-pulse,0x7c6c247e8000,0x29a93,0000000094623c3d,1.0,37581057647322.0,240627.0
1726,pipewire-pulse,0x7c6c247e9000,0x29a94,0000000094623c3d,2.0,37581057648659.0,241964.0
1726,pipewire-pulse,0x7c6c247ea000,0x29a95,0000000094623c3d,3.0,37581057649973.0,243278.0
1726,pipewire-pulse,0x7c6c247eb000,0x29a96,0000000094623c3d,4.0,37581057651427.0,244732.0
1726,pipewire-pulse,0x7c6c247ec000,0x29a97,0000000094623c3d,5.0,37581057652769.0,246074.0
1726,pipewire-pulse,0x7c6c247ed000,0x29a98,0000000094623c3d,6.0,37581057654242.0,247547.0
1726,pipewire-pulse,0x7c6c247ee000,0x29a99,0000000094623c3d,7.0,37581057655637.0,248942.0
2198,gsd-housekeepin,0x56bcb2cbb000,0x58b1c,00000000806bdfe8,9.0,37613908704609.0,31212497.0
2901,update-notifier,0x5f1664222000,0x11d620,000000009fadb09a,15.0,37679185010677.0,22940330.0
3793,Isolated Web Co,0x724064227000,0x119667,00000000bf33c89b,0.0,37714702488165.0,37716.0
1370,upowerd,0x752dd4fdf000,0x122f3f,00000000922d61d0,48.0,37725734218715.0,62607237.0
2198,gsd-housekeepin,0x56bcb2cbb000,0x11ece5,00000000806bdfe8,9.0,37733904232533.0,82733000.0
3793,Isolated Web Co,0x724064227000,0x12db84,00000000bf33c89b,0.0,37752338747530.0,677817.0
1370,upowerd,0x752dd4fdf000,0x110fd1,00000000922d61d0,48.0,37790822269887.0,2585497.0
2113,gnome-shell,0x7556c03f8000,0x11404e,00000000b2a7b193,10.0,37791293954353.0,198046.0
2198,gsd-housekeepin,0x56bcb2cbb000,0x11e2ab,00000000806bdfe8,9.0,37794129112504.0,536277.0
2113,gnome-shell,0x7556c03f8000,0x123737,00000000b2a7b193,10.0,37834332029444.0,3453860.0
2198,gsd-housekeepin,0x56bcb2cbb000,0x110f98,00000000806bdfe8,9.0,37855114005146.0,203125.0
2901,update-notifier,0x5f1664222000,0x7291d,000000009fadb09a,15.0,37859729945484.0,51917.0
4110,Isolated Web Co,0x724065495000,0x126996,00000000c713297e,25.0,37906145046387.0,41296.0
4110,Isolated Web Co,0x724065496000,0x126996,00000000c713297e,25.0,37906183496261.0,48704.0
4110,Isolated Web Co,0x724065494000,0x126996,00000000c713297e,25.0,37906206276853.0,442115.0
4110,Isolated Web Co,0x72406549c000,0x126996,00000000c713297e,25.0,37906834144237.0,42916.0
4110,Isolated Web Co,0x7240654f2000,0x11b34f,00000000b6e40b81,66.0,37915772210200.0,17075.0
2198,gsd-housekeepin,0x56bcb2cbb000,0x12f818,00000000806bdfe8,9.0,37915915548535.0,597364.0
4110,Isolated Web Co,0x7be19a81f000,0x12bb4b,0000000074d6c414,30.0,37929239263062.0,37932.0
4110,Isolated Web Co,0x7be19a81d000,0x12ed46,0000000074d6c414,31.0,37929240548747.0,40340.0
4110,Isolated Web Co,0x7be19a831000,0x1273cc,0000000074d6c414,50.0,37929444507682.0,42260.0
4110,Isolated Web Co,0x72406549c000,0x113e3f,00000000c713297e,27.0,37930111178965.0,15549.0
4110,Isolated Web Co,0x724065496000,0x113e3f,00000000c713297e,27.0,37930841789620.0,42210.0
4110,Isolated Web Co,0x7240654bc000,0x110e84,00000000b6e40b81,15.0,37934544782022.0,39846.0
4110,Isolated Web Co,0x7240654d0000,0x1145e7,00000000b6e40b81,36.0,37934549308296.0,41510.0
4110,Isolated Web Co,0x7240654e3000,0x117593,00000000b6e40b81,52.0,37934549901843.0,43382.0
4110,Isolated Web Co,0x7240654e1000,0x117593,00000000b6e40b81,52.0,37934566432353.0,115692.0
4110,Isolated Web Co,0x7240654cc000,0x11a6a5,00000000b6e40b81,19.0,37934577892221.0,971285.0
4110,Isolated Web Co,0x7240654f2000,0x13080a,00000000b6e40b81,66.0,37935031725460.0,100927.0
4110,Isolated Web Co,0x7240654d5000,0x1145e7,00000000b6e40b81,36.0,37935041548340.0,45857.0
4110,Isolated Web Co,0x7240654e6000,0x117593,00000000b6e40b81,52.0,37935051697122.0,38633.0
4110,Isolated Web Co,0x7be19a80c000,0x115484,0000000074d6c414,11.0,37935920908595.0,44055.0
4110,Isolated Web Co,0x7be19a811000,0x12ed46,0000000074d6c414,31.0,37935921852437.0,672666.0
4110,Isolated Web Co,0x7be19a81c000,0x12ed46,0000000074d6c414,31.0,37935925307251.0,39657.0
4110,Isolated Web Co,0x7be19a82d000,0x1158e1,0000000074d6c414,41.0,37935964920668.0,37721.0
4110,Isolated Web Co,0x7be19a82e000,0x11365c,0000000074d6c414,45.0,37935965552871.0,39788.0
4110,Isolated Web Co,0x7be19a847000,0x11da34,0000000074d6c414,79.0,37936075831274.0,39599.0
4110,Isolated Web Co,0x7be19a848000,0x11da34,0000000074d6c414,79.0,37936076701518.0,53625.0
4110,Isolated Web Co,0x7240654c3000,0x11a6a5,00000000b6e40b81,19.0,37936080532216.0,39415.0
4110,Isolated Web Co,0x7240654ea000,0x117593,00000000b6e40b81,52.0,37936081632548.0,39580.0
4110,Isolated Web Co,0x7240654d4000,0x1145e7,00000000b6e40b81,36.0,37936082557467.0,40803.0
4110,Isolated Web Co,0x7240654cf000,0x11a6a5,00000000b6e40b81,19.0,37936084174100.0,42095.0
4110,Isolated Web Co,0x7240654fa000,0x13080a,00000000b6e40b81,66.0,37936084890762.0,41044.0
4110,Isolated Web Co,0x7be19a849000,0x11da34,0000000074d6c414,79.0,37936092589154.0,43667.0
4110,Isolated Web Co,0x7be19a84a000,0x11da34,0000000074d6c414,79.0,37936093310062.0,45257.0
4110,Isolated Web Co,0x7be19a84b000,0x11da34,0000000074d6c414,79.0,37936094532859.0,42414.0
4110,Isolated Web Co,0x7be19a84c000,0x11da34,0000000074d6c414,79.0,37936095245296.0,15906.0
4110,Isolated Web Co,0x7be19a84d000,0x11da34,0000000074d6c414,79.0,37936096607231.0,414379.0
4110,Isolated Web Co,0x7be19a84e000,0x11da34,0000000074d6c414,79.0,37936098823300.0,536535.0
4110,Isolated Web Co,0x7be19a83c000,0x1273cc,0000000074d6c414,50.0,37936099673804.0,39764.0
4110,Isolated Web Co,0x7be19a837000,0x12c54f,0000000074d6c414,60.0,37936100268382.0,634342.0
4110,Isolated Web Co,0x7be19a838000,0x12c54f,0000000074d6c414,60.0,37936102755792.0,44342.0
4110,Isolated Web Co,0x7be19a839000,0x12c54f,0000000074d6c414,60.0,37936103826554.0,39592.0
4110,Isolated Web Co,0x7be19a83a000,0x12c54f,0000000074d6c414,60.0,37936104363365.0,465707.0
4110,Isolated Web Co,0x7be19a83b000,0x12c54f,0000000074d6c414,60.0,37936105343956.0,14353.0
4110,Isolated Web Co,0x7be19a845000,0x11da34,0000000074d6c414,79.0,37936107059162.0,39802.0
4110,Isolated Web Co,0x7be19a846000,0x11da34,0000000074d6c414,79.0,37936107621190.0,44081.0
4110,Isolated Web Co,0x7be19a820000,0x112bc4,0000000074d6c414,46.0,37936109009689.0,39929.0
4110,Isolated Web Co,0x7be19a821000,0x112bc4,0000000074d6c414,46.0,37936114771204.0,429612.0
4110,Isolated Web Co,0x7be19a822000,0x112bc4,0000000074d6c414,46.0,37936115647153.0,44159.0
4110,Isolated Web Co,0x7be19a823000,0x112bc4,0000000074d6c414,46.0,37936116198247.0,39186.0
4110,Isolated Web Co,0x7be19a824000,0x112bc4,0000000074d6c414,46.0,37936116887731.0,41859.0
4110,Isolated Web Co,0x7be19a825000,0x112bc4,0000000074d6c414,46.0,37936117690150.0,20249.0
4110,Isolated Web Co,0x7be19a826000,0x112bc4,0000000074d6c414,46.0,37936118321880.0,40700.0
4110,Isolated Web Co,0x7be19a827000,0x112bc4,0000000074d6c414,46.0,37936119014267.0,42548.0
4110,Isolated Web Co,0x7be19a828000,0x112bc4,0000000074d6c414,46.0,37936120581850.0,271712.0
4110,Isolated Web Co,0x7be19a82a000,0x112bc4,0000000074d6c414,46.0,37936121583873.0,39630.0
4110,Isolated Web Co,0x7be19a82b000,0x112bc4,0000000074d6c414,46.0,37936122207913.0,491501.0
4110,Isolated Web Co,0x7be19a82c000,0x112bc4,0000000074d6c414,46.0,37936122898957.0,477336.0
4110,Isolated Web Co,0x7be19a82f000,0x112bc4,0000000074d6c414,46.0,37936123931366.0,48443.0
4110,Isolated Web Co,0x7be19a830000,0x12c54f,0000000074d6c414,60.0,37936124784611.0,39117.0
4110,Isolated Web Co,0x7be19a833000,0x12c54f,0000000074d6c414,60.0,37936125576778.0,40554.0
4110,Isolated Web Co,0x7be19a834000,0x12c54f,0000000074d6c414,60.0,37936126180593.0,39412.0
4110,Isolated Web Co,0x7be19a835000,0x12c54f,0000000074d6c414,60.0,37936126818312.0,45704.0
4110,Isolated Web Co,0x7be19a836000,0x12c54f,0000000074d6c414,60.0,37936127618486.0,39172.0
4110,Isolated Web Co,0x7be19a80a000,0x12d8c8,0000000074d6c414,12.0,37936128430665.0,116019.0
4110,Isolated Web Co,0x7be19a800000,0x12d8c8,0000000074d6c414,12.0,37936128903143.0,39518.0
4110,Isolated Web Co,0x7be19a80d000,0x12d8c8,0000000074d6c414,12.0,37936129630774.0,39945.0
4110,Isolated Web Co,0x7be19a80e000,0x124422,0000000074d6c414,13.0,37936130278063.0,43322.0
4110,Isolated Web Co,0x7be19a80f000,0x12523c,0000000074d6c414,14.0,37936131652277.0,50666.0
4110,Isolated Web Co,0x7be19a810000,0x12ed46,0000000074d6c414,31.0,37936132762252.0,54701.0
4110,Isolated Web Co,0x7be19a812000,0x12ed46,0000000074d6c414,31.0,37936133449120.0,12697.0
4110,Isolated Web Co,0x7be19a813000,0x12ed46,0000000074d6c414,31.0,37936134062484.0,8742.0
4110,Isolated Web Co,0x7be19a814000,0x12ed46,0000000074d6c414,31.0,37936134687297.0,530620.0
4110,Isolated Web Co,0x7be19a815000,0x12ed46,0000000074d6c414,31.0,37936135449926.0,426058.0
4110,Isolated Web Co,0x7be19a816000,0x12ed46,0000000074d6c414,31.0,37936136256199.0,478050.0
4110,Isolated Web Co,0x7be19a817000,0x12ed46,0000000074d6c414,31.0,37936137657788.0,51251.0
4110,Isolated Web Co,0x7be19a818000,0x12ed46,0000000074d6c414,31.0,37936138421449.0,168438.0
4110,Isolated Web Co,0x7be19a819000,0x12ed46,0000000074d6c414,31.0,37936138827230.0,3091.0
4110,Isolated Web Co,0x7be19a81a000,0x12ed46,0000000074d6c414,31.0,37936139611226.0,42091.0
4110,Isolated Web Co,0x7be19a81b000,0x12ed46,0000000074d6c414,31.0,37936140339092.0,84332.0
4110,Isolated Web Co,0x7be19a83f000,0x12c54f,0000000074d6c414,60.0,37936141174842.0,41157.0
4110,Isolated Web Co,0x7be19a843000,0x11da34,0000000074d6c414,79.0,37936141765124.0,518397.0
4110,Isolated Web Co,0x7be19a840000,0x11da34,0000000074d6c414,79.0,37936144071964.0,40774.0
4110,Isolated Web Co,0x7be19a844000,0x11da34,0000000074d6c414,79.0,37936144860824.0,39695.0
4110,Isolated Web Co,0x7be19a83d000,0x129a15,0000000074d6c414,63.0,37936145594867.0,41664.0
4110,Isolated Web Co,0x7be19a83e000,0x129a15,0000000074d6c414,63.0,37936146155977.0,48119.0
4110,Isolated Web Co,0x7be19a801000,0x129806,0000000074d6c414,15.0,37936209666246.0,108312.0
4110,Isolated Web Co,0x7be19a802000,0x129806,0000000074d6c414,15.0,37936211622590.0,10717.0
4110,Isolated Web Co,0x7be19a803000,0x129806,0000000074d6c414,15.0,37936212471728.0,40558.0
4110,Isolated Web Co,0x7be19a804000,0x129806,0000000074d6c414,15.0,37936213819228.0,39478.0
4110,Isolated Web Co,0x7be19a805000,0x129806,0000000074d6c414,15.0,37936214258529.0,386734.0
4110,Isolated Web Co,0x7be19a806000,0x129806,0000000074d6c414,15.0,37936215573577.0,40039.0
4110,Isolated Web Co,0x7be19a807000,0x129806,0000000074d6c414,15.0,37936216229988.0,41953.0
4110,Isolated Web Co,0x7be19a808000,0x129806,0000000074d6c414,15.0,37936216770942.0,39847.0
4110,Isolated Web Co,0x7be19a809000,0x129806,0000000074d6c414,15.0,37936217456524.0,40652.0
4110,Isolated Web Co,0x724064d05000,0x12b037,00000000bd5e3ddc,0.0,37936265610200.0,44247.0
4110,Isolated Web Co,0x724064d4a000,0x114a6d,00000000bd5e3ddc,69.0,37936269068179.0,41845.0
4110,Isolated Web Co,0x7be19a842000,0x11da34,0000000074d6c414,79.0,37936282288507.0,41758.0
4110,Isolated Web Co,0x7be19a841000,0x11da34,0000000074d6c414,79.0,37936285126679.0,40309.0
4110,Isolated Web Co,0x7240654bc000,0x110e84,00000000b6e40b81,15.0,37943187572534.0,39139.0
4110,Isolated Web Co,0x7240654d0000,0x1145e7,00000000b6e40b81,36.0,37943187968582.0,39057.0
4110,Isolated Web Co,0x7240654cc000,0x11a6a5,00000000b6e40b81,19.0,37943192586338.0,368240.0
4110,Isolated Web Co,0x7240654f2000,0x13080a,00000000b6e40b81,66.0,37943635459809.0,42307.0
4110,Isolated Web Co,0x7240654d5000,0x1145e7,00000000b6e40b81,36.0,37943640972263.0,38598.0
4110,Isolated Web Co,0x724065494000,0x9eba0,00000000c713297e,25.0,37949445504159.0,418197.0
4110,Isolated Web Co,0x7240654bc000,0x110e84,00000000b6e40b81,15.0,37956184845552.0,348287.0
4110,Isolated Web Co,0x7240654bd000,0x110e84,00000000b6e40b81,15.0,37956187177901.0,334795.0
4110,Isolated Web Co,0x7240654e7000,0x124ef9,00000000b6e40b81,52.0,37956187559263.0,294097.0
4110,Isolated Web Co,0x7240654f5000,0x111c77,00000000b6e40b81,65.0,37956187843990.0,578824.0
4110,Isolated Web Co,0x7240654d9000,0x12c470,00000000b6e40b81,36.0,37956188150779.0,885613.0
4110,Isolated Web Co,0x7240654e1000,0x124ef9,00000000b6e40b81,52.0,37956188541945.0,1276779.0
4110,Isolated Web Co,0x7240654f0000,0x111c77,00000000b6e40b81,65.0,37956189594401.0,319628.0
4110,Isolated Web Co,0x7240654cf000,0x11a6a5,00000000b6e40b81,19.0,37956190191265.0,40666.0
4110,Isolated Web Co,0x7240654ea000,0x124ef9,00000000b6e40b81,52.0,37956190944188.0,557473.0
4110,Isolated Web Co,0x7be19a82e000,0x124862,0000000074d6c414,45.0,37956452953475.0,71520.0
4110,Isolated Web Co,0x7be19a81e000,0x12fa9e,0000000074d6c414,31.0,37956454215368.0,38233.0
4110,Isolated Web Co,0x7240654f2000,0x111c77,00000000b6e40b81,65.0,37957081598112.0,838478.0
4110,Isolated Web Co,0x7240654e3000,0x124ef9,00000000b6e40b81,52.0,37957102063566.0,91499.0
4110,Isolated Web Co,0x7240654e6000,0x124ef9,00000000b6e40b81,52.0,37957102481823.0,509756.0
4110,Isolated Web Co,0x7240654de000,0x12c470,00000000b6e40b81,36.0,37957123829940.0,63718.0
4110,Isolated Web Co,0x7240654a0000,0x1228c7,00000000c713297e,31.0,37963315622955.0,498551.0
4110,Isolated Web Co,0x724065497000,0x120dbf,00000000c713297e,26.0,37963397843651.0,38087.0
4110,Isolated Web Co,0x7be19a84f000,0x125604,0000000074d6c414,73.0,37966791268175.0,40410.0
4110,Isolated Web Co,0x7be19a847000,0x11613f,0000000074d6c414,79.0,37966791743790.0,38550.0
4110,Isolated Web Co,0x7be19a848000,0x11613f,0000000074d6c414,79.0,37967134670506.0,24036.0
4110,Isolated Web Co,0x7be19a84a000,0x11613f,0000000074d6c414,79.0,37967432008839.0,14889480.0
4110,Isolated Web Co,0x7be19a84b000,0x11613f,0000000074d6c414,79.0,37967535775913.0,39145.0
4110,Isolated Web Co,0x7be19a84c000,0x11613f,0000000074d6c414,79.0,37967540297797.0,41067.0
4110,Isolated Web Co,0x7be19a84d000,0x11613f,0000000074d6c414,79.0,37967605906536.0,8366.0
4110,Isolated Web Co,0x7be19a84e000,0x11613f,0000000074d6c414,79.0,37967940025285.0,224688.0
4110,Isolated Web Co,0x7be19a83c000,0x1273cc,0000000074d6c414,50.0,37967941272666.0,403617.0
4110,Isolated Web Co,0x7be19a837000,0x10b262,0000000074d6c414,60.0,37967945544403.0,42004.0
4110,Isolated Web Co,0x7be19a838000,0x10b262,0000000074d6c414,60.0,37967946134633.0,632234.0
4110,Isolated Web Co,0x7be19a839000,0x10b262,0000000074d6c414,60.0,37967948024100.0,232628.0
4110,Isolated Web Co,0x7be19a83a000,0x10b262,0000000074d6c414,60.0,37967960643145.0,571477.0
4110,Isolated Web Co,0x7be19a83b000,0x10b262,0000000074d6c414,60.0,37967964991628.0,38882.0
4110,Isolated Web Co,0x7be19a845000,0x11613f,0000000074d6c414,79.0,37967971952929.0,1028605.0
4110,Isolated Web Co,0x7be19a846000,0x11613f,0000000074d6c414,79.0,37967975634355.0,42906.0
4110,Isolated Web Co,0x7be19a81c000,0x12fa9e,0000000074d6c414,31.0,37967983600603.0,41810.0
4110,Isolated Web Co,0x7be19a81e000,0x12fa9e,0000000074d6c414,31.0,37967985776626.0,42320.0
4110,Isolated Web Co,0x7be19a820000,0x124862,0000000074d6c414,45.0,37967986894121.0,73672.0
4110,Isolated Web Co,0x7be19a821000,0x124862,0000000074d6c414,45.0,37967988041533.0,40874.0
4110,Isolated Web Co,0x7be19a822000,0x124862,0000000074d6c414,45.0,37967989307894.0,38342.0
2198,gsd-housekeepin,0x56bcb2cbb000,0x122308,00000000806bdfe8,9.0,37975909553468.0,267903.0
2198,gsd-housekeepin,0x56bcb2cbb000,0x115cb4,00000000806bdfe8,9.0,38039279601291.0,91586279.0
2901,update-notifier,0x5f1664222000,0x12fb44,000000009fadb09a,15.0,38039993682504.0,53857.0
2198,gsd-housekeepin,0x56bcb2cbb000,0x11c4d6,00000000806bdfe8,9.0,38099838700033.0,7507594.0
2198,gsd-housekeepin,0x56bcb2cbb000,0x86f30,00000000806bdfe8,9.0,38159999495170.0,645341.0
1370,upowerd,0x752dd4fdf000,0x10cecf,00000000922d61d0,48.0,38164633421927.0,25678227.0
3153,Privileged Cont,0x7240654c6000,0x12c677,00000000b6e40b81,20.0,38186661995782.0,97762.0
3153,Privileged Cont,0x7240654ec000,0x129019,00000000b6e40b81,52.0,38186662685957.0,51648.0
3153,Privileged Cont,0x7240654c4000,0x12c677,00000000b6e40b81,20.0,38186663628404.0,39489.0
3153,Privileged Cont,0x7240654ca000,0x12c677,00000000b6e40b81,20.0,38186672614592.0,39949.0
3153,Privileged Cont,0x7240654c3000,0x12c677,00000000b6e40b81,20.0,38186675926132.0,40860.0
3153,Privileged Cont,0x7240654f8000,0x10cf60,00000000b6e40b81,65.0,38186676537530.0,565016.0
2901,update-notifier,0x5f1664222000,0x4748e,000000009fadb09a,15.0,38219890090447.0,116647553.0
2113,gnome-shell,0x7556bbc73000,0xb8d05,00000000a998bf07,2.0,38334200089154.0,379348.0
2113,gnome-shell,0x7556bb6e8000,0xa1943,00000000fc8c60e9,1.0,38334219464667.0,634926.0
2113,gnome-shell,0x7556b15cd000,0xb249b,00000000ce180f7d,7.0,38520266889577.0,7973444.0
2113,gnome-shell,0x7556b802b000,0xa418d,00000000ed1de7e1,7.0,38520274475751.0,15559618.0
1726,pipewire-pulse,0x7c6c247f1000,0x3992c,0000000070d1b8d4,1.0,38576151471280.0,500301.0
1726,pipewire-pulse,0x7c6c247f2000,0x3992d,0000000070d1b8d4,2.0,38576151479297.0,508318.0
1726,pipewire-pulse,0x7c6c247f3000,0x3992e,0000000070d1b8d4,3.0,38576151481507.0,510528.0
1726,pipewire-pulse,0x7c6c247f4000,0x3992f,0000000070d1b8d4,4.0,38576151483340.0,512361.0
1726,pipewire-pulse,0x7c6c247f5000,0x5aa94,0000000070d1b8d4,5.0,38576151485033.0,514054.0
1726,pipewire-pulse,0x7c6c247f6000,0x80e90,0000000070d1b8d4,6.0,38576151486669.0,515690.0
1726,pipewire-pulse,0x7c6c247f7000,0x80e91,0000000070d1b8d4,7.0,38576151488379.0,517400.0
1726,pipewire-pulse,0x7c6c247e7000,0x989c9,00000000922911c3,0.0,38576151505974.0,534995.0
1726,pipewire-pulse,0x7c6c247e8000,0x7f418,00000000922911c3,1.0,38576151507885.0,536906.0
1726,pipewire-pulse,0x7c6c247e9000,0x7cd7f,00000000922911c3,2.0,38576151509553.0,538574.0
1726,pipewire-pulse,0x7c6c247ea000,0x7cd7e,00000000922911c3,3.0,38576151511524.0,540545.0
1726,pipewire-pulse,0x7c6c247eb000,0x115b5,00000000922911c3,4.0,38576151512535.0,541556.0
1726,pipewire-pulse,0x7c6c247ec000,0x7cd7d,00000000922911c3,5.0,38576151513529.0,542550.0
1726,pipewire-pulse,0x7c6c247ed000,0xa4dde,00000000922911c3,6.0,38576151514577.0,543598.0
1726,pipewire-pulse,0x7c6c247ee000,0x659f2,00000000922911c3,7.0,38576151515496.0,544517.0
1726,pipewire-pulse,0x7c6c247f1000,0x924ac,000000004c66f26e,1.0,38621476436725.0,1382861.0
1726,pipewire-pulse,0x7c6c247f2000,0x98bff,000000004c66f26e,2.0,38621476444112.0,1390248.0
1726,pipewire-pulse,0x7c6c247f3000,0x97111,000000004c66f26e,3.0,38621476446168.0,1392304.0
1726,pipewire-pulse,0x7c6c247f4000,0x640c1,000000004c66f26e,4.0,38621476448100.0,1394236.0
1726,pipewire-pulse,0x7c6c247f5000,0x87a65,000000004c66f26e,5.0,38621476449829.0,1395965.0
1726,pipewire-pulse,0x7c6c247f6000,0xce96a,000000004c66f26e,6.0,38621476451467.0,1397603.0
1726,pipewire-pulse,0x7c6c247f7000,0x13c43,000000004c66f26e,7.0,38621476453054.0,1399190.0
1726,pipewire-pulse,0x7c6c247e7000,0x31f17,0000000070d1b8d4,0.0,38621476467315.0,1413451.0
1726,pipewire-pulse,0x7c6c247e8000,0x80868,0000000070d1b8d4,1.0,38621476469059.0,1415195.0
1726,pipewire-pulse,0x7c6c247e9000,0x518b1,0000000070d1b8d4,2.0,38621476470763.0,1416899.0
1726,pipewire-pulse,0x7c6c247ea000,0x518b2,0000000070d1b8d4,3.0,38621476472405.0,1418541.0
1726,pipewire-pulse,0x7c6c247eb000,0x75f17,0000000070d1b8d4,4.0,38621476473344.0,1419480.0
1726,pipewire-pulse,0x7c6c247ec000,0xd97c0,0000000070d1b8d4,5.0,38621476474289.0,1420425.0
1726,pipewire-pulse,0x7c6c247ed000,0xcd95f,0000000070d1b8d4,6.0,38621476475318.0,1421454.0
1726,pipewire-pulse,0x7c6c247ee000,0xc7ba0,0000000070d1b8d4,7.0,38621476476303.0,1422439.0
1726,pipewire-pulse,0x7c6c247f1000,0xcaa86,00000000543f49ff,1.0,38623601471883.0,1571699.0
1726,pipewire-pulse,0x7c6c247f2000,0x79369,00000000543f49ff,2.0,38623601473861.0,1573677.0
1726,pipewire-pulse,0x7c6c247f3000,0x899d7,00000000543f49ff,3.0,38623601474901.0,1574717.0
1726,pipewire-pulse,0x7c6c247f4000,0x7936c,00000000543f49ff,4.0,38623601475834.0,1575650.0
1726,pipewire-pulse,0x7c6c247f5000,0x71cce,00000000543f49ff,5.0,38623601476941.0,1576757.0
1726,pipewire-pulse,0x7c6c247f6000,0x4d8ee,00000000543f49ff,6.0,38623601477875.0,1577691.0
1726,pipewire-pulse,0x7c6c247f7000,0xa9529,00000000543f49ff,7.0,38623601478931.0,1578747.0
1726,pipewire-pulse,0x7c6c247e7000,0x95094,0000000093c24082,0.0,38623601490918.0,1590734.0
1726,pipewire-pulse,0x7c6c247e8000,0x9509c,0000000093c24082,1.0,38623601491842.0,1591658.0
1726,pipewire-pulse,0x7c6c247e9000,0xcadfe,0000000093c24082,2.0,38623601492718.0,1592534.0
1726,pipewire-pulse,0x7c6c247ea000,0x9509f,0000000093c24082,3.0,38623601493663.0,1593479.0
1726,pipewire-pulse,0x7c6c247eb000,0x4dba1,0000000093c24082,4.0,38623601494634.0,1594450.0
1726,pipewire-pulse,0x7c6c247ec000,0xcadee,0000000093c24082,5.0,38623601495448.0,1595264.0
1726,pipewire-pulse,0x7c6c247ed000,0x4dba2,0000000093c24082,6.0,38623601496379.0,1596195.0
1726,pipewire-pulse,0x7c6c247ee000,0x4dba4,0000000093c24082,7.0,38623601497220.0,1597036.0
1726,pipewire-pulse,0x7c6c247f1000,0xaf8fd,0000000070d1b8d4,1.0,38630569657685.0,303.859202
1726,pipewire-pulse,0x7c6c247f2000,0xa3bb4,0000000070d1b8d4,2.0,38630569665040.0,303.866557
1726,pipewire-pulse,0x7c6c247f3000,0x9c373,0000000070d1b8d4,3.0,38630569667235.0,303.868752
1726,pipewire-pulse,0x7c6c247f4000,0x430a0,0000000070d1b8d4,4.0,38630569669088.0,303.870605
1726,pipewire-pulse,0x7c6c247f5000,0x6d315,0000000070d1b8d4,5.0,38630569670968.0,303.872485
1726,pipewire-pulse,0x7c6c247f6000,0x6d317,0000000070d1b8d4,6.0,38630569672657.0,303.874174
1726,pipewire-pulse,0x7c6c247f7000,0xd068a,0000000070d1b8d4,7.0,38630569674911.0,303.876428
1726,pipewire-pulse,0x7c6c247e7000,0xabe58,00000000e2923c09,0.0,38630569687674.0,303.889191
1726,pipewire-pulse,0x7c6c247e8000,0xabe5a,00000000e2923c09,1.0,38630569689563.0,303.89108
1726,pipewire-pulse,0x7c6c247e9000,0xabe5b,00000000e2923c09,2.0,38630569691447.0,303.892964
1726,pipewire-pulse,0x7c6c247ea000,0x48bdd,00000000e2923c09,3.0,38630569693186.0,303.894703
1726,pipewire-pulse,0x7c6c247eb000,0x48bde,00000000e2923c09,4.0,38630569694179.0,303.895696
1726,pipewire-pulse,0x7c6c247ec000,0x8391e,00000000e2923c09,5.0,38630569695182.0,303.896699
1726,pipewire-pulse,0x7c6c247ed000,0xa4b40,00000000e2923c09,6.0,38630569696087.0,303.897604
1726,pipewire-pulse,0x7c6c247ee000,0xa4b42,00000000e2923c09,7.0,38630569697082.0,303.898599
1726,pipewire-pulse,0x7c6c247f1000,0x6d317,0000000070d1b8d4,1.0,38631059885705.0,1457444.0
1726,pipewire-pulse,0x7c6c247f2000,0x6d315,0000000070d1b8d4,2.0,38631059887672.0,1459411.0
1726,pipewire-pulse,0x7c6c247f3000,0x430a0,0000000070d1b8d4,3.0,38631059888712.0,1460451.0
1726,pipewire-pulse,0x7c6c247f4000,0x9c373,0000000070d1b8d4,4.0,38631059889617.0,1461356.0
1726,pipewire-pulse,0x7c6c247f5000,0xa3bb4,0000000070d1b8d4,5.0,38631059890698.0,1462437.0
1726,pipewire-pulse,0x7c6c247f6000,0xaf8fd,0000000070d1b8d4,6.0,38631059891744.0,1463483.0
1726,pipewire-pulse,0x7c6c247f7000,0xaf8fc,0000000070d1b8d4,7.0,38631059892738.0,1464477.0
1726,pipewire-pulse,0x7c6c247e7000,0x5832b,000000004c66f26e,0.0,38631059906884.0,1478623.0
1726,pipewire-pulse,0x7c6c247e8000,0xaaf06,000000004c66f26e,1.0,38631059907934.0,1479673.0
1726,pipewire-pulse,0x7c6c247e9000,0xaaf01,000000004c66f26e,2.0,38631059908962.0,1480701.0
1726,pipewire-pulse,0x7c6c247ea000,0x57617,000000004c66f26e,3.0,38631059909991.0,1481730.0
1726,pipewire-pulse,0x7c6c247eb000,0x3bdb9,000000004c66f26e,4.0,38631059910971.0,1482710.0
1726,pipewire-pulse,0x7c6c247ec000,0x3bdb6,000000004c66f26e,5.0,38631059912058.0,1483797.0
1726,pipewire-pulse,0x7c6c247ed000,0x3bdb4,000000004c66f26e,6.0,38631059913020.0,1484759.0
1726,pipewire-pulse,0x7c6c247ee000,0xb11ed,000000004c66f26e,7.0,38631059913947.0,1485686.0
1726,pipewire-pulse,0x7c6c247f1000,0xd7665,00000000ea3945b6,1.0,38637113905963.0,3004029.0
1726,pipewire-pulse,0x7c6c247f2000,0xd7664,00000000ea3945b6,2.0,38637113914666.0,3012732.0
1726,pipewire-pulse,0x7c6c247f3000,0xd7663,00000000ea3945b6,3.0,38637113916739.0,3014805.0
1726,pipewire-pulse,0x7c6c247f4000,0xd7662,00000000ea3945b6,4.0,38637113918358.0,3016424.0
1726,pipewire-pulse,0x7c6c247f5000,0xd7661,00000000ea3945b6,5.0,38637113920037.0,3018103.0
1726,pipewire-pulse,0x7c6c247f6000,0xd7660,00000000ea3945b6,6.0,38637113921645.0,3019711.0
1726,pipewire-pulse,0x7c6c247f7000,0xd449f,00000000ea3945b6,7.0,38637113923282.0,3021348.0
1726,pipewire-pulse,0x7c6c247e7000,0xd449d,00000000e2923c09,0.0,38637114062771.0,3160837.0
15494,Renderer,0x7e318ac66000,0x2cc35,000000004c96e139,15.0,38637114062771.0,3508.035947
15494,Renderer,0x7e318ac6a000,0x2cc35,000000004c96e139,15.0,38637114088426.0,3508.061602
15494,Renderer,0x7e318ac73000,0xbc2cc,000000004c96e139,29.0,38637114105355.0,3508.078531
15494,Renderer,0x7e318ac77000,0xbc2cc,000000004c96e139,29.0,38637114117164.0,3508.09034
15494,Renderer,0x7e318ac7b000,0xbc2cc,000000004c96e139,29.0,38637114128420.0,3508.101596
15494,Renderer,0x7e318ac80000,0x3afd6,000000004c96e139,45.0,38637114141473.0,3508.114649
15494,Renderer,0x7e318ac84000,0x3afd6,000000004c96e139,45.0,38637114152378.0,3508.125554
15494,Renderer,0x7e318ac88000,0x3afd6,000000004c96e139,45.0,38637114164076.0,3508.137252
15494,Renderer,0x7e318ac8d000,0x3afd6,000000004c96e139,45.0,38637114175553.0,3508.148729
15494,Renderer,0x7e318ac91000,0x6a0c8,000000004c96e139,57.0,38637114190082.0,3508.163258
15494,Renderer,0x7e318ac95000,0x6a0c8,000000004c96e139,57.0,38637114200555.0,3508.173731
15494,Renderer,0x7e318ac9a000,0x6a0c8,000000004c96e139,57.0,38637114209170.0,3508.182346
15494,Renderer,0x7e318ac9c000,0x6a0c8,000000004c96e139,57.0,38637114214723.0,3508.187899
15494,Renderer,0x7e318ac9d000,0x5b5cc,000000004c96e139,58.0,38637114219272.0,3508.192448
15494,Renderer,0x7e318ac9e000,0x5b5cd,000000004c96e139,59.0,38637114223830.0,3508.197006
15494,Renderer,0x7e318ac9f000,0x5b5ce,000000004c96e139,60.0,38637114229001.0,3508.202177
15494,Renderer,0x7e318aca1000,0x5b7e0,000000004c96e139,62.0,38637114238681.0,3508.211857
15494,Renderer,0x7e318aca2000,0x5b7e1,000000004c96e139,63.0,38637114243109.0,3508.216285
15494,Renderer,0x7e318aca3000,0x5b7e2,000000004c96e139,64.0,38637114247457.0,3508.220633
15494,Renderer,0x7e318aca4000,0x5b7e3,000000004c96e139,65.0,38637114252216.0,3508.225392
15494,Renderer,0x7e318aca5000,0x5b7e4,000000004c96e139,66.0,38637114256604.0,3508.22978
15494,Renderer,0x7e318aca6000,0x5b7e5,000000004c96e139,67.0,38637114261233.0,3508.234409
15494,Renderer,0x7e318aca7000,0x5b7e6,000000004c96e139,68.0,38637114265692.0,3508.238868
15494,Renderer,0x7e318aca8000,0x5b7e7,000000004c96e139,69.0,38637114273473.0,3508.246649
15494,Renderer,0x7e318aca9000,0x5b410,000000004c96e139,70.0,38637114278313.0,3508.251489
15494,Renderer,0x7e318acaa000,0x5b411,000000004c96e139,71.0,38637114283093.0,3508.256269
15494,Renderer,0x7e318acab000,0x5b412,000000004c96e139,72.0,38637114287923.0,3508.261099
15494,Renderer,0x7e318acac000,0x5b413,000000004c96e139,73.0,38637114292622.0,3508.265798
15494,Renderer,0x7e318acad000,0x5b414,000000004c96e139,74.0,38637114297301.0,3508.270477
15494,Renderer,0x7e318acae000,0x5b415,000000004c96e139,75.0,38637114301930.0,3508.275106
15494,Renderer,0x7e318acaf000,0x5b416,000000004c96e139,76.0,38637114306729.0,3508.279905
15494,Renderer,0x7e318acb1000,0x5ca40,000000004c96e139,78.0,38637114315696.0,3508.288872
15494,Renderer,0x7e318acb2000,0x5ca41,000000004c96e139,79.0,38637114319964.0,3508.29314
15494,Renderer,0x7e318acb3000,0x5ca42,000000004c96e139,80.0,38637114324613.0,3508.297789
15494,Renderer,0x7e318acb4000,0x5ca43,000000004c96e139,81.0,38637114329011.0,3508.302187
15494,Renderer,0x7e318acb5000,0x5ca44,000000004c96e139,82.0,38637114333630.0,3508.306806
15494,Renderer,0x7e318acb6000,0x5ca45,000000004c96e139,83.0,38637114338078.0,3508.311254
15494,Renderer,0x7e318acb7000,0x5ca46,000000004c96e139,84.0,38637114345096.0,3508.318272
15494,Renderer,0x7e318acb8000,0x5ca47,000000004c96e139,85.0,38637114349695.0,3508.322871
15494,Renderer,0x7e318acb9000,0x5c220,000000004c96e139,86.0,38637114354364.0,3508.32754
15494,Renderer,0x7e318acba000,0x5c221,000000004c96e139,87.0,38637114358883.0,3508.332059
15494,Renderer,0x7e318acbb000,0x5c222,000000004c96e139,88.0,38637114363442.0,3508.336618
15494,Renderer,0x7e318acbc000,0x5c223,000000004c96e139,89.0,38637114367930.0,3508.341106
15494,Renderer,0x7e318acbd000,0x5c224,000000004c96e139,90.0,38637114372519.0,3508.345695
15494,Renderer,0x7e318acbe000,0x5c225,000000004c96e139,91.0,38637114377268.0,3508.350444
15494,Renderer,0x7e318acbf000,0x5c226,000000004c96e139,92.0,38637114381937.0,3508.355113
15494,Renderer,0x7e318acc0000,0x6a0c9,000000004c96e139,109.0,38637114387540.0,3508.360716
15494,Renderer,0x7e318acc1000,0x6a0c9,000000004c96e139,109.0,38637114391938.0,3508.365114
15494,Renderer,0x7e318acc2000,0x6a0c9,000000004c96e139,109.0,38637114396447.0,3508.369623
15494,Renderer,0x7e318acc3000,0x6a0c9,000000004c96e139,109.0,38637114401236.0,3508.374412
15494,Renderer,0x7e318acc4000,0x6a0c9,000000004c96e139,109.0,38637114405644.0,3508.37882
15494,Renderer,0x7e318acc5000,0x6a0c9,000000004c96e139,109.0,38637114410092.0,3508.383268
15494,Renderer,0x7e318acc6000,0x6a0c9,000000004c96e139,109.0,38637114417322.0,3508.390498
15494,Renderer,0x7e318acc7000,0x6a0c9,000000004c96e139,109.0,38637114421921.0,3508.395097
15494,Renderer,0x7e318acc8000,0x6a0c9,000000004c96e139,109.0,38637114426831.0,3508.400007
15494,Renderer,0x7e318acc9000,0x6a0c9,000000004c96e139,109.0,38637114431510.0,3508.404686
15494,Renderer,0x7e318acca000,0x6a0c9,000000004c96e139,109.0,38637114436139.0,3508.409315
15494,Renderer,0x7e318accb000,0x6a0c9,000000004c96e139,109.0,38637114440818.0,3508.413994
15494,Renderer,0x7e318accc000,0x6a0c9,000000004c96e139,109.0,38637114445286.0,3508.418462
15494,Renderer,0x7e318accd000,0x6a0c9,000000004c96e139,109.0,38637114449895.0,3508.423071
15494,Renderer,0x7e318acce000,0x6a0c9,000000004c96e139,109.0,38637114454454.0,3508.42763
15494,Renderer,0x7e318acd1000,0x6a14e,000000004c96e139,110.0,38637114460880.0,3508.434056
15494,Renderer,0x7e318acd2000,0x53a27,000000004c96e139,111.0,38637114466102.0,3508.439278
15494,Renderer,0x7e318acd3000,0xd5d10,000000004c96e139,112.0,38637114470550.0,3508.443726
15494,Renderer,0x7e318acd4000,0xd5d11,000000004c96e139,113.0,38637114474948.0,3508.448124
15494,Renderer,0x7e318acd5000,0xd5d12,000000004c96e139,114.0,38637114479878.0,3508.453054
15494,Renderer,0x7e318acd6000,0xd5d13,000000004c96e139,115.0,38637114484336.0,3508.457512
15494,Renderer,0x7e318acd7000,0xd5d14,000000004c96e139,116.0,38637114491947.0,3508.465123
15494,Renderer,0x7e318acd8000,0xd5d15,000000004c96e139,117.0,38637114496486.0,3508.469662
15494,Renderer,0x7e318acd9000,0xd5d16,000000004c96e139,118.0,38637114501015.0,3508.474191
15494,Renderer,0x7e318acda000,0xd5d17,000000004c96e139,119.0,38637114505804.0,3508.47898
15494,Renderer,0x7e318acdb000,0x53700,000000004c96e139,120.0,38637114510232.0,3508.483408
15494,Renderer,0x7e318acdc000,0x53701,000000004c96e139,121.0,38637114514861.0,3508.488037
15494,Renderer,0x7e318acdd000,0x53702,000000004c96e139,122.0,38637114519350.0,3508.492526
15494,Renderer,0x7e318acde000,0x53703,000000004c96e139,123.0,38637114523868.0,3508.497044
15494,Renderer,0x7e318acdf000,0x53704,000000004c96e139,124.0,38637114528648.0,3508.501824
15494,Renderer,0x7e318ace1000,0x53706,000000004c96e139,126.0,38637114537062.0,3508.510238
15494,Renderer,0x7e318ace2000,0x53707,000000004c96e139,127.0,38637114543619.0,3508.516795
15494,Renderer,0x7e318ace3000,0x99a58,000000004c96e139,128.0,38637114548248.0,3508.521424
15494,Renderer,0x7e318ace4000,0x99a59,000000004c96e139,129.0,38637114552766.0,3508.525942
15494,Renderer,0x7e318ace5000,0x99a5a,000000004c96e139,130.0,38637114557385.0,3508.530561
15494,Renderer,0x7e318ace6000,0x99a5b,000000004c96e139,131.0,38637114564394.0,3508.53757
15494,Renderer,0x7e318ace7000,0x99a5c,000000004c96e139,132.0,38637114568872.0,3508.542048
15494,Renderer,0x7e318ace8000,0x99a5d,000000004c96e139,133.0,38637114573571.0,3508.546747
15494,Renderer,0x7e318ace9000,0x99a5e,000000004c96e139,134.0,38637114578421.0,3508.551597
15494,Renderer,0x7e318acea000,0x99a5f,000000004c96e139,135.0,38637114583321.0,3508.556497
15494,Renderer,0x7e318aceb000,0x65a90,000000004c96e139,136.0,38637114587900.0,3508.561076
15494,Renderer,0x7e318acec000,0x65a91,000000004c96e139,137.0,38637114592439.0,3508.565615
15494,Renderer,0x7e318aced000,0x65a92,000000004c96e139,138.0,38637114597148.0,3508.570324
15494,Renderer,0x7e318acee000,0x65a93,000000004c96e139,139.0,38637114601787.0,3508.574963
15494,Renderer,0x7e318acef000,0x65a94,000000004c96e139,140.0,38637114606587.0,3508.579763
15494,Renderer,0x7e318acf1000,0x65a96,000000004c96e139,142.0,38637114615011.0,3508.588187
15494,Renderer,0x7e318acf2000,0x65a97,000000004c96e139,143.0,38637114620011.0,3508.593187
15494,Renderer,0x7e318acf3000,0x6a0b8,000000004c96e139,144.0,38637114624299.0,3508.597475
15494,Renderer,0x7e318acf4000,0x6a0b9,000000004c96e139,145.0,38637114628777.0,3508.601953
15494,Renderer,0x7e318acf5000,0x6a0ba,000000004c96e139,146.0,38637114635736.0,3508.608912
15494,Renderer,0x7e318acf6000,0x6a0bb,000000004c96e139,147.0,38637114640224.0,3508.6134
15494,Renderer,0x7e318acf7000,0x6a0bc,000000004c96e139,148.0,38637114644662.0,3508.617838
15494,Renderer,0x7e318acf8000,0x6a0bd,000000004c96e139,149.0,38637114649020.0,3508.622196
15494,Renderer,0x7e318acf9000,0x6a0be,000000004c96e139,150.0,38637114653629.0,3508.626805
15494,Renderer,0x7e318acfa000,0x6a0bf,000000004c96e139,151.0,38637114658208.0,3508.631384
15494,Renderer,0x7e318acfb000,0x6a0c0,000000004c96e139,152.0,38637114662716.0,3508.635892
15494,Renderer,0x7e318acfc000,0x6a0c1,000000004c96e139,153.0,38637114667164.0,3508.64034
15494,Renderer,0x7e318acfd000,0x6a0c2,000000004c96e139,154.0,38637114671703.0,3508.644879
15494,Renderer,0x7e318acfe000,0x6a0c3,000000004c96e139,155.0,38637114676543.0,3508.649719
15494,Renderer,0x7e318acff000,0x6a0c4,000000004c96e139,156.0,38637114681483.0,3508.654659
15494,Renderer,0x7e318ad01000,0x6a0c6,000000004c96e139,158.0,38637114689968.0,3508.663144
15494,Renderer,0x7e318ad02000,0x6a0c7,000000004c96e139,159.0,38637114694436.0,3508.667612
15494,Renderer,0x7e318ad03000,0x6a168,000000004c96e139,160.0,38637114699065.0,3508.672241
15494,Renderer,0x7e318ad04000,0x6a169,000000004c96e139,161.0,38637114706244.0,3508.67942
15494,Renderer,0x7e318ad05000,0x6a16a,000000004c96e139,162.0,38637114710592.0,3508.683768
15494,Renderer,0x7e318ad06000,0x6a16b,000000004c96e139,163.0,38637114714940.0,3508.688116
15494,Renderer,0x7e318ad07000,0x6a16c,000000004c96e139,164.0,38637114719398.0,3508.692574
15494,Renderer,0x7e318ad08000,0x6a16d,000000004c96e139,165.0,38637114723836.0,3508.697012
15494,Renderer,0x7e318ad09000,0x6a16e,000000004c96e139,166.0,38637114729279.0,3508.702455
15494,Renderer,0x7e318ad0a000,0x6a16f,000000004c96e139,167.0,38637114779976.0,3508.753152
15494,Renderer,0x7e318ad0b000,0x38fd8,000000004c96e139,168.0,38637114786001.0,3508.759177
15494,Renderer,0x7e318ad0c000,0x38fd9,000000004c96e139,169.0,38637114790921.0,3508.764097
15494,Renderer,0x7e318ad0d000,0x38fda,000000004c96e139,170.0,38637114795761.0,3508.768937
15494,Renderer,0x7e318ad0e000,0x38fdb,000000004c96e139,171.0,38637114801103.0,3508.774279
15494,Renderer,0x7e318ad0f000,0x38fdc,000000004c96e139,172.0,38637114805983.0,3508.779159
15494,Renderer,0x7e318ad11000,0x38fde,000000004c96e139,174.0,38637114815301.0,3508.788477
15494,Renderer,0x7e318ad12000,0x38fdf,000000004c96e139,175.0,38637114819628.0,3508.792804
15494,Renderer,0x7e318ad13000,0x65498,000000004c96e139,176.0,38637114827310.0,3508.800486
15494,Renderer,0x7e318ad14000,0x65499,000000004c96e139,177.0,38637114832009.0,3508.805185
15494,Renderer,0x7e318ad15000,0x6549a,000000004c96e139,178.0,38637114836768.0,3508.809944
15494,Renderer,0x7e318ad16000,0x6549b,000000004c96e139,179.0,38637114841377.0,3508.814553
15494,Renderer,0x7e318ad17000,0x6549c,000000004c96e139,180.0,38637114846036.0,3508.819212
15494,Renderer,0x7e318ad18000,0x6549d,000000004c96e139,181.0,38637114850575.0,3508.823751
15494,Renderer,0x7e318ad19000,0x6549e,000000004c96e139,182.0,38637114855244.0,3508.82842
15494,Renderer,0x7e318ad1a000,0x6549f,000000004c96e139,183.0,38637114859773.0,3508.832949
15494,Renderer,0x7e318ad1b000,0x65488,000000004c96e139,184.0,38637114864251.0,3508.837427
15494,Renderer,0x7e318ad1c000,0x65489,000000004c96e139,185.0,38637114869081.0,3508.842257
15494,Renderer,0x7e318ad1d000,0x6548a,000000004c96e139,186.0,38637114873880.0,3508.847056
15494,Renderer,0x7e318ad1e000,0x6548b,000000004c96e139,187.0,38637114878439.0,3508.851615
15494,Renderer,0x7e318ad1f000,0x6548c,000000004c96e139,188.0,38637114883058.0,3508.856234
15494,Renderer,0x7e318ad21000,0x6548e,000000004c96e139,190.0,38637114891533.0,3508.864709
15494,Renderer,0x7e318ad22000,0x6548f,000000004c96e139,191.0,38637114899636.0,3508.872812
15494,Renderer,0x7e318ad23000,0x49450,000000004c96e139,192.0,38637114904857.0,3508.878033
15494,Renderer,0x7e318ad24000,0x49451,000000004c96e139,193.0,38637114909496.0,3508.882672
15494,Renderer,0x7e318ad25000,0x49452,000000004c96e139,194.0,38637114914215.0,3508.887391
15494,Renderer,0x7e318ad26000,0x49453,000000004c96e139,195.0,38637114918965.0,3508.892141
15494,Renderer,0x7e318ad27000,0x49454,000000004c96e139,196.0,38637114923644.0,3508.89682
15494,Renderer,0x7e318ad28000,0x49455,000000004c96e139,197.0,38637114928765.0,3508.901941
15494,Renderer,0x7e318ad29000,0x49456,000000004c96e139,198.0,38637114933896.0,3508.907072
15494,Renderer,0x7e318ad2a000,0x49457,000000004c96e139,199.0,38637114938756.0,3508.911932
15494,Renderer,0x7e318ad2b000,0x49c28,000000004c96e139,200.0,38637114943576.0,3508.916752
15494,Renderer,0x7e318ad2c000,0x49c29,000000004c96e139,201.0,38637114948466.0,3508.921642
15494,Renderer,0x7e318ad2d000,0x49c2a,000000004c96e139,202.0,38637114953125.0,3508.926301
15494,Renderer,0x7e318ad2e000,0x49c2b,000000004c96e139,203.0,38637114958155.0,3508.931331
15494,Renderer,0x7e318ad2f000,0x49c2c,000000004c96e139,204.0,38637114963005.0,3508.936181
15494,Renderer,0x7e318ad31000,0x49c2e,000000004c96e139,206.0,38637114974562.0,3508.947738
15494,Renderer,0x7e318ad32000,0x49c2f,000000004c96e139,207.0,38637114979181.0,3508.952357
15494,Renderer,0x7e318ad33000,0x615d0,000000004c96e139,208.0,38637114983549.0,3508.956725
15494,Renderer,0x7e318ad34000,0x615d1,000000004c96e139,209.0,38637114987786.0,3508.960962
15494,Renderer,0x7e318ad35000,0x615d2,000000004c96e139,210.0,38637114992134.0,3508.96531
15494,Renderer,0x7e318ad36000,0x615d3,000000004c96e139,211.0,38637114996743.0,3508.969919
15494,Renderer,0x7e318ad37000,0x615d4,000000004c96e139,212.0,38637115001242.0,3508.974418
15494,Renderer,0x7e318ad38000,0x615d5,000000004c96e139,213.0,38637115005700.0,3508.978876
15494,Renderer,0x7e318ad39000,0x615d6,000000004c96e139,214.0,38637115010238.0,3508.983414
15494,Renderer,0x7e318ad3a000,0x615d7,000000004c96e139,215.0,38637115015410.0,3508.988586
15494,Renderer,0x7e318ad3b000,0x45600,000000004c96e139,216.0,38637115020741.0,3508.993917
15494,Renderer,0x7e318ad3c000,0x45601,000000004c96e139,217.0,38637115025601.0,3508.998777
15494,Renderer,0x7e318ad3d000,0x45602,000000004c96e139,218.0,38637115030853.0,3509.004029
15494,Renderer,0x7e318ad3e000,0x45603,000000004c96e139,219.0,38637115036084.0,3509.00926
15494,Renderer,0x7e318ad3f000,0x45604,000000004c96e139,220.0,38637115041044.0,3509.01422
15494,Renderer,0x7e318ad41000,0x45606,000000004c96e139,222.0,38637115053134.0,3509.02631
15494,Renderer,0x7e318ad42000,0x45607,000000004c96e139,223.0,38637115057833.0,3509.031009
15494,Renderer,0x7e318ad43000,0xb2938,000000004c96e139,224.0,38637115062422.0,3509.035598
15494,Renderer,0x7e318ad44000,0xb2939,000000004c96e139,225.0,38637115066850.0,3509.040026
15494,Renderer,0x7e318ad45000,0xb293a,000000004c96e139,226.0,38637115071158.0,3509.044334
15494,Renderer,0x7e318ad46000,0xb293b,000000004c96e139,227.0,38637115075847.0,3509.049023
15494,Renderer,0x7e318ad47000,0xb293c,000000004c96e139,228.0,38637115080416.0,3509.053592
15494,Renderer,0x7e318ad48000,0xb293d,000000004c96e139,229.0,38637115085225.0,3509.058401
15494,Renderer,0x7e318ad49000,0xb293e,000000004c96e139,230.0,38637115089623.0,3509.062799
15494,Renderer,0x7e318ad4a000,0xb293f,000000004c96e139,231.0,38637115094192.0,3509.067368
15494,Renderer,0x7e318ad4b000,0xb2890,000000004c96e139,232.0,38637115098660.0,3509.071836
15494,Renderer,0x7e318ad4c000,0xb2891,000000004c96e139,233.0,38637115103309.0,3509.076485
15494,Renderer,0x7e318ad4d000,0xb2892,000000004c96e139,234.0,38637115107938.0,3509.081114
15494,Renderer,0x7e318ad4e000,0xb2893,000000004c96e139,235.0,38637115112447.0,3509.085623
15494,Renderer,0x7e318ad4f000,0xb2894,000000004c96e139,236.0,38637115119676.0,3509.092852
15494,Renderer,0x7e318ad51000,0xb2896,000000004c96e139,238.0,38637115128342.0,3509.101518
15494,Renderer,0x7e318ad52000,0xb2897,000000004c96e139,239.0,38637115132810.0,3509.105986
15494,Renderer,0x7e318ad53000,0xb28b8,000000004c96e139,240.0,38637115137148.0,3509.110324
15494,Renderer,0x7e318ad54000,0xb28b9,000000004c96e139,241.0,38637115141506.0,3509.114682
15494,Renderer,0x7e318ad55000,0xb28ba,000000004c96e139,242.0,38637115146235.0,3509.119411
15494,Renderer,0x7e318ad56000,0xb28bb,000000004c96e139,243.0,38637115150763.0,3509.123939
15494,Renderer,0x7e318ad57000,0xb28bc,000000004c96e139,244.0,38637115155192.0,3509.128368
15494,Renderer,0x7e318ad58000,0xb28bd,000000004c96e139,245.0,38637115159580.0,3509.132756
15494,Renderer,0x7e318ad59000,0xb28be,000000004c96e139,246.0,38637115164188.0,3509.137364
15494,Renderer,0x7e318ad5a000,0xb28bf,000000004c96e139,247.0,38637115169329.0,3509.142505
15494,Renderer,0x7e318ad5b000,0xb2848,000000004c96e139,248.0,38637115173717.0,3509.146893
15494,Renderer,0x7e318ad5c000,0xb2849,000000004c96e139,249.0,38637115178366.0,3509.151542
15494,Renderer,0x7e318ad5d000,0xb284a,000000004c96e139,250.0,38637115182875.0,3509.156051
15494,Renderer,0x7e318ad5e000,0xb284b,000000004c96e139,251.0,38637115190044.0,3509.16322
15494,Renderer,0x7e318ad5f000,0xb284c,000000004c96e139,252.0,38637115194583.0,3509.167759
15494,Renderer,0x7e318ad61000,0xb284e,000000004c96e139,254.0,38637115202857.0,3509.176033
15494,Renderer,0x7e318ad62000,0xb284f,000000004c96e139,255.0,38637115208188.0,3509.181364
15494,Renderer,0x7e318ad63000,0xb2878,000000004c96e139,256.0,38637115212566.0,3509.185742
15494,Renderer,0x7e318ad64000,0xb2879,000000004c96e139,257.0,38637115216984.0,3509.19016
15561,SwComposite,0x7e31885b1000,0x6f0d9,0000000006385750,334.0,38639559932234.0,5953.642464
15561,SwComposite,0x7e31885b2000,0x6f0da,0000000006385750,335.0,38639559946249.0,5953.656479
15561,SwComposite,0x7e31885b3000,0x6f0db,0000000006385750,336.0,38639559950646.0,5953.660876
15561,SwComposite,0x7e31885b4000,0x6f0dc,0000000006385750,337.0,38639559955254.0,5953.665484
15561,SwComposite,0x7e31885b5000,0x6f0dd,0000000006385750,338.0,38639559959612.0,5953.669842
15561,SwComposite,0x7e31885b6000,0x6f0de,0000000006385750,339.0,38639559964150.0,5953.67438
15561,SwComposite,0x7e31885b7000,0x6f0df,0000000006385750,340.0,38639559969430.0,5953.67966
15561,SwComposite,0x7e31885b8000,0x3c960,0000000006385750,341.0,38639559974681.0,5953.684911
15561,SwComposite,0x7e31885b9000,0x3c961,0000000006385750,342.0,38639559979480.0,5953.68971
15561,SwComposite,0x7e31885ba000,0x3c962,0000000006385750,343.0,38639559984550.0,5953.69478
15561,SwComposite,0x7e31885bb000,0x3c963,0000000006385750,344.0,38639559989098.0,5953.699328
15561,SwComposite,0x7e31885bc000,0x3c964,0000000006385750,345.0,38639559993766.0,5953.703996
15561,SwComposite,0x7e31885bd000,0x3c965,0000000006385750,346.0,38639559998927.0,5953.709157
15561,SwComposite,0x7e31885be000,0x3c966,0000000006385750,347.0,38639560006205.0,5953.716435
15561,SwComposite,0x7e31885bf000,0x3c967,0000000006385750,348.0,38639560011094.0,5953.721324
15561,SwComposite,0x7e31885c1000,0x5cc41,0000000006385750,350.0,38639560019789.0,5953.730019
15561,SwComposite,0x7e31885c2000,0x5cc42,0000000006385750,351.0,38639560024096.0,5953.734326
15561,SwComposite,0x7e31885c3000,0x5cc43,0000000006385750,352.0,38639560028443.0,5953.738673
15561,SwComposite,0x7e31885c4000,0x5cc44,0000000006385750,353.0,38639560032900.0,5953.74313
15561,SwComposite,0x7e31885c5000,0x5cc45,0000000006385750,354.0,38639560037358.0,5953.747588
15561,SwComposite,0x7e31885c6000,0x5cc46,0000000006385750,355.0,38639560041715.0,5953.751945
15561,SwComposite,0x7e31885c7000,0x5cc47,0000000006385750,356.0,38639560046695.0,5953.756925
15561,SwComposite,0x7e31885c8000,0x5f5d8,0000000006385750,357.0,38639560051152.0,5953.761382
15561,SwComposite,0x7e31885c9000,0x5f5d9,0000000006385750,358.0,38639560055720.0,5953.76595
15561,SwComposite,0x7e31885ca000,0x5f5da,0000000006385750,359.0,38639560060328.0,5953.770558
15561,SwComposite,0x7e31885cb000,0x5f5db,0000000006385750,360.0,38639560079735.0,5953.789965
15561,SwComposite,0x7e31885cc000,0x5f5dc,0000000006385750,361.0,38639560084273.0,5953.794503
15561,SwComposite,0x7e31885cd000,0x5f5dd,0000000006385750,362.0,38639560091170.0,5953.8014
15561,SwComposite,0x7e31885ce000,0x5f5de,0000000006385750,363.0,38639560096029.0,5953.806259
15561,SwComposite,0x7e31885cf000,0x5f5df,0000000006385750,364.0,38639560101420.0,5953.81165
15561,SwComposite,0x7e31885d1000,0x4b3a1,0000000006385750,366.0,38639560110456.0,5953.820686
15561,SwComposite,0x7e31885d2000,0x4b3a2,0000000006385750,367.0,38639560115094.0,5953.825324
15561,SwComposite,0x7e31885d3000,0x4b3a3,0000000006385750,368.0,38639560119843.0,5953.830073
15561,SwComposite,0x7e31885d4000,0x4b3a4,0000000006385750,369.0,38639560124662.0,5953.834892
15561,SwComposite,0x7e31885d5000,0x4b3a5,0000000006385750,370.0,38639560129160.0,5953.83939
15561,SwComposite,0x7e31885d6000,0x4b3a6,0000000006385750,371.0,38639560133888.0,5953.844118
15561,SwComposite,0x7e31885d7000,0x4b3a7,0000000006385750,372.0,38639560139440.0,5953.84967
15561,SwComposite,0x7e31885d8000,0x417c8,0000000006385750,373.0,38639560144219.0,5953.854449
15561,SwComposite,0x7e31885d9000,0x417c9,0000000006385750,374.0,38639560149249.0,5953.859479
15561,SwComposite,0x7e31885da000,0x417ca,0000000006385750,375.0,38639560154108.0,5953.864338
15561,SwComposite,0x7e31885db000,0x417cb,0000000006385750,376.0,38639560159087.0,5953.869317
15561,SwComposite,0x7e31885dc000,0x417cc,0000000006385750,377.0,38639560166326.0,5953.876556
15561,SwComposite,0x7e31885dd000,0x417cd,0000000006385750,378.0,38639560172008.0,5953.882238
15561,SwComposite,0x7e31885de000,0x417ce,0000000006385750,379.0,38639560176978.0,5953.887208
15561,SwComposite,0x7e31885df000,0x417cf,0000000006385750,380.0,38639560182068.0,5953.892298
15561,SwComposite,0x7e31885e1000,0x417b9,0000000006385750,382.0,38639560191134.0,5953.901364
15561,SwComposite,0x7e31885e2000,0x417ba,0000000006385750,383.0,38639560196655.0,5953.906885
15561,SwComposite,0x7e31885e3000,0x417bb,0000000006385750,384.0,38639560201786.0,5953.912016
15561,SwComposite,0x7e31885e4000,0x417bc,0000000006385750,385.0,38639560206575.0,5953.916805
15561,SwComposite,0x7e31885e5000,0x417bd,0000000006385750,386.0,38639560211173.0,5953.921403
15561,SwComposite,0x7e31885e6000,0x417be,0000000006385750,387.0,38639560215921.0,5953.926151
15561,SwComposite,0x7e31885e7000,0x417bf,0000000006385750,388.0,38639560221021.0,5953.931251
15561,SwComposite,0x7e31885e8000,0x47f70,0000000006385750,389.0,38639560225931.0,5953.936161
15561,SwComposite,0x7e31885e9000,0x47f71,0000000006385750,390.0,38639560230740.0,5953.94097
15561,SwComposite,0x7e31885ea000,0x47f72,0000000006385750,391.0,38639560235509.0,5953.945739
15561,SwComposite,0x7e31885eb000,0x47f73,0000000006385750,392.0,38639560242787.0,5953.953017
15561,SwComposite,0x7e31885ec000,0x47f74,0000000006385750,393.0,38639560247717.0,5953.957947
15561,SwComposite,0x7e31885ed000,0x47f75,0000000006385750,394.0,38639560252766.0,5953.962996
15561,SwComposite,0x7e31885ee000,0x47f76,0000000006385750,395.0,38639560257776.0,5953.968006
15561,SwComposite,0x7e31885ef000,0x47f77,0000000006385750,396.0,38639560263459.0,5953.973689
15561,SwComposite,0x7e31885f1000,0x34321,0000000006385750,398.0,38639560272745.0,5953.982975
15561,SwComposite,0x7e31885f2000,0x34322,0000000006385750,399.0,38639560277534.0,5953.987764
15561,SwComposite,0x7e31885f3000,0x34323,0000000006385750,400.0,38639560282614.0,5953.992844
15561,SwComposite,0x7e31885f4000,0x34324,0000000006385750,401.0,38639560287574.0,5953.997804
15561,SwComposite,0x7e31885f5000,0x34325,0000000006385750,402.0,38639560292654.0,5954.002884
15561,SwComposite,0x7e31885f6000,0x34326,0000000006385750,403.0,38639560297362.0,5954.007592
15561,SwComposite,0x7e31885f7000,0x34327,0000000006385750,404.0,38639560302191.0,5954.012421
15561,SwComposite,0x7e31885f8000,0xa0e28,0000000006385750,405.0,38639560306749.0,5954.016979
15561,SwComposite,0x7e31885f9000,0xa0e29,0000000006385750,406.0,38639560311277.0,5954.021507
15561,SwComposite,0x7e31885fa000,0xa0e2a,0000000006385750,407.0,38639560318174.0,5954.028404
15561,SwComposite,0x7e31885fb000,0xa0e2b,0000000006385750,408.0,38639560322822.0,5954.033052
15561,SwComposite,0x7e31885fc000,0xa0e2c,0000000006385750,409.0,38639560327481.0,5954.037711
15561,SwComposite,0x7e31885fd000,0xa0e2d,0000000006385750,410.0,38639560332159.0,5954.042389
15561,SwComposite,0x7e31885fe000,0xa0e2e,0000000006385750,411.0,38639560336767.0,5954.046997
15561,SwComposite,0x7e31885ff000,0xa0e2f,0000000006385750,412.0,38639560341817.0,5954.052047
15561,SwComposite,0x7e3188601000,0x50cb1,0000000006385750,414.0,38639560353072.0,5954.063302
15561,SwComposite,0x7e3188602000,0x50cb2,0000000006385750,415.0,38639560357700.0,5954.06793
15561,SwComposite,0x7e3188603000,0x50cb3,0000000006385750,416.0,38639560361957.0,5954.072187
15561,SwComposite,0x7e3188604000,0x50cb4,0000000006385750,417.0,38639560366254.0,5954.076484
15561,SwComposite,0x7e3188605000,0x50cb5,0000000006385750,418.0,38639560370631.0,5954.080861
15561,SwComposite,0x7e3188606000,0x50cb6,0000000006385750,419.0,38639560375048.0,5954.085278
15561,SwComposite,0x7e3188607000,0x50cb7,0000000006385750,420.0,38639560379847.0,5954.090077
15561,SwComposite,0x7e3188608000,0x99258,0000000006385750,421.0,38639560384475.0,5954.094705
15561,SwComposite,0x7e3188609000,0x99259,0000000006385750,422.0,38639560391373.0,5954.101603
15561,SwComposite,0x7e318860a000,0x9925a,0000000006385750,423.0,38639560395870.0,5954.1061
15561,SwComposite,0x7e318860b000,0x9925b,0000000006385750,424.0,38639560400488.0,5954.110718
15561,SwComposite,0x7e318860c000,0x9925c,0000000006385750,425.0,38639560405207.0,5954.115437
15561,SwComposite,0x7e318860d000,0x9925d,0000000006385750,426.0,38639560409885.0,5954.120115
15561,SwComposite,0x7e318860e000,0x9925e,0000000006385750,427.0,38639560414474.0,5954.124704
15561,SwComposite,0x7e318860f000,0x9925f,0000000006385750,428.0,38639560419554.0,5954.129784
15561,SwComposite,0x7e3188611000,0x72441,0000000006385750,430.0,38639560428027.0,5954.138257
15561,SwComposite,0x7e3188612000,0x72442,0000000006385750,431.0,38639560432585.0,5954.142815
15561,SwComposite,0x7e3188613000,0x72443,0000000006385750,432.0,38639560436912.0,5954.147142
15561,SwComposite,0x7e3188614000,0x72444,0000000006385750,433.0,38639560441229.0,5954.151459
15561,SwComposite,0x7e3188615000,0x72445,0000000006385750,434.0,38639560445626.0,5954.155856
15561,SwComposite,0x7e3188616000,0x72446,0000000006385750,435.0,38639560449993.0,5954.160223
15561,SwComposite,0x7e3188617000,0x72447,0000000006385750,436.0,38639560455334.0,5954.165564
15561,SwComposite,0x7e3188618000,0x37fa8,0000000006385750,437.0,38639560462683.0,5954.172913
15561,SwComposite,0x7e3188619000,0x37fa9,0000000006385750,438.0,38639560467382.0,5954.177612
15561,SwComposite,0x7e318861a000,0x37faa,0000000006385750,439.0,38639560472090.0,5954.18232
15561,SwComposite,0x7e318861b000,0x37fab,0000000006385750,440.0,38639560476799.0,5954.187029
15561,SwComposite,0x7e318861c000,0x37fac,0000000006385750,441.0,38639560481869.0,5954.192099
15561,SwComposite,0x7e318861d000,0x37fad,0000000006385750,442.0,38639560486798.0,5954.197028
15561,SwComposite,0x7e318861e000,0x37fae,0000000006385750,443.0,38639560491838.0,5954.202068
15561,SwComposite,0x7e318861f000,0x37faf,0000000006385750,444.0,38639560496707.0,5954.206937
15561,SwComposite,0x7e3188621000,0x8b939,0000000006385750,446.0,38639560505482.0,5954.215712
15561,SwComposite,0x7e3188622000,0x8b93a,0000000006385750,447.0,38639560510602.0,5954.220832
15561,SwComposite,0x7e3188623000,0x8b93b,0000000006385750,448.0,38639560515170.0,5954.2254
15561,SwComposite,0x7e3188624000,0x8b93c,0000000006385750,449.0,38639560519557.0,5954.229787
15561,SwComposite,0x7e3188625000,0x8b93d,0000000006385750,450.0,38639560524065.0,5954.234295
15561,SwComposite,0x7e3188626000,0x8b93e,0000000006385750,451.0,38639560528402.0,5954.238632
15561,SwComposite,0x7e3188627000,0x8b93f,0000000006385750,452.0,38639560535651.0,5954.245881
15561,SwComposite,0x7e3188628000,0xb43a8,0000000006385750,453.0,38639560540420.0,5954.25065
15561,SwComposite,0x7e3188629000,0xb43a9,0000000006385750,454.0,38639560545088.0,5954.255318
15561,SwComposite,0x7e318862a000,0xb43aa,0000000006385750,455.0,38639560549556.0,5954.259786
15561,SwComposite,0x7e318862b000,0xb43ab,0000000006385750,456.0,38639560554264.0,5954.264494
15561,SwComposite,0x7e318862c000,0xb43ac,0000000006385750,457.0,38639560558913.0,5954.269143
15561,SwComposite,0x7e318862d000,0xb43ad,0000000006385750,458.0,38639560563491.0,5954.273721
15561,SwComposite,0x7e318862e000,0xb43ae,0000000006385750,459.0,38639560568380.0,5954.27861
15561,SwComposite,0x7e318862f000,0xb43af,0000000006385750,460.0,38639560573470.0,5954.2837
15561,SwComposite,0x7e3188631000,0xd6fb9,0000000006385750,462.0,38639560582164.0,5954.292394
15561,SwComposite,0x7e3188632000,0xd6fba,0000000006385750,463.0,38639560586692.0,5954.296922
15561,SwComposite,0x7e3188633000,0xd6fbb,0000000006385750,464.0,38639560590919.0,5954.301149
15561,SwComposite,0x7e3188634000,0xd6fbc,0000000006385750,465.0,38639560595366.0,5954.305596
15561,SwComposite,0x7e3188635000,0xd6fbd,0000000006385750,466.0,38639560599693.0,5954.309923
15561,SwComposite,0x7e3188636000,0xd6fbe,0000000006385750,467.0,38639560606721.0,5954.316951
15561,SwComposite,0x7e3188637000,0xd6fbf,0000000006385750,468.0,38639560611590.0,5954.32182
15561,SwComposite,0x7e3188638000,0x3d798,0000000006385750,469.0,38639560616439.0,5954.326669
15561,SwComposite,0x7e3188639000,0x3d799,0000000006385750,470.0,38639560621278.0,5954.331508
15561,SwComposite,0x7e318863a000,0x3d79a,0000000006385750,471.0,38639560626308.0,5954.336538
15561,SwComposite,0x7e318863b000,0x3d79b,0000000006385750,472.0,38639560631880.0,5954.34211
15561,SwComposite,0x7e318863c000,0x3d79c,0000000006385750,473.0,38639560636498.0,5954.346728
15561,SwComposite,0x7e318863d000,0x3d79d,0000000006385750,474.0,38639560641568.0,5954.351798
15561,SwComposite,0x7e318863e000,0x3d79e,0000000006385750,475.0,38639560646498.0,5954.356728
15561,SwComposite,0x7e318863f000,0x3d79f,0000000006385750,476.0,38639560651899.0,5954.362129
15561,SwComposite,0x7e3188641000,0xd3849,0000000006385750,478.0,38639560660432.0,5954.370662
15561,SwComposite,0x7e3188642000,0xd384a,0000000006385750,479.0,38639560664770.0,5954.375
15561,SwComposite,0x7e3188643000,0xd384b,0000000006385750,480.0,38639560669277.0,5954.379507
15561,SwComposite,0x7e3188644000,0xd384c,0000000006385750,481.0,38639560673936.0,5954.384166
15561,SwComposite,0x7e3188645000,0xd384d,0000000006385750,482.0,38639560680682.0,5954.390912
15561,SwComposite,0x7e3188646000,0xd384e,0000000006385750,483.0,38639560685210.0,5954.39544
15561,SwComposite,0x7e3188647000,0xd384f,0000000006385750,484.0,38639560690129.0,5954.400359
15561,SwComposite,0x7e3188648000,0xc97f0,0000000006385750,485.0,38639560694537.0,5954.404767
15561,SwComposite,0x7e3188649000,0xc97f1,0000000006385750,486.0,38639560698944.0,5954.409174
15561,SwComposite,0x7e318864a000,0xc97f2,0000000006385750,487.0,38639560703382.0,5954.413612
15561,SwComposite,0x7e318864b000,0xc97f3,0000000006385750,488.0,38639560708140.0,5954.41837
15561,SwComposite,0x7e318864c000,0xc97f4,0000000006385750,489.0,38639560712698.0,5954.422928
15561,SwComposite,0x7e318864d000,0xc97f5,0000000006385750,490.0,38639560717136.0,5954.427366
15561,SwComposite,0x7e318864e000,0xc97f6,0000000006385750,491.0,38639560721644.0,5954.431874
15561,SwComposite,0x7e318864f000,0xc97f7,0000000006385750,492.0,38639560727125.0,5954.437355
15561,SwComposite,0x7e3188651000,0x3ba59,0000000006385750,494.0,38639560736673.0,5954.446903
15561,SwComposite,0x7e3188652000,0x3ba5a,0000000006385750,495.0,38639560741311.0,5954.451541
15561,SwComposite,0x7e3188653000,0x3ba5b,0000000006385750,496.0,38639560745879.0,5954.456109
15561,SwComposite,0x7e3188654000,0x3ba5c,0000000006385750,497.0,38639560753178.0,5954.463408
15561,SwComposite,0x7e3188655000,0x3ba5d,0000000006385750,498.0,38639560758669.0,5954.468899
15561,SwComposite,0x7e3188656000,0x3ba5e,0000000006385750,499.0,38639560763699.0,5954.473929
15561,SwComposite,0x7e3188657000,0x3ba5f,0000000006385750,500.0,38639560768699.0,5954.478929
15561,SwComposite,0x7e3188658000,0x391f8,0000000006385750,501.0,38639560774070.0,5954.4843
15561,SwComposite,0x7e3188659000,0x391f9,0000000006385750,502.0,38639560779010.0,5954.48924
15561,SwComposite,0x7e318865a000,0x391fa,0000000006385750,503.0,38639560784461.0,5954.494691
15561,SwComposite,0x7e318865b000,0x391fb,0000000006385750,504.0,38639560789933.0,5954.500163
15561,SwComposite,0x7e318865c000,0x391fc,0000000006385750,505.0,38639560794962.0,5954.505192
15561,SwComposite,0x7e318865d000,0x391fd,0000000006385750,506.0,38639560800123.0,5954.510353
15561,SwComposite,0x7e318865e000,0x391fe,0000000006385750,507.0,38639560805263.0,5954.515493
15561,SwComposite,0x7e318865f000,0x391ff,0000000006385750,508.0,38639560810463.0,5954.520693
15561,SwComposite,0x7e3188661000,0x45cc1,0000000006385750,510.0,38639560819620.0,5954.52985
15561,SwComposite,0x7e3188662000,0x45cc2,0000000006385750,511.0,38639560824529.0,5954.534759
15561,SwComposite,0x7e3188663000,0x45cc3,0000000006385750,512.0,38639560831998.0,5954.542228
15561,SwComposite,0x7e3188664000,0x45cc4,0000000006385750,513.0,38639560837088.0,5954.547318
15561,SwComposite,0x7e3188665000,0x45cc5,0000000006385750,514.0,38639560842038.0,5954.552268
15561,SwComposite,0x7e3188666000,0x45cc6,0000000006385750,515.0,38639560846827.0,5954.557057
15561,SwComposite,0x7e3188667000,0x45cc7,0000000006385750,516.0,38639560851465.0,5954.561695
15561,SwComposite,0x7e3188668000,0xa26d8,0000000006385750,517.0,38639560855993.0,5954.566223
15561,SwComposite,0x7e3188669000,0xa26d9,0000000006385750,518.0,38639560860501.0,5954.570731
15561,SwComposite,0x7e318866a000,0xa26da,0000000006385750,519.0,38639560865129.0,5954.575359
15561,SwComposite,0x7e318866b000,0xa26db,0000000006385750,520.0,38639560869928.0,5954.580158
15561,SwComposite,0x7e318866c000,0xa26dc,0000000006385750,521.0,38639560874506.0,5954.584736
15561,SwComposite,0x7e318866d000,0xa26dd,0000000006385750,522.0,38639560879114.0,5954.589344
15561,SwComposite,0x7e318866e000,0xa26de,0000000006385750,523.0,38639560883792.0,5954.594022
15561,SwComposite,0x7e318866f000,0xa26df,0000000006385750,524.0,38639560888782.0,5954.599012
15561,SwComposite,0x7e3188671000,0xcb119,0000000006385750,526.0,38639560897095.0,5954.607325
15561,SwComposite,0x7e3188672000,0xcb11a,0000000006385750,527.0,38639560903962.0,5954.614192
15561,SwComposite,0x7e3188673000,0xcb11b,0000000006385750,528.0,38639560908510.0,5954.61874
15561,SwComposite,0x7e3188674000,0xcb11c,0000000006385750,529.0,38639560913038.0,5954.623268
15561,SwComposite,0x7e3188675000,0xcb11d,0000000006385750,530.0,38639560917816.0,5954.628046
15561,SwComposite,0x7e3188676000,0xcb11e,0000000006385750,531.0,38639560922374.0,5954.632604
15561,SwComposite,0x7e3188677000,0xcb11f,0000000006385750,532.0,38639560927223.0,5954.637453
15561,SwComposite,0x7e3188678000,0xc8648,0000000006385750,533.0,38639560931591.0,5954.641821
15561,SwComposite,0x7e3188679000,0xc8649,0000000006385750,534.0,38639560936219.0,5954.646449
15561,SwComposite,0x7e318867a000,0xc864a,0000000006385750,535.0,38639560940807.0,5954.651037
15561,SwComposite,0x7e318867b000,0xc864b,0000000006385750,536.0,38639560945365.0,5954.655595
15561,SwComposite,0x7e318867c000,0xc864c,0000000006385750,537.0,38639560949863.0,5954.660093
15561,SwComposite,0x7e318867d000,0xc864d,0000000006385750,538.0,38639560954340.0,5954.66457
15561,SwComposite,0x7e318867e000,0xc864e,0000000006385750,539.0,38639560958798.0,5954.669028
15561,SwComposite,0x7e318867f000,0xc864f,0000000006385750,540.0,38639561130615.0,5954.840845
15561,SwComposite,0x7e3188681000,0x98fa9,0000000006385750,542.0,38639561144128.0,5954.854358
15561,SwComposite,0x7e3188682000,0x98faa,0000000006385750,543.0,38639561148525.0,5954.858755
15561,SwComposite,0x7e3188683000,0x98fab,0000000006385750,544.0,38639561152752.0,5954.862982
15561,SwComposite,0x7e3188684000,0x98fac,0000000006385750,545.0,38639561157189.0,5954.867419
15561,SwComposite,0x7e3188685000,0x98fad,0000000006385750,546.0,38639561161627.0,5954.871857
15544,Privileged Cont,0x7f1ad3b0f000,0x8896,000000005a73c0ed,1.0,38643310397517.0,9704.370693
1647,gnome-shell,0x756189af8000,0x10d3aa,000000001d59b65b,16.0,38658472321869.0,1576.387366
1647,gnome-shell,0x756189af7000,0x10d3aa,000000001d59b65b,16.0,38658474353032.0,1578.418529
1647,gnome-shell,0x756189af6000,0x10d3aa,000000001d59b65b,16.0,38658474381564.0,1578.447061
1647,gnome-shell,0x756189af5000,0x10d3aa,000000001d59b65b,16.0,38658476850874.0,227.789519
1647,gnome-shell,0x756189af4000,0x10d3aa,000000001d59b65b,16.0,38658476876769.0,227.815414
1647,gnome-shell,0x756189af3000,0x10d3aa,000000001d59b65b,16.0,38658476886938.0,227.825583
1647,gnome-shell,0x756189af2000,0x10d3aa,000000001d59b65b,16.0,38658476897198.0,227.835843
1647,gnome-shell,0x756189af1000,0x10d3aa,000000001d59b65b,16.0,38658478190956.0,229.129601
1647,gnome-shell,0x756189af0000,0x10d3aa,000000001d59b65b,16.0,38658478218565.0,229.15721
1647,gnome-shell,0x756189aef000,0x10fb4c,000000001d59b65b,15.0,38658478228765.0,229.16741
1647,gnome-shell,0x756189aee000,0x10fb4c,000000001d59b65b,15.0,38658478239345.0,229.17799
1647,gnome-shell,0x756189aed000,0x10fb4c,000000001d59b65b,15.0,38658479635829.0,230.574474
1647,gnome-shell,0x756189aec000,0x10fb4c,000000001d59b65b,15.0,38658479652437.0,230.591082
1647,gnome-shell,0x756189aeb000,0x10fb4c,000000001d59b65b,15.0,38658479658825.0,230.59747
1647,gnome-shell,0x756189aea000,0x10fb4c,000000001d59b65b,15.0,38658479665324.0,230.603969
16150,SwComposite,0x7c0248566000,0x7a91b,0000000025beb7d4,15.0,38660395781533.0,978.402567
16150,SwComposite,0x7c024856a000,0x7a91b,0000000025beb7d4,15.0,38660395796575.0,978.417609
16150,SwComposite,0x7c0248573000,0x7a926,0000000025beb7d4,29.0,38660395807656.0,978.42869
16150,SwComposite,0x7c0248577000,0x7a926,0000000025beb7d4,29.0,38660395815458.0,978.436492
16150,SwComposite,0x7c024857b000,0x7a926,0000000025beb7d4,29.0,38660395822858.0,978.443892
16150,SwComposite,0x7c0248580000,0x7a932,0000000025beb7d4,45.0,38660395837088.0,978.458122
16150,SwComposite,0x7c0248584000,0x7a932,0000000025beb7d4,45.0,38660395844710.0,978.465744
16150,SwComposite,0x7c0248588000,0x7a932,0000000025beb7d4,45.0,38660395852933.0,978.473967
16150,SwComposite,0x7c024858d000,0x7a932,0000000025beb7d4,45.0,38660395862339.0,978.483373
16150,SwComposite,0x7c0248591000,0x7a93c,0000000025beb7d4,57.0,38660395869890.0,978.490924
16150,SwComposite,0x7c0248595000,0x7a93c,0000000025beb7d4,57.0,38660395877080.0,978.498114
16150,SwComposite,0x7c024859a000,0x7a93c,0000000025beb7d4,57.0,38660395885123.0,978.506157
16150,SwComposite,0x7c024859c000,0x7a93c,0000000025beb7d4,57.0,38660395890458.0,978.511492
16150,SwComposite,0x7c024859d000,0x67d7b,0000000025beb7d4,58.0,38660395895201.0,978.516235
16150,SwComposite,0x7c024859e000,0x67d9b,0000000025beb7d4,59.0,38660395899794.0,978.520828
16150,SwComposite,0x7c024859f000,0x67da5,0000000025beb7d4,60.0,38660395904668.0,978.525702
16150,SwComposite,0x7c02485a1000,0x67ed8,0000000025beb7d4,62.0,38660395913833.0,978.534867
16150,SwComposite,0x7c02485a2000,0x67efa,0000000025beb7d4,63.0,38660395918687.0,978.539721
16150,SwComposite,0x7c02485a3000,0x68532,0000000025beb7d4,64.0,38660395923531.0,978.544565
16150,SwComposite,0x7c02485a4000,0x68537,0000000025beb7d4,65.0,38660395930971.0,978.552005
16150,SwComposite,0x7c02485a5000,0x683a7,0000000025beb7d4,66.0,38660395935454.0,978.556488
16150,SwComposite,0x7c02485a6000,0x683a8,0000000025beb7d4,67.0,38660395939947.0,978.560981
16150,SwComposite,0x7c02485a7000,0x683af,0000000025beb7d4,68.0,38660395945221.0,978.566255
16150,SwComposite,0x7c02485a8000,0x683b7,0000000025beb7d4,69.0,38660395950065.0,978.571099
16150,SwComposite,0x7c02485a9000,0x68038,0000000025beb7d4,70.0,38660395954698.0,978.575732
16150,SwComposite,0x7c02485aa000,0x6805c,0000000025beb7d4,71.0,38660395959872.0,978.580906
16150,SwComposite,0x7c02485ab000,0x6805f,0000000025beb7d4,72.0,38660395965268.0,978.586302
16150,SwComposite,0x7c02485ac000,0x6c202,0000000025beb7d4,73.0,38660395970552.0,978.591586
16150,SwComposite,0x7c02485ad000,0x6c30b,0000000025beb7d4,74.0,38660395975536.0,978.59657
16150,SwComposite,0x7c02485ae000,0x6ba5f,0000000025beb7d4,75.0,38660395980169.0,978.601203
16150,SwComposite,0x7c02485af000,0x6ba61,0000000025beb7d4,76.0,38660395985143.0,978.606177
16150,SwComposite,0x7c02485b1000,0x6baa8,0000000025beb7d4,78.0,38660395994279.0,978.615313
16150,SwComposite,0x7c02485b2000,0x6bbd9,0000000025beb7d4,79.0,38660395998661.0,978.619695
16150,SwComposite,0x7c02485b3000,0x6bbda,0000000025beb7d4,80.0,38660396006814.0,978.627848
16150,SwComposite,0x7c02485b4000,0x6b91e,0000000025beb7d4,81.0,38660396012039.0,978.633073
16150,SwComposite,0x7c02485b5000,0x6bddc,0000000025beb7d4,82.0,38660396018116.0,978.63915
16150,SwComposite,0x7c02485b6000,0x6be9a,0000000025beb7d4,83.0,38660396025406.0,978.64644
16150,SwComposite,0x7c02485b7000,0x6be9d,0000000025beb7d4,84.0,38660396032205.0,978.653239
16150,SwComposite,0x7c02485b8000,0x6be9e,0000000025beb7d4,85.0,38660396038001.0,978.659035
16150,SwComposite,0x7c02485b9000,0x6bc68,0000000025beb7d4,86.0,38660396045753.0,978.666787
16150,SwComposite,0x7c02485ba000,0x6bc6c,0000000025beb7d4,87.0,38660396051780.0,978.672814
16150,SwComposite,0x7c02485bb000,0x6bd22,0000000025beb7d4,88.0,38660396066050.0,978.687084
16150,SwComposite,0x7c02485bc000,0x6c168,0000000025beb7d4,89.0,38660396071565.0,978.692599
16150,SwComposite,0x7c02485bd000,0x6c200,0000000025beb7d4,90.0,38660396077261.0,978.698295
16150,SwComposite,0x7c02485be000,0xabdc6,0000000025beb7d4,91.0,38660396085164.0,978.706198
16150,SwComposite,0x7c02485bf000,0xabdf6,0000000025beb7d4,92.0,38660396091531.0,978.712565
16150,SwComposite,0x7c02485c0000,0x7a93d,0000000025beb7d4,109.0,38660396097558.0,978.718592
16150,SwComposite,0x7c02485c1000,0x7a93d,0000000025beb7d4,109.0,38660396102522.0,978.723556
16150,SwComposite,0x7c02485c2000,0x7a93d,0000000025beb7d4,109.0,38660396110043.0,978.731077
16150,SwComposite,0x7c02485c3000,0x7a93d,0000000025beb7d4,109.0,38660396114616.0,978.73565
16150,SwComposite,0x7c02485c4000,0x7a93d,0000000025beb7d4,109.0,38660396119259.0,978.740293
16150,SwComposite,0x7c02485c5000,0x7a93d,0000000025beb7d4,109.0,38660396123772.0,978.744806
16150,SwComposite,0x7c02485c6000,0x7a93d,0000000025beb7d4,109.0,38660396128395.0,978.749429
16150,SwComposite,0x7c02485c7000,0x7a93d,0000000025beb7d4,109.0,38660396132978.0,978.754012
16150,SwComposite,0x7c02485c8000,0x7a93d,0000000025beb7d4,109.0,38660396164957.0,978.785991
16150,SwComposite,0x7c02485c9000,0x7a93d,0000000025beb7d4,109.0,38660396170703.0,978.791737
16150,SwComposite,0x7c02485ca000,0x7a93d,0000000025beb7d4,109.0,38660396175677.0,978.796711
16150,SwComposite,0x7c02485cb000,0x7a93d,0000000025beb7d4,109.0,38660396180481.0,978.801515
16150,SwComposite,0x7c02485cc000,0x7a93d,0000000025beb7d4,109.0,38660396185154.0,978.806188
16150,SwComposite,0x7c02485cd000,0x7a93d,0000000025beb7d4,109.0,38660396189947.0,978.810981
16150,SwComposite,0x7c02485ce000,0x7a93d,0000000025beb7d4,109.0,38660396194660.0,978.815694
16150,SwComposite,0x7c02485d1000,0x7a93e,0000000025beb7d4,110.0,38660396200758.0,978.821792
16150,SwComposite,0x7c02485d2000,0xabf20,0000000025beb7d4,111.0,38660396206052.0,978.827086
16150,SwComposite,0x7c02485d3000,0xab66e,0000000025beb7d4,112.0,38660396213985.0,978.835019
16150,SwComposite,0x7c02485d4000,0xab673,0000000025beb7d4,113.0,38660396218788.0,978.839822
16150,SwComposite,0x7c02485d5000,0xab698,0000000025beb7d4,114.0,38660396223401.0,978.844435
16150,SwComposite,0x7c02485d6000,0xab69b,0000000025beb7d4,115.0,38660396228455.0,978.849489
16150,SwComposite,0x7c02485d7000,0xab6c6,0000000025beb7d4,116.0,38660396233209.0,978.854243
16150,SwComposite,0x7c02485d8000,0xac1c1,0000000025beb7d4,117.0,38660396238132.0,978.859166
16150,SwComposite,0x7c02485d9000,0xab65d,0000000025beb7d4,118.0,38660396242825.0,978.863859
16150,SwComposite,0x7c02485da000,0xac365,0000000025beb7d4,119.0,38660396247509.0,978.868543
16150,SwComposite,0x7c02485db000,0xac369,0000000025beb7d4,120.0,38660396252232.0,978.873266
16150,SwComposite,0x7c02485dc000,0xac30f,0000000025beb7d4,121.0,38660396257356.0,978.87839
16150,SwComposite,0x7c02485dd000,0xac362,0000000025beb7d4,122.0,38660396262290.0,978.883324
16150,SwComposite,0x7c02485de000,0xac2dc,0000000025beb7d4,123.0,38660396267083.0,978.888117
16150,SwComposite,0x7c02485df000,0xac2df,0000000025beb7d4,124.0,38660396271967.0,978.893001
16150,SwComposite,0x7c02485e1000,0xac306,0000000025beb7d4,126.0,38660396280611.0,978.901645
16150,SwComposite,0x7c02485e2000,0xac300,0000000025beb7d4,127.0,38660396290680.0,978.911714
16150,SwComposite,0x7c02485e3000,0xac2b1,0000000025beb7d4,128.0,38660396295283.0,978.916317
16150,SwComposite,0x7c02485e4000,0xab6cc,0000000025beb7d4,129.0,38660396299855.0,978.920889
16150,SwComposite,0x7c02485e5000,0xab694,0000000025beb7d4,130.0,38660396304518.0,978.925552
16150,SwComposite,0x7c02485e6000,0xabf29,0000000025beb7d4,131.0,38660396309141.0,978.930175
16150,SwComposite,0x7c02485e7000,0xac1ed,0000000025beb7d4,132.0,38660396313905.0,978.934939
16150,SwComposite,0x7c02485e8000,0xac1c5,0000000025beb7d4,133.0,38660396318457.0,978.939491
16150,SwComposite,0x7c02485e9000,0xac191,0000000025beb7d4,134.0,38660396323271.0,978.944305
16150,SwComposite,0x7c02485ea000,0xabd0a,0000000025beb7d4,135.0,38660396327814.0,978.948848
16150,SwComposite,0x7c02485eb000,0xabd81,0000000025beb7d4,136.0,38660396332467.0,978.953501
16150,SwComposite,0x7c02485ec000,0xabde9,0000000025beb7d4,137.0,38660396337150.0,978.958184
16150,SwComposite,0x7c02485ed000,0xabd8d,0000000025beb7d4,138.0,38660401979154.0,984.600188
16150,SwComposite,0x7c02485ee000,0x6c5fd,0000000025beb7d4,139.0,38660402008135.0,984.629169
16150,SwComposite,0x7c02485ef000,0x6bc65,0000000025beb7d4,140.0,38660402014162.0,984.635196
16150,SwComposite,0x7c02485f1000,0x6ba6c,0000000025beb7d4,142.0,38660402028221.0,984.649255
16150,SwComposite,0x7c02485f2000,0x683b0,0000000025beb7d4,143.0,38660402033305.0,984.654339
16150,SwComposite,0x7c02485f3000,0x68965,0000000025beb7d4,144.0,38660402038039.0,984.659073
16150,SwComposite,0x7c02485f4000,0x68b39,0000000025beb7d4,145.0,38660402042722.0,984.663756
16150,SwComposite,0x7c02485f5000,0xa3493,0000000025beb7d4,146.0,38660402047605.0,984.668639
16150,SwComposite,0x7c02485f6000,0xa349b,0000000025beb7d4,147.0,38660402053683.0,984.674717
16150,SwComposite,0x7c02485f7000,0xd6524,0000000025beb7d4,148.0,38660402058586.0,984.67962
16150,SwComposite,0x7c02485f8000,0xd6526,0000000025beb7d4,149.0,38660402063671.0,984.684705
16150,SwComposite,0x7c02485f9000,0x59bca,0000000025beb7d4,150.0,38660402068444.0,984.689478
16150,SwComposite,0x7c02485fa000,0x98cf2,0000000025beb7d4,151.0,38660402073438.0,984.694472
16150,SwComposite,0x7c02485fb000,0xd5f9f,0000000025beb7d4,152.0,38660402078161.0,984.699195
16150,SwComposite,0x7c02485fc000,0xb3fbf,0000000025beb7d4,153.0,38660402107142.0,984.728176
16150,SwComposite,0x7c02485fd000,0x5cf8e,0000000025beb7d4,154.0,38660402112427.0,984.733461
16150,SwComposite,0x7c02485fe000,0xc935a,0000000025beb7d4,155.0,38660402117351.0,984.738385
16150,SwComposite,0x7c02485ff000,0xbc252,0000000025beb7d4,156.0,38660402122255.0,984.743289
16150,SwComposite,0x7c0248601000,0x40466,0000000025beb7d4,158.0,38660402136094.0,984.757128
16150,SwComposite,0x7c0248602000,0xa8fdb,0000000025beb7d4,159.0,38660402140716.0,984.76175
16150,SwComposite,0x7c0248603000,0x437d4,0000000025beb7d4,160.0,38660402145490.0,984.766524
16150,SwComposite,0x7c0248604000,0xce09b,0000000025beb7d4,161.0,38660402150163.0,984.771197
16150,SwComposite,0x7c0248605000,0xcbce3,0000000025beb7d4,162.0,38660402154816.0,984.77585
16150,SwComposite,0x7c0248606000,0x52067,0000000025beb7d4,163.0,38660402159369.0,984.780403
16150,SwComposite,0x7c0248607000,0x66e82,0000000025beb7d4,164.0,38660402164032.0,984.785066
16150,SwComposite,0x7c0248608000,0xcea42,0000000025beb7d4,165.0,38660402168765.0,984.789799
16150,SwComposite,0x7c0248609000,0xd7d4e,0000000025beb7d4,166.0,38660402175323.0,984.796357
16150,SwComposite,0x7c024860a000,0xd7d4d,0000000025beb7d4,167.0,38660402180217.0,984.801251
16150,SwComposite,0x7c024860b000,0x5ca79,0000000025beb7d4,168.0,38660402185041.0,984.806075
16150,SwComposite,0x7c024860c000,0xcb59f,0000000025beb7d4,169.0,38660402190015.0,984.811049
16150,SwComposite,0x7c024860d000,0x5051d,0000000025beb7d4,170.0,38660402194608.0,984.815642
16150,SwComposite,0x7c024860e000,0x6d10f,0000000025beb7d4,171.0,38660402199802.0,984.820836
16150,SwComposite,0x7c024860f000,0xd418f,0000000025beb7d4,172.0,38660402207153.0,984.828187
16150,SwComposite,0x7c0248611000,0x99033,0000000025beb7d4,174.0,38660402217702.0,984.838736
16150,SwComposite,0x7c0248612000,0x99342,0000000025beb7d4,175.0,38660402222165.0,984.843199
16150,SwComposite,0x7c0248613000,0x5c717,0000000025beb7d4,176.0,38660402226808.0,984.847842
16150,SwComposite,0x7c0248614000,0xa5839,0000000025beb7d4,177.0,38660402231872.0,984.852906
16150,SwComposite,0x7c0248615000,0xba004,0000000025beb7d4,178.0,38660402236465.0,984.857499
16150,SwComposite,0x7c0248616000,0x56fd3,0000000025beb7d4,179.0,38660402240987.0,984.862021
16150,SwComposite,0x7c0248617000,0x9b516,0000000025beb7d4,180.0,38660402245992.0,984.867026
16150,SwComposite,0x7c0248618000,0xc3e5a,0000000025beb7d4,181.0,38660402250685.0,984.871719
16150,SwComposite,0x7c0248619000,0xd7e7e,0000000025beb7d4,182.0,38660402255428.0,984.876462
16150,SwComposite,0x7c024861a000,0x43fe7,0000000025beb7d4,183.0,38660402259951.0,984.880985
16150,SwComposite,0x7c024861b000,0x5d74f,0000000025beb7d4,184.0,38660402264654.0,984.885688
16150,SwComposite,0x7c024861c000,0xb3b32,0000000025beb7d4,185.0,38660402269487.0,984.890521
16150,SwComposite,0x7c024861d000,0x718c0,0000000025beb7d4,186.0,38660402274351.0,984.895385
16150,SwComposite,0x7c024861e000,0x4a007,0000000025beb7d4,187.0,38660402281611.0,984.902645
16150,SwComposite,0x7c024861f000,0x5c3ea,0000000025beb7d4,188.0,38660402286565.0,984.907599
16150,SwComposite,0x7c0248621000,0x4e925,0000000025beb7d4,190.0,38660402295641.0,984.916675
16150,SwComposite,0x7c0248622000,0x6ee69,0000000025beb7d4,191.0,38660402302169.0,984.923203
16150,SwComposite,0x7c0248623000,0x8e134,0000000025beb7d4,192.0,38660402306912.0,984.927946
16150,SwComposite,0x7c0248624000,0x456e1,0000000025beb7d4,193.0,38660402311575.0,984.932609
16150,SwComposite,0x7c0248625000,0x585f1,0000000025beb7d4,194.0,38660402316188.0,984.937222
16150,SwComposite,0x7c0248626000,0xa8115,0000000025beb7d4,195.0,38660402320821.0,984.941855
16150,SwComposite,0x7c0248627000,0x6c109,0000000025beb7d4,196.0,38660402325524.0,984.946558
16150,SwComposite,0x7c0248628000,0x39b28,0000000025beb7d4,197.0,38660402330198.0,984.951232
16150,SwComposite,0x7c0248629000,0x4e1a9,0000000025beb7d4,198.0,38660402334971.0,984.956005
16150,SwComposite,0x7c024862a000,0xc2c64,0000000025beb7d4,199.0,38660402340296.0,984.96133
16150,SwComposite,0x7c024862b000,0x3ada4,0000000025beb7d4,200.0,38660402345280.0,984.966314
16150,SwComposite,0x7c024862c000,0x6a255,0000000025beb7d4,201.0,38660402350113.0,984.971147
16150,SwComposite,0x7c024862d000,0x3b365,0000000025beb7d4,202.0,38660402357855.0,984.978889
16150,SwComposite,0x7c024862e000,0xdbc01,0000000025beb7d4,203.0,38660402363020.0,984.984054
16150,SwComposite,0x7c024862f000,0x6279d,0000000025beb7d4,204.0,38660402367893.0,984.988927
16150,SwComposite,0x7c0248631000,0x491ad,0000000025beb7d4,206.0,38660402376497.0,984.997531
16150,SwComposite,0x7c0248632000,0x566c9,0000000025beb7d4,207.0,38660402381291.0,985.002325
16150,SwComposite,0x7c0248633000,0xcbd61,0000000025beb7d4,208.0,38660402385833.0,985.006867
16150,SwComposite,0x7c0248634000,0x41b0d,0000000025beb7d4,209.0,38660402390426.0,985.01146
16150,SwComposite,0x7c0248635000,0xd15dd,0000000025beb7d4,210.0,38660402394889.0,985.015923
16150,SwComposite,0x7c0248636000,0x39f3f,0000000025beb7d4,211.0,38660402399612.0,985.020646
16150,SwComposite,0x7c0248637000,0x69de9,0000000025beb7d4,212.0,38660402404355.0,985.025389
16150,SwComposite,0x7c0248638000,0xd4ab9,0000000025beb7d4,213.0,38660402409179.0,985.030213
16150,SwComposite,0x7c0248639000,0x398b5,0000000025beb7d4,214.0,38660402413902.0,985.034936
16150,SwComposite,0x7c024863a000,0x3d7a9,0000000025beb7d4,215.0,38660402418716.0,985.03975
16150,SwComposite,0x7c024863b000,0xc9f9d,0000000025beb7d4,216.0,38660402423489.0,985.044523
16150,SwComposite,0x7c024863c000,0x3c7f9,0000000025beb7d4,217.0,38660402430709.0,985.051743
16150,SwComposite,0x7c024863d000,0xcb0fd,0000000025beb7d4,218.0,38660402435643.0,985.056677
16150,SwComposite,0x7c024863e000,0x4b7ed,0000000025beb7d4,219.0,38660402440607.0,985.061641
16150,SwComposite,0x7c024863f000,0x46fdc,0000000025beb7d4,220.0,38660402445651.0,985.066685
16150,SwComposite,0x7c0248641000,0xd5adb,0000000025beb7d4,222.0,38660402454817.0,985.075851
16150,SwComposite,0x7c0248642000,0x57d60,0000000025beb7d4,223.0,38660402459299.0,985.080333
16150,SwComposite,0x7c0248643000,0xcfd84,0000000025beb7d4,224.0,38660402463772.0,985.084806
16150,SwComposite,0x7c0248644000,0xcfd7c,0000000025beb7d4,225.0,38660402468365.0,985.089399
16150,SwComposite,0x7c0248645000,0x5d551,0000000025beb7d4,226.0,38660402473158.0,985.094192
16150,SwComposite,0x7c0248646000,0x48c79,0000000025beb7d4,227.0,38660402477912.0,985.098946
16150,SwComposite,0x7c0248647000,0x42aa9,0000000025beb7d4,228.0,38660402482785.0,985.103819
16150,SwComposite,0x7c0248648000,0x5abb3,0000000025beb7d4,229.0,38660402487679.0,985.108713
16150,SwComposite,0x7c0248649000,0x39bbc,0000000025beb7d4,230.0,38660402492202.0,985.113236
16150,SwComposite,0x7c024864a000,0x6a78e,0000000025beb7d4,231.0,38660402497296.0,985.11833
16150,SwComposite,0x7c024864b000,0x6b9f3,0000000025beb7d4,232.0,38660402504857.0,985.125891
16150,SwComposite,0x7c024864c000,0x6b66c,0000000025beb7d4,233.0,38660402509731.0,985.130765
16150,SwComposite,0x7c024864d000,0x68c8a,0000000025beb7d4,234.0,38660402514574.0,985.135608
16150,SwComposite,0x7c024864e000,0x3919c,0000000025beb7d4,235.0,38660402519638.0,985.140672
16150,SwComposite,0x7c024864f000,0x39199,0000000025beb7d4,236.0,38660402524422.0,985.145456
16150,SwComposite,0x7c0248651000,0xd17e1,0000000025beb7d4,238.0,38660402533377.0,985.154411
16150,SwComposite,0x7c0248652000,0x4b581,0000000025beb7d4,239.0,38660402537860.0,985.158894
16150,SwComposite,0x7c0248653000,0x49cbc,0000000025beb7d4,240.0,38660402542703.0,985.163737
16150,SwComposite,0x7c0248654000,0x4b3fe,0000000025beb7d4,241.0,38660402572998.0,985.194032
16150,SwComposite,0x7c0248655000,0x4b1fa,0000000025beb7d4,242.0,38660402579637.0,985.200671
16150,SwComposite,0x7c0248656000,0x4b1f9,0000000025beb7d4,243.0,38660402584741.0,985.205775
16150,SwComposite,0x7c0248657000,0x67bec,0000000025beb7d4,244.0,38660402589835.0,985.210869
16150,SwComposite,0x7c0248658000,0x678f1,0000000025beb7d4,245.0,38660402594468.0,985.215502
16150,SwComposite,0x7c0248659000,0xac7b7,0000000025beb7d4,246.0,38660402599462.0,985.220496
16150,SwComposite,0x7c024865a000,0xac9e1,0000000025beb7d4,247.0,38660402607053.0,985.228087
16150,SwComposite,0x7c024865b000,0xac63e,0000000025beb7d4,248.0,38660402611827.0,985.232861
16150,SwComposite,0x7c024865c000,0xac66e,0000000025beb7d4,249.0,38660402616751.0,985.237785
16150,SwComposite,0x7c024865d000,0xac684,0000000025beb7d4,250.0,38660402621624.0,985.242658
16150,SwComposite,0x7c024865e000,0xac68b,0000000025beb7d4,251.0,38660402626398.0,985.247432
16150,SwComposite,0x7c024865f000,0xac6a2,0000000025beb7d4,252.0,38660402631081.0,985.252115
16150,SwComposite,0x7c0248661000,0xd6554,0000000025beb7d4,254.0,38660402639535.0,985.260569
16150,SwComposite,0x7c0248662000,0xd6556,0000000025beb7d4,255.0,38660402644789.0,985.265823
16150,SwComposite,0x7c0248663000,0xd655b,0000000025beb7d4,256.0,38660402649372.0,985.270406
16150,SwComposite,0x7c0248664000,0xd655d,0000000025beb7d4,257.0,38660402653734.0,985.274768
16097,Renderer,0x7c02487fe000,0x6138a,0000000025beb7d4,667.0,38660404506077.0,2155.444722
16097,Renderer,0x7c02487ff000,0x612d9,0000000025beb7d4,668.0,38660404518161.0,2155.456806
16097,Renderer,0x7c0248801000,0x61299,0000000025beb7d4,670.0,38660404529443.0,2155.468088
16097,Renderer,0x7c0248802000,0x545ba,0000000025beb7d4,671.0,38660404533966.0,2155.472611
16097,Renderer,0x7c0248803000,0x3bf38,0000000025beb7d4,672.0,38660404538669.0,2155.477314
16097,Renderer,0x7c0248804000,0x3c004,0000000025beb7d4,673.0,38660404543913.0,2155.482558
16097,Renderer,0x7c0248805000,0x3c047,0000000025beb7d4,674.0,38660404550853.0,2155.489498
16097,Renderer,0x7c0248806000,0x3c012,0000000025beb7d4,675.0,38660404555075.0,2155.49372
16097,Renderer,0x7c0248807000,0x3c05e,0000000025beb7d4,676.0,38660404559347.0,2155.497992
16097,Renderer,0x7c0248808000,0x3c44e,0000000025beb7d4,677.0,38660404563859.0,2155.502504
16097,Renderer,0x7c0248809000,0x3c3d2,0000000025beb7d4,678.0,38660404568151.0,2155.506796
16097,Renderer,0x7c024880a000,0x3c39e,0000000025beb7d4,679.0,38660404572514.0,2155.511159
16097,Renderer,0x7c024880b000,0x3c39b,0000000025beb7d4,680.0,38660404577076.0,2155.515721
16097,Renderer,0x7c024880c000,0x3c8af,0000000025beb7d4,681.0,38660404581659.0,2155.520304
16097,Renderer,0x7c024880d000,0x4001a,0000000025beb7d4,682.0,38660404586192.0,2155.524837
16097,Renderer,0x7c024880e000,0x62a6e,0000000025beb7d4,683.0,38660404590815.0,2155.52946
16097,Renderer,0x7c024880f000,0x62dc2,0000000025beb7d4,684.0,38660404595267.0,2155.533912
16097,Renderer,0x7c0248811000,0x88d03,0000000025beb7d4,686.0,38660404603390.0,2155.542035
16097,Renderer,0x7c0248812000,0x995fa,0000000025beb7d4,687.0,38660404607492.0,2155.546137
16097,Renderer,0x7c0248813000,0x8909c,0000000025beb7d4,688.0,38660404611764.0,2155.550409
16097,Renderer,0x7c0248814000,0x6b196,0000000025beb7d4,689.0,38660404618693.0,2155.557338
16097,Renderer,0x7c0248815000,0xb47de,0000000025beb7d4,690.0,38660404623196.0,2155.561841
16097,Renderer,0x7c0248816000,0x42975,0000000025beb7d4,691.0,38660404628129.0,2155.566774
16097,Renderer,0x7c0248817000,0x623ba,0000000025beb7d4,692.0,38660404632411.0,2155.571056
16097,Renderer,0x7c0248818000,0x1f137,0000000025beb7d4,693.0,38660404637014.0,2155.575659
16097,Renderer,0x7c0248819000,0xb23d0,0000000025beb7d4,694.0,38660404641447.0,2155.580092
16097,Renderer,0x7c024881a000,0xb47bd,0000000025beb7d4,695.0,38660404645839.0,2155.584484
16097,Renderer,0x7c024881b000,0x63e0a,0000000025beb7d4,696.0,38660404650141.0,2155.588786
16097,Renderer,0x7c024881c000,0x63e06,0000000025beb7d4,697.0,38660404654604.0,2155.593249
16097,Renderer,0x7c024881d000,0x63dcd,0000000025beb7d4,698.0,38660404658966.0,2155.597611
16097,Renderer,0x7c024881e000,0x415ad,0000000025beb7d4,699.0,38660404663298.0,2155.601943
16097,Renderer,0x7c024881f000,0x402af,0000000025beb7d4,700.0,38660404667911.0,2155.606556
16097,Renderer,0x7c0248821000,0x61c37,0000000025beb7d4,702.0,38660404675883.0,2155.614528
16097,Renderer,0x7c0248822000,0x44aa6,0000000025beb7d4,703.0,38660404680937.0,2155.619582
16097,Renderer,0x7c0248823000,0x48487,0000000025beb7d4,704.0,38660404687877.0,2155.626522
16097,Renderer,0x7c0248824000,0x484b6,0000000025beb7d4,705.0,38660404692009.0,2155.630654
16097,Renderer,0x7c0248825000,0x3d56e,0000000025beb7d4,706.0,38660404696652.0,2155.635297
16097,Renderer,0x7c0248826000,0x3d9f6,0000000025beb7d4,707.0,38660404701505.0,2155.64015
16097,Renderer,0x7c0248827000,0x6b128,0000000025beb7d4,708.0,38660404706248.0,2155.644893
16097,Renderer,0x7c0248828000,0x57800,0000000025beb7d4,709.0,38660404710952.0,2155.649597
16097,Renderer,0x7c0248829000,0xa6f40,0000000025beb7d4,710.0,38660404715695.0,2155.65434
16097,Renderer,0x7c024882a000,0xa71db,0000000025beb7d4,711.0,38660404720388.0,2155.659033
16097,Renderer,0x7c024882b000,0xa741a,0000000025beb7d4,712.0,38660404725151.0,2155.663796
16097,Renderer,0x7c024882c000,0xa741c,0000000025beb7d4,713.0,38660404729915.0,2155.66856
16097,Renderer,0x7c024882d000,0xa7554,0000000025beb7d4,714.0,38660404734327.0,2155.672972
16097,Renderer,0x7c024882e000,0xa755d,0000000025beb7d4,715.0,38660404738800.0,2155.677445
16097,Renderer,0x7c024882f000,0xa7568,0000000025beb7d4,716.0,38660404743242.0,2155.681887
16097,Renderer,0x7c0248831000,0x82cd5,0000000025beb7d4,718.0,38660404751606.0,2155.690251
16097,Renderer,0x7c0248832000,0x3d718,0000000025beb7d4,719.0,38660404758425.0,2155.69707
16097,Renderer,0x7c0248833000,0x5a371,0000000025beb7d4,720.0,38660404762717.0,2155.701362
16097,Renderer,0x7c0248834000,0x452fc,0000000025beb7d4,721.0,38660404767139.0,2155.705784
16097,Renderer,0x7c0248835000,0xd45d1,0000000025beb7d4,722.0,38660404771521.0,2155.710166
16097,Renderer,0x7c0248836000,0x56834,0000000025beb7d4,723.0,38660404775653.0,2155.714298
16097,Renderer,0x7c0248837000,0xd5520,0000000025beb7d4,724.0,38660404779925.0,2155.71857
16097,Renderer,0x7c0248838000,0x3eb80,0000000025beb7d4,725.0,38660404784297.0,2155.722942
16097,Renderer,0x7c0248839000,0x6f205,0000000025beb7d4,726.0,38660404788409.0,2155.727054
16097,Renderer,0x7c024883a000,0xb3cad,0000000025beb7d4,727.0,38660404792741.0,2155.731386
16097,Renderer,0x7c024883b000,0x3d319,0000000025beb7d4,728.0,38660404797143.0,2155.735788
16097,Renderer,0x7c024883c000,0x52aff,0000000025beb7d4,729.0,38660404801666.0,2155.740311
16097,Renderer,0x7c024883d000,0xa6f0d,0000000025beb7d4,730.0,38660404806329.0,2155.744974
16097,Renderer,0x7c024883e000,0x60522,0000000025beb7d4,731.0,38660404810691.0,2155.749336
16097,Renderer,0x7c024883f000,0x5ee22,0000000025beb7d4,732.0,38660404815334.0,2155.753979
16097,Renderer,0x7c0248841000,0x8cb62,0000000025beb7d4,734.0,38660404826245.0,2155.76489
16097,Renderer,0x7c0248842000,0x6eac0,0000000025beb7d4,735.0,38660404830306.0,2155.768951
16097,Renderer,0x7c0248843000,0x5d697,0000000025beb7d4,736.0,38660404834598.0,2155.773243
16097,Renderer,0x7c0248844000,0x5eeb5,0000000025beb7d4,737.0,38660404838830.0,2155.777475
16097,Renderer,0x7c0248845000,0x60569,0000000025beb7d4,738.0,38660404843272.0,2155.781917
16097,Renderer,0x7c0248846000,0x5faf5,0000000025beb7d4,739.0,38660404847424.0,2155.786069
16097,Renderer,0x7c0248847000,0x40071,0000000025beb7d4,740.0,38660404851927.0,2155.790572
16097,Renderer,0x7c0248848000,0x40079,0000000025beb7d4,741.0,38660404856329.0,2155.794974
16097,Renderer,0x7c0248849000,0x4d08e,0000000025beb7d4,742.0,38660405074200.0,2156.012845
16097,Renderer,0x7c024884a000,0xa6d39,0000000025beb7d4,743.0,38660405083546.0,2156.022191
16097,Renderer,0x7c024884b000,0xa6d34,0000000025beb7d4,744.0,38660405088269.0,2156.026914
16097,Renderer,0x7c024884c000,0x492bd,0000000025beb7d4,745.0,38660405092842.0,2156.031487
16097,Renderer,0x7c024884d000,0x3e5c3,0000000025beb7d4,746.0,38660405097435.0,2156.03608
16097,Renderer,0x7c024884e000,0x3d81b,0000000025beb7d4,747.0,38660405102038.0,2156.040683
16097,Renderer,0x7c024884f000,0x48b49,0000000025beb7d4,748.0,38660405106149.0,2156.044794
16097,Renderer,0x7c0248851000,0x48b50,0000000025beb7d4,750.0,38660405117641.0,2156.056286
16097,Renderer,0x7c0248852000,0x48a01,0000000025beb7d4,751.0,38660405121803.0,2156.060448
16097,Renderer,0x7c0248853000,0x56d4e,0000000025beb7d4,752.0,38660405126366.0,2156.065011
16097,Renderer,0x7c0248854000,0xcf749,0000000025beb7d4,753.0,38660405130578.0,2156.069223
16097,Renderer,0x7c0248855000,0x6a7e5,0000000025beb7d4,754.0,38660405134739.0,2156.073384
16097,Renderer,0x7c0248856000,0xad225,0000000025beb7d4,755.0,38660405139753.0,2156.078398
16097,Renderer,0x7c0248857000,0xb501c,0000000025beb7d4,756.0,38660405144226.0,2156.082871
16097,Renderer,0x7c0248858000,0x69525,0000000025beb7d4,757.0,38660405148588.0,2156.087233
16097,Renderer,0x7c0248859000,0x491a1,0000000025beb7d4,758.0,38660405152920.0,2156.091565
16097,Renderer,0x7c024885a000,0xb53d9,0000000025beb7d4,759.0,38660405157403.0,2156.096048
16097,Renderer,0x7c024885b000,0x9fbcd,0000000025beb7d4,760.0,38660405161815.0,2156.10046
16097,Renderer,0x7c024885c000,0x451c5,0000000025beb7d4,761.0,38660405165987.0,2156.104632
16097,Renderer,0x7c024885d000,0x3d132,0000000025beb7d4,762.0,38660405170399.0,2156.109044
16097,Renderer,0x7c024885e000,0x4dbea,0000000025beb7d4,763.0,38660405174812.0,2156.113457
16097,Renderer,0x7c024885f000,0x4dbba,0000000025beb7d4,764.0,38660405182132.0,2156.120777
16097,Renderer,0x7c0248861000,0x432e7,0000000025beb7d4,766.0,38660405189954.0,2156.128599
16097,Renderer,0x7c0248862000,0x4325b,0000000025beb7d4,767.0,38660405196091.0,2156.134736
16097,Renderer,0x7c0248863000,0x439ef,0000000025beb7d4,768.0,38660405200584.0,2156.139229
16097,Renderer,0x7c0248864000,0x947af,0000000025beb7d4,769.0,38660405205087.0,2156.143732
16097,Renderer,0x7c0248865000,0x4af31,0000000025beb7d4,770.0,38660405209348.0,2156.147993
16097,Renderer,0x7c0248866000,0x6fa1e,0000000025beb7d4,771.0,38660405213580.0,2156.152225
16097,Renderer,0x7c0248867000,0x608de,0000000025beb7d4,772.0,38660405217822.0,2156.156467
16097,Renderer,0x7c0248868000,0x947ab,0000000025beb7d4,773.0,38660405222385.0,2156.16103
16097,Renderer,0x7c0248869000,0x9ec15,0000000025beb7d4,774.0,38660405424361.0,2156.363006
16097,Renderer,0x7c024886a000,0xb8d50,0000000025beb7d4,775.0,38660405431080.0,2156.369725
16097,Renderer,0x7c024886b000,0xa1a90,0000000025beb7d4,776.0,38660405435723.0,2156.374368
16097,Renderer,0x7c024886c000,0x43a81,0000000025beb7d4,777.0,38660405440356.0,2156.379001
16097,Renderer,0x7c024886d000,0x49582,0000000025beb7d4,778.0,38660405444949.0,2156.383594
16097,Renderer,0x7c024886e000,0x495c5,0000000025beb7d4,779.0,38660405452650.0,2156.391295
16097,Renderer,0x7c024886f000,0xdbc8e,0000000025beb7d4,780.0,38660405457203.0,2156.395848
16097,Renderer,0x7c0248871000,0xccebd,0000000025beb7d4,782.0,38660405465697.0,2156.404342
16097,Renderer,0x7c0248872000,0xb56d5,0000000025beb7d4,783.0,38660405469698.0,2156.408343
16097,Renderer,0x7c0248873000,0xb5169,0000000025beb7d4,784.0,38660405473930.0,2156.412575
16097,Renderer,0x7c0248874000,0xb530d,0000000025beb7d4,785.0,38660405478142.0,2156.416787
16097,Renderer,0x7c0248875000,0xa9406,0000000025beb7d4,786.0,38660405482524.0,2156.421169
16097,Renderer,0x7c0248876000,0xabf36,0000000025beb7d4,787.0,38660405486856.0,2156.425501
16097,Renderer,0x7c0248877000,0x63412,0000000025beb7d4,788.0,38660405491158.0,2156.429803
16097,Renderer,0x7c0248878000,0x451f4,0000000025beb7d4,789.0,38660405495480.0,2156.434125
16097,Renderer,0x7c0248879000,0xd4e06,0000000025beb7d4,790.0,38660405499863.0,2156.438508
16097,Renderer,0x7c024887a000,0xd8b48,0000000025beb7d4,791.0,38660405504145.0,2156.44279
16097,Renderer,0x7c024887b000,0xcfe4a,0000000025beb7d4,792.0,38660405508617.0,2156.447262
16097,Renderer,0x7c024887c000,0xcfe61,0000000025beb7d4,793.0,38660405512949.0,2156.451594
16097,Renderer,0x7c024887d000,0xcfe65,0000000025beb7d4,794.0,38660405567823.0,2156.506468
16097,Renderer,0x7c024887e000,0xd1629,0000000025beb7d4,795.0,38660405577741.0,2156.516386
16097,Renderer,0x7c024887f000,0xd2119,0000000025beb7d4,796.0,38660405654426.0,2156.593071
16097,Renderer,0x7c0248881000,0x660c5,0000000025beb7d4,798.0,38660405662960.0,2156.601605
16097,Renderer,0x7c0248882000,0x65fff,0000000025beb7d4,799.0,38660405667342.0,2156.605987
16097,Renderer,0x7c0248883000,0x66961,0000000025beb7d4,800.0,38660405671323.0,2156.609968
16097,Renderer,0x7c0248884000,0x662db,0000000025beb7d4,801.0,38660405675505.0,2156.61415
16097,Renderer,0x7c0248885000,0x66db6,0000000025beb7d4,802.0,38660405679777.0,2156.618422
16097,Renderer,0x7c0248886000,0x66ae5,0000000025beb7d4,803.0,38660405684029.0,2156.622674
16097,Renderer,0x7c0248887000,0x66b21,0000000025beb7d4,804.0,38660405688090.0,2156.626735
16097,Renderer,0x7c0248888000,0x66b22,0000000025beb7d4,805.0,38660405692372.0,2156.631017
16097,Renderer,0x7c0248889000,0x66b3a,0000000025beb7d4,806.0,38660405696674.0,2156.635319
16097,Renderer,0x7c024888a000,0xcd400,0000000025beb7d4,807.0,38660405701067.0,2156.639712
16097,Renderer,0x7c024888b000,0xcd761,0000000025beb7d4,808.0,38660405705700.0,2156.644345
16097,Renderer,0x7c024888c000,0xb0ba3,0000000025beb7d4,809.0,38660405712529.0,2156.651174
16097,Renderer,0x7c024888d000,0xb0ba1,0000000025beb7d4,810.0,38660405717202.0,2156.655847
16097,Renderer,0x7c024888e000,0xac768,0000000025beb7d4,811.0,38660405721654.0,2156.660299
16097,Renderer,0x7c024888f000,0xac4d8,0000000025beb7d4,812.0,38660405726117.0,2156.664762
16097,Renderer,0x7c0248891000,0xac434,0000000025beb7d4,814.0,38660405734019.0,2156.672664
16097,Renderer,0x7c0248892000,0x94edc,0000000025beb7d4,815.0,38660405738151.0,2156.676796
16097,Renderer,0x7c0248893000,0x9448d,0000000025beb7d4,816.0,38660405742463.0,2156.681108
16097,Renderer,0x7c0248894000,0x94488,0000000025beb7d4,817.0,38660405746664.0,2156.685309
16097,Renderer,0x7c0248895000,0x947d9,0000000025beb7d4,818.0,38660405751849.0,2156.690494
16097,Renderer,0x7c0248896000,0x94799,0000000025beb7d4,819.0,38660405756442.0,2156.695087
16097,Renderer,0x7c0248897000,0x94790,0000000025beb7d4,820.0,38660405760804.0,2156.699449
16097,Renderer,0x7c0248898000,0x3e9ca,0000000025beb7d4,821.0,38660405765226.0,2156.703871
16097,Renderer,0x7c0248899000,0x3e9c4,0000000025beb7d4,822.0,38660405769729.0,2156.708374
16097,Renderer,0x7c024889a000,0x3e660,0000000025beb7d4,823.0,38660405774322.0,2156.712967
16097,Renderer,0x7c024889b000,0x3e652,0000000025beb7d4,824.0,38660405781131.0,2156.719776
16097,Renderer,0x7c024889c000,0x3e650,0000000025beb7d4,825.0,38660405785594.0,2156.724239
16097,Renderer,0x7c024889d000,0x3ed91,0000000025beb7d4,826.0,38660405790176.0,2156.728821
16097,Renderer,0x7c024889e000,0xa3aea,0000000025beb7d4,827.0,38660405794819.0,2156.733464
16097,Renderer,0x7c024889f000,0xb23aa,0000000025beb7d4,828.0,38660405799372.0,2156.738017
16097,Renderer,0x7c02488a1000,0x341ad,0000000025beb7d4,830.0,38660405807144.0,2156.745789
16097,Renderer,0x7c02488a2000,0x34168,0000000025beb7d4,831.0,38660405812208.0,2156.750853
16097,Renderer,0x7c02488a3000,0xdbf4c,0000000025beb7d4,832.0,38660405816580.0,2156.755225
16097,Renderer,0x7c02488a4000,0xb0516,0000000025beb7d4,833.0,38660405820802.0,2156.759447
16097,Renderer,0x7c02488a5000,0x341a5,0000000025beb7d4,834.0,38660405824984.0,2156.763629
16097,Renderer,0x7c02488a6000,0x3418a,0000000025beb7d4,835.0,38660405829567.0,2156.768212
16097,Renderer,0x7c02488a7000,0xc239f,0000000025beb7d4,836.0,38660405833789.0,2156.772434
16097,Renderer,0x7c02488a8000,0xd1aae,0000000025beb7d4,837.0,38660405838321.0,2156.776966
16097,Renderer,0x7c02488a9000,0x8b083,0000000025beb7d4,838.0,38660405842914.0,2156.781559
16097,Renderer,0x7c02488aa000,0x9ad25,0000000025beb7d4,839.0,38660405850074.0,2156.788719
16097,Renderer,0x7c02488ab000,0xc8cef,0000000025beb7d4,840.0,38660405854707.0,2156.793352
16097,Renderer,0x7c02488ac000,0xc6c23,0000000025beb7d4,841.0,38660405859140.0,2156.797785
16097,Renderer,0x7c02488ad000,0x6e58e,0000000025beb7d4,842.0,38660405863502.0,2156.802147
16097,Renderer,0x7c02488ae000,0xcd151,0000000025beb7d4,843.0,38660405868325.0,2156.80697
16097,Renderer,0x7c02488af000,0x90acf,0000000025beb7d4,844.0,38660405872738.0,2156.811383
16097,Renderer,0x7c02488b1000,0xc83da,0000000025beb7d4,846.0,38660405880690.0,2156.819335
16097,Renderer,0x7c02488b2000,0xa1363,0000000025beb7d4,847.0,38660405884842.0,2156.823487
16097,Renderer,0x7c02488b3000,0x9b480,0000000025beb7d4,848.0,38660405889114.0,2156.827759
16097,Renderer,0x7c02488b4000,0xbf6fe,0000000025beb7d4,849.0,38660405893456.0,2156.832101
16097,Renderer,0x7c02488b5000,0xb862d,0000000025beb7d4,850.0,38660405897808.0,2156.836453
16097,Renderer,0x7c02488b6000,0xba504,0000000025beb7d4,851.0,38660405901799.0,2156.840444
16097,Renderer,0x7c02488b7000,0xb862e,0000000025beb7d4,852.0,38660405905991.0,2156.844636
16097,Renderer,0x7c02488b8000,0x3b1a1,0000000025beb7d4,853.0,38660405910283.0,2156.848928
16097,Renderer,0x7c02488b9000,0xd2c2e,0000000025beb7d4,854.0,38660405917102.0,2156.855747
16097,Renderer,0x7c02488ba000,0xd2c31,0000000025beb7d4,855.0,38660405921585.0,2156.86023
16097,Renderer,0x7c02488bb000,0xd2c2c,0000000025beb7d4,856.0,38660405925676.0,2156.864321
16097,Renderer,0x7c02488bc000,0xd2c32,0000000025beb7d4,857.0,38660405930339.0,2156.868984
16097,Renderer,0x7c02488bd000,0xd2c36,0000000025beb7d4,858.0,38660405934982.0,2156.873627
16097,Renderer,0x7c02488be000,0xd2c3a,0000000025beb7d4,859.0,38660405939555.0,2156.8782
16097,Renderer,0x7c02488bf000,0xb67ef,0000000025beb7d4,860.0,38660405943907.0,2156.882552
16097,Renderer,0x7c02488c1000,0x6185f,0000000025beb7d4,862.0,38660405951749.0,2156.890394
16097,Renderer,0x7c02488c2000,0x6188a,0000000025beb7d4,863.0,38660405955941.0,2156.894586
16097,Renderer,0x7c02488c3000,0x618b1,0000000025beb7d4,864.0,38660405960113.0,2156.898758
16097,Renderer,0x7c02488c4000,0x69e5f,0000000025beb7d4,865.0,38660405964345.0,2156.90299
16097,Renderer,0x7c02488c5000,0x6c9ca,0000000025beb7d4,866.0,38660405968707.0,2156.907352
16097,Renderer,0x7c02488c6000,0xd6c04,0000000025beb7d4,867.0,38660405972959.0,2156.911604
16097,Renderer,0x7c02488c7000,0xd7a81,0000000025beb7d4,868.0,38660405977000.0,2156.915645
16097,Renderer,0x7c02488c8000,0xd7a82,0000000025beb7d4,869.0,38660405983528.0,2156.922173
16097,Renderer,0x7c02488c9000,0xd7a87,0000000025beb7d4,870.0,38660405987840.0,2156.926485
16097,Renderer,0x7c02488ca000,0xd7d8c,0000000025beb7d4,871.0,38660405992052.0,2156.930697
16097,Renderer,0x7c02488cb000,0xd7d90,0000000025beb7d4,872.0,38660405996515.0,2156.93516
16097,Renderer,0x7c02488cc000,0xd7d92,0000000025beb7d4,873.0,38660406001368.0,2156.940013
16097,Renderer,0x7c02488cd000,0xd7dca,0000000025beb7d4,874.0,38660406005711.0,2156.944356
16097,Renderer,0x7c02488ce000,0xd7dd0,0000000025beb7d4,875.0,38660406010053.0,2156.948698
16097,Renderer,0x7c02488cf000,0xd7dd3,0000000025beb7d4,876.0,38660406014485.0,2156.95313
16097,Renderer,0x7c02488d1000,0x5804b,0000000025beb7d4,878.0,38660406023079.0,2156.961724
16097,Renderer,0x7c02488d2000,0x57036,0000000025beb7d4,879.0,38660406027191.0,2156.965836
16097,Renderer,0x7c02488d3000,0x418bc,0000000025beb7d4,880.0,38660406031312.0,2156.969957
16138,Privileged Cont,0x7ace34d38000,0x83377,0000000006385750,1.0,38661665611299.0,307.726626
16612,Web Content,0x7ace4232b000,0x8d7ac,00000000d9039836,28004.0,38664974376297.0,42105704.0
16719,head,0x79ec38c77000,0x11172b,00000000f111c934,14.0,38665140174761.0,1013.48787
16605,Isolated Web Co,0x7ace3495e000,0xd008c,000000001b6fcfce,0.0,38668601024389.0,3668.753796
16605,Isolated Web Co,0x7ace3495f000,0xd008d,000000001b6fcfce,1.0,38668601045432.0,3668.774839
16605,Isolated Web Co,0x7ace34961000,0xd008f,000000001b6fcfce,3.0,38668601059117.0,3668.788524
16605,Isolated Web Co,0x7ace34962000,0xa07d8,000000001b6fcfce,4.0,38668601066465.0,3668.795872
16605,Isolated Web Co,0x7ace34963000,0xa07d9,000000001b6fcfce,5.0,38668601073904.0,3668.803311
16605,Isolated Web Co,0x7ace34964000,0xa07da,000000001b6fcfce,6.0,38668601082697.0,3668.812104
16605,Isolated Web Co,0x7ace34965000,0xa07db,000000001b6fcfce,7.0,38668601091609.0,3668.821016
16605,Isolated Web Co,0x7ace34966000,0xa0490,000000001b6fcfce,8.0,38668601100953.0,3668.83036
16605,Isolated Web Co,0x7ace34967000,0xa0491,000000001b6fcfce,9.0,38668601109424.0,3668.838831
16605,Isolated Web Co,0x7ace34968000,0xa0492,000000001b6fcfce,10.0,38668601114798.0,3668.844205
16605,Isolated Web Co,0x7ace34969000,0xa0493,000000001b6fcfce,11.0,38668601119781.0,3668.849188
16605,Isolated Web Co,0x7ace3496a000,0xa10a0,000000001b6fcfce,12.0,38668601124362.0,3668.853769
16605,Isolated Web Co,0x7ace3496b000,0xa10a1,000000001b6fcfce,13.0,38668601129184.0,3668.858591
16605,Isolated Web Co,0x7ace3496c000,0xa10a2,000000001b6fcfce,14.0,38668601136443.0,3668.86585
16605,Isolated Web Co,0x7ace3496d000,0xa10a3,000000001b6fcfce,15.0,38668601144293.0,3668.8737
16605,Isolated Web Co,0x7ace3496e000,0xa10b0,000000001b6fcfce,16.0,38668601149295.0,3668.878702
16605,Isolated Web Co,0x7ace3496f000,0xa10b1,000000001b6fcfce,17.0,38668601154589.0,3668.883996
16605,Isolated Web Co,0x7ace34971000,0xa10b3,000000001b6fcfce,19.0,38668601163742.0,3668.893149
16605,Isolated Web Co,0x7ace34972000,0xa0828,000000001b6fcfce,20.0,38668601168324.0,3668.897731
16605,Isolated Web Co,0x7ace34973000,0xa0829,000000001b6fcfce,21.0,38668601173226.0,3668.902633
16605,Isolated Web Co,0x7ace34975000,0xa082b,000000001b6fcfce,23.0,38668601184705.0,3668.914112
16605,Isolated Web Co,0x7ace34976000,0xa087c,000000001b6fcfce,24.0,38668601227213.0,3668.95662
16605,Isolated Web Co,0x7ace34977000,0xa087d,000000001b6fcfce,25.0,38668601389424.0,3669.118831
16605,Isolated Web Co,0x7ace34978000,0xa087e,000000001b6fcfce,26.0,38668601394687.0,3669.124094
16605,Isolated Web Co,0x7ace34979000,0xa087f,000000001b6fcfce,27.0,38668601399279.0,3669.128686
16605,Isolated Web Co,0x7ace3497a000,0xa08fc,000000001b6fcfce,28.0,38668601403740.0,3669.133147
16605,Isolated Web Co,0x7ace3497b000,0xa08fd,000000001b6fcfce,29.0,38668601408833.0,3669.13824
16605,Isolated Web Co,0x7ace3497c000,0xa08fe,000000001b6fcfce,30.0,38668601416923.0,3669.14633
16605,Isolated Web Co,0x7ace3497d000,0xa08ff,000000001b6fcfce,31.0,38668601423310.0,3669.152717
16605,Isolated Web Co,0x7ace34b04000,0xa094a,0000000032586add,1.0,38668602078620.0,3669.808027
16605,Isolated Web Co,0x7ace34b05000,0xa094b,0000000032586add,2.0,38668602086911.0,3669.816318
16605,Isolated Web Co,0x7ace34b06000,0xa06d4,0000000032586add,3.0,38668602093197.0,3669.822604
16605,Isolated Web Co,0x7ace34b07000,0xa06d5,0000000032586add,4.0,38668602099553.0,3669.82896
16605,Isolated Web Co,0x7ace34b08000,0xa06d6,0000000032586add,5.0,38668602106902.0,3669.836309
16605,Isolated Web Co,0x7ace34b09000,0xa06d7,0000000032586add,6.0,38668602114882.0,3669.844289
16605,Isolated Web Co,0x7ace34b0a000,0xa06e0,0000000032586add,7.0,38668602123594.0,3669.853001
16605,Isolated Web Co,0x7ace34b0b000,0xa06e1,0000000032586add,8.0,38668602659311.0,3670.388718
16605,Isolated Web Co,0x7ace34b0c000,0xa06e2,0000000032586add,9.0,38668602665727.0,3670.395134
16605,Isolated Web Co,0x7ace34b0d000,0xa06e3,0000000032586add,10.0,38668602673778.0,3670.403185
17040,SwComposite,0x74c06ef66000,0xbc06f,000000007997991a,15.0,38696576986623.0,1478.690826
17040,SwComposite,0x74c06ef6a000,0xbc06f,000000007997991a,15.0,38696577028246.0,1478.732449
17040,SwComposite,0x74c06ef73000,0xbc337,000000007997991a,29.0,38696577050740.0,1478.754943
17040,SwComposite,0x74c06ef77000,0xbc337,000000007997991a,29.0,38696577066161.0,1478.770364
17040,SwComposite,0x74c06ef7b000,0xbc337,000000007997991a,29.0,38696577077864.0,1478.782067
17040,SwComposite,0x74c06ef80000,0x80381,000000007997991a,45.0,38696577090760.0,1478.794963
17040,SwComposite,0x74c06ef84000,0x80381,000000007997991a,45.0,38696577102974.0,1478.807177
17040,SwComposite,0x74c06ef88000,0x80381,000000007997991a,45.0,38696577114557.0,1478.81876
17040,SwComposite,0x74c06ef8d000,0x80381,000000007997991a,45.0,38696577127462.0,1478.831665
17040,SwComposite,0x74c06ef91000,0x363c8,000000007997991a,57.0,38696577139957.0,1478.84416
17040,SwComposite,0x74c06ef95000,0x363c8,000000007997991a,57.0,38696577156851.0,1478.861054
17040,SwComposite,0x74c06ef9a000,0x363c8,000000007997991a,57.0,38696577168574.0,1478.872777
17040,SwComposite,0x74c06ef9c000,0x363c8,000000007997991a,57.0,38696577174806.0,1478.879009
17040,SwComposite,0x74c06ef9d000,0x3e786,000000007997991a,58.0,38696577180357.0,1478.88456
17040,SwComposite,0x74c06ef9e000,0x3e77f,000000007997991a,59.0,38696577185558.0,1478.889761
17040,SwComposite,0x74c06ef9f000,0x3e780,000000007997991a,60.0,38696577191019.0,1478.895222
17040,SwComposite,0x74c06efa1000,0x43e0f,000000007997991a,62.0,38696577201930.0,1478.906133
17040,SwComposite,0x74c06efa2000,0x450d3,000000007997991a,63.0,38696577207491.0,1478.911694
17040,SwComposite,0x74c06efa3000,0x40191,000000007997991a,64.0,38696577213052.0,1478.917255
17040,SwComposite,0x74c06efa4000,0x3bd52,000000007997991a,65.0,38696577218473.0,1478.922676
17040,SwComposite,0x74c06efa5000,0x41687,000000007997991a,66.0,38696577223824.0,1478.928027
17040,SwComposite,0x74c06efa6000,0x51b66,000000007997991a,67.0,38696577229345.0,1478.933548
17040,SwComposite,0x74c06efa7000,0x90578,000000007997991a,68.0,38696577235317.0,1478.93952
17040,SwComposite,0x74c06efa8000,0x4b7df,000000007997991a,69.0,38696577241098.0,1478.945301
17040,SwComposite,0x74c06efa9000,0x8d006,000000007997991a,70.0,38696577249344.0,1478.953547
17040,SwComposite,0x74c06efaa000,0x4933c,000000007997991a,71.0,38696577254745.0,1478.958948
17040,SwComposite,0x74c06efab000,0x8dcce,000000007997991a,72.0,38696577260046.0,1478.964249
17040,SwComposite,0x74c06efac000,0x9013e,000000007997991a,73.0,38696577265557.0,1478.96976
17040,SwComposite,0x74c06efad000,0x8fb04,000000007997991a,74.0,38696577271108.0,1478.975311
17040,SwComposite,0x74c06efae000,0x3c717,000000007997991a,75.0,38696577276819.0,1478.981022
17040,SwComposite,0x74c06efaf000,0x6f8ad,000000007997991a,76.0,38696577282570.0,1478.986773
17040,SwComposite,0x74c06efb1000,0x39b3b,000000007997991a,78.0,38696577292961.0,1478.997164
17040,SwComposite,0x74c06efb2000,0x54c84,000000007997991a,79.0,38696577297941.0,1479.002144
17040,SwComposite,0x74c06efb3000,0x3e08c,000000007997991a,80.0,38696577303051.0,1479.007254
17040,SwComposite,0x74c06efb4000,0x34b24,000000007997991a,81.0,38696577308121.0,1479.012324
17040,SwComposite,0x74c06efb5000,0x4026c,000000007997991a,82.0,38696577313953.0,1479.018156
17040,SwComposite,0x74c06efb6000,0x406be,000000007997991a,83.0,38696577319163.0,1479.023366
17040,SwComposite,0x74c06efb7000,0x5612b,000000007997991a,84.0,38696577324273.0,1479.028476
17040,SwComposite,0x74c06efb8000,0x8c4fd,000000007997991a,85.0,38696577332549.0,1479.036752
17040,SwComposite,0x74c06efb9000,0x6f1c1,000000007997991a,86.0,38696577338030.0,1479.042233
17040,SwComposite,0x74c06efba000,0x56808,000000007997991a,87.0,38696577343161.0,1479.047364
17040,SwComposite,0x74c06efbb000,0x56129,000000007997991a,88.0,38696577348431.0,1479.052634
17040,SwComposite,0x74c06efbc000,0x8c4e6,000000007997991a,89.0,38696577353661.0,1479.057864
17040,SwComposite,0x74c06efbd000,0x8c4ed,000000007997991a,90.0,38696577359052.0,1479.063255
17040,SwComposite,0x74c06efbe000,0x9f0d3,000000007997991a,91.0,38696577364533.0,1479.068736
17040,SwComposite,0x74c06efbf000,0x4d6f5,000000007997991a,92.0,38696577370024.0,1479.074227
17040,SwComposite,0x74c06efc0000,0x36188,000000007997991a,109.0,38696577375314.0,1479.079517
17040,SwComposite,0x74c06efc1000,0x36188,000000007997991a,109.0,38696577380535.0,1479.084738
17040,SwComposite,0x74c06efc2000,0x36188,000000007997991a,109.0,38696577386557.0,1479.09076
17040,SwComposite,0x74c06efc3000,0x36188,000000007997991a,109.0,38696577392138.0,1479.096341
17040,SwComposite,0x74c06efc4000,0x36188,000000007997991a,109.0,38696577397258.0,1479.101461
17040,SwComposite,0x74c06efc5000,0x36188,000000007997991a,109.0,38696577402458.0,1479.106661
17040,SwComposite,0x74c06efc6000,0x36188,000000007997991a,109.0,38696577408089.0,1479.112292
17040,SwComposite,0x74c06efc7000,0x36188,000000007997991a,109.0,38696577416376.0,1479.120579
17040,SwComposite,0x74c06efc8000,0x36188,000000007997991a,109.0,38696577421586.0,1479.125789
17040,SwComposite,0x74c06efc9000,0x36188,000000007997991a,109.0,38696577426827.0,1479.13103
17040,SwComposite,0x74c06efca000,0x36188,000000007997991a,109.0,38696577432057.0,1479.13626
17040,SwComposite,0x74c06efcb000,0x36188,000000007997991a,109.0,38696577437568.0,1479.141771
17040,SwComposite,0x74c06efcc000,0x36188,000000007997991a,109.0,38696577443119.0,1479.147322
17040,SwComposite,0x74c06efcd000,0x36188,000000007997991a,109.0,38696577448710.0,1479.152913
17040,SwComposite,0x74c06efce000,0x36188,000000007997991a,109.0,38696577454532.0,1479.158735
17040,SwComposite,0x74c06efd1000,0x3619d,000000007997991a,110.0,38696577461946.0,1479.166149
17040,SwComposite,0x74c06efd2000,0x56548,000000007997991a,111.0,38696577467157.0,1479.17136
17040,SwComposite,0x74c06efd3000,0xa7ffa,000000007997991a,112.0,38696577472447.0,1479.17665
17040,SwComposite,0x74c06efd4000,0x9c13a,000000007997991a,113.0,38696577477968.0,1479.182171
17040,SwComposite,0x74c06efd5000,0x6dd5e,000000007997991a,114.0,38696577483028.0,1479.187231
17040,SwComposite,0x74c06efd6000,0x4438d,000000007997991a,115.0,38696577488419.0,1479.192622
17040,SwComposite,0x74c06efd7000,0x3f4f8,000000007997991a,116.0,38696577493850.0,1479.198053
17040,SwComposite,0x74c06efd8000,0x4d200,000000007997991a,117.0,38696577502106.0,1479.206309
17040,SwComposite,0x74c06efd9000,0x39d41,000000007997991a,118.0,38696577507427.0,1479.21163
17040,SwComposite,0x74c06efda000,0x4cf89,000000007997991a,119.0,38696577512737.0,1479.21694
17040,SwComposite,0x74c06efdb000,0x88fd1,000000007997991a,120.0,38696577518188.0,1479.222391
17040,SwComposite,0x74c06efdc000,0x83349,000000007997991a,121.0,38696577523909.0,1479.228112
17040,SwComposite,0x74c06efdd000,0x42203,000000007997991a,122.0,38696577529671.0,1479.233874
17040,SwComposite,0x74c06efde000,0x88e04,000000007997991a,123.0,38696577535142.0,1479.239345
17040,SwComposite,0x74c06efdf000,0x48e3b,000000007997991a,124.0,38696577540753.0,1479.244956
17040,SwComposite,0x74c06efe1000,0x88ddf,000000007997991a,126.0,38696577550412.0,1479.254615
17040,SwComposite,0x74c06efe2000,0x88e41,000000007997991a,127.0,38696577557566.0,1479.261769
17040,SwComposite,0x74c06efe3000,0x6e55b,000000007997991a,128.0,38696577562987.0,1479.26719
17040,SwComposite,0x74c06efe4000,0x486da,000000007997991a,129.0,38696577568408.0,1479.272611
17040,SwComposite,0x74c06efe5000,0x3db5c,000000007997991a,130.0,38696577573788.0,1479.277991
17040,SwComposite,0x74c06efe6000,0x724e4,000000007997991a,131.0,38696577579259.0,1479.283462
17040,SwComposite,0x74c06efe7000,0x961f5,000000007997991a,132.0,38696577587646.0,1479.291849
17040,SwComposite,0x74c06efe8000,0x48442,000000007997991a,133.0,38696577593227.0,1479.29743
17040,SwComposite,0x74c06efe9000,0x70efe,000000007997991a,134.0,38696577598938.0,1479.303141
17040,SwComposite,0x74c06efea000,0x926a4,000000007997991a,135.0,38696577604459.0,1479.308662
17040,SwComposite,0x74c06efeb000,0x66900,000000007997991a,136.0,38696577609910.0,1479.314113
17040,SwComposite,0x74c06efec000,0x42459,000000007997991a,137.0,38696577615351.0,1479.319554
17040,SwComposite,0x74c06efed000,0x378c6,000000007997991a,138.0,38696577621022.0,1479.325225
17040,SwComposite,0x74c06efee000,0x48329,000000007997991a,139.0,38696577626353.0,1479.330556
17040,SwComposite,0x74c06efef000,0x5f0a8,000000007997991a,140.0,38696577631663.0,1479.335866
17040,SwComposite,0x74c06eff1000,0x4af1a,000000007997991a,142.0,38696577642094.0,1479.346297
17040,SwComposite,0x74c06eff2000,0x61788,000000007997991a,143.0,38696577647264.0,1479.351467
17040,SwComposite,0x74c06eff3000,0x72237,000000007997991a,144.0,38696577652374.0,1479.356577
17040,SwComposite,0x74c06eff4000,0x706bb,000000007997991a,145.0,38696577658256.0,1479.362459
17040,SwComposite,0x74c06eff5000,0x9a1fe,000000007997991a,146.0,38696577663677.0,1479.36788
17040,SwComposite,0x74c06eff6000,0x4a545,000000007997991a,147.0,38696577672705.0,1479.376908
17040,SwComposite,0x74c06eff7000,0xd5264,000000007997991a,148.0,38696577678035.0,1479.382238
17040,SwComposite,0x74c06eff8000,0xc57de,000000007997991a,149.0,38696577683376.0,1479.387579
17040,SwComposite,0x74c06eff9000,0x49f05,000000007997991a,150.0,38696577688987.0,1479.39319
17040,SwComposite,0x74c06effa000,0x66298,000000007997991a,151.0,38696577694538.0,1479.398741
17040,SwComposite,0x74c06effb000,0x470b5,000000007997991a,152.0,38696577699858.0,1479.404061
17040,SwComposite,0x74c06effc000,0x42402,000000007997991a,153.0,38696577705249.0,1479.409452
17040,SwComposite,0x74c06effd000,0x82a86,000000007997991a,154.0,38696577710750.0,1479.414953
17040,SwComposite,0x74c06effe000,0x9ab1f,000000007997991a,155.0,38696577716201.0,1479.420404
17040,SwComposite,0x74c06efff000,0x6e1bb,000000007997991a,156.0,38696577721782.0,1479.425985
17040,SwComposite,0x74c06f001000,0x367e5,000000007997991a,158.0,38696577735188.0,1479.439391
17040,SwComposite,0x74c06f002000,0x51010,000000007997991a,159.0,38696577740539.0,1479.444742
17040,SwComposite,0x74c06f003000,0x4b58c,000000007997991a,160.0,38696577746291.0,1479.450494
17040,SwComposite,0x74c06f004000,0x630ad,000000007997991a,161.0,38696577751611.0,1479.455814
17040,SwComposite,0x74c06f005000,0x4ec05,000000007997991a,162.0,38696577759978.0,1479.464181
17040,SwComposite,0x74c06f006000,0x72efd,000000007997991a,163.0,38696577765258.0,1479.469461
17040,SwComposite,0x74c06f007000,0x459de,000000007997991a,164.0,38696577770839.0,1479.475042
17040,SwComposite,0x74c06f008000,0xa4731,000000007997991a,165.0,38696577776240.0,1479.480443
17040,SwComposite,0x74c06f009000,0x5fa57,000000007997991a,166.0,38696577783384.0,1479.487587
17040,SwComposite,0x74c06f00a000,0xb3211,000000007997991a,167.0,38696577788935.0,1479.493138
17040,SwComposite,0x74c06f00b000,0x665a6,000000007997991a,168.0,38696577794987.0,1479.49919
17040,SwComposite,0x74c06f00c000,0x978ac,000000007997991a,169.0,38696577800779.0,1479.504982
17040,SwComposite,0x74c06f00d000,0x95a57,000000007997991a,170.0,38696577806420.0,1479.510623
17040,SwComposite,0x74c06f00e000,0x36da2,000000007997991a,171.0,38696577811911.0,1479.516114
17040,SwComposite,0x74c06f00f000,0xa9199,000000007997991a,172.0,38696577817552.0,1479.521755
17040,SwComposite,0x74c06f011000,0x595f4,000000007997991a,174.0,38696577829125.0,1479.533328
17040,SwComposite,0x74c06f012000,0x59245,000000007997991a,175.0,38696577834956.0,1479.539159
17040,SwComposite,0x74c06f013000,0x94642,000000007997991a,176.0,38696577840417.0,1479.54462
17040,SwComposite,0x74c06f014000,0xaca28,000000007997991a,177.0,38696577848774.0,1479.552977
17040,SwComposite,0x74c06f015000,0x8bbaf,000000007997991a,178.0,38696577855607.0,1479.55981
17040,SwComposite,0x74c06f016000,0x3739f,000000007997991a,179.0,38696577862972.0,1479.567175
17040,SwComposite,0x74c06f017000,0x803f4,000000007997991a,180.0,38696577870527.0,1479.57473
17040,SwComposite,0x74c06f018000,0x5d447,000000007997991a,181.0,38696577877260.0,1479.581463
17040,SwComposite,0x74c06f019000,0x55a12,000000007997991a,182.0,38696577884906.0,1479.589109
17040,SwComposite,0x74c06f01a000,0x39693,000000007997991a,183.0,38696577891178.0,1479.595381
17040,SwComposite,0x74c06f01b000,0x4320a,000000007997991a,184.0,38696577898503.0,1479.602706
17040,SwComposite,0x74c06f01c000,0x4d4e2,000000007997991a,185.0,38696577905787.0,1479.60999
17040,SwComposite,0x74c06f01d000,0x35831,000000007997991a,186.0,38696577912841.0,1479.617044
17040,SwComposite,0x74c06f01e000,0x709a1,000000007997991a,187.0,38696577919945.0,1479.624148
17040,SwComposite,0x74c06f01f000,0x4d46e,000000007997991a,188.0,38696577926819.0,1479.631022
17040,SwComposite,0x74c06f021000,0x3c51b,000000007997991a,190.0,38696577937159.0,1479.641362
17040,SwComposite,0x74c06f022000,0x6babb,000000007997991a,191.0,38696577943692.0,1479.647895
17040,SwComposite,0x74c06f023000,0x4da5e,000000007997991a,192.0,38696577952149.0,1479.656352
17040,SwComposite,0x74c06f024000,0x39726,000000007997991a,193.0,38696577957319.0,1479.661522
17040,SwComposite,0x74c06f025000,0x41eff,000000007997991a,194.0,38696577962800.0,1479.667003
17040,SwComposite,0x74c06f026000,0x45986,000000007997991a,195.0,38696577967980.0,1479.672183
17040,SwComposite,0x74c06f027000,0xacc26,000000007997991a,196.0,38696577973311.0,1479.677514
17040,SwComposite,0x74c06f028000,0xa6d5b,000000007997991a,197.0,38696577978812.0,1479.683015
17040,SwComposite,0x74c06f029000,0x71be7,000000007997991a,198.0,38696577984112.0,1479.688315
17040,SwComposite,0x74c06f02a000,0xa512c,000000007997991a,199.0,38696577989754.0,1479.693957
17040,SwComposite,0x74c06f02b000,0xa6d52,000000007997991a,200.0,38696577995485.0,1479.699688
17040,SwComposite,0x74c06f02c000,0x59efa,000000007997991a,201.0,38696578000996.0,1479.705199
17040,SwComposite,0x74c06f02d000,0x9ea4b,000000007997991a,202.0,38696578006477.0,1479.71068
17040,SwComposite,0x74c06f02e000,0x466d1,000000007997991a,203.0,38696578012349.0,1479.716552
17040,SwComposite,0x74c06f02f000,0x97e9f,000000007997991a,204.0,38696578017719.0,1479.721922
17040,SwComposite,0x74c06f031000,0x42b0e,000000007997991a,206.0,38696578027659.0,1479.731862
17040,SwComposite,0x74c06f032000,0x448dd,000000007997991a,207.0,38696578035895.0,1479.740098
17040,SwComposite,0x74c06f033000,0x40e19,000000007997991a,208.0,38696578041186.0,1479.745389
17040,SwComposite,0x74c06f034000,0x9daa5,000000007997991a,209.0,38696578046176.0,1479.750379
17040,SwComposite,0x74c06f035000,0x8915d,000000007997991a,210.0,38696578051456.0,1479.755659
17040,SwComposite,0x74c06f036000,0x4870c,000000007997991a,211.0,38696578056636.0,1479.760839
17040,SwComposite,0x74c06f037000,0x5701f,000000007997991a,212.0,38696578062057.0,1479.76626
17040,SwComposite,0x74c06f038000,0x6010d,000000007997991a,213.0,38696578067107.0,1479.77131
17040,SwComposite,0x74c06f039000,0x5f509,000000007997991a,214.0,38696578072648.0,1479.776851
17040,SwComposite,0x74c06f03a000,0x6016c,000000007997991a,215.0,38696578078009.0,1479.782212
17040,SwComposite,0x74c06f03b000,0xa16da,000000007997991a,216.0,38696578083580.0,1479.787783
17040,SwComposite,0x74c06f03c000,0x485ed,000000007997991a,217.0,38696578088940.0,1479.793143
17040,SwComposite,0x74c06f03d000,0x6aa3b,000000007997991a,218.0,38696578094181.0,1479.798384
17040,SwComposite,0x74c06f03e000,0x8c20a,000000007997991a,219.0,38696578099792.0,1479.803995
17040,SwComposite,0x74c06f03f000,0x5222e,000000007997991a,220.0,38696578105664.0,1479.809867
17040,SwComposite,0x74c06f041000,0x8c905,000000007997991a,222.0,38696578119030.0,1479.823233
17040,SwComposite,0x74c06f042000,0x52472,000000007997991a,223.0,38696578124251.0,1479.828454
17040,SwComposite,0x74c06f043000,0xdbfaa,000000007997991a,224.0,38696578129421.0,1479.833624
17040,SwComposite,0x74c06f044000,0x42425,000000007997991a,225.0,38696578134721.0,1479.838924
17040,SwComposite,0x74c06f045000,0x98cca,000000007997991a,226.0,38696578139791.0,1479.843994
17040,SwComposite,0x74c06f046000,0x493f9,000000007997991a,227.0,38696578145052.0,1479.849255
17040,SwComposite,0x74c06f047000,0x3ea5d,000000007997991a,228.0,38696578150573.0,1479.854776
17040,SwComposite,0x74c06f048000,0xa33c5,000000007997991a,229.0,38696578155883.0,1479.860086
17040,SwComposite,0x74c06f049000,0x37ac5,000000007997991a,230.0,38696578160983.0,1479.865186
17040,SwComposite,0x74c06f04a000,0x37ac2,000000007997991a,231.0,38696578166494.0,1479.870697
17040,SwComposite,0x74c06f04b000,0x3e1d6,000000007997991a,232.0,38696578171945.0,1479.876148
17040,SwComposite,0x74c06f04c000,0x8ad34,000000007997991a,233.0,38696578177476.0,1479.881679
17040,SwComposite,0x74c06f04d000,0x3ba7c,000000007997991a,234.0,38696578182787.0,1479.88699
17040,SwComposite,0x74c06f04e000,0x9ae11,000000007997991a,235.0,38696578188037.0,1479.89224
17040,SwComposite,0x74c06f04f000,0x5280e,000000007997991a,236.0,38696578193598.0,1479.897801
17040,SwComposite,0x74c06f051000,0x51cd0,000000007997991a,238.0,38696578206875.0,1479.911078
17040,SwComposite,0x74c06f052000,0x55e32,000000007997991a,239.0,38696578212746.0,1479.916949
17040,SwComposite,0x74c06f053000,0x55e31,000000007997991a,240.0,38696578218117.0,1479.92232
17040,SwComposite,0x74c06f054000,0x995f0,000000007997991a,241.0,38696578223227.0,1479.92743
17040,SwComposite,0x74c06f055000,0x35baa,000000007997991a,242.0,38696578228447.0,1479.93265
17040,SwComposite,0x74c06f056000,0x35ba8,000000007997991a,243.0,38696578233598.0,1479.937801
17040,SwComposite,0x74c06f057000,0x35ba6,000000007997991a,244.0,38696578238728.0,1479.942931
17040,SwComposite,0x74c06f058000,0x35ba5,000000007997991a,245.0,38696578244269.0,1479.948472
17040,SwComposite,0x74c06f059000,0x66cb1,000000007997991a,246.0,38696578545617.0,1480.24982
17040,SwComposite,0x74c06f05a000,0x66cbc,000000007997991a,247.0,38696578554324.0,1480.258527
17040,SwComposite,0x74c06f05b000,0x66cc1,000000007997991a,248.0,38696578560546.0,1480.264749
17040,SwComposite,0x74c06f05c000,0x66cc2,000000007997991a,249.0,38696578566979.0,1480.271182
17040,SwComposite,0x74c06f05d000,0x41c60,000000007997991a,250.0,38696578572600.0,1480.276803
17040,SwComposite,0x74c06f05e000,0x3a7c5,000000007997991a,251.0,38696578578292.0,1480.282495
17040,SwComposite,0x74c06f05f000,0x5b2b0,000000007997991a,252.0,38696578586829.0,1480.291032
17040,SwComposite,0x74c06f061000,0x522ef,000000007997991a,254.0,38696578596558.0,1480.300761
17040,SwComposite,0x74c06f062000,0x5e22a,000000007997991a,255.0,38696578602480.0,1480.306683
17040,SwComposite,0x74c06f063000,0x38e8a,000000007997991a,256.0,38696578607750.0,1480.311953
17040,SwComposite,0x74c06f064000,0x95b30,000000007997991a,257.0,38696578613031.0,1480.317234
16988,Renderer,0x74c06f1fd000,0x654b1,000000007997991a,665.0,38696583753722.0,1485.457925
16988,Renderer,0x74c06f1fe000,0xa4c07,000000007997991a,667.0,38696583771958.0,1485.476161
16988,Renderer,0x74c06f1ff000,0xa48c0,000000007997991a,668.0,38696583777319.0,1485.481522
16988,Renderer,0x74c06f201000,0x669a0,000000007997991a,670.0,38696583788411.0,1485.492614
16988,Renderer,0x74c06f202000,0xbde57,000000007997991a,671.0,38696583793310.0,1485.497513
16988,Renderer,0x74c06f203000,0xa3f97,000000007997991a,672.0,38696583797920.0,1485.502123
16988,Renderer,0x74c06f204000,0xa5ee8,000000007997991a,673.0,38696583802539.0,1485.506742
16988,Renderer,0x74c06f205000,0xa5ec9,000000007997991a,674.0,38696583807368.0,1485.511571
16988,Renderer,0x74c06f206000,0xa5251,000000007997991a,675.0,38696583811857.0,1485.51606
16988,Renderer,0x74c06f207000,0xa5553,000000007997991a,676.0,38696583819713.0,1485.523916
16988,Renderer,0x74c06f208000,0xa5536,000000007997991a,677.0,38696583824542.0,1485.528745
16988,Renderer,0x74c06f209000,0xa54cc,000000007997991a,678.0,38696583829552.0,1485.533755
16988,Renderer,0x74c06f20a000,0xa74d9,000000007997991a,679.0,38696583834302.0,1485.538505
16988,Renderer,0x74c06f20b000,0xa7a93,000000007997991a,680.0,38696583839252.0,1485.543455
16988,Renderer,0x74c06f20c000,0xa7e0f,000000007997991a,681.0,38696583844111.0,1485.548314
16988,Renderer,0x74c06f20d000,0xa4bae,000000007997991a,682.0,38696583848961.0,1485.553164
16988,Renderer,0x74c06f20e000,0xa4d60,000000007997991a,683.0,38696583853971.0,1485.558174
16988,Renderer,0x74c06f20f000,0xa4de6,000000007997991a,684.0,38696583858951.0,1485.563154
16988,Renderer,0x74c06f211000,0xa4989,000000007997991a,686.0,38696583868149.0,1485.572352
16988,Renderer,0x74c06f212000,0x67cf0,000000007997991a,687.0,38696583873159.0,1485.577362
16988,Renderer,0x74c06f213000,0x66b13,000000007997991a,688.0,38696583877878.0,1485.582081
16988,Renderer,0x74c06f214000,0x64f2c,000000007997991a,689.0,38696583882608.0,1485.586811
16988,Renderer,0x74c06f215000,0x64a90,000000007997991a,690.0,38696583887517.0,1485.59172
16988,Renderer,0x74c06f216000,0xcd357,000000007997991a,691.0,38696583895173.0,1485.599376
16988,Renderer,0x74c06f217000,0xbda2b,000000007997991a,692.0,38696583899712.0,1485.603915
16988,Renderer,0x74c06f218000,0xa3ef8,000000007997991a,693.0,38696583904772.0,1485.608975
16988,Renderer,0x74c06f219000,0x65ecb,000000007997991a,694.0,38696583909762.0,1485.613965
16988,Renderer,0x74c06f21a000,0x9da8c,000000007997991a,695.0,38696583914751.0,1485.618954
16988,Renderer,0x74c06f21b000,0xc4b54,000000007997991a,696.0,38696583919421.0,1485.623624
16988,Renderer,0x74c06f21c000,0x62528,000000007997991a,697.0,38696583924381.0,1485.628584
16988,Renderer,0x74c06f21d000,0xb1420,000000007997991a,698.0,38696583929310.0,1485.633513
16988,Renderer,0x74c06f21e000,0xc0b42,000000007997991a,699.0,38696583934511.0,1485.638714
16988,Renderer,0x74c06f21f000,0xc0b48,000000007997991a,700.0,38696583940212.0,1485.644415
16988,Renderer,0x74c06f221000,0x31838,000000007997991a,702.0,38696583949240.0,1485.653443
16988,Renderer,0x74c06f222000,0x17ccd,000000007997991a,703.0,38696583956063.0,1485.660266
16988,Renderer,0x74c06f223000,0xda6db,000000007997991a,704.0,38696583961374.0,1485.665577
16988,Renderer,0x74c06f224000,0x40243,000000007997991a,705.0,38696583966234.0,1485.670437
16988,Renderer,0x74c06f225000,0x7ef0c,000000007997991a,706.0,38696583973949.0,1485.678152
16988,Renderer,0x74c06f226000,0x3f887,000000007997991a,707.0,38696583978929.0,1485.683132
16988,Renderer,0x74c06f227000,0xcc125,000000007997991a,708.0,38696583984019.0,1485.688222
16988,Renderer,0x74c06f228000,0x557d4,000000007997991a,709.0,38696583988748.0,1485.692951
16988,Renderer,0x74c06f229000,0x44b8c,000000007997991a,710.0,38696583993959.0,1485.698162
16988,Renderer,0x74c06f22a000,0xd55b9,000000007997991a,711.0,38696583998848.0,1485.703051
16988,Renderer,0x74c06f22b000,0xa0a27,000000007997991a,712.0,38696584004099.0,1485.708302
16988,Renderer,0x74c06f22c000,0x2dbe4,000000007997991a,713.0,38696584009209.0,1485.713412
16988,Renderer,0x74c06f22d000,0xc351c,000000007997991a,714.0,38696584014319.0,1485.718522
16988,Renderer,0x74c06f22e000,0xd60f9,000000007997991a,715.0,38696584019309.0,1485.723512
16988,Renderer,0x74c06f22f000,0x3991c,000000007997991a,716.0,38696584024379.0,1485.728582
16988,Renderer,0x74c06f231000,0x898b3,000000007997991a,718.0,38696584033387.0,1485.73759
16988,Renderer,0x74c06f232000,0x17108,000000007997991a,719.0,38696584038547.0,1485.74275
16988,Renderer,0x74c06f233000,0x17131,000000007997991a,720.0,38696584043277.0,1485.74748
16988,Renderer,0x74c06f234000,0x41462,000000007997991a,721.0,38696584050962.0,1485.755165
16988,Renderer,0x74c06f235000,0xc4983,000000007997991a,722.0,38696584055611.0,1485.759814
16988,Renderer,0x74c06f236000,0xa7ef9,000000007997991a,723.0,38696584060451.0,1485.764654
16988,Renderer,0x74c06f237000,0x35f1c,000000007997991a,724.0,38696584065130.0,1485.769333
16988,Renderer,0x74c06f238000,0xa3c46,000000007997991a,725.0,38696584070300.0,1485.774503
16988,Renderer,0x74c06f239000,0xb7a55,000000007997991a,726.0,38696584075951.0,1485.780154
16988,Renderer,0x74c06f23a000,0x71bbe,000000007997991a,727.0,38696584080971.0,1485.785174
16988,Renderer,0x74c06f23b000,0xc922c,000000007997991a,728.0,38696584086041.0,1485.790244
16988,Renderer,0x74c06f23c000,0x584f,000000007997991a,729.0,38696584091041.0,1485.795244
16988,Renderer,0x74c06f23d000,0x87413,000000007997991a,730.0,38696584096202.0,1485.800405
16988,Renderer,0x74c06f23e000,0x87416,000000007997991a,731.0,38696584101222.0,1485.805425
16988,Renderer,0x74c06f23f000,0x4730e,000000007997991a,732.0,38696584106231.0,1485.810434
16988,Renderer,0x74c06f241000,0xc58f5,000000007997991a,734.0,38696584115189.0,1485.819392
16988,Renderer,0x74c06f242000,0xc1d54,000000007997991a,735.0,38696584119698.0,1485.823901
16988,Renderer,0x74c06f243000,0x87401,000000007997991a,736.0,38696584127393.0,1485.831596
16988,Renderer,0x74c06f244000,0x36feb,000000007997991a,737.0,38696584132864.0,1485.837067
16988,Renderer,0x74c06f245000,0x559ea,000000007997991a,738.0,38696584137794.0,1485.841997
16988,Renderer,0x74c06f246000,0x6229a,000000007997991a,739.0,38696584142644.0,1485.846847
16988,Renderer,0x74c06f247000,0xcc600,000000007997991a,740.0,38696584147283.0,1485.851486
16988,Renderer,0x74c06f248000,0x559c0,000000007997991a,741.0,38696584152042.0,1485.856245
16988,Renderer,0x74c06f249000,0x1a41f,000000007997991a,742.0,38696584156992.0,1485.861195
16988,Renderer,0x74c06f24a000,0x5ea40,000000007997991a,743.0,38696584161992.0,1485.866195
16988,Renderer,0x74c06f24b000,0x5ea30,000000007997991a,744.0,38696584166772.0,1485.870975
16988,Renderer,0x74c06f24c000,0x63057,000000007997991a,745.0,38696584171952.0,1485.876155
16988,Renderer,0x74c06f24d000,0xcc936,000000007997991a,746.0,38696584176781.0,1485.880984
16988,Renderer,0x74c06f24e000,0x88d9a,000000007997991a,747.0,38696584181651.0,1485.885854
16988,Renderer,0x74c06f24f000,0xb196b,000000007997991a,748.0,38696584186340.0,1485.890543
16988,Renderer,0x74c06f251000,0x53473,000000007997991a,750.0,38696584195549.0,1485.899752
16988,Renderer,0x74c06f252000,0x846e2,000000007997991a,751.0,38696584203304.0,1485.907507
16988,Renderer,0x74c06f253000,0x37ba3,000000007997991a,752.0,38696584208164.0,1485.912367
16988,Renderer,0x74c06f254000,0xb957c,000000007997991a,753.0,38696584212903.0,1485.917106
16988,Renderer,0x74c06f255000,0xa5aa0,000000007997991a,754.0,38696584217572.0,1485.921775
16988,Renderer,0x74c06f256000,0x2d5f2,000000007997991a,755.0,38696584222312.0,1485.926515
16988,Renderer,0x74c06f257000,0x61257,000000007997991a,756.0,38696584227322.0,1485.931525
16988,Renderer,0x74c06f258000,0x892d0,000000007997991a,757.0,38696584232001.0,1485.936204
16988,Renderer,0x74c06f259000,0x5d900,000000007997991a,758.0,38696584236831.0,1485.941034
16988,Renderer,0x74c06f25a000,0x56842,000000007997991a,759.0,38696584241710.0,1485.945913
16988,Renderer,0x74c06f25b000,0x56800,000000007997991a,760.0,38696584246750.0,1485.950953
16988,Renderer,0x74c06f25c000,0x89279,000000007997991a,761.0,38696584251490.0,1485.955693
16988,Renderer,0x74c06f25d000,0x5eb25,000000007997991a,762.0,38696584256630.0,1485.960833
16988,Renderer,0x74c06f25e000,0x57e8e,000000007997991a,763.0,38696584261459.0,1485.965662
16988,Renderer,0x74c06f25f000,0x36853,000000007997991a,764.0,38696584266459.0,1485.970662
16988,Renderer,0x74c06f261000,0xb2d54,000000007997991a,766.0,38696584278123.0,1485.982326
16988,Renderer,0x74c06f262000,0xbc0f5,000000007997991a,767.0,38696584283092.0,1485.987295
16988,Renderer,0x74c06f263000,0xc1fbf,000000007997991a,768.0,38696584287842.0,1485.992045
16988,Renderer,0x74c06f264000,0xa3e57,000000007997991a,769.0,38696584293243.0,1485.997446
16988,Renderer,0x74c06f265000,0x3be69,000000007997991a,770.0,38696584297972.0,1486.002175
16988,Renderer,0x74c06f266000,0x463ec,000000007997991a,771.0,38696584302912.0,1486.007115
16988,Renderer,0x74c06f267000,0x57f65,000000007997991a,772.0,38696584307741.0,1486.011944
16988,Renderer,0x74c06f268000,0x39ed4,000000007997991a,773.0,38696584312641.0,1486.016844
16988,Renderer,0x74c06f269000,0xcd4b3,000000007997991a,774.0,38696584317370.0,1486.021573
16988,Renderer,0x74c06f26a000,0xa935b,000000007997991a,775.0,38696584323062.0,1486.027265
16988,Renderer,0x74c06f26b000,0xa95d2,000000007997991a,776.0,38696584328994.0,1486.033197
16988,Renderer,0x74c06f26c000,0xd6643,000000007997991a,777.0,38696584336428.0,1486.040631
16988,Renderer,0x74c06f26d000,0xbe3e1,000000007997991a,778.0,38696584344574.0,1486.048777
16988,Renderer,0x74c06f26e000,0xc7b31,000000007997991a,779.0,38696584351859.0,1486.056062
16988,Renderer,0x74c06f26f000,0x7b455,000000007997991a,780.0,38696584361989.0,1486.066192
16988,Renderer,0x74c06f271000,0x3b113,000000007997991a,782.0,38696584379714.0,1486.083917
16988,Renderer,0x74c06f272000,0xd8ae0,000000007997991a,783.0,38696584386217.0,1486.09042
16988,Renderer,0x74c06f273000,0xc440c,000000007997991a,784.0,38696584392349.0,1486.096552
16988,Renderer,0x74c06f274000,0x22cff,000000007997991a,785.0,38696584397750.0,1486.101953
16988,Renderer,0x74c06f275000,0x49ae,000000007997991a,786.0,38696584402830.0,1486.107033
16988,Renderer,0x74c06f276000,0x6ea73,000000007997991a,787.0,38696584407409.0,1486.111612
16988,Renderer,0x74c06f277000,0x6dcd2,000000007997991a,788.0,38696584412189.0,1486.116392
16988,Renderer,0x74c06f278000,0x62276,000000007997991a,789.0,38696584417890.0,1486.122093
16988,Renderer,0x74c06f279000,0x64a0a,000000007997991a,790.0,38696584423200.0,1486.127403
16988,Renderer,0x74c06f27a000,0x658fd,000000007997991a,791.0,38696584428190.0,1486.132393
16988,Renderer,0x74c06f27b000,0xa6d49,000000007997991a,792.0,38696584433060.0,1486.137263
16988,Renderer,0x74c06f27c000,0x96be3,000000007997991a,793.0,38696584438090.0,1486.142293
16988,Renderer,0x74c06f27d000,0x88e86,000000007997991a,794.0,38696584445344.0,1486.149547
16988,Renderer,0x74c06f27e000,0x986fd,000000007997991a,795.0,38696584450665.0,1486.154868
16988,Renderer,0x74c06f27f000,0xa4057,000000007997991a,796.0,38696584458460.0,1486.162663
16988,Renderer,0x74c06f281000,0x9009f,000000007997991a,798.0,38696584467769.0,1486.171972
16988,Renderer,0x74c06f282000,0x46bc4,000000007997991a,799.0,38696584472328.0,1486.176531
16988,Renderer,0x74c06f283000,0x585ac,000000007997991a,800.0,38696584476707.0,1486.18091
16988,Renderer,0x74c06f284000,0x48bb5,000000007997991a,801.0,38696584481566.0,1486.185769
16988,Renderer,0x74c06f285000,0x8f89e,000000007997991a,802.0,38696584486556.0,1486.190759
16988,Renderer,0x74c06f286000,0x3e7ac,000000007997991a,803.0,38696584491596.0,1486.195799
16988,Renderer,0x74c06f287000,0x37188,000000007997991a,804.0,38696584496526.0,1486.200729
16988,Renderer,0x74c06f288000,0xaaefb,000000007997991a,805.0,38696584501295.0,1486.205498
16988,Renderer,0x74c06f289000,0xb9434,000000007997991a,806.0,38696584506145.0,1486.210348
16988,Renderer,0x74c06f28a000,0xb8849,000000007997991a,807.0,38696584511065.0,1486.215268
16988,Renderer,0x74c06f28b000,0xb8bb6,000000007997991a,808.0,38696584516506.0,1486.220709
16988,Renderer,0x74c06f28c000,0x4ee78,000000007997991a,809.0,38696584521245.0,1486.225448
16988,Renderer,0x74c06f28d000,0x4e164,000000007997991a,810.0,38696584526215.0,1486.230418
16988,Renderer,0x74c06f28e000,0x4e1a0,000000007997991a,811.0,38696584533980.0,1486.238183
16988,Renderer,0x74c06f28f000,0x3bcb4,000000007997991a,812.0,38696584539110.0,1486.243313
16988,Renderer,0x74c06f291000,0x34613,000000007997991a,814.0,38696584548209.0,1486.252412
16988,Renderer,0x74c06f292000,0x3450e,000000007997991a,815.0,38696584552808.0,1486.257011
16988,Renderer,0x74c06f293000,0x345f7,000000007997991a,816.0,38696584557447.0,1486.26165
16988,Renderer,0x74c06f294000,0x40195,000000007997991a,817.0,38696584562307.0,1486.26651
16988,Renderer,0x74c06f295000,0x56c92,000000007997991a,818.0,38696584567166.0,1486.271369
16988,Renderer,0x74c06f296000,0x5677b,000000007997991a,819.0,38696584572036.0,1486.276239
16988,Renderer,0x74c06f297000,0x5fc92,000000007997991a,820.0,38696584576685.0,1486.280888
16988,Renderer,0x74c06f298000,0x96cf7,000000007997991a,821.0,38696584581565.0,1486.285768
16988,Renderer,0x74c06f299000,0x8fbc0,000000007997991a,822.0,38696584586184.0,1486.290387
16988,Renderer,0x74c06f29a000,0x3c85c,000000007997991a,823.0,38696584591013.0,1486.295216
16988,Renderer,0x74c06f29b000,0x3e76f,000000007997991a,824.0,38696584595733.0,1486.299936
16988,Renderer,0x74c06f29c000,0x4d310,000000007997991a,825.0,38696584600683.0,1486.304886
16988,Renderer,0x74c06f29d000,0x3e678,000000007997991a,826.0,38696584608198.0,1486.312401
16988,Renderer,0x74c06f29e000,0xaad2c,000000007997991a,827.0,38696584613117.0,1486.31732
16988,Renderer,0x74c06f29f000,0xaad20,000000007997991a,828.0,38696584618037.0,1486.32224
16988,Renderer,0x74c06f2a1000,0xb886f,000000007997991a,830.0,38696584626714.0,1486.330917
16988,Renderer,0x74c06f2a2000,0xb8bd1,000000007997991a,831.0,38696584632285.0,1486.336488
16988,Renderer,0x74c06f2a3000,0xb8bc9,000000007997991a,832.0,38696584637396.0,1486.341599
16988,Renderer,0x74c06f2a4000,0xbb4ee,000000007997991a,833.0,38696584642646.0,1486.346849
16988,Renderer,0x74c06f2a5000,0x2d6cc,000000007997991a,834.0,38696584647516.0,1486.351719
16988,Renderer,0x74c06f2a6000,0x61f5a,000000007997991a,835.0,38696584652075.0,1486.356278
16988,Renderer,0x74c06f2a7000,0xb96cb,000000007997991a,836.0,38696584656794.0,1486.360997
16988,Renderer,0x74c06f2a8000,0xbc0f7,000000007997991a,837.0,38696584661774.0,1486.365977
16988,Renderer,0x74c06f2a9000,0xd12b9,000000007997991a,838.0,38696584666934.0,1486.371137
16988,Renderer,0x74c06f2aa000,0x42928,000000007997991a,839.0,38696584672094.0,1486.376297
16988,Renderer,0x74c06f2ab000,0x5c49d,000000007997991a,840.0,38696584677144.0,1486.381347
16988,Renderer,0x74c06f2ac000,0x8c4eb,000000007997991a,841.0,38696584684970.0,1486.389173
16988,Renderer,0x74c06f2ad000,0x61a33,000000007997991a,842.0,38696584689960.0,1486.394163
16988,Renderer,0x74c06f2ae000,0x54dbc,000000007997991a,843.0,38696584694829.0,1486.399032
16988,Renderer,0x74c06f2af000,0x485ef,000000007997991a,844.0,38696584699859.0,1486.404062
16988,Renderer,0x74c06f2b1000,0x6010f,000000007997991a,846.0,38696584708998.0,1486.413201
16988,Renderer,0x74c06f2b2000,0xd62c4,000000007997991a,847.0,38696584713577.0,1486.41778
16988,Renderer,0x74c06f2b3000,0xa4a22,000000007997991a,848.0,38696584718607.0,1486.42281
16988,Renderer,0x74c06f2b4000,0xa9853,000000007997991a,849.0,38696584723436.0,1486.427639
16988,Renderer,0x74c06f2b5000,0x6ae4e,000000007997991a,850.0,38696584728136.0,1486.432339
16988,Renderer,0x74c06f2b6000,0x6d103,000000007997991a,851.0,38696584733246.0,1486.437449
16988,Renderer,0x74c06f2b7000,0xb4719,000000007997991a,852.0,38696584738025.0,1486.442228
16988,Renderer,0x74c06f2b8000,0xa067,000000007997991a,853.0,38696584743175.0,1486.447378
16988,Renderer,0x74c06f2b9000,0xac8b6,000000007997991a,854.0,38696584748356.0,1486.452559
16988,Renderer,0x74c06f2ba000,0xbf084,000000007997991a,855.0,38696584753316.0,1486.457519
16988,Renderer,0x74c06f2bb000,0x9fa11,000000007997991a,856.0,38696584761041.0,1486.465244
16988,Renderer,0x74c06f2bc000,0x77543,000000007997991a,857.0,38696584766011.0,1486.470214
16988,Renderer,0x74c06f2bd000,0xc836c,000000007997991a,858.0,38696584770951.0,1486.475154
16988,Renderer,0x74c06f2be000,0x9adec,000000007997991a,859.0,38696584775850.0,1486.480053
16988,Renderer,0x74c06f2bf000,0x5fc15,000000007997991a,860.0,38696584781361.0,1486.485564
16988,Renderer,0x74c06f2c1000,0xa9f3b,000000007997991a,862.0,38696584790289.0,1486.494492
16988,Renderer,0x74c06f2c2000,0xc7941,000000007997991a,863.0,38696584795078.0,1486.499281
16988,Renderer,0x74c06f2c3000,0x31f24,000000007997991a,864.0,38696584799778.0,1486.503981
16988,Renderer,0x74c06f2c4000,0x3795f,000000007997991a,865.0,38696584804788.0,1486.508991
16988,Renderer,0x74c06f2c5000,0xa2db7,000000007997991a,866.0,38696584809557.0,1486.51376
16988,Renderer,0x74c06f2c6000,0xc82dd,000000007997991a,867.0,38696584814998.0,1486.519201
16988,Renderer,0x74c06f2c7000,0xc815d,000000007997991a,868.0,38696584821611.0,1486.525814
16988,Renderer,0x74c06f2c8000,0xb7fed,000000007997991a,869.0,38696584829256.0,1486.533459
16988,Renderer,0x74c06f2c9000,0xb66fc,000000007997991a,870.0,38696584834807.0,1486.53901
16988,Renderer,0x74c06f2ca000,0xd28ff,000000007997991a,871.0,38696584843785.0,1486.547988
16988,Renderer,0x74c06f2cb000,0xd27f6,000000007997991a,872.0,38696584849486.0,1486.553689
16988,Renderer,0x74c06f2cc000,0xb234c,000000007997991a,873.0,38696584855057.0,1486.55926
16988,Renderer,0x74c06f2cd000,0xa38e5,000000007997991a,874.0,38696584860659.0,1486.564862
16988,Renderer,0x74c06f2ce000,0x89016,000000007997991a,875.0,38696584866640.0,1486.570843
16988,Renderer,0x74c06f2cf000,0x891b2,000000007997991a,876.0,38696584872332.0,1486.576535
16988,Renderer,0x74c06f2d1000,0x6c30e,000000007997991a,878.0,38696584883293.0,1486.587496
16988,Renderer,0x74c06f2d2000,0xd0398,000000007997991a,879.0,38696584888855.0,1486.593058
17171,cut,0x7fe044c28000,0x11bc64,0000000093b88c93,55.0,38696890087660.0,1791.791863
17170,cut,0x5d6a7671b000,0x6503f,00000000c2b1ea29,8.0,38696890128863.0,171035208.0
17171,cut,0x7fe044619000,0x1127f1,00000000c26e0865,30.0,38696890187868.0,1791.892071
17171,cut,0x7fe04466f000,0x112bf9,00000000c26e0865,110.0,38696890203339.0,1791.907542
17170,cut,0x7d8defa7e000,0x11142c,0000000093b88c93,125.0,38696890230263.0,171136608.0
