pfn,nr_pages,lru_type,memory_type,timestamp
0x2d7f,1,0,file,4296503802
0x510a0,1,0,file,4296503802
0x505f5,1,0,file,4296503802
0x1312f,1,0,file,4296503802
0x3379d,1,0,file,4296503802
0x322ed,1,0,file,4296503802
0x30651,1,0,file,4296503802
0x31da7,1,0,file,4296503802
0x318f8,1,0,file,4296503802
0x2efe1,1,0,file,4296503802
0x2e8d6,1,0,file,4296503802
0x2e99c,1,0,file,4296503802
0x2ea3d,1,0,file,4296503802
0x2ead0,1,0,file,4296503802
0x1458,1,0,file,4296503802
0x14e3,1,0,file,4296503802
0x1579,1,0,file,4296503802
0x1602,1,0,file,4296503802
0x169d,1,0,file,4296503802
0x172f,1,0,file,4296503802
0x13bd,1,0,file,4296503802
0x3042d,1,0,file,4296503802
0x306c8,1,0,file,4296503802
0x305d2,1,0,file,4296503802
0x10d88f,1,0,file,4296503802
0x119ed3,1,0,file,4296503802
0x114e56,1,0,file,4296503802
0x114e5e,1,0,file,4296503802
0x298cf,1,0,file,4296503802
0x3a0ed,1,0,file,4296503802
0x39f8,1,0,file,4296503802
0x41b9,1,0,file,4296503802
0x58c9,1,0,file,4296503802
0x1973b,1,0,file,4296503802
0x5050,1,0,file,4296503802
0x11978b,1,0,file,4296503802
0x11b454,1,0,file,4296503802
0x10e3c2,1,0,file,4296503802
0x103297,1,0,file,4296503802
0x11948d,1,0,file,4296503802
0x114f14,1,0,file,4296503802
0x65699,1,0,file,4296503802
0x21759,1,0,file,4296503802
0x231ff,1,0,file,4296503802
0x2fe88,1,0,file,4296503802
0x108d62,1,0,file,4296503802
0x119ac2,1,0,file,4296503802
0x119fba,1,0,file,4296503802
0x11a080,1,0,file,4296503802
0x11a1fe,1,0,file,4296503802
0x11a297,1,0,file,4296503802
0x11a31c,1,0,file,4296503802
0x11a2de,1,0,file,4296503802
0x11a474,1,0,file,4296503802
0x11a4a5,1,0,file,4296503802
0x119ce7,1,0,file,4296503802
0x1154f1,1,0,file,4296503802
0x1092df,1,0,file,4296503802
0x115869,1,0,file,4296503802
0x1159c9,1,0,file,4296503802
0x115a09,1,0,file,4296503802
0x10230b,1,0,file,4296503802
0x1124f5,1,0,file,4296503802
0x111089,1,0,file,4296503802
0x110fba,1,0,file,4296503802
0x2e0d,1,0,file,4296503802
0x5190,1,0,file,4296503802
0x6cd2,1,0,file,4296503802
0x5df8,1,0,file,4296503802
0x2ef2,1,0,file,4296503802
0x6820,1,0,file,4296503802
0x31ff,1,0,file,4296503802
0x8ba6,1,0,file,4296503802
0x2f84,1,0,file,4296503802
0xeb4b,1,0,file,4296503802
0xfab9,1,0,file,4296503802
0x10a2c,1,0,file,4296503802
0x10ac3,1,0,file,4296503802
0x111f6,1,0,file,4296503802
0xf002,1,0,file,4296503802
0x112d0,1,0,file,4296503802
0x11328,1,0,file,4296503802
0x114a0,1,0,file,4296503802
0x11db3,1,0,file,4296503802
0x1203f,1,0,file,4296503802
0x1207f,1,0,file,4296503802
0x120bf,1,0,file,4296503802
0x120ff,1,0,file,4296503802
0x12438,1,0,file,4296503802
0x1387c,1,0,file,4296503802
0x14bcc,1,0,file,4296503802
0x13b24,1,0,file,4296503802
0x164d6,1,0,file,4296503802
0x165d5,1,0,file,4296503802
0x16b7c,1,0,file,4296503802
0x16be8,1,0,file,4296503802
0x16e75,1,0,file,4296503802
0x16f94,1,0,file,4296503802
0x15ce7,1,0,file,4296503802
0x172b3,1,0,file,4296503802
0x175ba,1,0,file,4296503802
0x17732,1,0,file,4296503802
0x17927,1,0,file,4296503802
0x1782c,1,0,file,4296503802
0x17968,1,0,file,4296503802
0x17e54,1,0,file,4296503802
0x17f3a,1,0,file,4296503802
0x181b2,1,0,file,4296503802
0x18350,1,0,file,4296503802
0x18648,1,0,file,4296503802
0x18a12,1,0,file,4296503802
0x18dc0,1,0,file,4296503802
0x18f19,1,0,file,4296503802
0x18f75,1,0,file,4296503802
0x19163,1,0,file,4296503802
0x15e5d,1,0,file,4296503802
0x1ef4a,1,0,file,4296503802
0x12434,1,0,file,4296503802
0x693a,1,0,file,4296503802
0x697b,1,0,file,4296503802
0x8098,1,0,file,4296503802
0x3125,1,0,file,4296503802
0x114cc1,1,0,file,4296503802
0x115eaa,1,0,file,4296503802
0x68d5,1,0,file,4296503802
0xed29,1,0,file,4296503802
0xed77,1,0,file,4296503802
0x13aea,1,0,file,4296503802
0xef41,1,0,file,4296503802
0x14a2c,1,0,file,4296503802
0x84835,1,0,file,4296503802
0x84875,1,0,file,4296503802
0x85485,1,0,file,4296503802
0x854c5,1,0,file,4296503802
0x8559b,1,0,file,4296503802
0x855db,1,0,file,4296503802
0x8561b,1,0,file,4296503802
0xae192,1,0,file,4296503802
0xae1d2,1,0,file,4296503802
0x94050,1,0,file,4296503802
0x94090,1,0,file,4296503802
0x940d0,1,0,file,4296503802
0x94110,1,0,file,4296503802
0x94150,1,0,file,4296503802
0x94190,1,0,file,4296503802
0x941d0,1,0,file,4296503802
0xae010,1,0,file,4296503802
0xc0a54,1,0,file,4296503802
0xc0a94,1,0,file,4296503802
0xc0ad4,1,0,file,4296503802
0xc0b14,1,0,file,4296503802
0xc0b54,1,0,file,4296503802
0xc0b94,1,0,file,4296503802
0xc0bd4,1,0,file,4296503802
0x94014,1,0,file,4296503802
0x9b858,1,0,file,4296503802
0x9b898,1,0,file,4296503802
0x9b8d8,1,0,file,4296503802
0x9b918,1,0,file,4296503802
0x9b958,1,0,file,4296503802
0x9b998,1,0,file,4296503802
0x9b9d8,1,0,file,4296503802
0xc0a18,1,0,file,4296503802
0xa785c,1,0,file,4296503802
0xa789c,1,0,file,4296503802
0xa78dc,1,0,file,4296503802
0xa791c,1,0,file,4296503802
0xa795c,1,0,file,4296503802
0xa799c,1,0,file,4296503802
0xa79dc,1,0,file,4296503802
0x9b81c,1,0,file,4296503802
0x9e370,1,0,file,4296503802
0x9e3b0,1,0,file,4296503802
0x9e3f0,1,0,file,4296503802
0x94310,1,0,file,4296503802
0x94350,1,0,file,4296503802
0x94390,1,0,file,4296503802
0x943d0,1,0,file,4296503802
0xa7810,1,0,file,4296503802
0x8dd74,1,0,file,4296503802
0x5c0e5,1,0,file,4296503802
0x5cfde,1,0,file,4296503802
0x5d23f,1,0,file,4296503802
0x5e167,1,0,file,4296503802
0x5d531,1,0,file,4296503802
0x5e35f,1,0,file,4296503802
0x5f7a7,1,0,file,4296503802
0x63ab1,1,0,file,4296503802
0x5b6f9,1,0,file,4296503802
0x62adf,1,0,file,4296503802
0x61599,1,0,file,4296503802
0x4a301,1,0,file,4296503802
0x5b7c9,1,0,file,4296503802
0x1632b,1,0,file,4296503802
0x615e1,1,0,file,4296503802
0x5576,1,0,file,4296503802
0x23cb5,1,0,file,4296503802
0x12429,1,0,file,4296503802
0x20c71,1,0,file,4296503802
0x118259,1,0,file,4296503802
0x109d34,1,0,file,4296503802
0x110067,1,0,file,4296503802
0x111b39,1,0,file,4296503802
0x10d061,1,0,file,4296503802
0x115691,1,0,file,4296503802
0x6382b,1,0,file,4296503802
0x40982,1,0,file,4296503802
0x232c8,1,0,file,4296503802
0x12177,1,0,file,4296503802
0x10b58d,1,0,file,4296503802
0x10b84b,1,0,file,4296503802
0x10b7bb,1,0,file,4296503802
0x10b8d6,1,0,file,4296503802
0x10ba2d,1,0,file,4296503802
0x10b7f3,1,0,file,4296503802
0x10b9c6,1,0,file,4296503802
0x10ba4e,1,0,file,4296503802
0x10b8a9,1,0,file,4296503802
0x10b9b6,1,0,file,4296503802
0x10bb97,1,0,file,4296503802
0x10ba14,1,0,file,4296503802
0x10bae2,1,0,file,4296503802
0x10bbb1,1,0,file,4296503802
0x10b9e7,1,0,file,4296503802
0x10c95a,1,0,file,4296503802
0x10bb09,1,0,file,4296503802
0x10c86f,1,0,file,4296503802
0x10c8d4,1,0,file,4296503802
0x10c9c7,1,0,file,4296503802
0x10c862,1,0,file,4296503802
0x10c9f7,1,0,file,4296503802
0x10ca4a,1,0,file,4296503802
0x11985e,1,0,file,4296503802
0x115ef9,1,0,file,4296503802
0x11449f,1,0,file,4296503802
0x52eb,1,0,file,4296503802
0x4cc1,1,0,file,4296503802
0x41c55,1,0,file,4296503802
0x222db,1,0,file,4296503802
0x119287,1,0,file,4296503802
0x32363,1,0,file,4296503802
0x103ce6,1,0,file,4296503802
0x1145d3,1,0,file,4296503802
0x114ea1,1,0,file,4296503802
0x1148bc,1,0,file,4296503802
0x4b08d,1,0,file,4296503802
0x21f88,1,0,file,4296503802
0x20933,1,0,file,4296503802
0x20973,1,0,file,4296503802
0x209b3,1,0,file,4296503802
0x124db,1,0,file,4296503802
0x4713,1,0,file,4296503802
0x3a08,1,0,file,4296503802
0x12416,1,0,file,4296503802
0x3541,1,0,file,4296503802
0x4bf7,1,0,file,4296503802
0x208f8,1,0,file,4296503802
0x1240e,1,0,file,4296503802
0x4c91,1,0,file,4296503802
0x205a1,1,0,file,4296503802
0x32bd7,1,0,file,4296503802
0x119c15,1,0,file,4296503802
0x19628,1,0,file,4296503802
0x118c1c,1,0,file,4296503802
0x11a4f5,1,0,file,4296503802
0x11a67e,1,0,file,4296503802
0x115a49,1,0,file,4296503802
0x115a89,1,0,file,4296503802
0x110f50,1,0,file,4296503802
0x10a706,1,0,file,4296503802
0x1124a7,1,0,file,4296503802
0x10290a,1,0,file,4296503802
0x112554,1,0,file,4296503802
0x10200f,1,0,file,4296503802
0x113c94,1,0,file,4296503802
0x111615,1,0,file,4296503802
0x112faf,1,0,file,4296503802
0x3bee,1,0,file,4296503802
0x3a32,1,0,file,4296503802
0x119d3b,1,0,file,4296503802
0x11990d,1,0,file,4296503802
0x41c1,1,0,file,4296503802
0x10cb51,1,0,file,4296503802
0x10d934,1,0,file,4296503802
0x115fa1,1,0,file,4296503802
0x1171cc,1,0,file,4296503802
0x117453,1,0,file,4296503802
0x117817,1,0,file,4296503802
0x8ddb4,1,0,file,4296503802
0x8ddf4,1,0,file,4296503802
0xc1b34,1,0,file,4296503802
0xc1b74,1,0,file,4296503802
0xc1bb4,1,0,file,4296503802
0xc1bf4,1,0,file,4296503802
0x9e334,1,0,file,4296503802
0x90178,1,0,file,4296503802
0x901b8,1,0,file,4296503802
0x901f8,1,0,file,4296503802
0x98738,1,0,file,4296503802
0x98778,1,0,file,4296503802
0x987b8,1,0,file,4296503802
0x987f8,1,0,file,4296503802
0x8dd38,1,0,file,4296503802
0xa247c,1,0,file,4296503802
0xa24bc,1,0,file,4296503802
0xa24fc,1,0,file,4296503802
0xbdc3c,1,0,file,4296503802
0xbdc7c,1,0,file,4296503802
0xbdcbc,1,0,file,4296503802
0xbdcfc,1,0,file,4296503802
0x9013c,1,0,file,4296503802
0x8e9a0,1,0,file,4296503802
0x8e9e0,1,0,file,4296503802
0x92a20,1,0,file,4296503802
0x85f40,1,0,file,4296503802
0x85f80,1,0,file,4296503802
0x85fc0,1,0,file,4296503802
0xa2400,1,0,file,4296503802
0xa2440,1,0,file,4296503802
0x9aea4,1,0,file,4296503802
0x9aee4,1,0,file,4296503802
0xb3c24,1,0,file,4296503802
0xb3c64,1,0,file,4296503802
0xb3ca4,1,0,file,4296503802
0xb3ce4,1,0,file,4296503802
0x8e924,1,0,file,4296503802
0x8e964,1,0,file,4296503802
0x9faa8,1,0,file,4296503802
0x9fae8,1,0,file,4296503802
0xa7128,1,0,file,4296503802
0xa7168,1,0,file,4296503802
0xa71a8,1,0,file,4296503802
0xa71e8,1,0,file,4296503802
0x9ae28,1,0,file,4296503802
0x9ae68,1,0,file,4296503802
0xb78ac,1,0,file,4296503802
0xb78ec,1,0,file,4296503802
0x98b2c,1,0,file,4296503802
0x98b6c,1,0,file,4296503802
0x98bac,1,0,file,4296503802
0x98bec,1,0,file,4296503802
0x9fa2c,1,0,file,4296503802
0x9fa6c,1,0,file,4296503802
0xa6fd0,1,0,file,4296503802
0xb5810,1,0,file,4296503802
0xb5850,1,0,file,4296503802
0x98470,1,0,file,4296503802
0x984b0,1,0,file,4296503802
0x984f0,1,0,file,4296503802
0xb7830,1,0,file,4296503802
0xb7870,1,0,file,4296503802
0xb70d4,1,0,file,4296503802
0xb9c14,1,0,file,4296503802
0xb9c54,1,0,file,4296503802
0xb9c94,1,0,file,4296503802
0xb9cd4,1,0,file,4296503802
0xa6f14,1,0,file,4296503802
0xa6f54,1,0,file,4296503802
0xa6f94,1,0,file,4296503802
0xaabd8,1,0,file,4296503802
0xa6818,1,0,file,4296503802
0xa6858,1,0,file,4296503802
0xa6898,1,0,file,4296503802
0xa68d8,1,0,file,4296503802
0xb7018,1,0,file,4296503802
0xb7058,1,0,file,4296503802
0x5f510,1,0,file,4296503802
0x8297f,1,0,file,4296503802
0x49eef,1,0,file,4296503802
0x811ac,1,0,file,4296503802
0x50cee,1,0,file,4296503802
0x143f,1,0,file,4296503802
0x7f78d,1,0,file,4296503802
0x4b184,1,0,file,4296503802
0x79d50,1,0,file,4296503802
0x83ae1,1,0,file,4296503802
0x5fc87,1,0,file,4296503802
0x84fd9,1,0,file,4296503802
0x45a0f,1,0,file,4296503802
0x608a6,1,0,file,4296503802
0x5f134,1,0,file,4296503802
0x42fd7,1,0,file,4296503802
0x558e2,1,0,file,4296503802
0x6ac25,1,0,file,4296503802
0x5e9b0,1,0,file,4296503802
0x842f4,1,0,file,4296503802
0x5ce7f,1,0,file,4296503802
0x483c7,1,0,file,4296503802
0x26e12,1,0,file,4296503802
0x27474,1,0,file,4296503802
0x82ce4,1,0,file,4296503802
0x5ea96,1,0,file,4296503802
0x84ef9,1,0,file,4296503802
0x2b97,1,0,file,4296503802
0x5f2e7,1,0,file,4296503802
0x19d2b,1,0,file,4296503802
0x5c045,1,0,file,4296503802
0x8148a,1,0,file,4296503802
0x3b696,1,0,file,4296503802
0x45858,1,0,file,4296503802
0x811be,1,0,file,4296503802
0x5cf14,1,0,file,4296503802
0x5f696,1,0,file,4296503802
0x5e570,1,0,file,4296503802
0x810ec,1,0,file,4296503802
0x7652e,1,0,file,4296503802
0x5eb1e,1,0,file,4296503802
0x5edb2,1,0,file,4296503802
0x81ee2,1,0,file,4296503802
0x5f3ca,1,0,file,4296503802
0x99d90,1,0,file,4296503802
0x37fa,1,0,file,4296503802
0x606f6,1,0,file,4296503802
0x63a16,1,0,file,4296503802
0x5c936,1,0,file,4296503802
0x5df58,1,0,file,4296503802
0x15806,1,0,file,4296503802
0x848e8,1,0,file,4296503802
0x6ae7c,1,0,file,4296503802
0x81102,1,0,file,4296503802
0x83d3e,1,0,file,4296503802
0x5fd42,1,0,file,4296503802
0x74924,1,0,file,4296503802
0x5e100,1,0,file,4296503802
0x81d60,1,0,file,4296503802
0x824a8,1,0,file,4296503802
0x82024,1,0,file,4296503802
0x83218,1,0,file,4296503802
0x99fb0,1,0,file,4296503802
0x5c8b8,1,0,file,4296503802
0x82260,1,0,file,4296503802
0x81cf0,1,0,file,4296503802
0x82c9c,1,0,file,4296503802
0x5e1fc,1,0,file,4296503802
0x76530,1,0,file,4296503802
0x4a2e0,1,0,file,4296503802
0x5c754,1,0,file,4296503802
0x79c4c,1,0,file,4296503802
0x816e0,1,0,file,4296503802
0x5d304,1,0,file,4296503802
0x5b7b4,1,0,file,4296503802
0x6399c,1,0,file,4296503802
0x5b8c4,1,0,file,4296503802
0x7f868,1,0,file,4296503802
0x5ca04,1,0,file,4296503802
0x5046c,1,0,file,4296503802
0x5b91c,1,0,file,4296503802
0x5ee6c,1,0,file,4296503802
0x6065c,1,0,file,4296503802
0x5cc14,1,0,file,4296503802
0x5c05c,1,0,file,4296503802
0x5ef2c,1,0,file,4296503802
0x5eddc,1,0,file,4296503802
0x5bd8c,1,0,file,4296503802
0x5f30c,1,0,file,4296503802
0x51164,1,0,file,4296503802
0x69ed4,1,0,file,4296503802
0x37a71,1,0,file,4296503802
0x6228b,1,0,file,4296503802
0x61571,1,0,file,4296503802
0x613ab,1,0,file,4296503802
0x6307b,1,0,file,4296503802
0x5d475,1,0,file,4296503802
0x5c4a1,1,0,file,4296503802
0x115521,1,0,file,4296503802
0x31e93,1,0,file,4296503802
0x12d88,1,0,file,4296503802
0x1149ff,1,0,file,4296503802
0x114c00,1,0,file,4296503999
0x115550,1,0,file,4296503999
0x7f8ec,1,0,file,4296503999
0x3714,1,0,file,4296503999
0x114d3a,1,0,file,4296503999
0x11323b,1,0,file,4296503999
0x1155a9,1,0,file,4296503999
0x109d4f,1,0,file,4296503999
0x103f92,1,0,file,4296503999
0x101916,1,0,file,4296503999
0x39d6,1,0,file,4296503999
0x396c,1,0,file,4296503999
0x5f93d,1,0,file,4296503999
0x389f7,1,0,file,4296503999
0x10f16,1,0,file,4296503999
0x62f22,1,0,file,4296503999
0x62900,1,0,file,4296503999
0x5017,1,0,file,4296503999
0x18f70,1,0,file,4296503999
0x18e16,1,0,file,4296503999
0x184db,1,0,file,4296503999
0x17edc,1,0,file,4296503999
0x1784e,1,0,file,4296503999
0x1776c,1,0,file,4296503999
0x17395,1,0,file,4296503999
0x16fa7,1,0,file,4296503999
0x16bc6,1,0,file,4296503999
0x1643b,1,0,file,4296503999
0x13b0f,1,0,file,4296503999
0x1136e,1,0,file,4296503999
0x10171,1,0,file,4296503999
0xeac5,1,0,file,4296503999
0xe572,1,0,file,4296503999
0xe512,1,0,file,4296503999
0x68c6,1,0,file,4296503999
0x8091,1,0,file,4296503999
0x8e23,1,0,file,4296503999
0x2fbd8,1,0,file,4296503999
0x1fd4,1,0,file,4296503999
0x8e94,1,0,file,4296503999
0x8d81,1,0,file,4296503999
0x8c57,1,0,file,4296503999
0x75fb,1,0,file,4296503999
0x3146,1,0,file,4296503999
0x585e,1,0,file,4296503999
0x5249,1,0,file,4296503999
0x497f,1,0,file,4296503999
0x104d35,1,0,file,4296503999
0x114e6e,1,0,file,4296503999
0x114e9e,1,0,file,4296503999
0x20bef,1,0,file,4296503999
0x12d89,1,0,file,4296503999
0x119ed0,1,0,file,4296503999
0x10c480,1,0,file,4296504119
0x115686,1,0,file,4296504119
0x620a4,1,0,file,4296504119
0x23096,1,0,file,4296504119
0x2fdc8,1,0,file,4296504119
0x46b3,1,0,file,4296504119
0x41d7,1,0,file,4296504119
0x53be,1,0,file,4296504119
0x444e,1,0,file,4296504119
0x8df5,1,0,file,4296504119
0x23b84,1,0,file,4296504119
0x62963,1,0,file,4296504119
0x620c3,1,0,file,4296504119
0x12174,1,0,file,4296504119
0x44038,1,0,file,4296504119
0x10d8e8,1,0,file,4296504119
0x115ac9,1,0,file,4296504119
0x10c4f5,1,0,file,4296504119
0x101fa5,1,0,file,4296504119
0x10293a,1,0,file,4296504119
0x1029a5,1,0,file,4296504119
0x1029f2,1,0,file,4296504119
0x1124d9,1,0,file,4296504124
0x106e4e,1,0,file,4296504124
0x10b4a7,1,0,file,4296504124
0x11ad27,1,0,file,4296504124
0x11ab27,1,0,file,4296504124
0x223d0,1,0,file,4296504124
0x12637,1,0,file,4296504124
0x10904,1,0,file,4296504124
0x117857,1,0,file,4296504124
0x117897,1,0,file,4296504124
0x824ac,1,0,file,4296504124
0x81150,1,0,file,4296504124
0x85964,1,0,file,4296504124
0x5e88c,1,0,file,4296504124
0x813f8,1,0,file,4296504124
0x81134,1,0,file,4296504124
0x83b3c,1,0,file,4296504124
0x84b28,1,0,file,4296504124
0x811f0,1,0,file,4296504124
0x84630,1,0,file,4296504124
0x84180,1,0,file,4296504124
0x9afa8,1,0,file,4296504124
0x826e8,1,0,file,4296504124
0x81690,1,0,file,4296504124
0x83ba8,1,0,file,4296504124
0x82240,1,0,file,4296504124
0x15a48,1,0,file,4296504124
0x11978,1,0,file,4296504124
0x82848,1,0,file,4296504124
0x5b8f8,1,0,file,4296504124
0x84270,1,0,file,4296504124
0x81d50,1,0,file,4296504124
0x81a18,1,0,file,4296504124
0x83310,1,0,file,4296504124
0x81be8,1,0,file,4296504124
0x79c60,1,0,file,4296504124
0x81d70,1,0,file,4296504124
0x821e0,1,0,file,4296504124
0x82380,1,0,file,4296504124
0x83a68,1,0,file,4296504124
0x81f60,1,0,file,4296504124
0x84e08,1,0,file,4296504124
0x82900,1,0,file,4296504124
0x830e8,1,0,file,4296504124
0x848e0,1,0,file,4296504124
0x843c8,1,0,file,4296504124
0x814a8,1,0,file,4296504124
0x812d0,1,0,file,4296504124
0x82458,1,0,file,4296504124
0xc08e8,1,0,file,4296504124
0xaaba8,1,0,file,4296504137
0x84298,1,0,file,4296504137
0x83368,1,0,file,4296504137
0x84268,1,0,file,4296504137
0x81e48,1,0,file,4296504139
0x816b8,1,0,file,4296504140
0x86518,1,0,file,4296504140
0x85448,1,0,file,4296504140
0x82308,1,0,file,4296504144
0x84f08,1,0,file,4296504151
0x822b8,1,0,file,4296504151
0x811c8,1,0,file,4296504151
0x82cd8,1,0,file,4296504151
0x81598,1,0,file,4296504151
0x826c8,1,0,file,4296504151
0x82278,1,0,file,4296504151
0x81388,1,0,file,4296504151
0x85998,1,0,file,4296504151
0x811e8,1,0,file,4296504151
0x82068,1,0,file,4296504151
0x83ac8,1,0,file,4296504151
0x84f28,1,0,file,4296504151
0x81e78,1,0,file,4296504151
0x83c68,1,0,file,4296504151
0x81318,1,0,file,4296504151
0x9bf68,1,0,file,4296504151
0x827c8,1,0,file,4296504151
0x82098,1,0,file,4296504151
0x832d8,1,0,file,4296504151
0x843d8,1,0,file,4296504151
0x82678,1,0,file,4296504151
0x83fc8,1,0,file,4296504151
0x79ca8,1,0,file,4296504151
0xc08f8,1,0,file,4296504151
0x82768,1,0,file,4296504151
0x83a08,1,0,file,4296504151
0x86928,1,0,file,4296504151
0x825a8,1,0,file,4296504151
0x82828,1,0,file,4296504151
0x82be8,1,0,file,4296504151
0x83038,1,0,file,4296504151
0x818c8,1,0,file,4296504151
0xad9d8,1,0,file,4296504151
0x83c38,1,0,file,4296504151
0x83a58,1,0,file,4296504151
0x83258,1,0,file,4296504151
0x557d,1,0,file,4296504151
0x488b,1,0,file,4296504151
0x41050,1,0,file,4296504151
0x3310c,1,0,file,4296504151
0x115156,1,0,file,4296504151
0x1192c0,1,0,file,4296504151
0x11925a,1,0,file,4296504151
0x63d31,1,0,file,4296504151
0x6489b,1,0,file,4296504151
0x63d37,1,0,file,4296504151
0x63eaf,1,0,file,4296504151
0x118ad5,1,0,file,4296504151
0x43bf,1,0,file,4296504151
0x33036,1,0,file,4296504151
0x12830,1,0,file,4296504151
0x337bc,1,0,file,4296504151
0x32019,1,0,file,4296504151
0x1c2f,1,0,file,4296504151
0x31e8f,1,0,file,4296504151
0x3061a,1,0,file,4296504151
0x302e3,1,0,file,4296504151
0x114cf0,1,0,file,4296504151
0x11445a,1,0,file,4296504392
0x114a23,1,0,file,4296504392
0x114c20,1,0,file,4296504401
0x114bf1,1,0,file,4296504402
0x115d08,1,0,file,4296504402
0x10e948,1,0,file,4296504403
0x1178d7,1,0,file,4296504457
0x117917,1,0,file,4296504461
0x83bf8,1,0,file,4296504467
0x83ab8,1,0,file,4296504468
0x85958,1,0,file,4296504472
0x843f8,1,0,file,4296504476
0x82138,1,0,file,4296504476
0x84398,1,0,file,4296504476
0x828b8,1,0,file,4296504477
0x85778,1,0,file,4296504477
0x82238,1,0,file,4296504477
0x85eb8,1,0,file,4296504478
0x81358,1,0,file,4296504481
0x81338,1,0,file,4296504481
0x83b18,1,0,file,4296504481
0x833f8,1,0,file,4296504481
0x816d8,1,0,file,4296504481
0x81678,1,0,file,4296504481
0x85bb8,1,0,file,4296504481
0x82ff8,1,0,file,4296504481
0x83f18,1,0,file,4296504481
0x832f8,1,0,file,4296504481
0x82dd8,1,0,file,4296504481
0x83998,1,0,file,4296504481
0x81818,1,0,file,4296504481
0x8bdf8,1,0,file,4296504483
0x842d8,1,0,file,4296504490
0x856f8,1,0,file,4296504490
0x83ff8,1,0,file,4296504491
0x82bd8,1,0,file,4296504491
0x86f98,1,0,file,4296504492
0x827b8,1,0,file,4296504499
0x82158,1,0,file,4296504499
0x81fd8,1,0,file,4296504499
0x848d8,1,0,file,4296504505
0x82758,1,0,file,4296504506
0x81538,1,0,file,4296504506
0x81758,1,0,file,4296504506
0xaf2d8,1,0,file,4296504506
0x81f58,1,0,file,4296504507
0x8f5d8,1,0,file,4296504513
0x85038,1,0,file,4296504513
0x857b8,1,0,file,4296504513
0x83018,1,0,file,4296504513
0x81b18,1,0,file,4296504513
0x9bf58,1,0,file,4296504513
0x81958,1,0,file,4296504513
0x830d8,1,0,file,4296504513
0x82578,1,0,file,4296504513
0x83118,1,0,file,4296504515
0x86838,1,0,file,4296504521
0xbf9f8,1,0,file,4296504521
0xbf9b8,1,0,file,4296504528
0xafaf8,1,0,file,4296504528
0x8f0b8,1,0,file,4296504528
0xad9b8,1,0,file,4296504528
0x8bdb8,1,0,file,4296504533
0x81df8,1,0,file,4296504534
0x84238,1,0,file,4296504534
0x85438,1,0,file,4296504535
0x81f38,1,0,file,4296504540
0x81878,1,0,file,4296504541
0x841f8,1,0,file,4296504541
0x856b8,1,0,file,4296504541
0x83db8,1,0,file,4296504541
0x99df8,1,0,file,4296504541
0x84138,1,0,file,4296504541
0x85bf8,1,0,file,4296504541
0x82438,1,0,file,4296504541
0x822f8,1,0,file,4296504541
0x83f78,1,0,file,4296504541
0x85938,1,0,file,4296504541
0x81bb8,1,0,file,4296504541
0x85738,1,0,file,4296504541
0x81fb8,1,0,file,4296504541
0x85ef8,1,0,file,4296504541
0x86f78,1,0,file,4296504541
0x84378,1,0,file,4296504541
0x85678,1,0,file,4296504541
0x818b8,1,0,file,4296504541
0x81638,1,0,file,4296504541
0x824f8,1,0,file,4296504541
0x86578,1,0,file,4296504541
0x81af8,1,0,file,4296504541
0x830b8,1,0,file,4296504541
0x83fb8,1,0,file,4296504541
0x82738,1,0,file,4296504541
0x83178,1,0,file,4296504541
0x82c38,1,0,file,4296504541
0x82538,1,0,file,4296504541
0x1152d8,1,0,file,4296504541
0x640cb,1,0,file,4296504541
0x5c6f9,1,0,file,4296504541
0x65baf,1,0,file,4296504599
0x1115ac,1,0,file,4296504600
0x111876,1,0,file,4296504600
0x113801,1,0,file,4296504600
0x112fc5,1,0,file,4296504600
0x117e79,1,0,file,4296504600
0x117fac,1,0,file,4296504602
0x102175,1,0,file,4296504602
0x11797f,1,0,file,4296504602
0x826b8,1,0,file,4296504605
0x86978,1,0,file,4296504605
0x857f8,1,0,file,4296504605
0x85b38,1,0,file,4296504605
0x825f8,1,0,file,4296504607
0x82eb8,1,0,file,4296504607
0x86e78,1,0,file,4296504607
0x81938,1,0,file,4296504607
0x858f8,1,0,file,4296504607
0x83078,1,0,file,4296504609
0x81478,1,0,file,4296504609
0x867f8,1,0,file,4296504609
0x81e38,1,0,file,4296504609
0x859f8,1,0,file,4296504609
0x9bf38,1,0,file,4296504609
0x81b78,1,0,file,4296504609
0x86878,1,0,file,4296504609
0xc2838,1,0,file,4296504609
0x8f5b8,1,0,file,4296504609
0xb8a78,1,0,file,4296504609
0x85078,1,0,file,4296504609
0x9aff8,1,0,file,4296504609
0x82db8,1,0,file,4296504609
0x85d38,1,0,file,4296504609
0x98178,1,0,file,4296504609
0xaf2b8,1,0,file,4296504609
0x99ff8,1,0,file,4296504609
0x81cb8,1,0,file,4296504609
0xc28b8,1,0,file,4296504609
0xc28f8,1,0,file,4296504609
0x86eb8,1,0,file,4296504609
0x86ef8,1,0,file,4296504609
0x99d38,1,0,file,4296504609
0x99d78,1,0,file,4296504609
0x868b8,1,0,file,4296504609
0x868f8,1,0,file,4296504609
0x869b8,1,0,file,4296504609
0x869f8,1,0,file,4296504609
0x85538,1,0,file,4296504609
0x85578,1,0,file,4296504609
0x85e38,1,0,file,4296504609
0x85e78,1,0,file,4296504609
0x81c38,1,0,file,4296504609
0x81c78,1,0,file,4296504609
0x85838,1,0,file,4296504609
0x85878,1,0,file,4296504609
0x981b8,1,0,file,4296504609
0x981f8,1,0,file,4296504609
0x83938,1,0,file,4296504609
0x83978,1,0,file,4296504609
0x9bfb8,1,0,file,4296504609
0x9bff8,1,0,file,4296504609
0x82e38,1,0,file,4296504609
0x82e78,1,0,file,4296504609
0x82b38,1,0,file,4296504609
0x82b78,1,0,file,4296504609
0x865b8,1,0,file,4296504609
0x865f8,1,0,file,4296504609
0x82d38,1,0,file,4296504609
0x82d78,1,0,file,4296504609
0x850b8,1,0,file,4296504609
0x850f8,1,0,file,4296504609
0x85db8,1,0,file,4296504609
0x85df8,1,0,file,4296504609
0x9af38,1,0,file,4296504609
0x9af78,1,0,file,4296504609
0x8f538,1,0,file,4296504609
0x8f578,1,0,file,4296504609
0xb8ab8,1,0,file,4296504609
0xb8af8,1,0,file,4296504609
0xaf238,1,0,file,4296504609
0xaf278,1,0,file,4296504609
0x99f38,1,0,file,4296504609
0x99f78,1,0,file,4296504609
0x86738,1,0,file,4296504609
0x86778,1,0,file,4296504609
0x8bd38,1,0,file,4296504609
0x8bd78,1,0,file,4296504609
0xad938,1,0,file,4296504627
0xad978,1,0,file,4296504645
0x8f038,1,0,file,4296504677
0x8f078,1,0,file,4296504677
0xbf938,1,0,file,4296504677
0xbf978,1,0,file,4296504677
0xaab38,1,0,file,4296504677
0xaab78,1,0,file,4296504677
0xc0938,1,0,file,4296504677
0xc0978,1,0,file,4296504677
0xc09b8,1,0,file,4296504677
0x117f50,1,0,file,4296504677
0x11802f,1,0,file,4296504677
0x1180a3,1,0,file,4296504677
0x1180cd,1,0,file,4296504677
0x11810d,1,0,file,4296504677
0x11815c,1,0,file,4296504677
0x1181b5,1,0,file,4296504677
0x117e74,1,0,file,4296504677
0x11823e,1,0,file,4296504677
0x118287,1,0,file,4296504677
0x1182ae,1,0,file,4296504677
0x118349,1,0,file,4296504677
0x1183d2,1,0,file,4296504677
0x11843a,1,0,file,4296504677
0x1179bf,1,0,file,4296504677
0x1179f6,1,0,file,4296504677
0x117a36,1,0,file,4296504677
0x117a76,1,0,file,4296504677
0xc09f8,1,0,file,4296504677
0xa8938,1,0,file,4296504677
0xa8978,1,0,file,4296504677
0xa89b8,1,0,file,4296504677
0xa89f8,1,0,file,4296504677
0xa8b38,1,0,file,4296504677
0xa8b78,1,0,file,4296504689
0xa8bb8,1,0,file,4296504732
0xa8bf8,1,0,file,4296504734
0x98638,1,0,file,4296504734
0x98678,1,0,file,4296504735
0x986b8,1,0,file,4296504735
0x986f8,1,0,file,4296504735
0xa7d38,1,0,file,4296504735
0xa7d78,1,0,file,4296504735
0xa7db8,1,0,file,4296504735
0xa7df8,1,0,file,4296504735
0xb7b38,1,0,file,4296504735
0xb7b78,1,0,file,4296504735
0xb7bb8,1,0,file,4296504735
0xb7bf8,1,0,file,4296504735
0xafc38,1,0,file,4296504735
0xafc78,1,0,file,4296504735
0xafcb8,1,0,file,4296504735
0xafcf8,1,0,file,4296504735
0x8fc38,1,0,file,4296504735
0x8fc78,1,0,file,4296504735
0x8fcb8,1,0,file,4296504735
0x8fcf8,1,0,file,4296504735
0xba838,1,0,file,4296504735
0xba878,1,0,file,4296504735
0xba8b8,1,0,file,4296504735
0xba8f8,1,0,file,4296504735
0x98538,1,0,file,4296504735
0x98578,1,0,file,4296504735
0x985b8,1,0,file,4296504735
0x985f8,1,0,file,4296504735
0xb3d38,1,0,file,4296504735
0xb3d78,1,0,file,4296504735
0xb3db8,1,0,file,4296504735
0xb3df8,1,0,file,4296504735
0xbfb38,1,0,file,4296504735
0xbfb78,1,0,file,4296504735
0xbfbb8,1,0,file,4296504735
0xbfbf8,1,0,file,4296504735
0x98038,1,0,file,4296504735
0x98078,1,0,file,4296504735
0x980b8,1,0,file,4296504735
0x980f8,1,0,file,4296504735
0x8f138,1,0,file,4296504735
0x8f178,1,0,file,4296504735
0x8f1b8,1,0,file,4296504735
0x8f1f8,1,0,file,4296504735
0xbf838,1,0,file,4296504735
0xbf878,1,0,file,4296504735
0xbf8b8,1,0,file,4296504735
0xbf8f8,1,0,file,4296504735
0xac838,1,0,file,4296504735
0xac878,1,0,file,4296504735
0xac8b8,1,0,file,4296504735
0xac8f8,1,0,file,4296504735
0x99c38,1,0,file,4296504735
0x99c78,1,0,file,4296504735
0x99cb8,1,0,file,4296504735
0x99cf8,1,0,file,4296504735
0x8bc38,1,0,file,4296504735
0x8bc78,1,0,file,4296504735
0x8bcb8,1,0,file,4296504735
0x8bcf8,1,0,file,4296504735
0x85c38,1,0,file,4296504735
0x85c78,1,0,file,4296504735
0x85cb8,1,0,file,4296504735
0x85cf8,1,0,file,4296504735
0x83838,1,0,file,4296504735
0x83878,1,0,file,4296504735
0x838b8,1,0,file,4296504735
0x838f8,1,0,file,4296504745
0xa1f38,1,0,file,4296504745
0xa1f78,1,0,file,4296504745
0xa1fb8,1,0,file,4296504745
0xa1ff8,1,0,file,4296504745
0xb7e38,1,0,file,4296504745
0xb7e78,1,0,file,4296504745
0xb7eb8,1,0,file,4296504745
0xb7ef8,1,0,file,4296504745
0xbc638,1,0,file,4296504745
0xbc678,1,0,file,4296504745
0xbc6b8,1,0,file,4296504745
0xbc6f8,1,0,file,4296504745
0x84038,1,0,file,4296504745
0x84078,1,0,file,4296504745
0x840b8,1,0,file,4296504745
0x840f8,1,0,file,4296504745
0xafb38,1,0,file,4296504745
0xafb78,1,0,file,4296504745
0xafbb8,1,0,file,4296504745
0xafbf8,1,0,file,4296504745
0xb2238,1,0,file,4296504745
0xb2278,1,0,file,4296504745
0xb22b8,1,0,file,4296504745
0xb22f8,1,0,file,4296504745
0x91338,1,0,file,4296504745
0x91378,1,0,file,4296504752
0x913b8,1,0,file,4296504752
0x913f8,1,0,file,4296504752
0xa4438,1,0,file,4296504752
0xa4478,1,0,file,4296504752
0xa44b8,1,0,file,4296504752
0xa44f8,1,0,file,4296504752
0x82a38,1,0,file,4296504752
0x82a78,1,0,file,4296504752
0x82ab8,1,0,file,4296504752
0x82af8,1,0,file,4296504752
0x86638,1,0,file,4296504752
0x86678,1,0,file,4296504752
0x866b8,1,0,file,4296504752
0x866f8,1,0,file,4296504752
0x9fb38,1,0,file,4296504752
0x9fb78,1,0,file,4296504752
0x9fbb8,1,0,file,4296504752
0x9fbf8,1,0,file,4296504752
0x8a638,1,0,file,4296504752
0x8a678,1,0,file,4296504752
0x8a6b8,1,0,file,4296504752
0x8a6f8,1,0,file,4296504752
0xb5938,1,0,file,4296504752
0xb5978,1,0,file,4296504752
0xb59b8,1,0,file,4296504752
0xb59f8,1,0,file,4296504752
0x83e38,1,0,file,4296504752
0x83e78,1,0,file,4296504752
0x83eb8,1,0,file,4296504752
0x83ef8,1,0,file,4296504752
0xb7938,1,0,file,4296504752
0xb7978,1,0,file,4296504752
0xb79b8,1,0,file,4296504752
0xb79f8,1,0,file,4296504752
0xad838,1,0,file,4296504752
0xad878,1,0,file,4296504752
0xad8b8,1,0,file,4296504752
0xad8f8,1,0,file,4296504752
0xb7138,1,0,file,4296504752
0xb7178,1,0,file,4296504752
0xb71b8,1,0,file,4296504752
0xb71f8,1,0,file,4296504752
0x8e838,1,0,file,4296504752
0x8e878,1,0,file,4296504752
0x8e8b8,1,0,file,4296504752
0x8e8f8,1,0,file,4296504752
0xa4738,1,0,file,4296504752
0xa4778,1,0,file,4296504752
0xa47b8,1,0,file,4296504752
0xa47f8,1,0,file,4296504752
0xa6e38,1,0,file,4296504752
0xa6e78,1,0,file,4296504752
0xa6eb8,1,0,file,4296504752
0xa6ef8,1,0,file,4296504752
0x94238,1,0,file,4296504752
0x94278,1,0,file,4296504752
0x942b8,1,0,file,4296504752
0x942f8,1,0,file,4296504752
0x99e38,1,0,file,4296504752
0x99e78,1,0,file,4296504752
0x99eb8,1,0,file,4296504752
0x99ef8,1,0,file,4296504752
0x85a38,1,0,file,4296504752
0x85a78,1,0,file,4296504752
0x85ab8,1,0,file,4296504752
0x85af8,1,0,file,4296504752
0xafe38,1,0,file,4296504752
0xafe78,1,0,file,4296504752
0xafeb8,1,0,file,4296504752
0xafef8,1,0,file,4296504752
0xaf338,1,0,file,4296504752
0x11849e,1,0,file,4296504924
0x117653,1,0,file,4296504926
0x118553,1,0,file,4296504926
0x1185a2,1,0,file,4296504926
0x118623,1,0,file,4296504926
0x1186b2,1,0,file,4296504926
0x118701,1,0,file,4296504926
0x11874a,1,0,file,4296504926
0x117548,1,0,file,4296504926
0xaf378,1,0,file,4296504926
0xaf3b8,1,0,file,4296504926
0xaf3f8,1,0,file,4296504926
0xb8b38,1,0,file,4296504926
0xb8b78,1,0,file,4296504926
0xb8bb8,1,0,file,4296504926
0xb8bf8,1,0,file,4296504926
0x92438,1,0,file,4296504926
0x92478,1,0,file,4296504926
0x924b8,1,0,file,4296504926
0x924f8,1,0,file,4296504926
0x8f438,1,0,file,4296504926
0x8f478,1,0,file,4296504926
0x8f4b8,1,0,file,4296504926
0x8f4f8,1,0,file,4296504926
0x87138,1,0,file,4296504926
0x87178,1,0,file,4296504926
0x871b8,1,0,file,4296504926
0x871f8,1,0,file,4296504926
0xb8e38,1,0,file,4296504933
0xb8e78,1,0,file,4296504933
0xb8eb8,1,0,file,4296504933
0xb8ef8,1,0,file,4296504933
0x9be38,1,0,file,4296504933
0x9be78,1,0,file,4296504933
0x9beb8,1,0,file,4296504933
0x9bef8,1,0,file,4296504933
0x8a338,1,0,file,4296504933
0x8a378,1,0,file,4296504933
0x8a3b8,1,0,file,4296504933
0x8a3f8,1,0,file,4296504933
0x85138,1,0,file,4296504933
0x85178,1,0,file,4296504933
0x851b8,1,0,file,4296504933
0x851f8,1,0,file,4296504933
0xa7538,1,0,file,4296504933
0xa7578,1,0,file,4296504933
0xa75b8,1,0,file,4296504933
0xa75f8,1,0,file,4296504933
0xa7038,1,0,file,4296504939
0xa7078,1,0,file,4296504939
0xa70b8,1,0,file,4296504939
0xa70f8,1,0,file,4296504939
0x9e238,1,0,file,4296504939
0x9e278,1,0,file,4296504939
0x9e2b8,1,0,file,4296504939
0x9e2f8,1,0,file,4296504939
0xa2538,1,0,file,4296504939
0xa2578,1,0,file,4296504939
0xa25b8,1,0,file,4296504939
0xa25f8,1,0,file,4296504939
0x92b38,1,0,file,4296504939
0x92b78,1,0,file,4296504939
0x92bb8,1,0,file,4296504939
0x92bf8,1,0,file,4296504939
0x99738,1,0,file,4296504939
0x99778,1,0,file,4296504939
0x997b8,1,0,file,4296504939
0x997f8,1,0,file,4296504939
0xad638,1,0,file,4296504939
0xad678,1,0,file,4296504939
0xad6b8,1,0,file,4296504939
0xad6f8,1,0,file,4296504939
0xa6938,1,0,file,4296504939
0xa6978,1,0,file,4296504939
0xa69b8,1,0,file,4296504939
0xa69f8,1,0,file,4296504939
0xa1738,1,0,file,4296504939
0xa1778,1,0,file,4296504939
0xa17b8,1,0,file,4296504939
0xa17f8,1,0,file,4296504939
0xc1a38,1,0,file,4296504939
0xc1a78,1,0,file,4296504939
0xc1ab8,1,0,file,4296504939
0xc1af8,1,0,file,4296504950
0x98a38,1,0,file,4296504952
0x98a78,1,0,file,4296504959
0x98ab8,1,0,file,4296504959
0x98af8,1,0,file,4296504959
0xb9d38,1,0,file,4296504959
0xb9d78,1,0,file,4296504959
0xb9db8,1,0,file,4296504959
0xb9df8,1,0,file,4296504959
0x90038,1,0,file,4296504959
0x90078,1,0,file,4296504959
0x900b8,1,0,file,4296504959
0x900f8,1,0,file,4296504959
0x8dc38,1,0,file,4296504959
0x8dc78,1,0,file,4296504959
0x11878f,1,0,file,4296504967
0x118805,1,0,file,4296504967
0x1188b9,1,0,file,4296504967
0x1188f9,1,0,file,4296504967
0x118a92,1,0,file,4296504967
0x118974,1,0,file,4296504967
0x118b9b,1,0,file,4296504967
0x118860,1,0,file,4296504967
0x118c2e,1,0,file,4296504967
0x118c68,1,0,file,4296504967
0x118cf4,1,0,file,4296504967
0x118d37,1,0,file,4296504967
0x118927,1,0,file,4296504967
0x118e48,1,0,file,4296504967
0x8dcb8,1,0,file,4296504967
0x8dcf8,1,0,file,4296504967
0xbdd38,1,0,file,4296504975
0xbdd78,1,0,file,4296504975
0xbddb8,1,0,file,4296504975
0xbddf8,1,0,file,4296504975
0xaaa38,1,0,file,4296504975
0xaaa78,1,0,file,4296504975
0xaaab8,1,0,file,4296504975
0xaaaf8,1,0,file,4296504975
0xc2938,1,0,file,4296504975
0xc2978,1,0,file,4296504975
0xc29b8,1,0,file,4296504975
0xc29f8,1,0,file,4296504975
0xbaa38,1,0,file,4296504975
0xbaa78,1,0,file,4296504975
0xbaab8,1,0,file,4296504975
0xbaaf8,1,0,file,4296504980
0xbab38,1,0,file,4296504980
0xbab78,1,0,file,4296504980
0xbabb8,1,0,file,4296504980
0xbabf8,1,0,file,4296504980
0xa7e38,1,0,file,4296504980
0xa7e78,1,0,file,4296504980
0xa7eb8,1,0,file,4296504980
0xa7ef8,1,0,file,4296504980
0xa7f38,1,0,file,4296504980
0xa7f78,1,0,file,4296504980
0xa7fb8,1,0,file,4296504980
0xa7ff8,1,0,file,4296504980
0x9f838,1,0,file,4296504980
0x9f878,1,0,file,4296504980
0x9f8b8,1,0,file,4296504980
0x9f8f8,1,0,file,4296504980
0x9f938,1,0,file,4296504980
0x9f978,1,0,file,4296504980
0x9f9b8,1,0,file,4296504980
0x9f9f8,1,0,file,4296504980
0x8fe38,1,0,file,4296504980
0x8fe78,1,0,file,4296504980
0x8feb8,1,0,file,4296504980
0x8fef8,1,0,file,4296504980
0x8ff38,1,0,file,4296504980
0x8ff78,1,0,file,4296504980
0x8ffb8,1,0,file,4296504980
0x8fff8,1,0,file,4296504980
0x91038,1,0,file,4296504980
0x91078,1,0,file,4296504980
0x910b8,1,0,file,4296504980
0x910f8,1,0,file,4296504980
0x91138,1,0,file,4296504980
0x91178,1,0,file,4296504980
0x911b8,1,0,file,4296504980
0x911f8,1,0,file,4296504980
0x86a38,1,0,file,4296504980
0x86a78,1,0,file,4296504980
0x86ab8,1,0,file,4296504980
0x86af8,1,0,file,4296504980
0x86b38,1,0,file,4296504992
0x86b78,1,0,file,4296504995
0x86bb8,1,0,file,4296504997
0x86bf8,1,0,file,4296504997
0xb3e38,1,0,file,4296504997
0xb3e78,1,0,file,4296504997
0xb3eb8,1,0,file,4296504997
0xb3ef8,1,0,file,4296504997
0xb3f38,1,0,file,4296504997
0xb3f78,1,0,file,4296504997
0xb3fb8,1,0,file,4296504997
0xb3ff8,1,0,file,4296504997
0xbc438,1,0,file,4296504997
0xbc478,1,0,file,4296504997
0xbc4b8,1,0,file,4296504997
0xbc4f8,1,0,file,4296504997
0xbc538,1,0,file,4296504997
0xbc578,1,0,file,4296504997
0xbc5b8,1,0,file,4296504997
0xbc5f8,1,0,file,4296504997
0x98238,1,0,file,4296504997
0x98278,1,0,file,4296504997
0x982b8,1,0,file,4296504997
0x982f8,1,0,file,4296504997
0x98338,1,0,file,4296504997
0x98378,1,0,file,4296504997
0x983b8,1,0,file,4296504997
0x983f8,1,0,file,4296504997
0x9ac38,1,0,file,4296504997
0x9ac78,1,0,file,4296504997
0x9acb8,1,0,file,4296504997
0x9acf8,1,0,file,4296504997
0x9ad38,1,0,file,4296504997
0x9ad78,1,0,file,4296504997
0x9adb8,1,0,file,4296504997
0x9adf8,1,0,file,4296504997
0xa6a38,1,0,file,4296504997
0xa6a78,1,0,file,4296505005
0xa6ab8,1,0,file,4296505005
0xa6af8,1,0,file,4296505005
0xa6b38,1,0,file,4296505005
0xa6b78,1,0,file,4296505005
0xa6bb8,1,0,file,4296505005
0xa6bf8,1,0,file,4296505005
0xa1c38,1,0,file,4296505005
0xa1c78,1,0,file,4296505005
0xa1cb8,1,0,file,4296505005
0xa1cf8,1,0,file,4296505005
0xa1d38,1,0,file,4296505005
0xa1d78,1,0,file,4296505005
0xa1db8,1,0,file,4296505005
0xa1df8,1,0,file,4296505005
0x8be38,1,0,file,4296505005
0x8be78,1,0,file,4296505005
0x8beb8,1,0,file,4296505005
0x8bef8,1,0,file,4296505005
0x8bf38,1,0,file,4296505005
0x8bf78,1,0,file,4296505005
0x8bfb8,1,0,file,4296505005
0x8bff8,1,0,file,4296505005
0xa6c38,1,0,file,4296505005
0xa6c78,1,0,file,4296505005
0xa6cb8,1,0,file,4296505005
0xa6cf8,1,0,file,4296505005
0xa6d38,1,0,file,4296505005
0xa6d78,1,0,file,4296505005
0xa6db8,1,0,file,4296505005
0xa6df8,1,0,file,4296505005
0x8f238,1,0,file,4296505018
0x8f278,1,0,file,4296505018
0x8f2b8,1,0,file,4296505022
0x8f2f8,1,0,file,4296505023
0x8f338,1,0,file,4296505023
0x8f378,1,0,file,4296505023
0x8f3b8,1,0,file,4296505023
0x8f3f8,1,0,file,4296505023
0xae238,1,0,file,4296505023
0xae278,1,0,file,4296505023
0xae2b8,1,0,file,4296505023
0xae2f8,1,0,file,4296505023
0xae338,1,0,file,4296505023
0xae378,1,0,file,4296505023
0xae3b8,1,0,file,4296505023
0xae3f8,1,0,file,4296505023
0x85238,1,0,file,4296505023
0x85278,1,0,file,4296505023
0x852b8,1,0,file,4296505023
0x852f8,1,0,file,4296505023
0x85338,1,0,file,4296505023
0x85378,1,0,file,4296505023
0x853b8,1,0,file,4296505026
0x853f8,1,0,file,4296505029
0xad438,1,0,file,4296505029
0xad478,1,0,file,4296505029
0xad4b8,1,0,file,4296505029
0xad4f8,1,0,file,4296505029
0xad538,1,0,file,4296505029
0xad578,1,0,file,4296505029
0xad5b8,1,0,file,4296505029
0xad5f8,1,0,file,4296505029
0xb8838,1,0,file,4296505029
0xb8878,1,0,file,4296505029
0xb88b8,1,0,file,4296505029
0xb88f8,1,0,file,4296505029
0xb8938,1,0,file,4296505029
0xb8978,1,0,file,4296505029
0xb89b8,1,0,file,4296505029
0xb89f8,1,0,file,4296505029
0xb7c38,1,0,file,4296505029
0xb7c78,1,0,file,4296505029
0xb7cb8,1,0,file,4296505029
0xb7cf8,1,0,file,4296505029
0xb7d38,1,0,file,4296505029
0xb7d78,1,0,file,4296505029
0xb7db8,1,0,file,4296505029
0xb7df8,1,0,file,4296505029
0x90238,1,0,file,4296505029
0x90278,1,0,file,4296505029
0x118ed0,1,0,file,4296505077
0x11ab5e,1,0,file,4296505077
0x11ad80,1,0,file,4296505077
0x11adcc,1,0,file,4296505077
0x11adc2,1,0,file,4296505077
0x11b0f6,1,0,file,4296505077
0x11b380,1,0,file,4296505077
0x902b8,1,0,file,4296505077
0x902f8,1,0,file,4296505077
0x90338,1,0,file,4296505077
0x90378,1,0,file,4296505077
0x903b8,1,0,file,4296505077
0x903f8,1,0,file,4296505077
0xc2a38,1,0,file,4296505077
0xc2a78,1,0,file,4296505077
0xc2ab8,1,0,file,4296505077
0xc2af8,1,0,file,4296505077
0xc2b38,1,0,file,4296505077
0xc2b78,1,0,file,4296505077
0xc2bb8,1,0,file,4296505077
0xc2bf8,1,0,file,4296505077
0xb5a38,1,0,file,4296505077
0xb5a78,1,0,file,4296505077
0xb5ab8,1,0,file,4296505077
0xb5af8,1,0,file,4296505077
0xb5b38,1,0,file,4296505077
0xb5b78,1,0,file,4296505077
0xb5bb8,1,0,file,4296505077
0xb5bf8,1,0,file,4296505077
0xaca38,1,0,file,4296505077
0xaca78,1,0,file,4296505077
0xacab8,1,0,file,4296505077
0xacaf8,1,0,file,4296505077
0xacb38,1,0,file,4296505077
0xacb78,1,0,file,4296505077
0xacbb8,1,0,file,4296505077
0xacbf8,1,0,file,4296505077
0xa1438,1,0,file,4296505077
0xa1478,1,0,file,4296505077
0xa14b8,1,0,file,4296505077
0xa14f8,1,0,file,4296505087
0xa1538,1,0,file,4296505087
0xa1578,1,0,file,4296505087
0xa15b8,1,0,file,4296505087
0xa15f8,1,0,file,4296505096
0xb7238,1,0,file,4296505096
0xb7278,1,0,file,4296505096
0xb72b8,1,0,file,4296505096
0xb72f8,1,0,file,4296505096
0xb7338,1,0,file,4296505096
0xb7378,1,0,file,4296505096
0xb73b8,1,0,file,4296505096
0xb73f8,1,0,file,4296505096
0x9e038,1,0,file,4296505096
0x9e078,1,0,file,4296505096
0x9e0b8,1,0,file,4296505096
0x9e0f8,1,0,file,4296505096
0x9e138,1,0,file,4296505096
0x9e178,1,0,file,4296505096
0x9e1b8,1,0,file,4296505096
0x9e1f8,1,0,file,4296505096
0xbde38,1,0,file,4296505096
0xbde78,1,0,file,4296505096
0xbdeb8,1,0,file,4296505096
0xbdef8,1,0,file,4296505096
0xbdf38,1,0,file,4296505096
0xbdf78,1,0,file,4296505096
0xbdfb8,1,0,file,4296505096
0xbdff8,1,0,file,4296505096
0x8de38,1,0,file,4296505096
0x8de78,1,0,file,4296505096
0x8deb8,1,0,file,4296505096
0x8def8,1,0,file,4296505096
0x8df38,1,0,file,4296505096
0x8df78,1,0,file,4296505096
0x8dfb8,1,0,file,4296505096
0x8dff8,1,0,file,4296505096
0xb2038,1,0,file,4296505096
0xb2078,1,0,file,4296505096
0xb20b8,1,0,file,4296505096
0xb20f8,1,0,file,4296505096
0xb2138,1,0,file,4296505096
0xb2178,1,0,file,4296505096
0xb21b8,1,0,file,4296505096
0xb21f8,1,0,file,4296505096
0x99438,1,0,file,4296505096
0x99478,1,0,file,4296505096
0x994b8,1,0,file,4296505096
0x994f8,1,0,file,4296505096
0x99538,1,0,file,4296505096
0x99578,1,0,file,4296505096
0x995b8,1,0,file,4296505096
0x995f8,1,0,file,4296505096
0x8a438,1,0,file,4296505096
0x8a478,1,0,file,4296505096
0x8a4b8,1,0,file,4296505096
0x10ac35,1,0,file,4296505096
0x10ad45,1,0,file,4296505096
0x10aea9,1,0,file,4296505096
0x10b4da,1,0,file,4296505096
0x10b575,1,0,file,4296505096
0x10b650,1,0,file,4296505096
0x1036c6,1,0,file,4296505096
0x114181,1,0,file,4296505096
0x104af1,1,0,file,4296505096
0x103b46,1,0,file,4296505096
0x10464d,1,0,file,4296505096
0x116be9,1,0,file,4296505096
0x116b68,1,0,file,4296505096
0x114bc6,1,0,file,4296505096
0x8a4f8,1,0,file,4296505096
0x8a538,1,0,file,4296505096
0x8a578,1,0,file,4296505096
0x8a5b8,1,0,file,4296505096
0x8a5f8,1,0,file,4296505096
0x9ba38,1,0,file,4296505096
0x9ba78,1,0,file,4296505096
0x9bab8,1,0,file,4296505096
0x9baf8,1,0,file,4296505096
0x9bb38,1,0,file,4296505096
0x9bb78,1,0,file,4296505096
0x9bbb8,1,0,file,4296505096
0x9bbf8,1,0,file,4296505096
0xaf838,1,0,file,4296505096
0xaf878,1,0,file,4296505096
0xaf8b8,1,0,file,4296505096
0xaf8f8,1,0,file,4296505096
0xaf938,1,0,file,4296505096
0xaf978,1,0,file,4296505096
0xaf9b8,1,0,file,4296505096
0xaf9f8,1,0,file,4296505096
0xa7a38,1,0,file,4296505096
0xa7a78,1,0,file,4296505096
0xa7ab8,1,0,file,4296505096
0xa7af8,1,0,file,4296505096
0xa7b38,1,0,file,4296505096
0xa7b78,1,0,file,4296505096
0xa7bb8,1,0,file,4296505096
0xa7bf8,1,0,file,4296505096
0xb8c38,1,0,file,4296505096
0xb8c78,1,0,file,4296505096
0xb8cb8,1,0,file,4296505096
0xb8cf8,1,0,file,4296505096
0xb8d38,1,0,file,4296505096
0xb8d78,1,0,file,4296505096
0xb8db8,1,0,file,4296505096
0xb8df8,1,0,file,4296505096
0xa7238,1,0,file,4296505096
0xa7278,1,0,file,4296505096
0xa72b8,1,0,file,4296505096
0xa72f8,1,0,file,4296505096
0xa7338,1,0,file,4296505096
0xa7378,1,0,file,4296505096
0xa73b8,1,0,file,4296505096
0xa73f8,1,0,file,4296505096
0xc1838,1,0,file,4296505096
0xc1878,1,0,file,4296505096
0xc18b8,1,0,file,4296505096
0xc18f8,1,0,file,4296505096
0xc1938,1,0,file,4296505096
0xc1978,1,0,file,4296505096
0xc19b8,1,0,file,4296505096
0xc19f8,1,0,file,4296505096
0x92838,1,0,file,4296505096
0x92878,1,0,file,4296505096
0x928b8,1,0,file,4296505096
0x928f8,1,0,file,4296505096
0x92938,1,0,file,4296505096
0x92978,1,0,file,4296505096
0x929b8,1,0,file,4296505096
0x929f8,1,0,file,4296505096
0x98838,1,0,file,4296505096
0x98878,1,0,file,4296505096
0x988b8,1,0,file,4296505096
0x988f8,1,0,file,4296505096
0x98938,1,0,file,4296505096
0x98978,1,0,file,4296505096
0x989b8,1,0,file,4296505096
0x989f8,1,0,file,4296505096
0x86c38,1,0,file,4296505096
0x86c78,1,0,file,4296505096
0x86cb8,1,0,file,4296505096
0x86cf8,1,0,file,4296505096
0x86d38,1,0,file,4296505096
0x86d78,1,0,file,4296505096
0x86db8,1,0,file,4296505096
0x86df8,1,0,file,4296505096
0x8ea38,1,0,file,4296505096
0x8ea78,1,0,file,4296505096
0x8eab8,1,0,file,4296505096
0x8eaf8,1,0,file,4296505096
0x8eb38,1,0,file,4296505096
0x8eb78,1,0,file,4296505096
0x8ebb8,1,0,file,4296505096
0x8ebf8,1,0,file,4296505096
0xaf038,1,0,file,4296505096
0xaf078,1,0,file,4296505096
0xaf0b8,1,0,file,4296505096
0xaf0f8,1,0,file,4296505096
0xaf138,1,0,file,4296505096
0xaf178,1,0,file,4296505096
0xaf1b8,1,0,file,4296505096
0xaf1f8,1,0,file,4296505096
0xb9e38,1,0,file,4296505096
0xb9e78,1,0,file,4296505096
0xb9eb8,1,0,file,4296505096
0xb9ef8,1,0,file,4296505096
0xb9f38,1,0,file,4296505096
0xb9f78,1,0,file,4296505096
0xb9fb8,1,0,file,4296505096
0xb9ff8,1,0,file,4296505096
0xada38,1,0,file,4296505096
0xada78,1,0,file,4296505096
0xadab8,1,0,file,4296505096
0xadaf8,1,0,file,4296505096
0xadb38,1,0,file,4296505096
0xadb78,1,0,file,4296505096
0xadbb8,1,0,file,4296505096
0xadbf8,1,0,file,4296505096
0xa7638,1,0,file,4296505096
0xa7678,1,0,file,4296505096
0xa76b8,1,0,file,4296505096
0xa76f8,1,0,file,4296505096
0xa7738,1,0,file,4296505096
0xa7778,1,0,file,4296505096
0xa77b8,1,0,file,4296505096
0xa77f8,1,0,file,4296505096
0xa2638,1,0,file,4296505096
0xa2678,1,0,file,4296505096
0xa26b8,1,0,file,4296505096
0xa26f8,1,0,file,4296505096
0xa2738,1,0,file,4296505096
0xa2778,1,0,file,4296505096
0xa27b8,1,0,file,4296505096
0xa27f8,1,0,file,4296505096
0x8a038,1,0,file,4296505096
0x8a078,1,0,file,4296505096
0x8a0b8,1,0,file,4296505096
0x8a0f8,1,0,file,4296505096
0x8a138,1,0,file,4296505096
0x8a178,1,0,file,4296505096
0x8a1b8,1,0,file,4296505096
0x8a1f8,1,0,file,4296505096
0xaa838,1,0,file,4296505096
0xaa878,1,0,file,4296505096
0xaa8b8,1,0,file,4296505096
0xaa8f8,1,0,file,4296505096
0xaa938,1,0,file,4296505096
0xaa978,1,0,file,4296505096
0xaa9b8,1,0,file,4296505096
0xaa9f8,1,0,file,4296505096
0x8f638,1,0,file,4296505096
0x8f678,1,0,file,4296505096
0x8f6b8,1,0,file,4296505096
0x8f6f8,1,0,file,4296505096
0x8f738,1,0,file,4296505096
0x8f778,1,0,file,4296505096
0x8f7b8,1,0,file,4296505096
0x8f7f8,1,0,file,4296505096
0x87238,1,0,file,4296505096
0x87278,1,0,file,4296505096
0x872b8,1,0,file,4296505096
0x872f8,1,0,file,4296505096
0x87338,1,0,file,4296505096
0x87378,1,0,file,4296505096
0x873b8,1,0,file,4296505096
0x873f8,1,0,file,4296505096
0x8126f,1,0,file,4296505096
0x5fe99,1,0,file,4296505096
0x8588e,1,0,file,4296505096
0x5b8de,1,0,file,4296505096
0x87088,1,0,file,4296505096
0x870c8,1,0,file,4296505096
0xc0808,1,0,file,4296505096
0xc0848,1,0,file,4296505096
0xc0888,1,0,file,4296505096
0xc08c8,1,0,file,4296505096
0xb7f7a,1,0,file,4296505096
0xb7fba,1,0,file,4296505096
0xb7ffa,1,0,file,4296505096
0x9253a,1,0,file,4296505096
0x9257a,1,0,file,4296505096
0x925ba,1,0,file,4296505096
0x925fa,1,0,file,4296505096
0x8703a,1,0,file,4296505096
0xad77e,1,0,file,4296505096
0x117c23,1,0,file,4296505189
0x1166bf,1,0,file,4296505189
0x1166ff,1,0,file,4296505189
0x11889b,1,0,file,4296505189
0x96d6f,1,0,file,4296505189
0x32fff,1,0,file,4296505189
0x32ff9,1,0,file,4296505189
0xad7be,1,0,file,4296505189
0xad7fe,1,0,file,4296505189
0xb7a3e,1,0,file,4296505189
0xb7a7e,1,0,file,4296505189
0xb7abe,1,0,file,4296505189
0xb7afe,1,0,file,4296505189
0xb7f3e,1,0,file,4296505189
0xbc7a2,1,0,file,4296505189
0xbc7e2,1,0,file,4296505189
0x85f22,1,0,file,4296505189
0x8a742,1,0,file,4296505189
0x8a782,1,0,file,4296505189
0x8a7c2,1,0,file,4296505189
0xad702,1,0,file,4296505189
0xad742,1,0,file,4296505189
0xa46a6,1,0,file,4296505189
0xa46e6,1,0,file,4296505189
0x99626,1,0,file,4296505189
0x99666,1,0,file,4296505189
0x996a6,1,0,file,4296505189
0x996e6,1,0,file,4296505189
0xbc726,1,0,file,4296505189
0xbc766,1,0,file,4296505189
0xb23aa,1,0,file,4296505189
0xb23ea,1,0,file,4296505189
0xa8a2a,1,0,file,4296505189
0xa8a6a,1,0,file,4296505189
0xa8aaa,1,0,file,4296505189
0xa8aea,1,0,file,4296505189
0xa462a,1,0,file,4296505189
0xa466a,1,0,file,4296505189
0x912ae,1,0,file,4296505189
0x912ee,1,0,file,4296505189
0xaff2e,1,0,file,4296505189
0xaff6e,1,0,file,4296505189
0xaffae,1,0,file,4296505189
0xaffee,1,0,file,4296505189
0xb232e,1,0,file,4296505189
0xb236e,1,0,file,4296505189
0xba9d2,1,0,file,4296505189
0x98412,1,0,file,4296505189
0x98452,1,0,file,4296505189
0x92a72,1,0,file,4296505189
0x92ab2,1,0,file,4296505189
0x92af2,1,0,file,4296505189
0x91232,1,0,file,4296505189
0x91272,1,0,file,4296505189
0xa74d6,1,0,file,4296505189
0xa7c16,1,0,file,4296505189
0xa7c56,1,0,file,4296505189
0xa7c96,1,0,file,4296505189
0xa7cd6,1,0,file,4296505189
0xba916,1,0,file,4296505189
0xba956,1,0,file,4296505189
0xba996,1,0,file,4296505189
0xa45da,1,0,file,4296505189
0xa1e1a,1,0,file,4296505189
0xa1e5a,1,0,file,4296505189
0xa1e9a,1,0,file,4296505189
0xa1eda,1,0,file,4296505189
0xa741a,1,0,file,4296505189
0xa745a,1,0,file,4296505189
0xa749a,1,0,file,4296505189
0x8fdce,1,0,file,4296505189
0xa880e,1,0,file,4296505189
0xa884e,1,0,file,4296505189
0xa888e,1,0,file,4296505189
0xa88ce,1,0,file,4296505189
0xa450e,1,0,file,4296505189
0xa454e,1,0,file,4296505189
0xa458e,1,0,file,4296505189
0xa16f2,1,0,file,4296505220
0xafa32,1,0,file,4296505232
0xafa72,1,0,file,4296505232
0xb5892,1,0,file,4296505232
0xb58d2,1,0,file,4296505232
0x8fd12,1,0,file,4296505232
0x8fd52,1,0,file,4296505232
0x8fd92,1,0,file,4296505232
0xafdf6,1,0,file,4296505232
0x8a236,1,0,file,4296505232
0x8a276,1,0,file,4296505232
0x8a2b6,1,0,file,4296505232
0x8a2f6,1,0,file,4296505232
0xa1636,1,0,file,4296505232
0xa1676,1,0,file,4296505240
0xa16b6,1,0,file,4296505240
0xbfafa,1,0,file,4296505240
0x30a20,1,0,file,4296505287
0x30a84,1,0,file,4296505289
0x3006f,1,0,file,4296505289
0x30208,1,0,file,4296505289
0x3278e,1,0,file,4296505289
0x3264f,1,0,file,4296505289
0x324f4,1,0,file,4296505289
0x2ff79,1,0,file,4296505289
0x2f98a,1,0,file,4296505289
0x322ea,1,0,file,4296505289
0x2f4f2,1,0,file,4296505289
0x2f4ea,1,0,file,4296505289
0x323ac,1,0,file,4296505289
0x31ee7,1,0,file,4296505296
0x31e54,1,0,file,4296505296
0x31d9b,1,0,file,4296505296
0x31cf0,1,0,file,4296505296
0x31c79,1,0,file,4296505296
0x2f719,1,0,file,4296505296
0x2f0be,1,0,file,4296505296
0x2f0fe,1,0,file,4296505296
0x2f13e,1,0,file,4296505296
0x2f243,1,0,file,4296505296
0x2f311,1,0,file,4296505305
0x2ed65,1,0,file,4296505305
0x2ee3d,1,0,file,4296505305
0x2e8af,1,0,file,4296505305
0x2eaf4,1,0,file,4296505305
0x2ebf9,1,0,file,4296505305
0x1888,1,0,file,4296505305
0x1baa,1,0,file,4296505305
0x1bae,1,0,file,4296505305
0x1bcf,1,0,file,4296505305
0x1e22,1,0,file,4296505305
0x1f68,1,0,file,4296505305
0x200e,1,0,file,4296505305
0x217a,1,0,file,4296505314
0x227f,1,0,file,4296505340
0x2e971,1,0,file,4296505340
0x2621,1,0,file,4296505340
0x16c5,1,0,file,4296505340
0x29d8,1,0,file,4296505340
0x2b07,1,0,file,4296505340
0x2861,1,0,file,4296505340
0x32317,1,0,file,4296505340
0x1fba,1,0,file,4296505340
0x32154,1,0,file,4296505340
0x166c,1,0,file,4296505340
0x31a18,1,0,file,4296505340
0x2ea69,1,0,file,4296505340
0x339d,1,0,file,4296505340
0x1d49,1,0,file,4296505340
0x1b32,1,0,file,4296505340
0x1b1e,1,0,file,4296505340
0x391c,1,0,file,4296505340
0x3be0,1,0,file,4296505340
0x3ce8,1,0,file,4296505340
0x3d96,1,0,file,4296505340
0x3e54,1,0,file,4296505340
0x4096,1,0,file,4296505340
0x5e54,1,0,file,4296505340
0x60d4,1,0,file,4296505340
0x6159,1,0,file,4296505340
0x61c4,1,0,file,4296505340
0x6343,1,0,file,4296505340
0x6c1b,1,0,file,4296505340
0x6d78,1,0,file,4296505340
0x7086,1,0,file,4296505340
0x7287,1,0,file,4296505340
0x73af,1,0,file,4296505340
0x8c07,1,0,file,4296505340
0x8c9e,1,0,file,4296505340
0x502f,1,0,file,4296505340
0x22fff,1,0,file,4296505340
0x23113,1,0,file,4296505340
0x22e37,1,0,file,4296505340
0x2315e,1,0,file,4296505340
0x229ef,1,0,file,4296505340
0x232a2,1,0,file,4296505340
0x2193b,1,0,file,4296505340
0x7f5ee,1,0,file,4296505379
0x5b56e,1,0,file,4296505383
0x511f7,1,0,file,4296505383
0x7f59c,1,0,file,4296505383
0x67ba5,1,0,file,4296505383
0x75a1f,1,0,file,4296505383
0x675eb,1,0,file,4296505383
0x1c6fd,1,0,file,4296505383
0x6bf2e,1,0,file,4296505383
0x7046e,1,0,file,4296505383
0x60c90,1,0,file,4296505383
0x70464,1,0,file,4296505383
0x5d69e,1,0,file,4296505383
0x6d99b,1,0,file,4296505383
0x7f667,1,0,file,4296505383
0x67c07,1,0,file,4296505383
0x78aa6,1,0,file,4296505383
0x674d4,1,0,file,4296505383
0x723b5,1,0,file,4296505383
0x7acd0,1,0,file,4296505383
0x66c3e,1,0,file,4296505383
0x7f52c,1,0,file,4296505383
0x465d0,1,0,file,4296505383
0x419a4,1,0,file,4296505383
0x429d8,1,0,file,4296505383
0x42896,1,0,file,4296505383
0x3ff52,1,0,file,4296505383
0x6a170,1,0,file,4296505383
0x63e7e,1,0,file,4296505383
0x6ef94,1,0,file,4296505383
0x7f508,1,0,file,4296505395
0x7f57e,1,0,file,4296505395
0x614d0,1,0,file,4296505395
0x62392,1,0,file,4296505395
0x70a34,1,0,file,4296505395
0x5bb12,1,0,file,4296505395
0x60698,1,0,file,4296505395
0x5c07c,1,0,file,4296505395
0x63f1e,1,0,file,4296505395
0x5d360,1,0,file,4296505400
0x5d0cc,1,0,file,4296505400
0x70332,1,0,file,4296505400
0x5dcce,1,0,file,4296505400
0x70460,1,0,file,4296505400
0x673d4,1,0,file,4296505400
0x6e222,1,0,file,4296505400
0x46656,1,0,file,4296505400
0x3d3fe,1,0,file,4296505400
0x415ca,1,0,file,4296505400
0x3f92a,1,0,file,4296505400
0x42952,1,0,file,4296505400
0x409c6,1,0,file,4296505400
0x7b636,1,0,file,4296505400
0x7f562,1,0,file,4296505400
0x6e2f6,1,0,file,4296505400
0x6617e,1,0,file,4296505400
0x6b4e2,1,0,file,4296505400
0x6b7be,1,0,file,4296505400
0x6acaa,1,0,file,4296505400
0x6cb5a,1,0,file,4296505400
0x6b3f2,1,0,file,4296505400
0x7aca2,1,0,file,4296505400
0x7f87a,1,0,file,4296505400
0x45486,1,0,file,4296505400
0x4649e,1,0,file,4296505412
0x4176e,1,0,file,4296505412
0x440be,1,0,file,4296505412
0x3f946,1,0,file,4296505412
0x4289e,1,0,file,4296505412
0x7f51e,1,0,file,4296505412
0x50136,1,0,file,4296505412
0x7add6,1,0,file,4296505412
0x6aa0e,1,0,file,4296505412
0x6a88e,1,0,file,4296505412
0x65636,1,0,file,4296505412
0x7a6fe,1,0,file,4296505412
0x5faf6,1,0,file,4296505416
0x6084e,1,0,file,4296505416
0x807ae,1,0,file,4296505416
0x80dce,1,0,file,4296505416
0x3f9ce,1,0,file,4296505416
0x7e63e,1,0,file,4296505416
0x80dde,1,0,file,4296505416
0x409ee,1,0,file,4296505416
0x7a34e,1,0,file,4296505416
0x80a4e,1,0,file,4296505416
0x7e64e,1,0,file,4296505416
0x80d8e,1,0,file,4296505416
0x7a30e,1,0,file,4296505416
0x7a14e,1,0,file,4296505416
0x80c8e,1,0,file,4296505416
0x80c0e,1,0,file,4296505416
0x80c4e,1,0,file,4296505416
0x80a8e,1,0,file,4296505416
0x80ace,1,0,file,4296505416
0x7a18e,1,0,file,4296505416
0x7a1ce,1,0,file,4296505416
0x80b0e,1,0,file,4296505416
0x80b4e,1,0,file,4296505416
0x80b8e,1,0,file,4296505416
0x80bce,1,0,file,4296505416
0x7fa0e,1,0,file,4296505426
0x7fa4e,1,0,file,4296505426
0x7fa8e,1,0,file,4296505426
0x7face,1,0,file,4296505426
0x7fb0e,1,0,file,4296505426
0x7fb4e,1,0,file,4296505426
0x7fb8e,1,0,file,4296505426
0x7fbce,1,0,file,4296505426
0x7660e,1,0,file,4296505426
0x7664e,1,0,file,4296505426
0x7668e,1,0,file,4296505426
0x766ce,1,0,file,4296505426
0x7670e,1,0,file,4296505426
0x7674e,1,0,file,4296505426
0x7678e,1,0,file,4296505426
0x767ce,1,0,file,4296505426
0x7940e,1,0,file,4296505426
0x7944e,1,0,file,4296505426
0x7948e,1,0,file,4296505426
0x794ce,1,0,file,4296505426
0x7950e,1,0,file,4296505432
0x7954e,1,0,file,4296505432
0x7958e,1,0,file,4296505432
0x795ce,1,0,file,4296505432
0x7a40e,1,0,file,4296505432
0x7a44e,1,0,file,4296505432
0x7a48e,1,0,file,4296505432
0x7a4ce,1,0,file,4296505432
0x7a50e,1,0,file,4296505432
0x7a54e,1,0,file,4296505432
0x7a58e,1,0,file,4296505432
0x7a5ce,1,0,file,4296505432
0x80e0e,1,0,file,4296505432
0x80e4e,1,0,file,4296505432
0x80e8e,1,0,file,4296505432
0x2165f,1,0,file,4296505442
0x2141f,1,0,file,4296505442
0x23b9d,1,0,file,4296505442
0x23c21,1,0,file,4296505442
0x23d66,1,0,file,4296505442
0x23f3c,1,0,file,4296505442
0x2429a,1,0,file,4296505442
0x24e17,1,0,file,4296505442
0x254ea,1,0,file,4296505445
0x25777,1,0,file,4296505445
0x2579c,1,0,file,4296505445
0x25981,1,0,file,4296505445
0x25aa9,1,0,file,4296505447
0x25b0c,1,0,file,4296505448
0x25bd1,1,0,file,4296505450
0x263f6,1,0,file,4296505450
0x26a79,1,0,file,4296505450
0x26bb9,1,0,file,4296505450
0x26d50,1,0,file,4296505450
0x270e7,1,0,file,4296505450
0x27388,1,0,file,4296505450
0x2744a,1,0,file,4296505450
0x27bc6,1,0,file,4296505450
0x27be9,1,0,file,4296505450
0x279b1,1,0,file,4296505450
0x22185,1,0,file,4296505450
0x264c2,1,0,file,4296505450
0x27a96,1,0,file,4296505450
0x28090,1,0,file,4296505450
0x284b6,1,0,file,4296505450
0x28490,1,0,file,4296505450
0x287a9,1,0,file,4296505450
0x2884a,1,0,file,4296505450
0x288cc,1,0,file,4296505450
0x28b67,1,0,file,4296505450
0x28bc7,1,0,file,4296505450
0x28c8b,1,0,file,4296505450
0x2911d,1,0,file,4296505450
0x291c7,1,0,file,4296505450
0x2922a,1,0,file,4296505450
0x292ac,1,0,file,4296505450
0x2932e,1,0,file,4296505456
0x293b1,1,0,file,4296505456
0x28f48,1,0,file,4296505456
0x28fb8,1,0,file,4296505456
0x2901b,1,0,file,4296505456
0x295f6,1,0,file,4296505456
0x299b8,1,0,file,4296505456
0x29c25,1,0,file,4296505456
0x29b9e,1,0,file,4296505456
0x29e34,1,0,file,4296505456
0x2a021,1,0,file,4296505459
0x2a14e,1,0,file,4296505459
0x2a30c,1,0,file,4296505459
0x2a3f6,1,0,file,4296505459
0x2a62d,1,0,file,4296505459
0x2a77f,1,0,file,4296505459
0x2a979,1,0,file,4296505459
0x2aa32,1,0,file,4296505459
0x2adbd,1,0,file,4296505459
0x2ae49,1,0,file,4296505459
0x2af1a,1,0,file,4296505459
0x2b053,1,0,file,4296505459
0x2b1b8,1,0,file,4296505459
0x2b31d,1,0,file,4296505459
0x2b443,1,0,file,4296505459
0x2b79f,1,0,file,4296505459
0x2b9a5,1,0,file,4296505459
0x2bc83,1,0,file,4296505518
0x2bd9f,1,0,file,4296505518
0x2bfc2,1,0,file,4296505518
0x2c13f,1,0,file,4296505518
0x2c316,1,0,file,4296505518
0x2c525,1,0,file,4296505518
0x2c64a,1,0,file,4296505521
0x2c762,1,0,file,4296505521
0x2cc64,1,0,file,4296505521
0x2ce73,1,0,file,4296505521
0x2cef3,1,0,file,4296505521
0x2d1ae,1,0,file,4296505521
0x2d64e,1,0,file,4296505521
0x2d996,1,0,file,4296505521
0x2db28,1,0,file,4296505521
0x2e064,1,0,file,4296505521
0x2e526,1,0,file,4296505521
0x2e5ef,1,0,file,4296505521
0x2e727,1,0,file,4296505521
0x33945,1,0,file,4296505521
0x33a9b,1,0,file,4296505521
0x33adb,1,0,file,4296505521
0x33d4f,1,0,file,4296505521
0x33fe1,1,0,file,4296505521
0x342e1,1,0,file,4296505521
0x34364,1,0,file,4296505521
0x3445b,1,0,file,4296505521
0x345cd,1,0,file,4296505521
0x34c78,1,0,file,4296505521
0x34e33,1,0,file,4296505521
0x34f6b,1,0,file,4296505521
0x35073,1,0,file,4296505521
0x351f7,1,0,file,4296505521
0x35377,1,0,file,4296505521
0x352f9,1,0,file,4296505521
0x357b5,1,0,file,4296505521
0x35bb4,1,0,file,4296505521
0x35db6,1,0,file,4296505521
0x35f5d,1,0,file,4296505521
0x36006,1,0,file,4296505521
0x360e5,1,0,file,4296505521
0x36192,1,0,file,4296505521
0x36241,1,0,file,4296505521
0x3643b,1,0,file,4296505521
0x36501,1,0,file,4296505521
0x365f5,1,0,file,4296505521
0x3683a,1,0,file,4296505521
0x36931,1,0,file,4296505521
0x36a91,1,0,file,4296505521
0x36b3a,1,0,file,4296505528
0x36bf7,1,0,file,4296505528
0x36d17,1,0,file,4296505528
0x36d95,1,0,file,4296505528
0x36e38,1,0,file,4296505528
0x36fb9,1,0,file,4296505528
0x3706b,1,0,file,4296505528
0x370ac,1,0,file,4296505528
0x3716a,1,0,file,4296505528
0x37436,1,0,file,4296505531
0x3765a,1,0,file,4296505531
0x3784d,1,0,file,4296505531
0x378c5,1,0,file,4296505531
0x37ad2,1,0,file,4296505531
0x37c4b,1,0,file,4296505531
0x37e61,1,0,file,4296505531
0x37f30,1,0,file,4296505531
0x38cc8,1,0,file,4296505531
0x4874a,1,0,file,4296505531
0x4992c,1,0,file,4296505531
0x4abe0,1,0,file,4296505531
0x4aca3,1,0,file,4296505531
0x4cf2a,1,0,file,4296505531
0x3fbd9,1,0,file,4296505531
0x55d96,1,0,file,4296505531
0x4781d,1,0,file,4296505531
0x47056,1,0,file,4296505531
0x476a1,1,0,file,4296505531
0x46d1d,1,0,file,4296505531
0x20d56,1,0,file,4296505531
0x46fe1,1,0,file,4296505531
0x46831,1,0,file,4296505531
0x45f23,1,0,file,4296505531
0x456c4,1,0,file,4296505531
0x44f0c,1,0,file,4296505531
0x44689,1,0,file,4296505531
0x3a076,1,0,file,4296505531
0x3ca55,1,0,file,4296505531
0x57cee,1,0,file,4296505538
0x4178d,1,0,file,4296505538
0x57e86,1,0,file,4296505538
0x57f87,1,0,file,4296505538
0x3e35f,1,0,file,4296505538
0x3e5a0,1,0,file,4296505538
0x3df5d,1,0,file,4296505538
0x3e0e8,1,0,file,4296505538
0x3e1ab,1,0,file,4296505538
0x3deda,1,0,file,4296505538
0x3d6a2,1,0,file,4296505538
0x58494,1,0,file,4296505538
0x58585,1,0,file,4296505580
0x585ea,1,0,file,4296505580
0x58687,1,0,file,4296505580
0x5874e,1,0,file,4296505580
0x587d6,1,0,file,4296505580
0x588e6,1,0,file,4296505580
0x58987,1,0,file,4296505580
0x58ae2,1,0,file,4296505580
0x12dcb,1,0,file,4296505580
0x1b08c,1,0,file,4296505580
0x2006f,1,0,file,4296505580
0x53ef,1,0,file,4296505580
0x9f31,1,0,file,4296505580
0xa026,1,0,file,4296505580
0x55c91,1,0,file,4296505580
0x55998,1,0,file,4296505580
0xa0a7,1,0,file,4296505580
0xa27f,1,0,file,4296505580
0x55a7e,1,0,file,4296505580
0x55b02,1,0,file,4296505580
0x55b42,1,0,file,4296505580
0x557e6,1,0,file,4296505580
0x556f4,1,0,file,4296505580
0x5592d,1,0,file,4296505580
0x54e65,1,0,file,4296505580
0x54c99,1,0,file,4296505580
0xd86b,1,0,file,4296505580
0x3d7dc,1,0,file,4296505588
0x40995,1,0,file,4296505588
0x10ca94,1,0,file,4296505588
0x103fcb,1,0,file,4296505588
0x4ed6c,1,0,file,4296505588
0x57fd4,1,0,file,4296505588
0x116656,1,0,file,4296505588
0x10754e,1,0,file,4296505588
0x15e8f,1,0,file,4296505595
0x2b539,1,0,file,4296505596
0x35f0e,1,0,file,4296505596
0x36bcb,1,0,file,4296505596
0x36ee8,1,0,file,4296505596
0x3ef98,1,0,file,4296505596
0x49729,1,0,file,4296505596
0x40c17,1,0,file,4296505596
0x4c94b,1,0,file,4296505596
0x40cd4,1,0,file,4296505596
0x40f31,1,0,file,4296505596
0x98b6,1,0,file,4296505596
0x3e131,1,0,file,4296505596
0x80080,1,0,file,4296505596
0x648cd,1,0,file,4296505596
0x11cbd,1,0,file,4296505596
0x3c422,1,0,file,4296505596
0x4ad58,1,0,file,4296505596
0x4ad98,1,0,file,4296505596
0x4add8,1,0,file,4296505596
0x4a99d,1,0,file,4296505596
0x103fee,1,0,file,4296505596
0x1b262,1,0,file,4296505596
0x503b,1,0,file,4296505596
0x20552,1,0,file,4296505596
0x1967d,1,0,file,4296505596
0x58c6,1,0,file,4296505596
0x114915,1,0,file,4296505596
0x118b82,1,0,file,4296505596
0x11974b,1,0,file,4296505596
0x114aa0,1,0,file,4296505596
0x11a6f0,1,0,file,4296505596
0x114c8a,1,0,file,4296505596
0x11a515,1,0,file,4296505596
0x11a7d0,1,0,file,4296505596
0x11a850,1,0,file,4296505596
0x11a941,1,0,file,4296505596
0x11aa2a,1,0,file,4296505596
0x11ab04,1,0,file,4296505596
0x11976d,1,0,file,4296505596
0x11ab13,1,0,file,4296505596
0x11b319,1,0,file,4296505596
0x11b3be,1,0,file,4296505596
0x10acaf,1,0,file,4296505596
0x10adec,1,0,file,4296505596
0x10ae4a,1,0,file,4296505596
0x119966,1,0,file,4296505596
0x80ece,1,0,file,4296505596
0x80f0e,1,0,file,4296505596
0x80f4e,1,0,file,4296505596
0x80f8e,1,0,file,4296505596
0x80fce,1,0,file,4296505596
0x7fc0e,1,0,file,4296505596
0x7fc4e,1,0,file,4296505596
0x7fc8e,1,0,file,4296505596
0x7fcce,1,0,file,4296505596
0x7fd0e,1,0,file,4296505596
0x7fd4e,1,0,file,4296505611
0x7fd8e,1,0,file,4296505611
0x7fdce,1,0,file,4296505611
0x7fe0e,1,0,file,4296505611
0x7fe4e,1,0,file,4296505611
0x7fe8e,1,0,file,4296505611
0x7fece,1,0,file,4296505611
0x7ff0e,1,0,file,4296505611
0x7ff4e,1,0,file,4296505611
0x7ff8e,1,0,file,4296505611
0x7ffce,1,0,file,4296505611
0x7f00e,1,0,file,4296505611
0x7f04e,1,0,file,4296505616
0x7f08e,1,0,file,4296505616
0x7f0ce,1,0,file,4296505616
0x7f10e,1,0,file,4296505616
0x7f14e,1,0,file,4296505616
0x7f18e,1,0,file,4296505616
0x7f1ce,1,0,file,4296505616
0x7f20e,1,0,file,4296505616
0x7f24e,1,0,file,4296505616
0x7f28e,1,0,file,4296505616
0x7f2ce,1,0,file,4296505616
0x7f30e,1,0,file,4296505616
0x7f34e,1,0,file,4296505616
0x7f38e,1,0,file,4296505616
0x7f3ce,1,0,file,4296505616
0x7a80e,1,0,file,4296505616
0x7a84e,1,0,file,4296505616
0x7a88e,1,0,file,4296505616
0x7a8ce,1,0,file,4296505616
0x7a90e,1,0,file,4296505616
0x7a94e,1,0,file,4296505616
0x7a98e,1,0,file,4296505616
0x7a9ce,1,0,file,4296505616
0x7aa0e,1,0,file,4296505616
0x7aa4e,1,0,file,4296505616
0x7aa8e,1,0,file,4296505616
0x7aace,1,0,file,4296505616
0x7ab0e,1,0,file,4296505616
0x7ab4e,1,0,file,4296505616
0x7ab8e,1,0,file,4296505616
0x7abce,1,0,file,4296505616
0x7b80e,1,0,file,4296505616
0x7b84e,1,0,file,4296505616
0x7b88e,1,0,file,4296505616
0x7b8ce,1,0,file,4296505616
0x7b90e,1,0,file,4296505616
0x7b94e,1,0,file,4296505616
0x7b98e,1,0,file,4296505616
0x7b9ce,1,0,file,4296505616
0x7ba0e,1,0,file,4296505616
0x7ba4e,1,0,file,4296505616
0x7ba8e,1,0,file,4296505616
0x7bace,1,0,file,4296505616
0x7bb0e,1,0,file,4296505616
0x7bb4e,1,0,file,4296505616
0x7bb8e,1,0,file,4296505616
0x7bbce,1,0,file,4296505616
0x7bc0e,1,0,file,4296505626
0x7bc4e,1,0,file,4296505626
0x7bc8e,1,0,file,4296505626
0x7bcce,1,0,file,4296505626
0x7bd0e,1,0,file,4296505626
0x7bd4e,1,0,file,4296505626
0x7bd8e,1,0,file,4296505626
0x7bdce,1,0,file,4296505626
0x7be0e,1,0,file,4296505626
0x7be4e,1,0,file,4296505626
0x7be8e,1,0,file,4296505626
0x7bece,1,0,file,4296505626
0x7bf0e,1,0,file,4296505626
0x7bf4e,1,0,file,4296505626
0x7bf8e,1,0,file,4296505626
0x7bfce,1,0,file,4296505626
0x7c00e,1,0,file,4296505626
0x7c04e,1,0,file,4296505626
0x7c08e,1,0,file,4296505626
0x7c0ce,1,0,file,4296505626
0x7c10e,1,0,file,4296505626
0x7c14e,1,0,file,4296505626
0x7c18e,1,0,file,4296505626
0x7c1ce,1,0,file,4296505626
0x7c20e,1,0,file,4296505626
0x7c24e,1,0,file,4296505626
0x7c28e,1,0,file,4296505633
0x7c2ce,1,0,file,4296505633
0x7c30e,1,0,file,4296505633
0x7c34e,1,0,file,4296505633
0x7c38e,1,0,file,4296505633
0x7c3ce,1,0,file,4296505633
0x7c40e,1,0,file,4296505633
0x7c44e,1,0,file,4296505633
0x7c48e,1,0,file,4296505633
0x7c4ce,1,0,file,4296505633
0x7c50e,1,0,file,4296505633
0x7c54e,1,0,file,4296505633
0x7c58e,1,0,file,4296505633
0x7c5ce,1,0,file,4296505633
0x7c60e,1,0,file,4296505633
0x7c64e,1,0,file,4296505638
0x7c68e,1,0,file,4296505638
0x7c6ce,1,0,file,4296505638
0x7c70e,1,0,file,4296505638
0x7c74e,1,0,file,4296505638
0x7c78e,1,0,file,4296505641
0x7c7ce,1,0,file,4296505641
0x7c80e,1,0,file,4296505641
0x7c84e,1,0,file,4296505641
0x7c88e,1,0,file,4296505641
0x7c8ce,1,0,file,4296505641
0x7c90e,1,0,file,4296505641
0x7c94e,1,0,file,4296505644
0x7c98e,1,0,file,4296505644
0x7c9ac,1,0,file,4296505644
0x6e53e,1,0,file,4296505644
0x789e7,1,0,file,4296505644
0x7a02f,1,0,file,4296505644
0x7a069,1,0,file,4296505644
0x7a0a6,1,0,file,4296505649
0x7a10d,1,0,file,4296505649
0x78809,1,0,file,4296505649
0x7884c,1,0,file,4296505649
0x78898,1,0,file,4296505649
0x788d3,1,0,file,4296505649
0x7891a,1,0,file,4296505649
0x5bd86,1,0,file,4296505649
0x5bd28,1,0,file,4296505649
0x7895b,1,0,file,4296505649
0x78998,1,0,file,4296505649
0x802d5,1,0,file,4296505649
0x8001d,1,0,file,4296505649
0x80072,1,0,file,4296505649
0x800c1,1,0,file,4296505649
0x78871,1,0,file,4296505649
0x80144,1,0,file,4296505649
0x80184,1,0,file,4296505649
0x7a3c8,1,0,file,4296505649
0x78b0e,1,0,file,4296505649
0x78b4b,1,0,file,4296505649
0x78b8b,1,0,file,4296505649
0x78bdc,1,0,file,4296505649
0x46864,1,0,file,4296505649
0x46903,1,0,file,4296505649
0x78bf7,1,0,file,4296505649
0x8023c,1,0,file,4296505649
0x80283,1,0,file,4296505649
0x802c8,1,0,file,4296505649
0x3360f,1,0,file,4296505649
0xdbcfc,1,0,file,4296505649
0x63828,1,0,file,4296505649
0x24e02,1,0,file,4296505649
0x254bd,1,0,file,4296505649
0x2795c,1,0,file,4296505649
0x198b1,1,0,file,4296505649
0x293e5,1,0,file,4296505649
0x29d71,1,0,file,4296505649
0x2a434,1,0,file,4296505649
0x2a4c7,1,0,file,4296505649
0x2ade9,1,0,file,4296505649
0x2aef8,1,0,file,4296505649
0x2b63f,1,0,file,4296505649
0x2bdb5,1,0,file,4296505649
0x27dc0,1,0,file,4296505649
0x2c420,1,0,file,4296505649
0x2cb78,1,0,file,4296505649
0x351e7,1,0,file,4296505659
0x354fc,1,0,file,4296505659
0x359c6,1,0,file,4296505659
0x35a9f,1,0,file,4296505659
0x35cd0,1,0,file,4296505659
0x35ee4,1,0,file,4296505659
0x36426,1,0,file,4296505659
0x36e1c,1,0,file,4296505659
0x370d4,1,0,file,4296505659
0x37147,1,0,file,4296505659
0x37777,1,0,file,4296505659
0x3a908,1,0,file,4296505659
0x4c1d8,1,0,file,4296505659
0x47946,1,0,file,4296505659
0x109c98,1,0,file,4296505659
0x30f3a,1,0,file,4296505659
0x1150d9,1,0,file,4296505659
0x105416,1,0,file,4296505659
0x105611,1,0,file,4296505659
0x10d1d1,1,0,file,4296505659
0x11948d,1,0,file,4296505666
0x45dc,1,0,file,4296505666
0x27ed,1,0,file,4296505666
0x51b7,1,0,file,4296505666
0x547a,1,0,file,4296505666
0x1150ab,1,0,file,4296505666
0x328b1,1,0,file,4296505666
0x327f3,1,0,file,4296505666
0x2fef2,1,0,file,4296505666
0x620a,1,0,file,4296505666
0x6c96,1,0,file,4296505666
0x7047,1,0,file,4296505666
0x72c3,1,0,file,4296505666
0x74af,1,0,file,4296505666
0x108b28,1,0,file,4296505666
0x117759,1,0,file,4296505666
0x1177bb,1,0,file,4296505666
0x116d1a,1,0,file,4296505666
0x10659e,1,0,file,4296505666
0x117ece,1,0,file,4296505666
0x1064df,1,0,file,4296505666
0x1080e3,1,0,file,4296505666
0x117614,1,0,file,4296505666
0x102104,1,0,file,4296505666
0x10104c,1,0,file,4296505666
0x10100e,1,0,file,4296505666
0x102128,1,0,file,4296505666
0x1023d6,1,0,file,4296505666
0x10210b,1,0,file,4296505666
0x10238b,1,0,file,4296505666
0x106a8e,1,0,file,4296505666
0x102626,1,0,file,4296505666
0x106516,1,0,file,4296505666
0x106a5a,1,0,file,4296505666
0x106e1a,1,0,file,4296505666
0x10801b,1,0,file,4296505666
0x17b27,1,0,file,4296505675
0x52b0f,1,0,file,4296505675
0x5154a,1,0,file,4296505675
0x16250,1,0,file,4296505675
0x1e859,1,0,file,4296505675
0x1e725,1,0,file,4296505675
0x1c600,1,0,file,4296505675
0x1b0e4,1,0,file,4296505675
0x1ad4e,1,0,file,4296505675
0x1a7c8,1,0,file,4296505675
0x190d7,1,0,file,4296505675
0x19389,1,0,file,4296505675
0x11ddd,1,0,file,4296505675
0x12396,1,0,file,4296505675
0x11f60,1,0,file,4296505675
0x11d68,1,0,file,4296505675
0x14700,1,0,file,4296505675
0x5a6a1,1,0,file,4296505675
0x108a0,1,0,file,4296505675
0x1171e,1,0,file,4296505675
0x10e1e,1,0,file,4296505675
0xd559,1,0,file,4296505675
0xd599,1,0,file,4296505675
0xd199,1,0,file,4296505675
0xd419,1,0,file,4296505675
0x1a293,1,0,file,4296505675
0x13493,1,0,file,4296505675
0xded3,1,0,file,4296505675
0x22d99,1,0,file,4296505682
0x69cf5,1,0,file,4296505682
0x497aa,1,0,file,4296505682
0x45b63,1,0,file,4296505682
0x4c71d,1,0,file,4296505682
0x4ba43,1,0,file,4296505682
0x48cb7,1,0,file,4296505682
0x48cbb,1,0,file,4296505682
0x48dae,1,0,file,4296505682
0x4ca10,1,0,file,4296505682
0x4ca8a,1,0,file,4296505682
0x4cb60,1,0,file,4296505682
0x4cd14,1,0,file,4296505682
0x4cf97,1,0,file,4296505682
0x6b89e,1,0,file,4296505682
0x11b2f8,1,0,file,4296505682
0x11535a,1,0,file,4296505682
0x114ac8,1,0,file,4296505682
0x32bd6,1,0,file,4296505682
0x2fe3d,1,0,file,4296505682
0x31fdf,1,0,file,4296505690
0x31a03,1,0,file,4296505691
0x2fe20,1,0,file,4296505691
0x31994,1,0,file,4296505691
0x318f5,1,0,file,4296505691
0x318b1,1,0,file,4296505691
0x317ec,1,0,file,4296505691
0x2571,1,0,file,4296505691
0x234a,1,0,file,4296505691
0x114528,1,0,file,4296505691
0x1148bf,1,0,file,4296505691
0x1152b7,1,0,file,4296505691
0x4dc7a,1,0,file,4296505691
0x3076a,1,0,file,4296505691
0x3bdb8,1,0,file,4296505691
0x195c,1,0,file,4296505691
0x4774,1,0,file,4296505691
0x13b4,1,0,file,4296505691
0x307c3,1,0,file,4296505691
0x307e2,1,0,file,4296505691
0x109140,1,0,file,4296505691
0xc406e,1,0,file,4296505691
0x47bfa,1,0,file,4296505691
0x32ce3,1,0,file,4296505691
0x130fd,1,0,file,4296505691
0x13109,1,0,file,4296505691
0x3a29,1,0,file,4296505691
0x1040cc,1,0,file,4296505698
0x119933,1,0,file,4296505698
0x11989e,1,0,file,4296505698
0x1194af,1,0,file,4296505698
0x119a79,1,0,file,4296505698
0x357e,1,0,file,4296505698
0x168ae,1,0,file,4296505698
0x23662,1,0,file,4296505698
0x3c2e4,1,0,file,4296505698
0x503fa,1,0,file,4296505698
0x1148fe,1,0,file,4296505698
0x119382,1,0,file,4296505698
0x1b34a,1,0,file,4296505698
0x1c032,1,0,file,4296505698
0x1c614,1,0,file,4296505698
0x1c9ca,1,0,file,4296505698
0x1e1e9,1,0,file,4296505698
0x1e7e6,1,0,file,4296505698
0x1eda1,1,0,file,4296505698
0x3ab8b,1,0,file,4296505698
0x23052,1,0,file,4296505698
0x792b0,1,0,file,4296505698
0x322c5,1,0,file,4296505698
0x4a5c1,1,0,file,4296505698
0x5f965,1,0,file,4296505698
0x5f9ab,1,0,file,4296505698
0x647f6,1,0,file,4296505698
0x67275,1,0,file,4296505698
0x7103b,1,0,file,4296505698
0x127ed,1,0,file,4296505698
0x153ba,1,0,file,4296505698
0xde90,1,0,file,4296505698
0x105f52,1,0,file,4296505698
0x1155b3,1,0,file,4296505707
0x5ae2,1,0,file,4296505707
0x544a,1,0,file,4296505707
0x103658,1,0,file,4296505707
0x103972,1,0,file,4296505707
0x103b19,1,0,file,4296505707
0x103abf,1,0,file,4296505707
0x103d9f,1,0,file,4296505707
0x103ee4,1,0,file,4296505707
0x1042a3,1,0,file,4296505707
0x104e8d,1,0,file,4296505707
0x109cd7,1,0,file,4296505707
0x10d428,1,0,file,4296505707
0x10da3a,1,0,file,4296505707
0x10e3e5,1,0,file,4296505707
0x10ed38,1,0,file,4296505707
0x10f41c,1,0,file,4296505707
0x10f5cb,1,0,file,4296505714
0x10f956,1,0,file,4296505714
0x10d43b,1,0,file,4296505714
0x10fc5d,1,0,file,4296505714
0x114026,1,0,file,4296505714
0x1048d5,1,0,file,4296505714
0x10e31d,1,0,file,4296505714
0x33311,1,0,file,4296505714
0x33052,1,0,file,4296505714
0x332ae,1,0,file,4296505714
0x3087a,1,0,file,4296505714
0x32d88,1,0,file,4296505714
0x30b68,1,0,file,4296505714
0x96dfe,1,0,file,4296505714
0x97540,1,0,file,4296505714
0x2f902,1,0,file,4296505714
0x2f5a3,1,0,file,4296505714
0x2f670,1,0,file,4296505714
0x2f6f5,1,0,file,4296505714
0x2f27e,1,0,file,4296505714
0x2ec6e,1,0,file,4296505714
0x2ed93,1,0,file,4296505714
0x13142,1,0,file,4296505829
0x133f8,1,0,file,4296505829
0x10ae8f,1,0,file,4296505829
0x11b2d9,1,0,file,4296505829
0x10afb5,1,0,file,4296505829
0x10b474,1,0,file,4296505829
0x10b5e0,1,0,file,4296505829
0x10b74e,1,0,file,4296505829
0x7a79d,1,0,file,4296505829
0x7a7e5,1,0,file,4296505829
0x80d2f,1,0,file,4296505829
0x7f997,1,0,file,4296505829
0x7f9c6,1,0,file,4296505829
0x7b79a,1,0,file,4296505829
0x7a393,1,0,file,4296505829
0x7f457,1,0,file,4296505829
0x7f496,1,0,file,4296505829
0x7f4d8,1,0,file,4296505829
0x7b71b,1,0,file,4296505829
0x7f95b,1,0,file,4296505829
0x3c48c,1,0,file,4296505829
0x7b7ea,1,0,file,4296505829
0x45585,1,0,file,4296505829
0x7a103,1,0,file,4296505829
0x7a752,1,0,file,4296505829
0x7967d,1,0,file,4296505829
0x796c1,1,0,file,4296505834
0x65503,1,0,file,4296505834
0x65538,1,0,file,4296505834
0x65573,1,0,file,4296505834
0x655b0,1,0,file,4296505834
0x655fc,1,0,file,4296505834
0x7f452,1,0,file,4296505834
0x657e6,1,0,file,4296505834
0x3fbd2,1,0,file,4296505834
0x4389,1,0,file,4296505834
0x2ff37,1,0,file,4296505834
0x30107,1,0,file,4296505834
0x88d9,1,0,file,4296505834
0x8e40,1,0,file,4296505834
0x1064aa,1,0,file,4296505834
0x108b98,1,0,file,4296505834
0x5a6d3,1,0,file,4296505834
0x5a733,1,0,file,4296505834
0x103c11,1,0,file,4296505834
0x1037f8,1,0,file,4296505834
0x1035de,1,0,file,4296505834
0x103722,1,0,file,4296505834
0x3c277,1,0,file,4296505834
0x2387,1,0,file,4296505834
0x23d2,1,0,file,4296505834
0x2418,1,0,file,4296505834
0x245c,1,0,file,4296505834
0x300f,1,0,file,4296505834
0x4f6b,1,0,file,4296505834
0x1150c9,1,0,file,4296505834
0x1194d1,1,0,file,4296505834
0x119745,1,0,file,4296505834
0x11970e,1,0,file,4296505834
0x1bef,1,0,file,4296505834
0x1c77,1,0,file,4296505834
0x21f4,1,0,file,4296505834
0x29ef,1,0,file,4296505834
0x284a,1,0,file,4296505834
0x31e7,1,0,file,4296505834
0x3274,1,0,file,4296505834
0x3302,1,0,file,4296505834
0x44eb,1,0,file,4296505834
0x512f,1,0,file,4296505834
0x4823,1,0,file,4296505834
0x43d7,1,0,file,4296505834
0x116a63,1,0,file,4296505834
0x10558f,1,0,file,4296505834
0x10e530,1,0,file,4296505834
0x105c69,1,0,file,4296505834
0x1154a3,1,0,file,4296505834
0x115382,1,0,file,4296505834
0x1152b8,1,0,file,4296505834
0x118ad3,1,0,file,4296505834
0x3b6d6,1,0,file,4296505834
0x2d3c,1,0,file,4296505834
0x11acca,1,0,file,4296505834
0x4cd79,1,0,file,4296505834
0x5637d,1,0,file,4296505834
0x10e6c1,1,0,file,4296505834
0x4816f,1,0,file,4296505834
0x1151e9,1,0,file,4296505847
0x40bac,1,0,file,4296505847
0x41c43,1,0,file,4296505847
0x41cd9,1,0,file,4296505847
0x42cdd,1,0,file,4296505847
0x3ef67,1,0,file,4296505847
0x40068,1,0,file,4296505847
0x3e7a8,1,0,file,4296505847
0x42f1a,1,0,file,4296505847
0x3e2f1,1,0,file,4296505847
0x55267,1,0,file,4296505847
0x1149a5,1,0,file,4296505847
0x2232c,1,0,file,4296505847
0x63777,1,0,file,4296505847
0x12ab6,1,0,file,4296505847
0x1281d,1,0,file,4296505847
0x12239,1,0,file,4296505847
0x108f48,1,0,file,4296505847
0x115544,1,0,file,4296505847
0x1198d5,1,0,file,4296505847
0x11561e,1,0,file,4296505847
0x5ae0,1,0,file,4296505847
0x4b16b,1,0,file,4296505847
0x468d1,1,0,file,4296505847
0x10ec,1,0,file,4296505847
0x21229,1,0,file,4296505847
0x3c4c0,1,0,file,4296505847
0x4158,1,0,file,4296505847
0x351f,1,0,file,4296505847
0x2f39f,1,0,file,4296505847
0x52aa,1,0,file,4296505847
0x56c2,1,0,file,4296505847
0x5d12,1,0,file,4296505847
0x5490,1,0,file,4296505847
0x61e0,1,0,file,4296505847
0x6dcc,1,0,file,4296505847
0x6e61,1,0,file,4296505847
0x6ebf,1,0,file,4296505847
0x7134,1,0,file,4296505847
0x7238,1,0,file,4296505847
0x7465,1,0,file,4296505847
0x760b,1,0,file,4296505847
0x771e,1,0,file,4296505847
0x7a05,1,0,file,4296505847
0x7cc0,1,0,file,4296505847
0x7d9c,1,0,file,4296505847
0x7ed0,1,0,file,4296505847
0x7f35,1,0,file,4296505847
0x81b7,1,0,file,4296505847
0x8a77,1,0,file,4296505847
0x8b5f,1,0,file,4296505847
0x4b42,1,0,file,4296505847
0x8e87,1,0,file,4296505847
0x8fa6,1,0,file,4296505847
0x8281,1,0,file,4296505847
0x9031,1,0,file,4296505847
0x9152,1,0,file,4296505847
0x921a,1,0,file,4296505847
0x933a,1,0,file,4296505847
0x941a,1,0,file,4296505847
0x94ba,1,0,file,4296505847
0x957a,1,0,file,4296505847
0x963a,1,0,file,4296505847
0x96fa,1,0,file,4296505847
0x97da,1,0,file,4296505847
0x989a,1,0,file,4296505847
0x9937,1,0,file,4296505847
0x99f7,1,0,file,4296505847
0x9ab7,1,0,file,4296505847
0x9b77,1,0,file,4296505847
0x9c37,1,0,file,4296505847
0x30e0e,1,0,file,4296505847
0x8d38,1,0,file,4296505847
0x82e7,1,0,file,4296505847
0x8cc1,1,0,file,4296505847
0x7825,1,0,file,4296505847
0x7a74,1,0,file,4296505847
0x7e5d,1,0,file,4296505847
0x7029,1,0,file,4296505847
0x9d8f,1,0,file,4296505847
0x9e4f,1,0,file,4296505847
0x9f0f,1,0,file,4296505847
0x9d06,1,0,file,4296505847
0xa03c,1,0,file,4296505847
0xa0fc,1,0,file,4296505847
0xa1bc,1,0,file,4296505847
0xa265,1,0,file,4296505847
0xa325,1,0,file,4296505847
0xa450,1,0,file,4296505847
0xa9bf,1,0,file,4296505847
0xaa67,1,0,file,4296505847
0xabd2,1,0,file,4296505847
0xa8f2,1,0,file,4296505847
0xadfe,1,0,file,4296505847
0xae98,1,0,file,4296505847
0xb0c0,1,0,file,4296505847
0xaff7,1,0,file,4296505847
0xb1c5,1,0,file,4296505847
0xb2a7,1,0,file,4296505847
0xb327,1,0,file,4296505847
0xb49e,1,0,file,4296505847
0xb41e,1,0,file,4296505847
0xb5d2,1,0,file,4296505847
0xb661,1,0,file,4296505847
0xb850,1,0,file,4296505847
0xb8dd,1,0,file,4296505847
0xb783,1,0,file,4296505847
0xba08,1,0,file,4296505847
0xbac1,1,0,file,4296505847
0xbbc4,1,0,file,4296505847
0xbc76,1,0,file,4296505847
0xbd3d,1,0,file,4296505847
0xbdb1,1,0,file,4296505847
0xb9dd,1,0,file,4296505847
0xbe7c,1,0,file,4296505847
0xbec6,1,0,file,4296505847
0xbfc9,1,0,file,4296505847
0xc0a8,1,0,file,4296505847
0xc187,1,0,file,4296505847
0xc1da,1,0,file,4296505847
0xc305,1,0,file,4296505847
0xc398,1,0,file,4296505847
0xc486,1,0,file,4296505847
0xc4e8,1,0,file,4296505847
0xc544,1,0,file,4296505847
0xc605,1,0,file,4296505847
0xc5a1,1,0,file,4296505847
0xc82c,1,0,file,4296505847
0xc93e,1,0,file,4296505847
0xcaa4,1,0,file,4296505847
0xcb73,1,0,file,4296505847
0xc7ef,1,0,file,4296505847
0xcc75,1,0,file,4296505847
0xcc1d,1,0,file,4296505847
0xce8a,1,0,file,4296505847
0xcef5,1,0,file,4296505847
0xd12c,1,0,file,4296505847
0xd211,1,0,file,4296505847
0xd2c1,1,0,file,4296505847
0xd320,1,0,file,4296505847
0xcf61,1,0,file,4296505847
0xd68a,1,0,file,4296505847
0xdfec,1,0,file,4296505847
0xe762,1,0,file,4296505847
0xeb13,1,0,file,4296505847
0xe61a,1,0,file,4296505847
0xebb0,1,0,file,4296505847
0xe6b7,1,0,file,4296505847
0xf51a,1,0,file,4296505847
0xf63f,1,0,file,4296505847
0xf5de,1,0,file,4296505847
0xf6e0,1,0,file,4296505847
0xf7f0,1,0,file,4296505847
0xfb0c,1,0,file,4296505847
0xfb61,1,0,file,4296505847
0x10a20,1,0,file,4296505847
0x10a75,1,0,file,4296505847
0x1024b,1,0,file,4296505847
0x103bf,1,0,file,4296505847
0x1053a,1,0,file,4296505847
0x10787,1,0,file,4296505847
0x10c1b,1,0,file,4296505847
0x11100,1,0,file,4296505847
0x114ce,1,0,file,4296505847
0x11511,1,0,file,4296505847
0x11551,1,0,file,4296505847
0x11591,1,0,file,4296505847
0x1137f,1,0,file,4296505847
0x113de,1,0,file,4296505847
0x11430,1,0,file,4296505847
0x11e2b,1,0,file,4296505847
0x11b13,1,0,file,4296505847
0x1219a,1,0,file,4296505847
0x1247f,1,0,file,4296505847
0x1270d,1,0,file,4296505847
0x12f8a,1,0,file,4296505847
0x13cb2,1,0,file,4296505847
0x1407a,1,0,file,4296505847
0x144f3,1,0,file,4296505847
0x14435,1,0,file,4296505847
0x15357,1,0,file,4296505847
0x157d8,1,0,file,4296505847
0x16120,1,0,file,4296505847
0x16a81,1,0,file,4296505847
0x16e0d,1,0,file,4296505847
0x1778b,1,0,file,4296505847
0x1789e,1,0,file,4296505847
0x178f2,1,0,file,4296505847
0x17ad7,1,0,file,4296505847
0x17b3e,1,0,file,4296505847
0x17b9c,1,0,file,4296505847
0x17bf5,1,0,file,4296505847
0x17c73,1,0,file,4296505847
0x17cdb,1,0,file,4296505847
0x17961,1,0,file,4296505847
0x17d34,1,0,file,4296505847
0x17d9d,1,0,file,4296505847
0x179f7,1,0,file,4296505847
0x17ec2,1,0,file,4296505847
0x17f29,1,0,file,4296505847
0x18040,1,0,file,4296505847
0x1808f,1,0,file,4296505847
0x18110,1,0,file,4296505847
0x18166,1,0,file,4296505847
0x1156ae,1,0,file,4296505847
0x114bc4,1,0,file,4296505847
0x3f4ca,1,0,file,4296505847
0x420bb,1,0,file,4296505847
0x328a6,1,0,file,4296505847
0x454b,1,0,file,4296505847
0x4c1b,1,0,file,4296505847
0x4d5e,1,0,file,4296505847
0x5331,1,0,file,4296505847
0x57a4,1,0,file,4296505847
0x607a,1,0,file,4296505847
0x31c6,1,0,file,4296505847
0x4dff,1,0,file,4296505847
0x3296,1,0,file,4296505847
0x4a04,1,0,file,4296505847
0x32a4c,1,0,file,4296505847
0x10d68b,1,0,file,4296505847
0xb8f3a,1,0,file,4296505847
0xb8f7a,1,0,file,4296505847
0xb8fba,1,0,file,4296505847
0xb8ffa,1,0,file,4296505847
0xafd3a,1,0,file,4296505847
0xafd7a,1,0,file,4296505847
0xafdba,1,0,file,4296505847
0x8f0fe,1,0,file,4296505847
0xac93e,1,0,file,4296505847
0xac97e,1,0,file,4296505847
0xac9be,1,0,file,4296505847
0xac9fe,1,0,file,4296505847
0xbfa3e,1,0,file,4296505847
0xbfa7e,1,0,file,4296505847
0xbfabe,1,0,file,4296505847
0x86422,1,0,file,4296505847
0x86462,1,0,file,4296505847
0x864a2,1,0,file,4296505847
0x864e2,1,0,file,4296505847
0x9bcb0,1,0,file,4296505847
0x9bcf0,1,0,file,4296505847
0x9bd30,1,0,file,4296505847
0x9bd70,1,0,file,4296505847
0x9bdb0,1,0,file,4296505847
0x9bdf0,1,0,file,4296505847
0x92630,1,0,file,4296505847
0x92670,1,0,file,4296505847
0x926b0,1,0,file,4296505847
0x926f0,1,0,file,4296505847
0x92730,1,0,file,4296505847
0x92770,1,0,file,4296505847
0x927b0,1,0,file,4296505847
0x927f0,1,0,file,4296505847
0xa2c30,1,0,file,4296505847
0xa2c70,1,0,file,4296505847
0xa2cb0,1,0,file,4296505847
0xa2cf0,1,0,file,4296505847
0xa2d30,1,0,file,4296505847
0xa2d70,1,0,file,4296505847
0xa2db0,1,0,file,4296505847
0xa2df0,1,0,file,4296505847
0xa2e30,1,0,file,4296505847
0xa2e70,1,0,file,4296505847
0xa2eb0,1,0,file,4296505847
0xa2ef0,1,0,file,4296505847
0xa2f30,1,0,file,4296505847
0xa2f70,1,0,file,4296505847
0xa2fb0,1,0,file,4296505847
0xa2ff0,1,0,file,4296505847
0xb8030,1,0,file,4296505847
0xb8070,1,0,file,4296505847
0xb80b0,1,0,file,4296505847
0xb80f0,1,0,file,4296505847
0xb8130,1,0,file,4296505847
0xb8170,1,0,file,4296505847
0xb81b0,1,0,file,4296505847
0xb81f0,1,0,file,4296505847
0xb8230,1,0,file,4296505847
0xb8270,1,0,file,4296505847
0xb82b0,1,0,file,4296505847
0xb82f0,1,0,file,4296505847
0xb8330,1,0,file,4296505847
0xb8370,1,0,file,4296505847
0xb83b0,1,0,file,4296505847
0xb83f0,1,0,file,4296505847
0xb5c30,1,0,file,4296505847
0xb5c70,1,0,file,4296505847
0xb5cb0,1,0,file,4296505847
0xb5cf0,1,0,file,4296505847
0xb5d30,1,0,file,4296505847
0xb5d70,1,0,file,4296505847
0xb5db0,1,0,file,4296505847
0xb5df0,1,0,file,4296505847
0xb5e30,1,0,file,4296505847
0xb5e70,1,0,file,4296505847
0xb5eb0,1,0,file,4296505847
0xb5ef0,1,0,file,4296505847
0xb5f30,1,0,file,4296505847
0xb5f70,1,0,file,4296505847
0xb5fb0,1,0,file,4296505847
0xb5ff0,1,0,file,4296505847
0xb0430,1,0,file,4296505847
0xb0470,1,0,file,4296505847
0xb04b0,1,0,file,4296505847
0xb04f0,1,0,file,4296505847
0xb0530,1,0,file,4296505847
0xb0570,1,0,file,4296505847
0xb05b0,1,0,file,4296505847
0xb05f0,1,0,file,4296505847
0xb0630,1,0,file,4296505847
0xb0670,1,0,file,4296505847
0xb06b0,1,0,file,4296505847
0xb06f0,1,0,file,4296505847
0xb0730,1,0,file,4296505847
0xb0770,1,0,file,4296505847
0xb07b0,1,0,file,4296505847
0xb07f0,1,0,file,4296505847
0xa4c30,1,0,file,4296505847
0xa4c70,1,0,file,4296505847
0xa4cb0,1,0,file,4296505847
0xa4cf0,1,0,file,4296505847
0xa4d30,1,0,file,4296505847
0xa4d70,1,0,file,4296505847
0x55daa,1,0,file,4296505847
0x55e35,1,0,file,4296505847
0x108e10,1,0,file,4296505847
0x607e1,1,0,file,4296505847
0x125f3,1,0,file,4296505847
0x80a03,1,0,file,4296505847
0x35c5a,1,0,file,4296505847
0x2fd07,1,0,file,4296505847
0x1059d3,1,0,file,4296505847
0x11a182,1,0,file,4296505847
0x119cdd,1,0,file,4296505847
0x195e9,1,0,file,4296505847
0x196ee,1,0,file,4296505847
0x19772,1,0,file,4296505847
0x114ec4,1,0,file,4296505847
0x110761,1,0,file,4296505847
0x10e309,1,0,file,4296505847
0x114d6e,1,0,file,4296505847
0x30ad0,1,0,file,4296505847
0x30b98,1,0,file,4296505847
0x328cb,1,0,file,4296505847
0x2fe9f,1,0,file,4296505847
0x32726,1,0,file,4296505847
0x32190,1,0,file,4296505847
0x502b5,1,0,file,4296505847
0x629c2,1,0,file,4296505847
0x11493d,1,0,file,4296505847
0x118b6e,1,0,file,4296505847
0x11948e,1,0,file,4296505847
0x114d41,1,0,file,4296505847
0x1148bf,1,0,file,4296505847
0x10a375,1,0,file,4296505847
0x10a343,1,0,file,4296505847
0x300a5,1,0,file,4296505847
0x51304,1,0,file,4296505935
0x480cb,1,0,file,4296505935
0x42f91,1,0,file,4296505935
0x4273f,1,0,file,4296505935
0x42794,1,0,file,4296505935
0x427d6,1,0,file,4296505935
0x60e93,1,0,file,4296505935
0x673b5,1,0,file,4296505935
0x32e85,1,0,file,4296505935
0x78add,1,0,file,4296505935
0x18266,1,0,file,4296505935
0x18370,1,0,file,4296505935
0x1841b,1,0,file,4296505935
0x18522,1,0,file,4296505935
0x18585,1,0,file,4296505935
0x186b8,1,0,file,4296505935
0x18c06,1,0,file,4296505935
0x18cc3,1,0,file,4296505935
0x19254,1,0,file,4296505935
0x19cbe,1,0,file,4296505935
0x19db2,1,0,file,4296505935
0x1a736,1,0,file,4296505935
0x1ac1e,1,0,file,4296505935
0x194db,1,0,file,4296505935
0x1b1cd,1,0,file,4296505935
0x1b5d1,1,0,file,4296505935
0x1b640,1,0,file,4296505935
0x1b7ef,1,0,file,4296505935
0x1b216,1,0,file,4296505935
0x1b8ae,1,0,file,4296505935
0x1b92c,1,0,file,4296505935
0x1ba03,1,0,file,4296505935
0x1ba52,1,0,file,4296505935
0x1bad1,1,0,file,4296505935
0x1bb50,1,0,file,4296505935
0x1bbbf,1,0,file,4296505935
0x1bbfd,1,0,file,4296505935
0x1bd2b,1,0,file,4296505935
0x1bcd3,1,0,file,4296505935
0x1be2f,1,0,file,4296505935
0x1c104,1,0,file,4296505935
0x1c165,1,0,file,4296505935
0x1c1c7,1,0,file,4296505935
0x1c21b,1,0,file,4296505935
0x1c2da,1,0,file,4296505935
0x1c351,1,0,file,4296505935
0x1c50e,1,0,file,4296505935
0x1c5b1,1,0,file,4296505935
0x1c6ed,1,0,file,4296505935
0x1ef17,1,0,file,4296505935
0x16344,1,0,file,4296505935
0x1f0ea,1,0,file,4296505935
0x1f13c,1,0,file,4296505935
0x1f181,1,0,file,4296505935
0x2047d,1,0,file,4296505935
0x20a0a,1,0,file,4296505935
0x5abfa,1,0,file,4296505935
0x1525f,1,0,file,4296505935
0x6eb6,1,0,file,4296505935
0xeb51,1,0,file,4296505935
0xfacd,1,0,file,4296505935
0x10aa6,1,0,file,4296505935
0x12d18,1,0,file,4296505935
0x14895,1,0,file,4296505935
0x7653,1,0,file,4296505935
0x48dd,1,0,file,4296505935
0x42304,1,0,file,4296505935
0x3241,1,0,file,4296505935
0x7ac2a,1,0,file,4296505935
0x10872a,1,0,file,4296505935
0x57fc0,1,0,file,4296505935
0x4e5f,1,0,file,4296506138
0x51cd,1,0,file,4296506138
0x6ccb,1,0,file,4296506138
0x5120,1,0,file,4296506138
0xa4db0,1,0,file,4296506138
0xa4df0,1,0,file,4296506138
0xa4e30,1,0,file,4296506138
0xa4e70,1,0,file,4296506138
0xa4eb0,1,0,file,4296506138
0xa4ef0,1,0,file,4296506138
0xa4f30,1,0,file,4296506138
0xa4f70,1,0,file,4296506138
0xa4fb0,1,0,file,4296506138
0xa4ff0,1,0,file,4296506138
0x93030,1,0,file,4296506138
0x93070,1,0,file,4296506138
0x930b0,1,0,file,4296506138
0x930f0,1,0,file,4296506138
0x93130,1,0,file,4296506138
0x93170,1,0,file,4296506138
0x931b0,1,0,file,4296506138
0x931f0,1,0,file,4296506138
0x93230,1,0,file,4296506138
0x93270,1,0,file,4296506138
0x932b0,1,0,file,4296506138
0x932f0,1,0,file,4296506138
0x93330,1,0,file,4296506138
0x93370,1,0,file,4296506138
0x933b0,1,0,file,4296506138
0x933f0,1,0,file,4296506143
0xa5030,1,0,file,4296506143
0xa5070,1,0,file,4296506143
0xa50b0,1,0,file,4296506144
0xa50f0,1,0,file,4296506144
0xa5130,1,0,file,4296506146
0xa5170,1,0,file,4296506146
0xa51b0,1,0,file,4296506146
0xa51f0,1,0,file,4296506146
0xa5230,1,0,file,4296506146
0xa5270,1,0,file,4296506146
0xa52b0,1,0,file,4296506146
0xa52f0,1,0,file,4296506146
0xa5330,1,0,file,4296506146
0xa5370,1,0,file,4296506146
0xa53b0,1,0,file,4296506146
0xa53f0,1,0,file,4296506146
0xb4c30,1,0,file,4296506146
0xb4c70,1,0,file,4296506146
0xb4cb0,1,0,file,4296506146
0xb4cf0,1,0,file,4296506146
0xb4d30,1,0,file,4296506146
0xb4d70,1,0,file,4296506146
0xb4db0,1,0,file,4296506146
0xb4df0,1,0,file,4296506146
0xb4e30,1,0,file,4296506146
0xb4e70,1,0,file,4296506146
0xb4eb0,1,0,file,4296506146
0xb4ef0,1,0,file,4296506146
0xb4f30,1,0,file,4296506146
0xb4f70,1,0,file,4296506146
0xb4fb0,1,0,file,4296506146
0xb4ff0,1,0,file,4296506146
0xb9030,1,0,file,4296506146
0xb9070,1,0,file,4296506146
0xb90b0,1,0,file,4296506146
0xb90f0,1,0,file,4296506146
0xb9130,1,0,file,4296506146
0xb9170,1,0,file,4296506146
0xb91b0,1,0,file,4296506146
0xb91f0,1,0,file,4296506146
0xb9230,1,0,file,4296506146
0xb9270,1,0,file,4296506146
0xb92b0,1,0,file,4296506146
0xb92f0,1,0,file,4296506146
0xb9330,1,0,file,4296506146
0xb9370,1,0,file,4296506146
0xb93b0,1,0,file,4296506146
0xb93f0,1,0,file,4296506146
0xc2430,1,0,file,4296506146
0xc2470,1,0,file,4296506146
0xc24b0,1,0,file,4296506146
0xc24f0,1,0,file,4296506146
0xc2530,1,0,file,4296506146
0xc2570,1,0,file,4296506146
0xc25b0,1,0,file,4296506146
0xc25f0,1,0,file,4296506154
0xc2630,1,0,file,4296506154
0xc2670,1,0,file,4296506155
0xc26b0,1,0,file,4296506155
0xc26f0,1,0,file,4296506160
0xc2730,1,0,file,4296506160
0xc2770,1,0,file,4296506162
0xc27b0,1,0,file,4296506162
0xc27f0,1,0,file,4296506162
0x99830,1,0,file,4296506162
0x99870,1,0,file,4296506162
0x998b0,1,0,file,4296506162
0x998f0,1,0,file,4296506162
0x99930,1,0,file,4296506162
0x99970,1,0,file,4296506162
0x999b0,1,0,file,4296506162
0x999f0,1,0,file,4296506162
0x99a30,1,0,file,4296506162
0x99a70,1,0,file,4296506162
0x99ab0,1,0,file,4296506162
0x99af0,1,0,file,4296506162
0x99b30,1,0,file,4296506162
0x99b70,1,0,file,4296506162
0x99bb0,1,0,file,4296506162
0x99bf0,1,0,file,4296506162
0xaf430,1,0,file,4296506162
0x3e986,1,0,file,4296506162
0x58479,1,0,file,4296506162
0x1b6d7,1,0,file,4296506162
0xda48,1,0,file,4296506162
0xd818,1,0,file,4296506162
0x1c7ae,1,0,file,4296506162
0x305b4,1,0,file,4296506162
0x6568e,1,0,file,4296506162
0x19618,1,0,file,4296506162
0x2f787,1,0,file,4296506162
0x2f7c8,1,0,file,4296506162
0x317de,1,0,file,4296506162
0x2f33b,1,0,file,4296506162
0x32a78,1,0,file,4296506162
0x1145e9,1,0,file,4296506162
0x8098e,1,0,file,4296506162
0x809ce,1,0,file,4296506162
0x7ad0e,1,0,file,4296506162
0x7ad55,1,0,file,4296506162
0x79611,1,0,file,4296506162
0x7964a,1,0,file,4296506162
0x7ad76,1,0,file,4296506162
0x7e739,1,0,file,4296506162
0x7e789,1,0,file,4296506162
0x7e7a7,1,0,file,4296506162
0x7e7d5,1,0,file,4296506162
0x11648c,1,0,file,4296506162
0x10e0db,1,0,file,4296506162
0x1195a0,1,0,file,4296506162
0x1042cb,1,0,file,4296506162
0x1164c0,1,0,file,4296506162
0x78b87,1,0,file,4296506162
0x3c7fd,1,0,file,4296506162
0x6862,1,0,file,4296506162
0x78eb5,1,0,file,4296506162
0x78e75,1,0,file,4296506162
0x78e35,1,0,file,4296506162
0x78df5,1,0,file,4296506162
0x78db5,1,0,file,4296506162
0x78d75,1,0,file,4296506162
0x78d35,1,0,file,4296506162
0x78cf5,1,0,file,4296506162
0x10e6bc,1,0,file,4296506162
0x10e677,1,0,file,4296506162
0x10e5d6,1,0,file,4296506162
0x108bda,1,0,file,4296506162
0x10883b,1,0,file,4296506162
0x1a685,1,0,file,4296506162
0x61415,1,0,file,4296506162
0x119890,1,0,file,4296506162
0x63023,1,0,file,4296506162
0x62e65,1,0,file,4296506162
0x10bc58,1,0,file,4296506162
0x1192cc,1,0,file,4296506162
0x10b054,1,0,file,4296506162
0x10bcee,1,0,file,4296506162
0x20893,1,0,file,4296506162
0x20853,1,0,file,4296506162
0x20813,1,0,file,4296506162
0x207d3,1,0,file,4296506162
0x20793,1,0,file,4296506162
0x20753,1,0,file,4296506162
0x7760,1,0,file,4296506162
0x7524,1,0,file,4296506162
0x32843,1,0,file,4296506162
0x768c,1,0,file,4296506162
0x74dd,1,0,file,4296506162
0x7422,1,0,file,4296506162
0x73a7,1,0,file,4296506162
0x731e,1,0,file,4296506162
0x71ea,1,0,file,4296506162
0x703a,1,0,file,4296506162
0x6f3b,1,0,file,4296506162
0x6ef8,1,0,file,4296506162
0x6dbe,1,0,file,4296506162
0x3e4d5,1,0,file,4296506162
0x3095,1,0,file,4296506162
0x310f,1,0,file,4296506162
0x1168ae,1,0,file,4296506162
0x32834,1,0,file,4296506162
0x2f9d2,1,0,file,4296506162
0x11569f,1,0,file,4296506162
0x115740,1,0,file,4296506162
0x10561e,1,0,file,4296506162
0x1054c1,1,0,file,4296506162
0x11a158,1,0,file,4296506162
0x119cdd,1,0,file,4296506162
0x32e83,1,0,file,4296507320
0xaf470,1,0,file,4296507320
0xaf4b0,1,0,file,4296507320
0xaf4f0,1,0,file,4296507320
0xaf530,1,0,file,4296507320
0xaf570,1,0,file,4296507320
0xaf5b0,1,0,file,4296507320
0xaf5f0,1,0,file,4296507320
0xaf630,1,0,file,4296507320
0xaf670,1,0,file,4296507320
0xaf6b0,1,0,file,4296507320
0xaf6f0,1,0,file,4296507320
0xaf730,1,0,file,4296507320
0xaf770,1,0,file,4296507320
0xaf7b0,1,0,file,4296507320
0xaf7f0,1,0,file,4296507320
0xc2c30,1,0,file,4296507320
0xc2c70,1,0,file,4296507320
0xc2cb0,1,0,file,4296507320
0xc2cf0,1,0,file,4296507320
0xc2d30,1,0,file,4296507320
0xc2d70,1,0,file,4296507320
0xc2db0,1,0,file,4296507320
0xc2df0,1,0,file,4296507320
0xc2e30,1,0,file,4296507320
0xc2e70,1,0,file,4296507320
0xc2eb0,1,0,file,4296507320
0xc2ef0,1,0,file,4296507320
0xc2f30,1,0,file,4296507320
0xc2f70,1,0,file,4296507320
0xc2fb0,1,0,file,4296507320
0xc2ff0,1,0,file,4296507320
0xb2830,1,0,file,4296507320
0xb2870,1,0,file,4296507320
0xb28b0,1,0,file,4296507320
0xb28f0,1,0,file,4296507320
0xb2930,1,0,file,4296507320
0xb2970,1,0,file,4296507320
0xb29b0,1,0,file,4296507320
0xb29f0,1,0,file,4296507320
0xb2a30,1,0,file,4296507320
0xb2a70,1,0,file,4296507320
0xb2ab0,1,0,file,4296507320
0xb2af0,1,0,file,4296507320
0xb2b30,1,0,file,4296507320
0xb2b70,1,0,file,4296507320
0xb2bb0,1,0,file,4296507320
0xb2bf0,1,0,file,4296507320
0x88430,1,0,file,4296507320
0x88470,1,0,file,4296507320
0x884b0,1,0,file,4296507320
0x884f0,1,0,file,4296507320
0x88530,1,0,file,4296507320
0x88570,1,0,file,4296507320
0x885b0,1,0,file,4296507320
0x885f0,1,0,file,4296507320
0x88630,1,0,file,4296507320
0x88670,1,0,file,4296507320
0x886b0,1,0,file,4296507320
0x886f0,1,0,file,4296507320
0x88730,1,0,file,4296507320
0x88770,1,0,file,4296507320
0x887b0,1,0,file,4296507320
0x887f0,1,0,file,4296507320
0xb3030,1,0,file,4296507320
0xb3070,1,0,file,4296507320
0xb30b0,1,0,file,4296507320
0xb30f0,1,0,file,4296507320
0xb3130,1,0,file,4296507320
0xb3170,1,0,file,4296507320
0xb31b0,1,0,file,4296507320
0xb31f0,1,0,file,4296507320
0xb3230,1,0,file,4296507320
0xb3270,1,0,file,4296507320
0xb32b0,1,0,file,4296507320
0xb32f0,1,0,file,4296507320
0xb3330,1,0,file,4296507320
0xb3370,1,0,file,4296507320
0xb33b0,1,0,file,4296507320
0xb33f0,1,0,file,4296507320
0xb5430,1,0,file,4296507320
0xb5470,1,0,file,4296507320
0xb54b0,1,0,file,4296507320
0xb54f0,1,0,file,4296507320
0xb5530,1,0,file,4296507320
0xb5570,1,0,file,4296507320
0xb55b0,1,0,file,4296507320
0xb55f0,1,0,file,4296507320
0xb5630,1,0,file,4296507320
0xb5670,1,0,file,4296507320
0xb56b0,1,0,file,4296507320
0xb56f0,1,0,file,4296507320
0xb5730,1,0,file,4296507320
0xb5770,1,0,file,4296507320
0xb57b0,1,0,file,4296507320
0xb57f0,1,0,file,4296507320
0xa1030,1,0,file,4296507320
0xa1070,1,0,file,4296507320
0xa10b0,1,0,file,4296507320
0xa10f0,1,0,file,4296507320
0xa1130,1,0,file,4296507320
0xa1170,1,0,file,4296507320
0xa11b0,1,0,file,4296507320
0xa11f0,1,0,file,4296507320
0xa1230,1,0,file,4296507320
0xa1270,1,0,file,4296507320
0x625cd,1,0,file,4296507320
0xda2b,1,0,file,4296507320
0xdb94,1,0,file,4296508147
0xd777,1,0,file,4296508147
0xdbfe,1,0,file,4296508147
0xd786,1,0,file,4296508147
0xd61b,1,0,file,4296508147
0x1b70e,1,0,file,4296508148
0xd638,1,0,file,4296508148
0xcd72,1,0,file,4296508148
0xd6cc,1,0,file,4296508148
0x1045e,1,0,file,4296508148
0x2f44,1,0,file,4296508148
0x78a80,1,0,file,4296508148
0x48a1,1,0,file,4296508148
0x104033,1,0,file,4296508148
0x105d24,1,0,file,4296508149
0x1048e0,1,0,file,4296508149
0x10f9fc,1,0,file,4296508149
0x105990,1,0,file,4296508149
0x10fe67,1,0,file,4296508149
0x110666,1,0,file,4296508149
0x110a5b,1,0,file,4296508149
0x10fbde,1,0,file,4296508149
0x10f98c,1,0,file,4296508150
0x10f74d,1,0,file,4296508150
0x10f512,1,0,file,4296508150
0x10f42c,1,0,file,4296508150
0x10ec60,1,0,file,4296508150
0x10e202,1,0,file,4296508150
0x10e12a,1,0,file,4296508150
0x10db9f,1,0,file,4296508150
0x10d5c2,1,0,file,4296508151
0x10d99f,1,0,file,4296508151
0x10d8d3,1,0,file,4296508151
0x10d42e,1,0,file,4296508151
0x1054a8,1,0,file,4296508151
0x10d2ba,1,0,file,4296508151
0x10d162,1,0,file,4296508151
0x10a2df,1,0,file,4296508151
0x10a219,1,0,file,4296508151
0x109f7c,1,0,file,4296508152
0x109ea4,1,0,file,4296508152
0x109e0a,1,0,file,4296508152
0x109c56,1,0,file,4296508152
0x108fc2,1,0,file,4296508152
0x108ec0,1,0,file,4296508152
0x105cd3,1,0,file,4296508153
0x1057b1,1,0,file,4296508153
0x105643,1,0,file,4296508153
0x105517,1,0,file,4296508153
0x104f3e,1,0,file,4296508153
0x104cb6,1,0,file,4296508153
0x104b30,1,0,file,4296508153
0x10496e,1,0,file,4296508153
0x10470a,1,0,file,4296508154
0x104728,1,0,file,4296508154
0x10457e,1,0,file,4296508154
0x10399a,1,0,file,4296508154
0x103869,1,0,file,4296508154
0x103752,1,0,file,4296508154
0x103490,1,0,file,4296508154
0x32e2,1,0,file,4296508154
0x19c6,1,0,file,4296508154
0x3231,1,0,file,4296508155
0x312a,1,0,file,4296508155
0x31fef,1,0,file,4296508155
0x31876,1,0,file,4296508155
0x2844,1,0,file,4296508155
0x2731,1,0,file,4296508155
0x2f3c1,1,0,file,4296508155
0x3216a,1,0,file,4296508155
0x31bba,1,0,file,4296508156
0x78cb5,1,0,file,4296508156
0x78c75,1,0,file,4296508156
0x78c35,1,0,file,4296508156
0x787f5,1,0,file,4296508156
0x787b5,1,0,file,4296508156
0x78775,1,0,file,4296508157
0x78735,1,0,file,4296508157
0x786f5,1,0,file,4296508157
0x786b5,1,0,file,4296508157
0x78675,1,0,file,4296508157
0x78635,1,0,file,4296508157
0x785f5,1,0,file,4296508158
0x785b5,1,0,file,4296508158
0x78575,1,0,file,4296508158
0x78535,1,0,file,4296508158
0x784f5,1,0,file,4296508158
0x784b5,1,0,file,4296508158
0x78475,1,0,file,4296508159
0x78435,1,0,file,4296508159
0x783f5,1,0,file,4296508159
0x783b5,1,0,file,4296508159
0x78375,1,0,file,4296508159
0x78335,1,0,file,4296508159
0x782f5,1,0,file,4296508160
0x782b5,1,0,file,4296508160
0x78275,1,0,file,4296508160
0x10cb4e,1,0,file,4296508160
0x102e19,1,0,file,4296508160
0x102e1a,1,0,file,4296508160
0x626e9,1,0,file,4296508161
0x632b5,1,0,file,4296508161
0x63e6,1,0,file,4296508161
0x49d5,1,0,file,4296508161
0x4179,1,0,file,4296508161
0x509b,1,0,file,4296508161
0x47b3,1,0,file,4296508161
0x40df,1,0,file,4296508161
0x6d5d,1,0,file,4296508162
0x6d19,1,0,file,4296508162
0x6c86,1,0,file,4296508162
0x6326,1,0,file,4296508162
0x6264,1,0,file,4296508162
0x4509,1,0,file,4296508162
0x4535,1,0,file,4296508163
0x60b64,1,0,file,4296508163
0x50bc,1,0,file,4296508163
0x1e268,1,0,file,4296508163
0x1c824,1,0,file,4296508163
0x19eb2,1,0,file,4296508163
0x17f95,1,0,file,4296508164
0x1335b,1,0,file,4296508164
0x10caa,1,0,file,4296508165
0x1085b,1,0,file,4296508165
0x101b9,1,0,file,4296508165
0xe7e4,1,0,file,4296508166
0xe903,1,0,file,4296508166
0xe758,1,0,file,4296508166
0xe4cd,1,0,file,4296508166
0xe45e,1,0,file,4296508167
0xe3b1,1,0,file,4296508167
0xe2bc,1,0,file,4296508167
0xe132,1,0,file,4296508167
0xd69d,1,0,file,4296508167
0xcd9a,1,0,file,4296508167
0xce14,1,0,file,4296508168
0xc7a1,1,0,file,4296508168
0xcacc,1,0,file,4296508168
0xc9ef,1,0,file,4296508168
0xc8e2,1,0,file,4296508168
0xc69e,1,0,file,4296508168
0xc613,1,0,file,4296508168
0xc3c3,1,0,file,4296508169
0xc344,1,0,file,4296508169
0xc293,1,0,file,4296508169
0xc044,1,0,file,4296508169
0xc10c,1,0,file,4296508169
0xbf9c,1,0,file,4296508169
0xbe68,1,0,file,4296508170
0xbd09,1,0,file,4296508170
0xbb62,1,0,file,4296508170
0xba00,1,0,file,4296508170
0xb91f,1,0,file,4296508170
0xb6aa,1,0,file,4296508170
0xb457,1,0,file,4296508170
0xb3f9,1,0,file,4296508171
0xb2d6,1,0,file,4296508171
0xaf58,1,0,file,4296508171
0xadbd,1,0,file,4296508171
0xacc1,1,0,file,4296508171
0xaaec,1,0,file,4296508172
0xa865,1,0,file,4296508172
0xa808,1,0,file,4296508172
0xa7bf,1,0,file,4296508172
0xa69b,1,0,file,4296508172
0xa54f,1,0,file,4296508173
0xa424,1,0,file,4296508173
0xa3aa,1,0,file,4296508173
0xa2f1,1,0,file,4296508173
0xa111,1,0,file,4296508173
0x9ff8,1,0,file,4296508173
0x9cca,1,0,file,4296508173
0x9edb,1,0,file,4296508173
0x9e19,1,0,file,4296508173
0x8fc0,1,0,file,4296508173
0x7ae7,1,0,file,4296508174
0x49ae,1,0,file,4296508174
0x8896,1,0,file,4296508174
0x32244,1,0,file,4296508174
0x1b3b,1,0,file,4296508174
0x9c67,1,0,file,4296508174
0x9b59,1,0,file,4296508174
0x9aa3,1,0,file,4296508174
0x99d2,1,0,file,4296508174
0x9868,1,0,file,4296508174
0x97ab,1,0,file,4296508175
0x971e,1,0,file,4296508175
0x9660,1,0,file,4296508175
0x955d,1,0,file,4296508175
0x948c,1,0,file,4296508175
0x93cc,1,0,file,4296508175
0x92e0,1,0,file,4296508175
0x9262,1,0,file,4296508175
0x91e4,1,0,file,4296508175
0x9168,1,0,file,4296508175
0x906d,1,0,file,4296508176
0x8a9c,1,0,file,4296508176
0x880c,1,0,file,4296508176
0x821f,1,0,file,4296508176
0x7e2c,1,0,file,4296508176
0x7d61,1,0,file,4296508177
0x7be5,1,0,file,4296508177
0x7b5b,1,0,file,4296508177
0x7228,1,0,file,4296508177
0x5f1a,1,0,file,4296508177
0x5d28,1,0,file,4296508178
0x5bc1,1,0,file,4296508178
0x584c,1,0,file,4296508179
0x53f5,1,0,file,4296508179
0x3215f,1,0,file,4296508180
0x80a8,1,0,file,4296508180
0x7224,1,0,file,4296508181
0x56f0,1,0,file,4296508205
0x4d71,1,0,file,4296508205
0x4d81,1,0,file,4296508205
0x5845,1,0,file,4296508205
0x5a43,1,0,file,4296508205
0x62eb,1,0,file,4296508205
0x6fe7,1,0,file,4296508205
0x732c,1,0,file,4296508205
0x782b,1,0,file,4296508205
0x77c6,1,0,file,4296508205
0x7911,1,0,file,4296508205
0x7f80,1,0,file,4296508205
0x82b1,1,0,file,4296508205
0xa62c,1,0,file,4296508205
0x1347b,1,0,file,4296508205
0x1444d,1,0,file,4296508205
0x323af,1,0,file,4296508205
0x323be,1,0,file,4296508205
0x52f0,1,0,file,4296508205
0x5d96,1,0,file,4296508205
0x4540,1,0,file,4296508205
0x42af,1,0,file,4296508205
0x4846,1,0,file,4296508205
0x42e30,1,0,file,4296508205
0x43572,1,0,file,4296508205
0x673bb,1,0,file,4296508205
0x10570d,1,0,file,4296508205
0x105706,1,0,file,4296508238
0x10b757,1,0,file,4296508238
0x10b6c1,1,0,file,4296508239
0x10b6b2,1,0,file,4296508241
0x10b672,1,0,file,4296508243
0x10b52c,1,0,file,4296508247
0x10aec5,1,0,file,4296508247
0x10ad79,1,0,file,4296508247
0x78235,1,0,file,4296515769
0x781f5,1,0,file,4296515770
0x781b5,1,0,file,4296515770
0x78175,1,0,file,4296515774
0x78135,1,0,file,4296515774
0x780f5,1,0,file,4296515774
0x780b5,1,0,file,4296515774
0x78075,1,0,file,4296515774
0x78035,1,0,file,4296515774
0x77ff5,1,0,file,4296515774
0x77fb5,1,0,file,4296515774
0x77f75,1,0,file,4296515774
0x77f35,1,0,file,4296515774
0x77ef5,1,0,file,4296515774
0x77eb5,1,0,file,4296515774
0x77e75,1,0,file,4296515774
0x77e35,1,0,file,4296515774
0x77df5,1,0,file,4296515774
0x77db5,1,0,file,4296515774
0x77d75,1,0,file,4296515774
0x77d35,1,0,file,4296515774
0x77cf5,1,0,file,4296515774
0x77cb5,1,0,file,4296515774
0x77c75,1,0,file,4296515774
0x77c35,1,0,file,4296515774
0x1090ae,1,0,file,4296515774
0x102e63,1,0,file,4296515774
0x64acc,1,0,file,4296515783
0x64c6f,1,0,file,4296515791
0x3e72,1,0,file,4296515791
0x40d5,1,0,file,4296515791
0x55d6,1,0,file,4296515791
0x61f3,1,0,file,4296515791
0x43da,1,0,file,4296515791
0x4449,1,0,file,4296515791
0x60ba3,1,0,file,4296515791
0x32861,1,0,file,4296515791
0x435aa,1,0,file,4296515791
0x10acc5,1,0,file,4296515791
0x11b349,1,0,file,4296515791
0x11aff4,1,0,file,4296515791
0x11b1f0,1,0,file,4296515791
0xa12b0,1,0,file,4296515791
0xa12f0,1,0,file,4296515791
0xa1330,1,0,file,4296515791
0xa1370,1,0,file,4296515791
0xa13b0,1,0,file,4296515791
0xa13f0,1,0,file,4296515791
0xbe830,1,0,file,4296515791
0xbe870,1,0,file,4296515791
0xbe8b0,1,0,file,4296515791
0xbe8f0,1,0,file,4296515791
0xbe930,1,0,file,4296515791
0xbe970,1,0,file,4296515791
0xbe9b0,1,0,file,4296515791
0xbe9f0,1,0,file,4296515791
0xbea30,1,0,file,4296515791
0xbea70,1,0,file,4296515791
0xbeab0,1,0,file,4296515791
0xbeaf0,1,0,file,4296515798
0xbeb30,1,0,file,4296515798
0xbeb70,1,0,file,4296515798
0xbebb0,1,0,file,4296515800
0xbebf0,1,0,file,4296515800
0xb8430,1,0,file,4296515801
0xb8470,1,0,file,4296515801
0xb84b0,1,0,file,4296515802
0xb84f0,1,0,file,4296515802
0xb8530,1,0,file,4296515802
0xb8570,1,0,file,4296515802
0xb85b0,1,0,file,4296515802
0xb85f0,1,0,file,4296515802
0xb8630,1,0,file,4296515802
0xb8670,1,0,file,4296515802
0xb86b0,1,0,file,4296515802
0xb86f0,1,0,file,4296515802
0xb8730,1,0,file,4296515802
0xb8770,1,0,file,4296515802
0xb87b0,1,0,file,4296515802
0xb87f0,1,0,file,4296515802
0x87430,1,0,file,4296515802
0x87470,1,0,file,4296515802
0x874b0,1,0,file,4296515802
0x874f0,1,0,file,4296515802
0x87530,1,0,file,4296515807
0x87570,1,0,file,4296515807
0x875b0,1,0,file,4296515810
0x875f0,1,0,file,4296515810
0x87630,1,0,file,4296515810
0x87670,1,0,file,4296515810
0x876b0,1,0,file,4296515810
0x876f0,1,0,file,4296515810
0x87730,1,0,file,4296515810
0x87770,1,0,file,4296515810
0x877b0,1,0,file,4296515810
0x877f0,1,0,file,4296515810
0x92c30,1,0,file,4296515810
0x92c70,1,0,file,4296515810
0x92cb0,1,0,file,4296515810
0x92cf0,1,0,file,4296515810
0x92d30,1,0,file,4296515810
0x92d70,1,0,file,4296515810
0x92db0,1,0,file,4296515810
0x92df0,1,0,file,4296515810
0x92e30,1,0,file,4296515810
0x92e70,1,0,file,4296515810
0x92eb0,1,0,file,4296515810
0x92ef0,1,0,file,4296515814
0x92f30,1,0,file,4296515816
0x92f70,1,0,file,4296515816
0x92fb0,1,0,file,4296515816
0x9bc2c,1,0,file,4296515816
0x9bc6c,1,0,file,4296515816
0x892ed,1,0,file,4296515816
0x8932d,1,0,file,4296515816
0x8936d,1,0,file,4296515816
0x92ff5,1,0,file,4296515816
0x893e0,1,0,file,4296515816
0xa5820,1,0,file,4296515816
0xa5860,1,0,file,4296515816
0xa58a0,1,0,file,4296515816
0xa58e0,1,0,file,4296515816
0xa5920,1,0,file,4296515816
0xa5960,1,0,file,4296515816
0xa59a0,1,0,file,4296515816
0xa59e0,1,0,file,4296515816
0xa5a20,1,0,file,4296515816
0xa5a60,1,0,file,4296515816
0xa5aa0,1,0,file,4296515816
0xa5ae0,1,0,file,4296515816
0xa5b20,1,0,file,4296515816
0xa5b60,1,0,file,4296515816
0xa5ba0,1,0,file,4296515816
0xa5be0,1,0,file,4296515816
0xa0c20,1,0,file,4296515816
0xa0c60,1,0,file,4296515816
0xa0ca0,1,0,file,4296515816
0xa0ce0,1,0,file,4296515824
0xa0d20,1,0,file,4296515824
0xd9b1,1,0,file,4296515826
0xd9fb,1,0,file,4296515827
0xda6b,1,0,file,4296515827
0xdbf5,1,0,file,4296515827
0x1b755,1,0,file,4296515828
0xdc6c,1,0,file,4296515829
0xd8d7,1,0,file,4296515829
0x18988,1,0,file,4296515829
0xfaa9,1,0,file,4296515829
0x17bda,1,0,file,4296515829
0x5e70,1,0,file,4296515829
0x2ae5,1,0,file,4296515829
0x2a03,1,0,file,4296515829
0x2f6a5,1,0,file,4296515829
0x31e04,1,0,file,4296515829
0x25f2,1,0,file,4296515829
0x2e90f,1,0,file,4296515829
0x2ef5b,1,0,file,4296515829
0x22b2,1,0,file,4296515829
0x2249,1,0,file,4296515829
0x20c6,1,0,file,4296515829
0x2030,1,0,file,4296515829
0x1f1e,1,0,file,4296515829
0x1e6b,1,0,file,4296515829
0x1d80,1,0,file,4296515829
0x1cbe,1,0,file,4296515829
0x19ab,1,0,file,4296515829
0x1834,1,0,file,4296515829
0x17dc,1,0,file,4296515829
0x2eb60,1,0,file,4296515829
0x2effd,1,0,file,4296515829
0x2ec26,1,0,file,4296515829
0x2f261,1,0,file,4296515829
0x31a3b,1,0,file,4296515829
0x31aec,1,0,file,4296515829
0x2f755,1,0,file,4296515829
0x2f5fb,1,0,file,4296515829
0x2f560,1,0,file,4296515829
0x2f4ae,1,0,file,4296515829
0x2fa16,1,0,file,4296515829
0x2f207,1,0,file,4296515829
