PID,COMM,VA,PFN,mapping,folio_index,start_ns,latency_ns
1752,pipewire-pulse,0x7029fa775000,0x9e2f1,000000001fdf32c9,0,8.0418E+12,1121761
1752,pipewire-pulse,0x7029fa776000,0x14e52,000000001fdf32c9,1,8.0418E+12,1135929
1752,pipewire-pulse,0x7029fa777000,0x597d5,000000001fdf32c9,2,8.0418E+12,1139936
1752,pipewire-pulse,0x7029fa778000,0x3583d,000000001fdf32c9,3,8.0418E+12,1142859
1752,pipewire-pulse,0x7029fa779000,0x14e67,000000001fdf32c9,4,8.0418E+12,1145838
1752,pipewire-pulse,0x7029fa77a000,0xd32fc,000000001fdf32c9,5,8.0418E+12,1148976
1752,pipewire-pulse,0x7029fa77b000,0x99202,000000001fdf32c9,6,8.0418E+12,1151859
1752,pipewire-pulse,0x7029fa77c000,0x578bb,000000001fdf32c9,7,8.0418E+12,1154921
1752,pipewire-pulse,0x7029fa76c000,0x578bd,00000000b99e754f,0,8.0418E+12,1174555
1752,pipewire-pulse,0x7029fa76d000,0x9e2fd,00000000b99e754f,1,8.0418E+12,1177642
1752,pipewire-pulse,0x7029fa76e000,0x35824,00000000b99e754f,2,8.0418E+12,1180654
1752,pipewire-pulse,0x7029fa76f000,0xb41e7,00000000b99e754f,3,8.0418E+12,1182497
1752,pipewire-pulse,0x7029fa771000,0x14e45,00000000b99e754f,5,8.0418E+12,1185376
1752,pipewire-pulse,0x7029fa772000,0x32f4,00000000b99e754f,6,8.0418E+12,1186915
1752,pipewire-pulse,0x7029fa773000,0xd2118,00000000b99e754f,7,8.0418E+12,1188707
1752,pipewire-pulse,0x7029fa775000,0x52ff9,000000001fdf32c9,0,8.04834E+12,4868772
1752,pipewire-pulse,0x7029fa776000,0xa4a54,000000001fdf32c9,1,8.04834E+12,4881588
1752,pipewire-pulse,0x7029fa777000,0x97c91,000000001fdf32c9,2,8.04834E+12,4885562
1752,pipewire-pulse,0x7029fa778000,0x2d80,000000001fdf32c9,3,8.04834E+12,4889006
1752,pipewire-pulse,0x7029fa779000,0xd132f,000000001fdf32c9,4,8.04834E+12,4957967
1752,pipewire-pulse,0x7029fa77a000,0x97c9f,000000001fdf32c9,5,8.04834E+12,4961652
1752,pipewire-pulse,0x7029fa77b000,0xd1fde,000000001fdf32c9,6,8.04834E+12,4964950
1752,pipewire-pulse,0x7029fa77c000,0xd4bdc,000000001fdf32c9,7,8.04834E+12,4968407
1752,pipewire-pulse,0x7029fa76c000,0x97c9b,98009147,0,8.04834E+12,4994363
1752,pipewire-pulse,0x7029fa76d000,0x57a02,98009147,1,8.04834E+12,4997722
1752,pipewire-pulse,0x7029fa76e000,0x14e5b,98009147,2,8.04834E+12,5000893
1752,pipewire-pulse,0x7029fa76f000,0x3d6a7,98009147,3,8.04834E+12,5002831
1752,pipewire-pulse,0x7029fa771000,0x97cb5,98009147,5,8.04834E+12,5006351
1752,pipewire-pulse,0x7029fa772000,0xd6018,98009147,6,8.04834E+12,5008042
1752,pipewire-pulse,0x7029fa773000,0x33ed1,98009147,7,8.04834E+12,5009941
1752,pipewire-pulse,0x7029fa761000,0x4a84f,00000000821379b8,1,8.04846E+12,4554282
1752,pipewire-pulse,0x7029fa762000,0xd9cdb,00000000821379b8,2,8.04846E+12,4556611
1752,pipewire-pulse,0x7029fa763000,0xaadf8,00000000821379b8,3,8.04846E+12,4558478
1752,pipewire-pulse,0x7029fa764000,0xb086a,00000000821379b8,4,8.04846E+12,4560206
1752,pipewire-pulse,0x7029fa765000,0xd603b,00000000821379b8,5,8.04846E+12,4561802
1752,pipewire-pulse,0x7029fa766000,0x597e6,00000000821379b8,6,8.04846E+12,4563411
1752,pipewire-pulse,0x7029fa767000,0x822a5,00000000821379b8,7,8.04846E+12,4565149
1752,pipewire-pulse,0x7029fa757000,0x572fd,0000000016b9dd53,0,8.04846E+12,4823950
1752,pipewire-pulse,0x7029fa758000,0x41dba,0000000016b9dd53,1,8.04846E+12,4826106
1752,pipewire-pulse,0x7029fa759000,0xa7b9e,0000000016b9dd53,2,8.04846E+12,4827950
1752,pipewire-pulse,0x7029fa75a000,0x41c00,0000000016b9dd53,3,8.04846E+12,4832818
1752,pipewire-pulse,0x7029fa75b000,0x578b8,0000000016b9dd53,4,8.04846E+12,4835410
1752,pipewire-pulse,0x7029fa75c000,0x3fff9,0000000016b9dd53,5,8.04846E+12,4837920
1752,pipewire-pulse,0x7029fa75d000,0x85ba8,0000000016b9dd53,6,8.04846E+12,4840287
1752,pipewire-pulse,0x7029fa75e000,0x49c6e,0000000016b9dd53,7,8.04846E+12,4842814
1752,pipewire-pulse,0x7029fa775000,0x3fff9,89219341,0,8.04904E+12,6812759
1752,pipewire-pulse,0x7029fa776000,0x85ba8,89219341,1,8.04904E+12,6815473
1752,pipewire-pulse,0x7029fa777000,0xab3fc,89219341,2,8.04904E+12,6817355
1752,pipewire-pulse,0x7029fa778000,0xcc71d,89219341,3,8.04904E+12,6819083
1752,pipewire-pulse,0x7029fa779000,0x67399,89219341,4,8.04904E+12,6820767
1752,pipewire-pulse,0x7029fa77a000,0x47450,89219341,5,8.04904E+12,6822471
1752,pipewire-pulse,0x7029fa77b000,0x2d2bd,89219341,6,8.04904E+12,6824047
1752,pipewire-pulse,0x7029fa77c000,0x2d2bb,89219341,7,8.04904E+12,6825714
1752,pipewire-pulse,0x7029fa76c000,0x7a976,00000000bd4d0cc1,0,8.04904E+12,6858774
1752,pipewire-pulse,0x7029fa76d000,0x93b5,00000000bd4d0cc1,1,8.04904E+12,6860542
1752,pipewire-pulse,0x7029fa76e000,0x8231e,00000000bd4d0cc1,2,8.04904E+12,6862010
1752,pipewire-pulse,0x7029fa76f000,0x82319,00000000bd4d0cc1,3,8.04904E+12,6863560
1752,pipewire-pulse,0x7029fa771000,0x82317,00000000bd4d0cc1,5,8.04904E+12,6866519
1752,pipewire-pulse,0x7029fa772000,0x82315,00000000bd4d0cc1,6,8.04904E+12,6868085
1752,pipewire-pulse,0x7029fa773000,0x41c05,00000000bd4d0cc1,7,8.04904E+12,6869594
1752,pipewire-pulse,0x7029fa771000,0x119190,0000000052ff8472,0,1.91722E+13,74286
1752,pipewire-pulse,0x7029fa772000,0x119191,0000000052ff8472,1,1.91722E+13,82144
1752,pipewire-pulse,0x7029fa773000,0x119192,0000000052ff8472,2,1.91722E+13,84097
1752,pipewire-pulse,0x7029fa774000,0x119193,0000000052ff8472,3,1.91722E+13,85916
1752,pipewire-pulse,0x7029fa775000,0x119194,0000000052ff8472,4,1.91722E+13,87521
1752,pipewire-pulse,0x7029fa776000,0x119195,0000000052ff8472,5,1.91722E+13,89141
1752,pipewire-pulse,0x7029fa777000,0x119196,0000000052ff8472,6,1.91722E+13,90721
1752,pipewire-pulse,0x7029fa778000,0x119197,0000000052ff8472,7,1.91722E+13,92277
1752,pipewire-pulse,0x7029fa768000,0x119199,000000001b5723ea,0,1.91722E+13,104105
1752,pipewire-pulse,0x7029fa769000,0x11919a,000000001b5723ea,1,1.91722E+13,105842
1752,pipewire-pulse,0x7029fa76a000,0x11919b,000000001b5723ea,2,1.91722E+13,107501
1752,pipewire-pulse,0x7029fa76b000,0x11919c,000000001b5723ea,3,1.91722E+13,108399
1752,pipewire-pulse,0x7029fa76c000,0x11919d,000000001b5723ea,4,1.91722E+13,109176
1752,pipewire-pulse,0x7029fa76d000,0x11919e,000000001b5723ea,5,1.91722E+13,109968
1752,pipewire-pulse,0x7029fa76e000,0x11919f,000000001b5723ea,6,1.91722E+13,110866
1752,pipewire-pulse,0x7029fa76f000,0x10e540,000000001b5723ea,7,1.91722E+13,111666
1752,pipewire-pulse,0x7029fa75f000,0x10e542,00000000612ad5dc,0,1.91722E+13,125560
1752,pipewire-pulse,0x7029fa761000,0x10e544,00000000612ad5dc,2,1.91722E+13,127310
1752,pipewire-pulse,0x7029fa762000,0x10e545,00000000612ad5dc,3,1.91722E+13,128227
1752,pipewire-pulse,0x7029fa763000,0x10e546,00000000612ad5dc,4,1.91722E+13,129014
1752,pipewire-pulse,0x7029fa764000,0x10e547,00000000612ad5dc,5,1.91722E+13,129925
1752,pipewire-pulse,0x7029fa765000,0x10e548,00000000612ad5dc,6,1.91722E+13,130740
1752,pipewire-pulse,0x7029fa766000,0x10e549,00000000612ad5dc,7,1.91722E+13,131654
1752,pipewire-pulse,0x7029fa756000,0x10e54c,00000000cad2b698,0,1.91722E+13,4855
1752,pipewire-pulse,0x7029fa757000,0x10e54d,00000000cad2b698,1,1.91722E+13,5776
1752,pipewire-pulse,0x7029fa758000,0x10e54e,00000000cad2b698,2,1.91722E+13,38157
1752,pipewire-pulse,0x7029fa759000,0x10e54f,00000000cad2b698,3,1.91722E+13,39087
1752,pipewire-pulse,0x7029fa75a000,0x11fa30,00000000cad2b698,4,1.91722E+13,39934
1752,pipewire-pulse,0x7029fa75b000,0x11fa31,00000000cad2b698,5,1.91722E+13,40834
1752,pipewire-pulse,0x7029fa75c000,0x11fa32,00000000cad2b698,6,1.91722E+13,41719
1752,pipewire-pulse,0x7029fa75d000,0x11fa33,00000000cad2b698,7,1.91722E+13,42571
1752,pipewire-pulse,0x7029fa74d000,0x11fa35,000000001d04570c,0,1.91722E+13,52074
1752,pipewire-pulse,0x7029fa74e000,0x11fa36,000000001d04570c,1,1.91722E+13,52856
1752,pipewire-pulse,0x7029fa74f000,0x11fa37,000000001d04570c,2,1.91722E+13,53611
1752,pipewire-pulse,0x7029fa751000,0x11fa39,000000001d04570c,4,1.91722E+13,55121
1752,pipewire-pulse,0x7029fa752000,0x11fa3a,000000001d04570c,5,1.91722E+13,55898
1752,pipewire-pulse,0x7029fa753000,0x11fa3b,000000001d04570c,6,1.91722E+13,56703
1752,pipewire-pulse,0x7029fa754000,0x11fa3c,000000001d04570c,7,1.91722E+13,57480
1752,pipewire-pulse,0x7029fa744000,0x11fa3e,00000000cfcfbc9e,0,1.91722E+13,63632
1752,pipewire-pulse,0x7029fa745000,0x11fa3f,00000000cfcfbc9e,1,1.91722E+13,64570
1752,pipewire-pulse,0x7029fa746000,0x1139a0,00000000cfcfbc9e,2,1.91722E+13,65426
1752,pipewire-pulse,0x7029fa747000,0x1139a1,00000000cfcfbc9e,3,1.91722E+13,66306
1752,pipewire-pulse,0x7029fa748000,0x1139a2,00000000cfcfbc9e,4,1.91722E+13,67146
1752,pipewire-pulse,0x7029fa749000,0x1139a3,00000000cfcfbc9e,5,1.91722E+13,68041
1752,pipewire-pulse,0x7029fa74a000,0x1139a4,00000000cfcfbc9e,6,1.91722E+13,68811
1752,pipewire-pulse,0x7029fa74b000,0x1139a5,00000000cfcfbc9e,7,1.91722E+13,69615
1752,pipewire-pulse,0x7029fa775000,0x10c06f,00000000611c7796,0,1.91806E+13,46334
1752,pipewire-pulse,0x7029fa776000,0x10c06e,00000000611c7796,1,1.91806E+13,54588
1752,pipewire-pulse,0x7029fa777000,0x10c06d,00000000611c7796,2,1.91806E+13,56776
1752,pipewire-pulse,0x7029fa778000,0x10c06c,00000000611c7796,3,1.91806E+13,58450
1752,pipewire-pulse,0x7029fa779000,0x10c06b,00000000611c7796,4,1.91806E+13,60032
1752,pipewire-pulse,0x7029fa77a000,0x10c06a,00000000611c7796,5,1.91806E+13,61585
1752,pipewire-pulse,0x7029fa77b000,0x10c069,00000000611c7796,6,1.91806E+13,63298
1752,pipewire-pulse,0x7029fa77c000,0x11228a,00000000611c7796,7,1.91806E+13,64885
1752,pipewire-pulse,0x7029fa76c000,0x112284,00000000925bbd7d,0,1.91806E+13,79161
1752,pipewire-pulse,0x7029fa76d000,0x11fc47,00000000925bbd7d,1,1.91806E+13,80934
1752,pipewire-pulse,0x7029fa76e000,0x114a74,00000000925bbd7d,2,1.91806E+13,82636
1752,pipewire-pulse,0x7029fa76f000,0x112c3a,00000000925bbd7d,3,1.91806E+13,83443
1752,pipewire-pulse,0x7029fa771000,0x114a7f,00000000925bbd7d,5,1.91806E+13,85053
1752,pipewire-pulse,0x7029fa772000,0x11228b,00000000925bbd7d,6,1.91806E+13,85867
1752,pipewire-pulse,0x7029fa773000,0x11957f,00000000925bbd7d,7,1.91806E+13,86641
1752,pipewire-pulse,0x7029fa775000,0x125b04,00000000cad2b698,0,1.92914E+13,1644368
1752,pipewire-pulse,0x7029fa776000,0x125b03,00000000cad2b698,1,1.92914E+13,1650766
1752,pipewire-pulse,0x7029fa777000,0x125b02,00000000cad2b698,2,1.92914E+13,1652908
1752,pipewire-pulse,0x7029fa778000,0x125b01,00000000cad2b698,3,1.92914E+13,1654745
1752,pipewire-pulse,0x7029fa779000,0x125b00,00000000cad2b698,4,1.92914E+13,1656452
1752,pipewire-pulse,0x7029fa77a000,0x11679f,00000000cad2b698,5,1.92914E+13,1658371
1752,pipewire-pulse,0x7029fa77b000,0x11df0c,00000000cad2b698,6,1.92914E+13,1660148
1752,pipewire-pulse,0x7029fa77c000,0x115668,00000000cad2b698,7,1.92914E+13,1661770
1752,pipewire-pulse,0x7029fa76c000,0x115664,00000000cfcfbc9e,0,1.92914E+13,1675132
1752,pipewire-pulse,0x7029fa76d000,0x115661,00000000cfcfbc9e,1,1.92914E+13,1676843
1752,pipewire-pulse,0x7029fa76e000,0x10c09f,00000000cfcfbc9e,2,1.92914E+13,1678341
1752,pipewire-pulse,0x7029fa76f000,0x10c09c,00000000cfcfbc9e,3,1.92914E+13,1679303
1752,pipewire-pulse,0x7029fa771000,0x10c095,00000000cfcfbc9e,5,1.92914E+13,1680884
1752,pipewire-pulse,0x7029fa772000,0x10c093,00000000cfcfbc9e,6,1.92914E+13,1681650
1752,pipewire-pulse,0x7029fa773000,0x10c092,00000000cfcfbc9e,7,1.92914E+13,1682444
1752,pipewire-pulse,0x7029fa775000,0x1123de,00000000611c7796,0,1.92942E+13,209212
1752,pipewire-pulse,0x7029fa776000,0x1123df,00000000611c7796,1,1.92942E+13,210854
1752,pipewire-pulse,0x7029fa777000,0x111940,00000000611c7796,2,1.92942E+13,211757
1752,pipewire-pulse,0x7029fa778000,0x111941,00000000611c7796,3,1.92942E+13,212742
1752,pipewire-pulse,0x7029fa779000,0x111942,00000000611c7796,4,1.92942E+13,213583
1752,pipewire-pulse,0x7029fa77a000,0x111943,00000000611c7796,5,1.92942E+13,214565
1752,pipewire-pulse,0x7029fa77b000,0x111b7d,00000000611c7796,6,1.92942E+13,215402
1752,pipewire-pulse,0x7029fa77c000,0x111b7b,00000000611c7796,7,1.92942E+13,216383
1752,pipewire-pulse,0x7029fa76c000,0x111b7a,000000001d04570c,0,1.92942E+13,225592
1752,pipewire-pulse,0x7029fa76d000,0x111b76,000000001d04570c,1,1.92942E+13,226647
1752,pipewire-pulse,0x7029fa76e000,0x1172c8,000000001d04570c,2,1.92942E+13,227476
1752,pipewire-pulse,0x7029fa76f000,0x1172c6,000000001d04570c,3,1.92942E+13,228403
1752,pipewire-pulse,0x7029fa771000,0x111b7e,000000001d04570c,5,1.92942E+13,229940
1752,pipewire-pulse,0x7029fa772000,0x1172c7,000000001d04570c,6,1.92942E+13,230734
1752,pipewire-pulse,0x7029fa773000,0x111b79,000000001d04570c,7,1.92942E+13,231524
1752,pipewire-pulse,0x7029fa775000,0x8bbeb,00000000cad2b698,0,1.93354E+13,1437265
1752,pipewire-pulse,0x7029fa776000,0x8aa54,00000000cad2b698,1,1.93354E+13,1444228
1752,pipewire-pulse,0x7029fa777000,0x21814,00000000cad2b698,2,1.93354E+13,1446451
1752,pipewire-pulse,0x7029fa778000,0xab985,00000000cad2b698,3,1.93354E+13,1448280
1752,pipewire-pulse,0x7029fa779000,0xac53d,00000000cad2b698,4,1.93354E+13,1450457
1752,pipewire-pulse,0x7029fa77a000,0x4fc8d,00000000cad2b698,5,1.93354E+13,1452357
1752,pipewire-pulse,0x7029fa77b000,0xc4c8c,00000000cad2b698,6,1.93354E+13,1454122
1752,pipewire-pulse,0x7029fa77c000,0x656d4,00000000cad2b698,7,1.93354E+13,1455832
1752,pipewire-pulse,0x7029fa76c000,0x8efb4,00000000925bbd7d,0,1.93354E+13,1469005
1752,pipewire-pulse,0x7029fa76d000,0x69695,00000000925bbd7d,1,1.93354E+13,1470822
1752,pipewire-pulse,0x7029fa76e000,0x7ff8c,00000000925bbd7d,2,1.93354E+13,1472407
1752,pipewire-pulse,0x7029fa76f000,0x26cba,00000000925bbd7d,3,1.93354E+13,1473578
1752,pipewire-pulse,0x7029fa771000,0x6d3cf,00000000925bbd7d,5,1.93354E+13,1475672
1752,pipewire-pulse,0x7029fa772000,0x618ac,00000000925bbd7d,6,1.93354E+13,1476589
1752,pipewire-pulse,0x7029fa773000,0xc2efe,00000000925bbd7d,7,1.93354E+13,1477517
1752,pipewire-pulse,0x7029fa761000,0x55b72,000000001d31c8a5,1,1.93355E+13,1902339
1752,pipewire-pulse,0x7029fa762000,0xd93ce,000000001d31c8a5,2,1.93355E+13,1903727
1752,pipewire-pulse,0x7029fa763000,0x6f0e3,000000001d31c8a5,3,1.93355E+13,1904734
1752,pipewire-pulse,0x7029fa764000,0x5dea6,000000001d31c8a5,4,1.93355E+13,1905744
1752,pipewire-pulse,0x7029fa765000,0xd7033,000000001d31c8a5,5,1.93355E+13,1906652
1752,pipewire-pulse,0x7029fa766000,0x41ce6,000000001d31c8a5,6,1.93355E+13,1907770
1752,pipewire-pulse,0x7029fa767000,0x3c18e,000000001d31c8a5,7,1.93355E+13,1908837
1752,pipewire-pulse,0x7029fa757000,0xc2c8e,000000002cffc64e,0,1.93355E+13,1929636
1752,pipewire-pulse,0x7029fa758000,0x9007c,000000002cffc64e,1,1.93355E+13,1930696
1752,pipewire-pulse,0x7029fa759000,0x696bb,000000002cffc64e,2,1.93355E+13,1931622
1752,pipewire-pulse,0x7029fa75a000,0x91fdb,000000002cffc64e,3,1.93355E+13,1932589
1752,pipewire-pulse,0x7029fa75b000,0x5caba,000000002cffc64e,4,1.93355E+13,1933668
1752,pipewire-pulse,0x7029fa75c000,0x909cb,000000002cffc64e,5,1.93355E+13,1934765
1752,pipewire-pulse,0x7029fa75d000,0x81653,000000002cffc64e,6,1.93355E+13,1936132
1752,pipewire-pulse,0x7029fa75e000,0xa30f3,000000002cffc64e,7,1.93355E+13,1937062
1752,pipewire-pulse,0x7029fa775000,0xc5616,000000005dbf2d05,0,1.94029E+13,1539514
1752,pipewire-pulse,0x7029fa776000,0xc5615,000000005dbf2d05,1,1.94029E+13,1546745
1752,pipewire-pulse,0x7029fa777000,0xc5614,000000005dbf2d05,2,1.94029E+13,1548549
1752,pipewire-pulse,0x7029fa778000,0xc5613,000000005dbf2d05,3,1.94029E+13,1550066
1752,pipewire-pulse,0x7029fa779000,0xc5611,000000005dbf2d05,4,1.94029E+13,1551656
1752,pipewire-pulse,0x7029fa77a000,0xc5633,000000005dbf2d05,5,1.94029E+13,1553137
1752,pipewire-pulse,0x7029fa77b000,0xc5632,000000005dbf2d05,6,1.94029E+13,1554624
1752,pipewire-pulse,0x7029fa77c000,0xc5631,000000005dbf2d05,7,1.94029E+13,1556258
1752,pipewire-pulse,0x7029fa76c000,0x7403d,000000002f1f0cdb,0,1.94029E+13,1825556
1752,pipewire-pulse,0x7029fa76d000,0xb29f5,000000002f1f0cdb,1,1.94029E+13,1828874
1752,pipewire-pulse,0x7029fa76e000,0xb29e1,000000002f1f0cdb,2,1.94029E+13,1830508
1752,pipewire-pulse,0x7029fa76f000,0xb29fd,000000002f1f0cdb,3,1.94029E+13,1831277
1752,pipewire-pulse,0x7029fa771000,0xc5609,000000002f1f0cdb,5,1.94029E+13,1832760
1752,pipewire-pulse,0x7029fa772000,0xb29ed,000000002f1f0cdb,6,1.94029E+13,1833521
1752,pipewire-pulse,0x7029fa773000,0xb29f3,000000002f1f0cdb,7,1.94029E+13,1834226
1752,pipewire-pulse,0x7029fa775000,0xc5622,000000001d31c8a5,0,1.94041E+13,10833321
1752,pipewire-pulse,0x7029fa776000,0xc5621,000000001d31c8a5,1,1.94041E+13,10834975
1752,pipewire-pulse,0x7029fa777000,0xc5620,000000001d31c8a5,2,1.94041E+13,10835893
1752,pipewire-pulse,0x7029fa778000,0xc561f,000000001d31c8a5,3,1.94041E+13,10836943
3074,firefox,0x75641e831000,0x355fb,000000008bbe964b,10,8.073E+12,153396
3074,firefox,0x75641e831000,0x10afd6,000000008bbe964b,10,8.09983E+12,987700
3074,firefox,0x75643329a000,0x12b24b,00000000fb79b51f,347,8.11202E+12,93630
3074,firefox,0x75641a07b000,0x123249,00000000953423f4,13,8.1261E+12,918699
3074,firefox,0x75641a082000,0x123249,00000000953423f4,13,8.1261E+12,91397
3074,firefox,0x75641a086000,0x123249,00000000953423f4,13,8.12611E+12,71614
3074,firefox,0x75641a091000,0xcbfd1,00000000953423f4,33,8.12611E+12,904222
3074,firefox,0x75641a09f000,0xcbfd1,00000000953423f4,33,8.12611E+12,208403
3074,firefox,0x75641a0b0000,0x10f8cb,00000000953423f4,66,8.12611E+12,1371472
3074,firefox,0x75641a097000,0x88206,00000000953423f4,36,8.12611E+12,102978
3074,firefox,0x75641a0b3000,0x10f8cb,00000000953423f4,66,8.12611E+12,2848001
3074,firefox,0x75641a09b000,0x88206,00000000953423f4,36,8.12611E+12,10238614
3074,firefox,0x75641a0b2000,0x10f8cb,00000000953423f4,66,8.12615E+12,1013025
3074,firefox,0x75641a0b5000,0x10f8cb,00000000953423f4,66,8.12617E+12,88355
3074,firefox,0x75641a08d000,0x123249,00000000953423f4,13,8.12619E+12,114669
3074,firefox,0x75643329a000,0x10f393,00000000fb79b51f,347,8.17952E+12,95125
3074,firefox,0x75641a07e000,0x12de70,00000000953423f4,7,8.19202E+12,71552
3074,firefox,0x75641a080000,0x12de70,00000000953423f4,7,8.19202E+12,68616
3074,firefox,0x75641a096000,0x127684,00000000953423f4,33,8.19202E+12,68637
3074,firefox,0x75641a07f000,0x12de70,00000000953423f4,7,8.19202E+12,687299
3074,firefox,0x75641a0a8000,0x12d6d4,00000000953423f4,43,8.19203E+12,1071321
3074,firefox,0x75641a092000,0x127684,00000000953423f4,33,8.19203E+12,691118
3074,firefox,0x75641a0a5000,0x13099b,00000000953423f4,45,8.19203E+12,1055411
3074,firefox,0x75641a0a0000,0x13099b,00000000953423f4,45,8.19203E+12,1718610
3074,firefox,0x75641e831000,0x12afb0,000000008bbe964b,10,8.19734E+12,151366
3074,firefox,0x75641a07e000,0x12abf3,00000000953423f4,7,8.21215E+12,72908
3074,firefox,0x75641a080000,0x12abf3,00000000953423f4,7,8.2122E+12,8336260
3074,firefox,0x75641a096000,0x129e9a,00000000953423f4,33,8.21222E+12,70791
3074,firefox,0x75641a07f000,0x12abf3,00000000953423f4,7,8.21222E+12,803833
3074,firefox,0x75641a0a8000,0x11e15c,00000000953423f4,43,8.21223E+12,82030
3074,firefox,0x75641a092000,0x129e9a,00000000953423f4,33,8.21223E+12,203908
3074,firefox,0x75641a0b0000,0x11d03f,00000000953423f4,58,8.21223E+12,75282
3074,firefox,0x75641a08c000,0x12abf3,00000000953423f4,7,8.21227E+12,69211
3074,firefox,0x75641a08a000,0x129f6d,00000000953423f4,17,8.21228E+12,82838
3074,firefox,0x75641a08e000,0x129f6d,00000000953423f4,17,8.21228E+12,485678
3074,firefox,0x75641a09f000,0x129e9a,00000000953423f4,33,8.2123E+12,619354
3074,firefox,0x75641a086000,0x12f16d,00000000953423f4,19,8.21402E+12,74231
3074,firefox,0x75641a091000,0x12a2d2,00000000953423f4,36,8.21402E+12,68180
3074,firefox,0x75641a088000,0x12f16d,00000000953423f4,19,8.21403E+12,69170
3074,firefox,0x75641a087000,0x12f16d,00000000953423f4,19,8.21403E+12,77993
3074,firefox,0x75641a09e000,0x12a2d2,00000000953423f4,36,8.21403E+12,1578525
3074,firefox,0x75641a0b4000,0x11d03f,00000000953423f4,58,8.21403E+12,93213
3074,firefox,0x75641a08f000,0x12f16d,00000000953423f4,19,8.21404E+12,136585
3074,firefox,0x75641a0a7000,0x128040,00000000953423f4,45,8.21404E+12,68455
3074,firefox,0x75641a0b2000,0x11d03f,00000000953423f4,58,8.21404E+12,68119
3074,firefox,0x75641a0a0000,0x128040,00000000953423f4,45,8.21404E+12,69461
3074,firefox,0x75641a0b7000,0x11d03f,00000000953423f4,58,8.21404E+12,70267
3074,firefox,0x75641a0ae000,0x128040,00000000953423f4,45,8.21404E+12,68779
3074,firefox,0x75641a0a4000,0x10fc08,00000000953423f4,51,8.21404E+12,72189
3074,firefox,0x75641e831000,0x1236b6,000000008bbe964b,10,8.21416E+12,149539
3074,firefox,0x75641e831000,0x128db7,000000008bbe964b,10,8.22048E+12,146590
3074,firefox,0x75641a07f000,0x124de9,00000000953423f4,13,8.22193E+12,199616
3074,firefox,0x75641a0b5000,0x125935,00000000953423f4,60,8.22193E+12,94391
3074,firefox,0x75641a0a8000,0x10fc08,00000000953423f4,51,8.22193E+12,74205
3074,firefox,0x75641a092000,0x1234a9,00000000953423f4,35,8.22193E+12,1973598
3074,firefox,0x75641a0b0000,0x125935,00000000953423f4,60,8.22194E+12,77732
3074,firefox,0x75641a08c000,0x128f54,00000000953423f4,20,8.22194E+12,931339
3074,firefox,0x75641a08a000,0x128f54,00000000953423f4,20,8.22195E+12,77875
3074,firefox,0x75641a0af000,0x10fc08,00000000953423f4,51,8.22196E+12,105020
3074,firefox,0x75641a090000,0x1234a9,00000000953423f4,35,8.22197E+12,86553
3074,firefox,0x75641a0ac000,0xab4bd,00000000953423f4,52,8.22198E+12,69434
3074,firefox,0x75643329a000,0x8c05d,00000000fb79b51f,347,8.24061E+12,99759
3074,firefox,0x75643329a000,0x11f2d6,00000000fb79b51f,347,8.30348E+12,822405
3074,firefox,0x75641a07e000,0x12ddac,00000000953423f4,7,8.32068E+12,68239
3074,firefox,0x75641a07c000,0x12ddac,00000000953423f4,7,8.32069E+12,64498
3074,firefox,0x75641a090000,0x129624,00000000953423f4,33,8.32069E+12,711689
3074,firefox,0x75641a07d000,0x12ddac,00000000953423f4,7,8.3207E+12,65410
3074,firefox,0x75641a08d000,0x12ddac,00000000953423f4,7,8.3207E+12,69787
3074,firefox,0x75641a0a3000,0x12e0b0,00000000953423f4,43,8.3207E+12,77696
3074,firefox,0x75641a0a8000,0x12e0b0,00000000953423f4,43,8.3207E+12,69330
3074,firefox,0x75641a0af000,0x12d860,00000000953423f4,45,8.3207E+12,204040
3074,firefox,0x75641a091000,0x129624,00000000953423f4,33,8.3207E+12,65946
3074,firefox,0x75641a086000,0x105083,00000000953423f4,18,8.32075E+12,70876
3074,firefox,0x75641a088000,0x105083,00000000953423f4,18,8.32075E+12,66298
3074,firefox,0x75641a09f000,0x129624,00000000953423f4,33,8.32075E+12,62915
3074,firefox,0x75641a089000,0x105083,00000000953423f4,18,8.32076E+12,68692
3074,firefox,0x75641a094000,0x12d9ed,00000000953423f4,36,8.32076E+12,66822
3074,firefox,0x75641a08a000,0x105083,00000000953423f4,18,8.32076E+12,65693
3074,firefox,0x75641a0a5000,0x129b6a,00000000953423f4,52,8.32076E+12,67252
3074,firefox,0x75641a08b000,0x105083,00000000953423f4,18,8.32076E+12,63953
3074,firefox,0x75641a097000,0x12d9ed,00000000953423f4,36,8.32076E+12,183342
3074,firefox,0x75641a0bc000,0x12dace,00000000953423f4,58,8.32284E+12,102573
3074,firefox,0x75641e831000,0x11a5f5,000000008bbe964b,10,8.32658E+12,1051814
3074,firefox,0x75641a0a8000,0x12e0b0,00000000953423f4,43,8.33231E+12,72216
3074,firefox,0x75641a0af000,0x123c3c,00000000953423f4,45,8.33231E+12,70597
3074,firefox,0x75641a091000,0x129624,00000000953423f4,33,8.33232E+12,68705
3074,firefox,0x75641e831000,0x125ef7,000000008bbe964b,10,8.33301E+12,1070512
3074,firefox,0x75641cea6000,0x216af,0000000007643c4d,28,8.34695E+12,81311
3074,firefox,0x75641cea3000,0x216af,0000000007643c4d,28,8.34854E+12,119746
3074,firefox,0x75641a086000,0x86c8b,00000000953423f4,20,8.3505E+12,71597
3074,firefox,0x75641a091000,0x7a6a,00000000953423f4,33,8.35051E+12,103631
3074,firefox,0x75641a084000,0x86c8b,00000000953423f4,20,8.35052E+12,117217
3074,firefox,0x75641a085000,0x86c8b,00000000953423f4,20,8.35052E+12,71496
3074,firefox,0x75641a094000,0x7a6a,00000000953423f4,33,8.35052E+12,67550
3074,firefox,0x75641a0ad000,0xcfb42,00000000953423f4,45,8.35052E+12,65984
3074,firefox,0x75641a09a000,0x7a6a,00000000953423f4,33,8.35053E+12,70159
3074,firefox,0x75641a0ac000,0x12e01e,00000000953423f4,50,8.35053E+12,69218
3074,firefox,0x75641a0a7000,0x12e01e,00000000953423f4,50,8.35053E+12,265292
3074,firefox,0x75641a0af000,0x12e01e,00000000953423f4,50,8.35054E+12,65197
3074,firefox,0x75641a09f000,0x7a6a,00000000953423f4,33,8.35054E+12,63560
3074,firefox,0x75641a0b8000,0xd63c4,00000000953423f4,65,8.35054E+12,70302
3074,firefox,0x75641a09d000,0x11cade,00000000953423f4,36,8.35054E+12,71251
3074,firefox,0x75641a0bb000,0xd63c4,00000000953423f4,65,8.35057E+12,71638
3074,firefox,0x75641a0a0000,0x123b59,00000000953423f4,52,8.35062E+12,53399
3074,firefox,0x75641a0ae000,0x123b59,00000000953423f4,52,8.35065E+12,70886
3074,firefox,0x75641a0bd000,0xd63c4,00000000953423f4,65,8.35065E+12,34337
3074,firefox,0x75641e831000,0x121db5,000000008bbe964b,10,8.35098E+12,164455
3074,firefox,0x75641a088000,0x86c8b,00000000953423f4,20,8.35633E+12,78697
3074,firefox,0x75641a087000,0x86c8b,00000000953423f4,20,8.35633E+12,70795
3074,firefox,0x75641a09e000,0x11cade,00000000953423f4,36,8.35633E+12,949653
3074,firefox,0x75641a0b2000,0x1080a0,00000000953423f4,66,8.35633E+12,960978
3074,firefox,0x75641a0b0000,0x1080a0,00000000953423f4,66,8.35633E+12,954784
3074,firefox,0x75641a0ab000,0x123b59,00000000953423f4,52,8.35633E+12,853649
3074,firefox,0x75641a09b000,0x11cade,00000000953423f4,36,8.35634E+12,73503
3074,firefox,0x75641a0b7000,0x1080a0,00000000953423f4,66,8.35634E+12,1222367
3074,firefox,0x75643329a000,0x2157e,00000000fb79b51f,347,8.3756E+12,276703
3074,firefox,0x75641a086000,0x86c8b,00000000953423f4,20,8.37949E+12,69610
3074,firefox,0x75641a091000,0x7a6a,00000000953423f4,33,8.3795E+12,230120
3074,firefox,0x75641a088000,0x86c8b,00000000953423f4,20,8.3795E+12,1036039
3074,firefox,0x75641a087000,0x86c8b,00000000953423f4,20,8.3795E+12,95828
3074,firefox,0x75641a09e000,0x7a6a,00000000953423f4,33,8.3795E+12,998594
3074,firefox,0x75641a0b2000,0xcfb3e,00000000953423f4,58,8.3795E+12,75902
3074,firefox,0x75641a0b0000,0xcfb3e,00000000953423f4,58,8.3795E+12,1405565
3074,firefox,0x75641a0ab000,0xcfb42,00000000953423f4,45,8.3795E+12,68164
3074,firefox,0x75641a09a000,0x10b2f3,00000000953423f4,35,8.3795E+12,1078559
3074,firefox,0x75641a092000,0x10b2f3,00000000953423f4,35,8.37951E+12,69219
3074,firefox,0x75641a0a9000,0x12df21,00000000953423f4,48,8.37951E+12,986741
3074,firefox,0x75641a09b000,0x10b2f3,00000000953423f4,35,8.37951E+12,78236
3074,firefox,0x75641a094000,0x10b2f3,00000000953423f4,35,8.37951E+12,522609
3074,firefox,0x75641e831000,0x116f76,000000008bbe964b,10,8.37989E+12,891220
3074,firefox,0x75641a07e000,0x17ab6,00000000953423f4,7,8.38443E+12,94157
3074,firefox,0x75641a080000,0x17ab6,00000000953423f4,7,8.38443E+12,136822
3074,firefox,0x75641a096000,0x7a6a,00000000953423f4,33,8.38443E+12,1380030
3074,firefox,0x75641a07f000,0x17ab6,00000000953423f4,7,8.38443E+12,2837146
3074,firefox,0x75641a098000,0x7a6a,00000000953423f4,33,8.38443E+12,844016
3074,firefox,0x75641a08d000,0x17ab6,00000000953423f4,7,8.38444E+12,76337
3074,firefox,0x75641a0a9000,0xe65d,00000000953423f4,43,8.38444E+12,54702
3074,firefox,0x75641a08e000,0x11aa15,00000000953423f4,18,8.38445E+12,84547
3074,firefox,0x75641a097000,0x7a6a,00000000953423f4,33,8.38445E+12,958735
3074,firefox,0x75641a0a2000,0x108c58,00000000953423f4,46,8.38445E+12,71421
3074,firefox,0x75641a0a0000,0x108c58,00000000953423f4,46,8.38445E+12,531464
3074,firefox,0x75641a088000,0x118f29,00000000953423f4,20,8.38587E+12,70199
3074,firefox,0x75641a0bc000,0x11a1fb,00000000953423f4,66,8.38789E+12,96539
3074,firefox,0x75641e831000,0x32274,000000008bbe964b,10,8.39446E+12,290263
3074,firefox,0x75641a086000,0x124486,00000000953423f4,7,8.45778E+12,1529057
3074,firefox,0x75641a091000,0x12b6a4,00000000953423f4,33,8.45779E+12,133865
3074,firefox,0x75641a084000,0x128158,00000000953423f4,11,8.4579E+12,135098
3074,firefox,0x75641a096000,0x12b6a4,00000000953423f4,33,8.45794E+12,139165
3074,firefox,0x75641a085000,0x128158,00000000953423f4,11,8.45796E+12,440419
3074,firefox,0x75641a094000,0x12b6a4,00000000953423f4,33,8.45798E+12,375221
3074,firefox,0x75641a0ad000,0x123d94,00000000953423f4,43,8.45799E+12,371399
3074,firefox,0x75641a09a000,0x12b6a4,00000000953423f4,33,8.458E+12,1476069
3074,firefox,0x75641a0ac000,0x119654,00000000953423f4,50,8.45801E+12,131445
3074,firefox,0x75641a0a7000,0x119654,00000000953423f4,50,8.45805E+12,139178
3074,firefox,0x75641a0af000,0x119654,00000000953423f4,50,8.45806E+12,1535729
3074,firefox,0x75641a09f000,0x12b6a4,00000000953423f4,33,8.45807E+12,343009
3074,firefox,0x75641a09d000,0x125ee9,00000000953423f4,36,8.45818E+12,122445
3074,firefox,0x75641a0a8000,0x1274a4,00000000953423f4,52,8.45824E+12,419556
3074,firefox,0x75641a0bb000,0x11f338,00000000953423f4,61,8.45825E+12,393384
3074,firefox,0x75641a0a0000,0x1274a4,00000000953423f4,52,8.45838E+12,1280730
3074,firefox,0x75641a0ae000,0x1274a4,00000000953423f4,52,8.45839E+12,860501
3074,firefox,0x75641a0bd000,0x1271d6,00000000953423f4,64,8.45839E+12,1615219
3074,firefox,0x75641a0bc000,0x10ea97,00000000953423f4,66,8.45851E+12,566659
3074,firefox,0x75641e831000,0xc5c69,000000008bbe964b,10,8.45905E+12,1195701
3074,firefox,0x75641a088000,0x128158,00000000953423f4,11,8.46606E+12,1679189
3074,firefox,0x75641a087000,0x4e1ac,00000000953423f4,13,8.46606E+12,21374563
3074,firefox,0x75641a09e000,0x125ee9,00000000953423f4,36,8.46609E+12,42983207
3074,firefox,0x75641a0b2000,0x10ea97,00000000953423f4,66,8.46613E+12,55434508
3074,firefox,0x75641a0b0000,0x10ea97,00000000953423f4,66,8.46621E+12,23341952
3074,firefox,0x75641a0ab000,0x1274a4,00000000953423f4,52,8.46627E+12,10724820
3074,firefox,0x75641a0b5000,0x10ea97,00000000953423f4,66,8.46633E+12,5257204
3074,firefox,0x75641a09b000,0x125ee9,00000000953423f4,36,8.46637E+12,1388600
3074,firefox,0x75641a0a2000,0x1274a4,00000000953423f4,52,8.4664E+12,634295
3074,firefox,0x75641a0b7000,0x10ea97,00000000953423f4,66,8.46641E+12,10435159
3074,firefox,0x75641a092000,0x125ee9,00000000953423f4,36,8.47501E+12,128938
3074,firefox,0x75641a0a3000,0x1274a4,00000000953423f4,52,8.47501E+12,438704
3074,firefox,0x75641a0a9000,0x1274a4,00000000953423f4,52,8.47501E+12,126098
3074,firefox,0x75641e826000,0x8110c,000000008337a262,10,8.48946E+12,1478048
3074,firefox,0x75643329a000,0x11b2e0,00000000fb79b51f,347,8.49507E+12,204152
3074,firefox,0x75641a098000,0x12b6a4,00000000953423f4,33,8.52364E+12,74108
3074,firefox,0x75641a08d000,0x11dd87,00000000953423f4,20,8.52364E+12,84909
3074,firefox,0x75641a0a9000,0x11942c,00000000953423f4,45,8.52364E+12,95538
3074,firefox,0x75641a08e000,0x11dd87,00000000953423f4,20,8.52365E+12,80296
3074,firefox,0x75641a097000,0x12b6a4,00000000953423f4,33,8.52365E+12,78540
3074,firefox,0x75641a0a0000,0x11f44c,00000000953423f4,46,8.52366E+12,98333
3074,firefox,0x75641a088000,0x11dd87,00000000953423f4,20,8.5287E+12,69977
3074,firefox,0x75641a0b3000,0x50a84,00000000953423f4,61,8.5287E+12,230760
3074,firefox,0x75641a0bc000,0x50a84,00000000953423f4,61,8.52926E+12,78991
3074,firefox,0x75641e831000,0x122b91,000000008bbe964b,10,8.53466E+12,158334
3074,firefox,0x75641e831000,0x128b7b,000000008bbe964b,10,8.54593E+12,1569319
3074,firefox,0x75643329a000,0x11e696,00000000fb79b51f,347,8.55998E+12,217367
3074,firefox,0x75641a092000,0x4ea93,00000000953423f4,33,8.57339E+12,88633
3074,firefox,0x75641a0a5000,0x23230,00000000953423f4,45,8.5734E+12,108523
3074,firefox,0x75641a0a0000,0x23230,00000000953423f4,45,8.5734E+12,84472
3074,firefox,0x75641e831000,0x118cfb,000000008bbe964b,10,8.57682E+12,1259050
3074,firefox,0x75643329a000,0x474c4,00000000fb79b51f,347,8.61814E+12,361805
3074,firefox,0x75641e831000,0x112f8b,000000008bbe964b,10,8.714E+12,222078
3074,firefox,0x75641a098000,0x11d44d,00000000953423f4,33,8.7194E+12,70831
3074,firefox,0x75641a08d000,0x120571,00000000953423f4,20,8.7194E+12,71905
3074,firefox,0x75641a0a9000,0x1303e8,00000000953423f4,45,8.71941E+12,180376
8485,Isolated Servic,0x738900350000,0x10cd71,00000000953423f4,28,8.10547E+12,71739
8485,Isolated Servic,0x73890034f000,0x10c52a,00000000953423f4,15,8.10548E+12,72405
8485,Isolated Servic,0x738900385000,0x10e260,00000000953423f4,63,8.10548E+12,863172
8485,Isolated Servic,0x7388ff488000,0x12b549,000000000e109d6e,147,8.12896E+12,76245
2271,gsd-housekeepin,0x55585acb5000,0x22bdb,00000000f275917a,9,8.107E+12,972313
2271,gsd-housekeepin,0x55585acb5000,0x3d0ea,00000000f275917a,9,8.16701E+12,767120
2271,gsd-housekeepin,0x55585acb5000,0x10bc6a,00000000f275917a,9,8.22703E+12,78247
2271,gsd-housekeepin,0x55585acb5000,0x11f93c,00000000f275917a,9,8.28702E+12,882483
2271,gsd-housekeepin,0x55585acb5000,0xa347a,00000000f275917a,9,8.34709E+12,76721
2271,gsd-housekeepin,0x55585acb5000,0x2163d,00000000f275917a,9,8.40778E+12,149248
2271,gsd-housekeepin,0x55585acb5000,0x12fb91,00000000f275917a,9,8.46801E+12,155923
2271,gsd-housekeepin,0x55585acb5000,0x12f6e4,00000000f275917a,9,8.52801E+12,80762
2271,gsd-housekeepin,0x55585acb5000,0x60807,00000000f275917a,9,8.64801E+12,1057409
2271,gsd-housekeepin,0x55585acb5000,0x12677a,00000000f275917a,9,8.70802E+12,76869
2271,gsd-housekeepin,0x55585acb5000,0xd45a8,00000000f275917a,9,8.76802E+12,1561987
2271,gsd-housekeepin,0x55585acb5000,0x11060b,00000000f275917a,9,8.82813E+12,135058
2271,gsd-housekeepin,0x55585acb5000,0x10c819,00000000f275917a,9,8.88795E+12,93991
2271,gsd-housekeepin,0x55585acb5000,0x1db5c,00000000f275917a,9,8.94802E+12,916743
2271,gsd-housekeepin,0x55585acb5000,0x10fc2f,00000000f275917a,9,9.00803E+12,67162
2271,gsd-housekeepin,0x55585acb5000,0x12df71,00000000f275917a,9,9.06803E+12,898452
2271,gsd-housekeepin,0x55585acb5000,0x246b9,00000000f275917a,9,9.12803E+12,740313
2271,gsd-housekeepin,0x55585acb5000,0x8c0e6,00000000f275917a,9,9.18804E+12,1705527
2271,gsd-housekeepin,0x55585acb5000,0xfea3,00000000f275917a,9,9.24797E+12,1423572
2271,gsd-housekeepin,0x55585acb5000,0x113899,00000000f275917a,9,9.30798E+12,185286
2271,gsd-housekeepin,0x55585acb5000,0x10b49c,00000000f275917a,9,9.36842E+12,8582385
2271,gsd-housekeepin,0x55585acb5000,0x11228f,00000000f275917a,9,9.428E+12,803280
2271,gsd-housekeepin,0x55585acb5000,0x1224ce,00000000f275917a,9,9.48802E+12,5516405
2271,gsd-housekeepin,0x55585acb5000,0x127a96,00000000f275917a,9,9.54801E+12,68770
2271,gsd-housekeepin,0x55585acb5000,0xa15c8,00000000f275917a,9,9.60801E+12,90017
2271,gsd-housekeepin,0x55585acb5000,0x115062,00000000f275917a,9,9.66801E+12,837733
2271,gsd-housekeepin,0x55585acb5000,0x65d19,00000000f275917a,9,9.72814E+12,89069
2271,gsd-housekeepin,0x55585acb5000,0x12a2a8,00000000f275917a,9,9.78803E+12,929922
2271,gsd-housekeepin,0x55585acb5000,0xafb1f,00000000f275917a,9,9.84802E+12,4267438
2271,gsd-housekeepin,0x55585acb5000,0x12e927,00000000f275917a,9,9.90803E+12,103805
2271,gsd-housekeepin,0x55585acb5000,0xa5fc1,00000000f275917a,9,9.96811E+12,4220796
2271,gsd-housekeepin,0x55585acb5000,0x25d67,00000000f275917a,9,1.0028E+13,76178
2271,gsd-housekeepin,0x55585acb5000,0xc8574,00000000f275917a,9,1.0088E+13,77879
2271,gsd-housekeepin,0x55585acb5000,0x10d92b,00000000f275917a,9,1.01483E+13,1010829
2271,gsd-housekeepin,0x55585acb5000,0x129fcc,00000000f275917a,9,1.0209E+13,733643
2271,gsd-housekeepin,0x55585acb5000,0xc558b,00000000f275917a,9,1.0269E+13,71629
2271,gsd-housekeepin,0x55585acb5000,0x1252b5,00000000f275917a,9,1.0329E+13,710560
2271,gsd-housekeepin,0x55585acb5000,0x11b705,00000000f275917a,9,1.03891E+13,1236632
2271,gsd-housekeepin,0x55585acb5000,0xa4937,00000000f275917a,9,1.0449E+13,868232
2271,gsd-housekeepin,0x55585acb5000,0x12e294,00000000f275917a,9,1.0509E+13,1295768
2271,gsd-housekeepin,0x55585acb5000,0x11d02d,00000000f275917a,9,1.05691E+13,85846
2271,gsd-housekeepin,0x55585acb5000,0x12900a,00000000f275917a,9,1.0629E+13,810322
2271,gsd-housekeepin,0x55585acb5000,0x129682,00000000f275917a,9,1.0689E+13,9344700
2271,gsd-housekeepin,0x55585acb5000,0x3416,00000000f275917a,9,1.0749E+13,275503
2271,gsd-housekeepin,0x55585acb5000,0xd67af,00000000f275917a,9,1.0809E+13,77354
2271,gsd-housekeepin,0x55585acb5000,0x2d1cc,00000000f275917a,9,1.08691E+13,76961
2271,gsd-housekeepin,0x55585acb5000,0x107e07,00000000f275917a,9,1.0929E+13,6110410
2271,gsd-housekeepin,0x55585acb5000,0x117142,00000000f275917a,9,1.09894E+13,1382282
2271,gsd-housekeepin,0x55585acb5000,0x112da6,00000000f275917a,9,1.105E+13,2178266
2271,gsd-housekeepin,0x55585acb5000,0x129d94,00000000f275917a,9,1.123E+13,73207
2271,gsd-housekeepin,0x55585acb5000,0x830be,00000000f275917a,9,1.129E+13,898259
2271,gsd-housekeepin,0x55585acb5000,0x109d28,00000000f275917a,9,1.13501E+13,371855
2271,gsd-housekeepin,0x55585acb5000,0x116099,00000000f275917a,9,1.141E+13,74737
2271,gsd-housekeepin,0x55585acb5000,0x8ec12,00000000f275917a,9,1.153E+13,70986
2271,gsd-housekeepin,0x55585acb5000,0x1256fc,00000000f275917a,9,1.159E+13,1549195
2271,gsd-housekeepin,0x55585acb5000,0xc48d,00000000f275917a,9,1.165E+13,1530835
2271,gsd-housekeepin,0x55585acb5000,0xb29e7,00000000f275917a,9,1.171E+13,137371
2271,gsd-housekeepin,0x55585acb5000,0x12c710,00000000f275917a,9,1.177E+13,1138015
2271,gsd-housekeepin,0x55585acb5000,0x6685a,00000000f275917a,9,1.18299E+13,114384770
2271,gsd-housekeepin,0x55585acb5000,0x12308d,00000000f275917a,9,1.189E+13,733010
2271,gsd-housekeepin,0x55585acb5000,0x11d103,00000000f275917a,9,1.19501E+13,97425
2271,gsd-housekeepin,0x55585acb5000,0x12415c,00000000f275917a,9,1.20101E+13,4084802
2271,gsd-housekeepin,0x55585acb5000,0x10d620,00000000f275917a,9,1.207E+13,67526
2271,gsd-housekeepin,0x55585acb5000,0x11c68d,00000000f275917a,9,1.213E+13,6789381
2271,gsd-housekeepin,0x55585acb5000,0xaab8b,00000000f275917a,9,1.219E+13,942968
2271,gsd-housekeepin,0x55585acb5000,0x117861,00000000f275917a,9,1.225E+13,198770
2271,gsd-housekeepin,0x55585acb5000,0x130d48,00000000f275917a,9,1.231E+13,65303537
2271,gsd-housekeepin,0x55585acb5000,0xc75b5,00000000f275917a,9,1.237E+13,839639
2271,gsd-housekeepin,0x55585acb5000,0x429cf,00000000f275917a,9,1.243E+13,67645
2271,gsd-housekeepin,0x55585acb5000,0x12a877,00000000f275917a,9,1.249E+13,908521
2271,gsd-housekeepin,0x55585acb5000,0x1175c6,00000000f275917a,9,1.255E+13,811633
2271,gsd-housekeepin,0x55585acb5000,0xcfc6f,00000000f275917a,9,1.261E+13,967370
2271,gsd-housekeepin,0x55585acb5000,0x12f1bd,00000000f275917a,9,1.267E+13,77547
2271,gsd-housekeepin,0x55585acb5000,0x8178e,00000000f275917a,9,1.273E+13,1432958
2271,gsd-housekeepin,0x55585acb5000,0x117fb3,00000000f275917a,9,1.279E+13,75354
2271,gsd-housekeepin,0x55585acb5000,0x13035b,00000000f275917a,9,1.285E+13,1180995
2271,gsd-housekeepin,0x55585acb5000,0xaf578,00000000f275917a,9,1.291E+13,74919
2271,gsd-housekeepin,0x55585acb5000,0x13051b,00000000f275917a,9,1.297E+13,255880
2271,gsd-housekeepin,0x55585acb5000,0x11d2d6,00000000f275917a,9,1.30302E+13,86453
2271,gsd-housekeepin,0x55585acb5000,0x12a04f,00000000f275917a,9,1.309E+13,138666
2271,gsd-housekeepin,0x55585acb5000,0x2b3e,00000000f275917a,9,1.315E+13,78462
2271,gsd-housekeepin,0x55585acb5000,0x12a36,00000000f275917a,9,1.321E+13,71925
2271,gsd-housekeepin,0x55585acb5000,0xae80b,00000000f275917a,9,1.327E+13,98831
2271,gsd-housekeepin,0x55585acb5000,0x109ec4,00000000f275917a,9,1.333E+13,1027776
2271,gsd-housekeepin,0x55585acb5000,0x9657,00000000f275917a,9,1.339E+13,81171
2271,gsd-housekeepin,0x55585acb5000,0x116d02,00000000f275917a,9,1.345E+13,72084
2271,gsd-housekeepin,0x55585acb5000,0xbeb53,00000000f275917a,9,1.351E+13,1573312
2271,gsd-housekeepin,0x55585acb5000,0x926c4,00000000f275917a,9,1.363E+13,74976
2271,gsd-housekeepin,0x55585acb5000,0x118967,00000000f275917a,9,1.36906E+13,73171
2271,gsd-housekeepin,0x55585acb5000,0x129474,00000000f275917a,9,1.3751E+13,995454
2271,gsd-housekeepin,0x55585acb5000,0x12e019,00000000f275917a,9,1.38111E+13,884076
2271,gsd-housekeepin,0x55585acb5000,0x125042,00000000f275917a,9,1.3871E+13,109082
2271,gsd-housekeepin,0x55585acb5000,0x126307,00000000f275917a,9,1.39311E+13,4760158
2271,gsd-housekeepin,0x55585acb5000,0x967ab,00000000f275917a,9,1.3991E+13,127951
2271,gsd-housekeepin,0x55585acb5000,0x40042,00000000f275917a,9,1.4051E+13,410184
2271,gsd-housekeepin,0x55585acb5000,0x1175dd,00000000f275917a,9,1.41109E+13,162042037
2271,gsd-housekeepin,0x55585acb5000,0x8b144,00000000f275917a,9,1.4171E+13,69849
2271,gsd-housekeepin,0x55585acb5000,0x123ea5,00000000f275917a,9,1.4231E+13,1119197
2271,gsd-housekeepin,0x55585acb5000,0x114905,00000000f275917a,9,1.4291E+13,958492
2271,gsd-housekeepin,0x55585acb5000,0x11ea03,00000000f275917a,9,1.43511E+13,2050475
2271,gsd-housekeepin,0x55585acb5000,0x23f2a,00000000f275917a,9,1.4531E+13,904097
2271,gsd-housekeepin,0x55585acb5000,0x60fef,00000000f275917a,9,1.4591E+13,1035034
2271,gsd-housekeepin,0x55585acb5000,0x125c33,00000000f275917a,9,1.4651E+13,749306
2271,gsd-housekeepin,0x55585acb5000,0x12225f,00000000f275917a,9,1.4711E+13,512963
2271,gsd-housekeepin,0x55585acb5000,0xd90d2,00000000f275917a,9,1.4771E+13,79275
2271,gsd-housekeepin,0x55585acb5000,0x12da97,00000000f275917a,9,1.48311E+13,812984
2271,gsd-housekeepin,0x55585acb5000,0x1252bb,00000000f275917a,9,1.4891E+13,78279
2271,gsd-housekeepin,0x55585acb5000,0x93fe3,00000000f275917a,9,1.4951E+13,943751
2271,gsd-housekeepin,0x55585acb5000,0xafa4d,00000000f275917a,9,1.5011E+13,966867
2271,gsd-housekeepin,0x55585acb5000,0x12a293,00000000f275917a,9,1.5131E+13,72517
2271,gsd-housekeepin,0x55585acb5000,0x106fd9,00000000f275917a,9,1.5251E+13,74564
2271,gsd-housekeepin,0x55585acb5000,0x1cf89,00000000f275917a,9,1.5311E+13,809081
2271,gsd-housekeepin,0x55585acb5000,0xb12d8,00000000f275917a,9,1.5371E+13,3177944
2271,gsd-housekeepin,0x55585acb5000,0x12e587,00000000f275917a,9,1.54318E+13,330167
2271,gsd-housekeepin,0x55585acb5000,0x116268,00000000f275917a,9,1.54932E+13,84286
2271,gsd-housekeepin,0x55585acb5000,0xda024,00000000f275917a,9,1.5554E+13,888379
2271,gsd-housekeepin,0x55585acb5000,0x12b77c,00000000f275917a,9,1.56143E+13,1306897
2271,gsd-housekeepin,0x55585acb5000,0x12deb2,00000000f275917a,9,1.5675E+13,3490982
2271,gsd-housekeepin,0x55585acb5000,0x130500,00000000f275917a,9,1.5735E+13,944271
2271,gsd-housekeepin,0x55585acb5000,0x11d093,00000000f275917a,9,1.57951E+13,949997
2271,gsd-housekeepin,0x55585acb5000,0x34037,00000000f275917a,9,1.5855E+13,978209
2271,gsd-housekeepin,0x55585acb5000,0x125520,00000000f275917a,9,1.59153E+13,225534
2271,gsd-housekeepin,0x55585acb5000,0x124fa9,00000000f275917a,9,1.5975E+13,50686840
2271,gsd-housekeepin,0x55585acb5000,0x124a87,00000000f275917a,9,1.6335E+13,3212542
2271,gsd-housekeepin,0x55585acb5000,0x11a70b,00000000f275917a,9,1.63951E+13,2224940
2271,gsd-housekeepin,0x55585acb5000,0x65d82,00000000f275917a,9,1.6455E+13,1911385
2271,gsd-housekeepin,0x55585acb5000,0x10dcde,00000000f275917a,9,1.6815E+13,2271137
2271,gsd-housekeepin,0x55585acb5000,0x10df10,00000000f275917a,9,1.6875E+13,352307
2271,gsd-housekeepin,0x55585acb5000,0x123997,00000000f275917a,9,1.69952E+13,37236541
2271,gsd-housekeepin,0x55585acb5000,0x6d0dd,00000000f275917a,9,1.7235E+13,129416
2271,gsd-housekeepin,0x55585acb5000,0xc2dcc,00000000f275917a,9,1.7295E+13,1554612
2271,gsd-housekeepin,0x55585acb5000,0x16304,00000000f275917a,9,1.7415E+13,141323
2271,gsd-housekeepin,0x55585acb5000,0x5e14d,00000000f275917a,9,1.7595E+13,178409
2271,gsd-housekeepin,0x55585acb5000,0xc218a,00000000f275917a,9,1.76548E+13,239518002
2271,gsd-housekeepin,0x55585acb5000,0x9c54e,00000000f275917a,9,1.7715E+13,3313077
2271,gsd-housekeepin,0x55585acb5000,0x11e661,00000000f275917a,9,1.7835E+13,2108209
2271,gsd-housekeepin,0x55585acb5000,0x12acc4,00000000f275917a,9,1.80151E+13,500075
2271,gsd-housekeepin,0x55585acb5000,0x12f256,00000000f275917a,9,1.80751E+13,778905
2271,gsd-housekeepin,0x55585acb5000,0x24412,00000000f275917a,9,1.8135E+13,74985
2271,gsd-housekeepin,0x55585acb5000,0x1362ce,00000000f275917a,9,1.81956E+13,38264
2271,gsd-housekeepin,0x55585acb5000,0x126837,00000000f275917a,9,1.82554E+13,16610567
2271,gsd-housekeepin,0x55585acb5000,0x129913,00000000f275917a,9,1.83161E+13,11697
2271,gsd-housekeepin,0x55585acb5000,0x6fb46,00000000f275917a,9,1.8376E+13,465683
2271,gsd-housekeepin,0x55585acb5000,0x10ab5a,00000000f275917a,9,1.8436E+13,38969
2271,gsd-housekeepin,0x55585acb5000,0x126f80,00000000f275917a,9,1.8496E+13,499953
2271,gsd-housekeepin,0x55585acb5000,0x10d8f0,00000000f275917a,9,1.8556E+13,438052
2271,gsd-housekeepin,0x55585acb5000,0x130334,00000000f275917a,9,1.8616E+13,38373
2271,gsd-housekeepin,0x55585acb5000,0x10d9ad,00000000f275917a,9,1.8676E+13,39265
2271,gsd-housekeepin,0x55585acb5000,0x9b8e6,00000000f275917a,9,1.8736E+13,537690
2271,gsd-housekeepin,0x55585acb5000,0x10ef0d,00000000f275917a,9,1.8796E+13,7913771
2271,gsd-housekeepin,0x55585acb5000,0x1252b9,00000000f275917a,9,1.8856E+13,472995
2271,gsd-housekeepin,0x55585acb5000,0x62f5e,00000000f275917a,9,1.8916E+13,446687
2271,gsd-housekeepin,0x55585acb5000,0x12eb52,00000000f275917a,9,1.8976E+13,489104
2271,gsd-housekeepin,0x55585acb5000,0x12e9e2,00000000f275917a,9,1.9036E+13,319056
2271,gsd-housekeepin,0x55585acb5000,0x10d817,00000000f275917a,9,1.9096E+13,416288
2271,gsd-housekeepin,0x55585acb5000,0x10c90c,00000000f275917a,9,1.9156E+13,407140
2269,gsd-color,0x7c843e525000,0x1117f5,00000000defd2c8d,10,8.11102E+12,1289852
2269,gsd-color,0x7c843e525000,0x11e41b,00000000defd2c8d,10,8.17182E+12,2839517
2269,gsd-color,0x7c843e525000,0xc2aa8,00000000defd2c8d,10,8.29109E+12,78820
2269,gsd-color,0x7c843e525000,0x100766,00000000defd2c8d,10,8.59101E+12,12311869
2269,gsd-color,0x7c843e525000,0x544d2,00000000defd2c8d,10,8.71109E+12,852780
2269,gsd-color,0x7c843e525000,0x12b61a,00000000defd2c8d,10,8.95105E+12,67810
2269,gsd-color,0x7c843e525000,0x12fd10,00000000defd2c8d,10,9.1313E+12,65142
2269,gsd-color,0x7c843e525000,0xc8d18,00000000defd2c8d,10,9.31106E+12,75466
2269,gsd-color,0x7c843e525000,0x10d977,00000000defd2c8d,10,9.43113E+12,1052508
2269,gsd-color,0x7c843e525000,0x12e178,00000000defd2c8d,10,9.55323E+12,1056247
2269,gsd-color,0x7c843e525000,0x3009e,00000000defd2c8d,10,9.73307E+12,616895
2269,gsd-color,0x7c843e525000,0x113a36,00000000defd2c8d,10,9.91304E+12,72760
2269,gsd-color,0x7c843e525000,0x11df4b,00000000defd2c8d,10,1.02134E+13,5593692
2269,gsd-color,0x7c843e525000,0x12c829,00000000defd2c8d,10,1.03931E+13,974546
2269,gsd-color,0x7c843e525000,0x68b3f,00000000defd2c8d,10,1.05131E+13,978776
2269,gsd-color,0x7c843e525000,0x11a591,00000000defd2c8d,10,1.06936E+13,1646474
2269,gsd-color,0x7c843e525000,0x6fd93,00000000defd2c8d,10,1.1233E+13,889293
2269,gsd-color,0x7c843e525000,0x4922e,00000000defd2c8d,10,1.1353E+13,1254672
2269,gsd-color,0x7c843e525000,0x1097ca,00000000defd2c8d,10,1.18931E+13,841085
2269,gsd-color,0x7c843e525000,0x12e289,00000000defd2c8d,10,1.20131E+13,532230
2269,gsd-color,0x7c843e525000,0x128d02,00000000defd2c8d,10,1.27332E+13,7284416
2269,gsd-color,0x7c843e525000,0x88df3,00000000defd2c8d,10,1.30331E+13,905725
2269,gsd-color,0x7c843e525000,0x1b284,00000000defd2c8d,10,1.30931E+13,151642
2269,gsd-color,0x7c843e525000,0x11ec5a,00000000defd2c8d,10,1.3153E+13,72301
2269,gsd-color,0x7c843e525000,0x11e848,00000000defd2c8d,10,1.3513E+13,1291169
2269,gsd-color,0x7c843e525000,0x12870a,00000000defd2c8d,10,1.42934E+13,824556
2269,gsd-color,0x7c843e525000,0x12b609,00000000defd2c8d,10,1.44133E+13,6836321
2269,gsd-color,0x7c843e525000,0xb51ff,00000000defd2c8d,10,1.45931E+13,565523
2269,gsd-color,0x7c843e525000,0x11219a,00000000defd2c8d,10,1.5553E+13,72027
2269,gsd-color,0x7c843e525000,0x1309b7,00000000defd2c8d,10,1.7833E+13,17232655
2269,gsd-color,0x7c843e525000,0x1116b6,00000000defd2c8d,10,1.83171E+13,106197
2269,gsd-color,0x7c843e525000,0x1103ec,00000000defd2c8d,10,1.8377E+13,540348
2269,gsd-color,0x7c843e525000,0x10e675,00000000defd2c8d,10,1.84972E+13,876448
2269,gsd-color,0x7c843e525000,0x11d686,00000000defd2c8d,10,1.85571E+13,436249
2269,gsd-color,0x7c843e525000,0x92421,00000000defd2c8d,10,1.86171E+13,42553
2269,gsd-color,0x7c843e525000,0x114083,00000000defd2c8d,10,1.89793E+13,433595
3676,Isolated Web Co,0x738900325000,0x10cacd,0000000007643c4d,24,8.11724E+12,73750
3676,Isolated Web Co,0x73890031b000,0x12dae7,0000000007643c4d,17,8.11724E+12,1029237
3676,Isolated Web Co,0x73890032b000,0x12f4b3,0000000007643c4d,30,8.1229E+12,94289
3676,Isolated Web Co,0x738900325000,0x11a206,0000000007643c4d,31,8.1236E+12,1191944
3676,Isolated Web Co,0x73890031c000,0x11e0cb,0000000007643c4d,17,8.12361E+12,810424
3676,Isolated Web Co,0x73890032b000,0x12f4b3,0000000007643c4d,30,8.13802E+12,4202205
3676,Isolated Web Co,0x73890031c000,0x115dd9,0000000007643c4d,18,8.13909E+12,1032408
3676,Isolated Web Co,0x73890034a000,0x126cca,00000000953423f4,0,8.25405E+12,1205263
3676,Isolated Web Co,0x738900346000,0x1292de,00000000953423f4,7,8.25405E+12,2612342
3676,Isolated Web Co,0x73890036e000,0x11facc,00000000953423f4,33,8.25405E+12,3264723
3676,Isolated Web Co,0x738900348000,0x1292de,00000000953423f4,7,8.25405E+12,4206598
3676,Isolated Web Co,0x738900347000,0x1292de,00000000953423f4,7,8.25405E+12,5710039
3676,Isolated Web Co,0x738900370000,0x120a83,00000000953423f4,58,8.25405E+12,7109452
3676,Isolated Web Co,0x738900353000,0x12cc07,00000000953423f4,27,8.25405E+12,8246691
3676,Isolated Web Co,0x73890036b000,0x12b600,00000000953423f4,43,8.25405E+12,9084486
3676,Isolated Web Co,0x73890036a000,0x12b600,00000000953423f4,43,8.25405E+12,9733229
3676,Isolated Web Co,0x738900357000,0x12cc07,00000000953423f4,27,8.25406E+12,626492
3676,Isolated Web Co,0x73890032b000,0x130581,0000000007643c4d,25,8.25932E+12,78817
3676,Isolated Web Co,0x73890031c000,0x11c992,0000000007643c4d,18,8.27048E+12,74413
3676,Isolated Web Co,0x73890034a000,0x10add7,00000000953423f4,0,8.28116E+12,1385678
3676,Isolated Web Co,0x738900346000,0x10add6,00000000953423f4,7,8.28116E+12,3006892
3676,Isolated Web Co,0x73890036e000,0x10add5,00000000953423f4,33,8.28116E+12,4926818
3676,Isolated Web Co,0x738900348000,0x10add6,00000000953423f4,7,8.28116E+12,5758530
3676,Isolated Web Co,0x738900347000,0x10add6,00000000953423f4,7,8.28116E+12,7959010
3676,Isolated Web Co,0x738900370000,0x12469f,00000000953423f4,58,8.28116E+12,9864144
3676,Isolated Web Co,0x738900353000,0x120dda,00000000953423f4,27,8.28116E+12,10873582
3676,Isolated Web Co,0x73890036b000,0x10add3,00000000953423f4,43,8.28116E+12,11473185
3676,Isolated Web Co,0x73890036a000,0x10add3,00000000953423f4,43,8.28116E+12,12149382
3676,Isolated Web Co,0x738900357000,0x120dda,00000000953423f4,27,8.28116E+12,13032354
3676,Isolated Web Co,0x73890032b000,0x11f122,0000000007643c4d,25,8.28199E+12,629362
3676,Isolated Web Co,0x738900326000,0x12970e,0000000007643c4d,31,8.2835E+12,101533
3676,Isolated Web Co,0x73890031b000,0x128052,0000000007643c4d,16,8.28358E+12,104102
3676,Isolated Web Co,0x73890034a000,0x12a0d9,00000000953423f4,0,8.29804E+12,79230
3676,Isolated Web Co,0x738900346000,0x128ec2,00000000953423f4,7,8.29804E+12,138769
3676,Isolated Web Co,0x73890036e000,0x127de1,00000000953423f4,33,8.29804E+12,151792
3676,Isolated Web Co,0x738900348000,0x128ec2,00000000953423f4,7,8.29804E+12,2131464
3676,Isolated Web Co,0x738900347000,0x128ec2,00000000953423f4,7,8.29804E+12,69950
3676,Isolated Web Co,0x738900370000,0x12df98,00000000953423f4,58,8.29805E+12,355042
3676,Isolated Web Co,0x738900353000,0x1275fa,00000000953423f4,27,8.29805E+12,90408
3676,Isolated Web Co,0x73890036b000,0x12cef6,00000000953423f4,43,8.29805E+12,928646
3676,Isolated Web Co,0x73890036a000,0x12cef6,00000000953423f4,43,8.29805E+12,72728
3676,Isolated Web Co,0x738900357000,0x1275fa,00000000953423f4,27,8.29805E+12,381119
3676,Isolated Web Co,0x73890032a000,0x124d30,0000000007643c4d,22,8.32069E+12,67005
3676,Isolated Web Co,0x73890034a000,0x17aaf,00000000953423f4,0,8.3476E+12,67636
3676,Isolated Web Co,0x738900346000,0x17ab6,00000000953423f4,7,8.34761E+12,68882
3676,Isolated Web Co,0x73890036e000,0x7a6a,00000000953423f4,33,8.34761E+12,81922
3676,Isolated Web Co,0x738900348000,0x17ab6,00000000953423f4,7,8.34761E+12,74827
3676,Isolated Web Co,0x738900347000,0x17ab6,00000000953423f4,7,8.34762E+12,113304
3676,Isolated Web Co,0x738900370000,0xcfb3e,00000000953423f4,58,8.34762E+12,66561
3676,Isolated Web Co,0x738900353000,0x5c8ac,00000000953423f4,27,8.34762E+12,68376
3676,Isolated Web Co,0x73890036b000,0xe65d,00000000953423f4,43,8.34762E+12,76188
3676,Isolated Web Co,0x73890036a000,0xe65d,00000000953423f4,43,8.34763E+12,71428
3676,Isolated Web Co,0x738900357000,0x5c8ac,00000000953423f4,27,8.34763E+12,77147
3676,Isolated Web Co,0x738900321000,0x216af,0000000007643c4d,28,8.35137E+12,82359
3676,Isolated Web Co,0x73890032a000,0x216af,0000000007643c4d,28,8.35152E+12,93388
3676,Isolated Web Co,0x738900326000,0x1186bc,0000000007643c4d,30,8.35158E+12,73054
3676,Isolated Web Co,0x738900327000,0x1186bc,0000000007643c4d,30,8.35158E+12,68029
3676,Isolated Web Co,0x73890031c000,0x10f27c,0000000007643c4d,17,8.35572E+12,690164
3676,Isolated Web Co,0x73890032b000,0x216af,0000000007643c4d,28,8.36293E+12,222136
3676,Isolated Web Co,0x73890031d000,0x111cc0,0000000007643c4d,15,8.36748E+12,83427
3676,Isolated Web Co,0x738900324000,0x216af,0000000007643c4d,28,8.37684E+12,196433
3676,Isolated Web Co,0x73890031e000,0x12a9a6,0000000007643c4d,17,8.37962E+12,71848
3676,Isolated Web Co,0x73890031c000,0x11223f,0000000007643c4d,18,8.37962E+12,645484
3676,Isolated Web Co,0x73890032b000,0x216af,0000000007643c4d,28,8.37972E+12,34296
3676,Isolated Web Co,0x738900370000,0x10fe66,00000000953423f4,58,8.38477E+12,33071
3676,Isolated Web Co,0x738900353000,0x113a47,00000000953423f4,28,8.38477E+12,19928
3676,Isolated Web Co,0x738900357000,0x113a47,00000000953423f4,28,8.38477E+12,205164
3676,Isolated Web Co,0x73890032a000,0x96b3b,0000000007643c4d,25,8.39208E+12,73346
3676,Isolated Web Co,0x73890032b000,0x13088a,0000000007643c4d,30,8.39208E+12,878425
3676,Isolated Web Co,0x738900326000,0x12e432,0000000007643c4d,31,8.40945E+12,67996
3676,Isolated Web Co,0x738900327000,0x12e432,0000000007643c4d,31,8.40945E+12,70577
3676,Isolated Web Co,0x738900329000,0x12e432,0000000007643c4d,31,8.40962E+12,84352
3676,Isolated Web Co,0x73890034a000,0x11536c,00000000953423f4,0,8.41417E+12,2566070
3676,Isolated Web Co,0x738900346000,0x11536a,00000000953423f4,7,8.41417E+12,6171776
3676,Isolated Web Co,0x73890036e000,0x115369,00000000953423f4,33,8.41417E+12,6190987
3676,Isolated Web Co,0x738900348000,0x11536a,00000000953423f4,7,8.41417E+12,7883405
3676,Isolated Web Co,0x738900347000,0x11536a,00000000953423f4,7,8.41417E+12,10741392
3676,Isolated Web Co,0x738900370000,0x115353,00000000953423f4,58,8.41417E+12,13036170
3676,Isolated Web Co,0x738900353000,0x11535a,00000000953423f4,27,8.41418E+12,239510
3676,Isolated Web Co,0x73890036b000,0x115368,00000000953423f4,43,8.41418E+12,105877
3676,Isolated Web Co,0x73890036a000,0x115368,00000000953423f4,43,8.41418E+12,1123577
3676,Isolated Web Co,0x738900357000,0x11535a,00000000953423f4,27,8.41418E+12,2009287
3676,Isolated Web Co,0x738900346000,0x4e1ac,00000000953423f4,13,8.50553E+12,374819
3676,Isolated Web Co,0x738900348000,0x4e1ac,00000000953423f4,13,8.50553E+12,517672
3676,Isolated Web Co,0x738900347000,0x4e1ac,00000000953423f4,13,8.50553E+12,1041650
3676,Isolated Web Co,0x738900353000,0x123415,00000000953423f4,27,8.50553E+12,76185
3676,Isolated Web Co,0x738900357000,0x123415,00000000953423f4,27,8.50553E+12,200189
3676,Isolated Web Co,0x73890032a000,0x1197ac,0000000007643c4d,25,8.51662E+12,106962
3676,Isolated Web Co,0x73890034a000,0x2f175,00000000953423f4,0,8.57224E+12,70867
3676,Isolated Web Co,0x738900346000,0x47583,00000000953423f4,7,8.57224E+12,85315
3676,Isolated Web Co,0x73890036e000,0x4ea93,00000000953423f4,33,8.57224E+12,233296
3676,Isolated Web Co,0x738900348000,0x47583,00000000953423f4,7,8.57225E+12,86819
3676,Isolated Web Co,0x738900347000,0x47583,00000000953423f4,7,8.57225E+12,69360
3676,Isolated Web Co,0x738900370000,0xd0d53,00000000953423f4,58,8.57227E+12,69246
3676,Isolated Web Co,0x738900353000,0xdbcaa,00000000953423f4,27,8.57227E+12,94050
3676,Isolated Web Co,0x73890036b000,0xb55a7,00000000953423f4,43,8.57227E+12,205804
3676,Isolated Web Co,0x73890036a000,0xb55a7,00000000953423f4,43,8.57227E+12,1219106
3676,Isolated Web Co,0x738900357000,0xdbcaa,00000000953423f4,27,8.57227E+12,2208640
3676,Isolated Web Co,0x738900343000,0xac79b,00000000953423f4,5,8.58472E+12,76406
3676,Isolated Web Co,0x73890034a000,0xac79b,00000000953423f4,5,8.58472E+12,168667
3676,Isolated Web Co,0x738900353000,0xdbcaa,00000000953423f4,27,8.58472E+12,161425
3676,Isolated Web Co,0x738900357000,0xdbcaa,00000000953423f4,27,8.58473E+12,98376
3676,Isolated Web Co,0x738900343000,0xac79b,00000000953423f4,5,8.60425E+12,214310
3676,Isolated Web Co,0x73890034a000,0xac79b,00000000953423f4,5,8.60425E+12,71068
3676,Isolated Web Co,0x738900353000,0xdbcaa,00000000953423f4,27,8.60426E+12,77197
3676,Isolated Web Co,0x738900357000,0xdbcaa,00000000953423f4,27,8.60426E+12,970073
3676,Isolated Web Co,0x738900343000,0xac79b,00000000953423f4,5,8.60934E+12,8607239
3676,Isolated Web Co,0x73890034a000,0xac79b,00000000953423f4,5,8.60934E+12,10135183
3676,Isolated Web Co,0x738900353000,0xdbcaa,00000000953423f4,27,8.60934E+12,11436380
3676,Isolated Web Co,0x738900357000,0xdbcaa,00000000953423f4,27,8.60934E+12,13033901
3676,Isolated Web Co,0x738900326000,0x1194d5,0000000007643c4d,25,8.62789E+12,644445
3676,Isolated Web Co,0x73890031b000,0x123bb8,0000000007643c4d,16,8.62789E+12,624136
3676,Isolated Web Co,0x73890032a000,0x116cb1,0000000007643c4d,25,8.64676E+12,73306
3676,Isolated Web Co,0x73890032a000,0x116cb1,0000000007643c4d,25,8.65151E+12,14104
3676,Isolated Web Co,0x73890034a000,0x1159fb,00000000953423f4,0,8.65752E+12,77497
3676,Isolated Web Co,0x738900346000,0x10de0b,00000000953423f4,7,8.65753E+12,78233
3676,Isolated Web Co,0x73890036e000,0x119b83,00000000953423f4,33,8.65753E+12,86985
3676,Isolated Web Co,0x738900348000,0x10de0b,00000000953423f4,7,8.65754E+12,75701
3676,Isolated Web Co,0x738900347000,0x10de0b,00000000953423f4,7,8.65755E+12,76666
3676,Isolated Web Co,0x738900370000,0x118c59,00000000953423f4,58,8.65755E+12,200724
3676,Isolated Web Co,0x738900353000,0x10fc53,00000000953423f4,27,8.65755E+12,92951
3676,Isolated Web Co,0x73890036b000,0x1167ea,00000000953423f4,43,8.65755E+12,13352
3676,Isolated Web Co,0x73890036a000,0x1167ea,00000000953423f4,43,8.65756E+12,75894
3676,Isolated Web Co,0x738900357000,0x10fc53,00000000953423f4,27,8.65756E+12,76206
3676,Isolated Web Co,0x738900321000,0x111ed5,0000000007643c4d,25,8.68154E+12,13721788
3676,Isolated Web Co,0x738900322000,0x111ed5,0000000007643c4d,25,8.68154E+12,75614075
3676,Isolated Web Co,0x738900325000,0x32994,0000000007643c4d,22,8.68407E+12,1197157
3676,Isolated Web Co,0x73890034a000,0x125472,00000000953423f4,0,8.69555E+12,681327
3676,Isolated Web Co,0x738900346000,0x125470,00000000953423f4,7,8.69555E+12,974219
3676,Isolated Web Co,0x73890036e000,0x12a467,00000000953423f4,33,8.69556E+12,270948
3676,Isolated Web Co,0x738900348000,0x125470,00000000953423f4,7,8.69556E+12,1263616
3676,Isolated Web Co,0x738900347000,0x125470,00000000953423f4,7,8.69556E+12,1079227
3676,Isolated Web Co,0x738900370000,0x1222c0,00000000953423f4,58,8.69557E+12,143075
3676,Isolated Web Co,0x738900353000,0x10bd0e,00000000953423f4,27,8.69557E+12,157376
3676,Isolated Web Co,0x73890036b000,0x11f04b,00000000953423f4,43,8.69557E+12,105072
3676,Isolated Web Co,0x73890036a000,0x11f04b,00000000953423f4,43,8.69557E+12,116585
3676,Isolated Web Co,0x738900357000,0x10bd0e,00000000953423f4,27,8.69557E+12,920329
3676,Isolated Web Co,0x73890034a000,0x9f8e9,00000000953423f4,0,8.70279E+12,20306039
3676,Isolated Web Co,0x738900346000,0x9f8ea,00000000953423f4,7,8.70279E+12,71819349
3676,Isolated Web Co,0x73890036e000,0x74780,00000000953423f4,33,8.70295E+12,92227
3676,Isolated Web Co,0x738900348000,0x9f8ea,00000000953423f4,7,8.70296E+12,80632
3676,Isolated Web Co,0x738900347000,0x9f8ea,00000000953423f4,7,8.70297E+12,167555
3676,Isolated Web Co,0x738900370000,0x8c77e,00000000953423f4,58,8.70297E+12,90969
3676,Isolated Web Co,0x738900353000,0x10bd0e,00000000953423f4,27,8.70298E+12,276522
3676,Isolated Web Co,0x73890036b000,0x6d781,00000000953423f4,43,8.70298E+12,155366
3676,Isolated Web Co,0x73890036a000,0x6d781,00000000953423f4,43,8.70298E+12,73983
3676,Isolated Web Co,0x738900357000,0x10bd0e,00000000953423f4,27,8.70299E+12,77722
3676,Isolated Web Co,0x73890032b000,0xb250e,0000000007643c4d,24,8.70486E+12,67710
3676,Isolated Web Co,0x738900325000,0xb266b,0000000007643c4d,31,8.70486E+12,81551
3676,Isolated Web Co,0x73890034a000,0x13092f,00000000953423f4,0,8.71838E+12,1578102
3676,Isolated Web Co,0x738900346000,0x12f6de,00000000953423f4,7,8.71838E+12,1144714
3676,Isolated Web Co,0x73890036e000,0x11d44d,00000000953423f4,33,8.71839E+12,244432
3676,Isolated Web Co,0x738900348000,0x12f6de,00000000953423f4,7,8.71839E+12,131864
3676,Isolated Web Co,0x738900347000,0x12f6de,00000000953423f4,7,8.71839E+12,265138
3676,Isolated Web Co,0x738900370000,0x11c871,00000000953423f4,58,8.71839E+12,71977
3676,Isolated Web Co,0x738900353000,0x1304bb,00000000953423f4,27,8.7184E+12,114751
3676,Isolated Web Co,0x73890036b000,0x1214bf,00000000953423f4,43,8.7184E+12,1061913
3676,Isolated Web Co,0x73890036a000,0x1214bf,00000000953423f4,43,8.7184E+12,2240077
3676,Isolated Web Co,0x738900357000,0x1304bb,00000000953423f4,27,8.7184E+12,234961
3676,Isolated Web Co,0x73890034a000,0x257cd,00000000953423f4,0,8.74035E+12,72378
3676,Isolated Web Co,0x738900346000,0x257fd,00000000953423f4,7,8.74036E+12,78374
3676,Isolated Web Co,0x73890036e000,0xa9019,00000000953423f4,33,8.74036E+12,75121
3676,Isolated Web Co,0x738900348000,0x257fd,00000000953423f4,7,8.74036E+12,76093
3676,Isolated Web Co,0x738900347000,0x257fd,00000000953423f4,7,8.74037E+12,95684
3676,Isolated Web Co,0x738900370000,0x43262,00000000953423f4,58,8.7404E+12,199443
3676,Isolated Web Co,0x738900353000,0x4315d,00000000953423f4,27,8.74041E+12,7761493
3676,Isolated Web Co,0x73890036b000,0xa918d,00000000953423f4,43,8.74044E+12,685395
3676,Isolated Web Co,0x73890036a000,0xa918d,00000000953423f4,43,8.74047E+12,138583
3676,Isolated Web Co,0x738900357000,0x4315d,00000000953423f4,27,8.74047E+12,129268
3676,Isolated Web Co,0x73890034a000,0x67365,00000000953423f4,0,8.83247E+12,120259
3676,Isolated Web Co,0x738900346000,0x71b07,00000000953423f4,7,8.83248E+12,151370
3676,Isolated Web Co,0x73890036e000,0x71b0f,00000000953423f4,33,8.83249E+12,139835
3676,Isolated Web Co,0x738900348000,0x71b07,00000000953423f4,7,8.83253E+12,126518
3676,Isolated Web Co,0x738900347000,0x71b07,00000000953423f4,7,8.83255E+12,126547
3676,Isolated Web Co,0x738900370000,0x27717,00000000953423f4,58,8.83259E+12,245208
3676,Isolated Web Co,0x738900353000,0x55dad,00000000953423f4,27,8.8326E+12,383159
3676,Isolated Web Co,0x73890036b000,0xf8bb,00000000953423f4,43,8.83262E+12,233677
3676,Isolated Web Co,0x73890036a000,0xf8bb,00000000953423f4,43,8.83269E+12,175945
3676,Isolated Web Co,0x738900357000,0x55dad,00000000953423f4,27,8.8327E+12,406056
3676,Isolated Web Co,0x738900343000,0xd6ddc,00000000953423f4,10,8.90973E+12,72250
3676,Isolated Web Co,0x73890034a000,0xd6ddc,00000000953423f4,10,8.90973E+12,623521
3676,Isolated Web Co,0x738900364000,0xd6a09,00000000953423f4,44,8.90973E+12,489350
3676,Isolated Web Co,0x738900346000,0xd6ddc,00000000953423f4,10,8.90973E+12,1759428
3676,Isolated Web Co,0x73890036e000,0xd6a09,00000000953423f4,44,8.90973E+12,819959
3676,Isolated Web Co,0x738900348000,0xd6ddc,00000000953423f4,10,8.90973E+12,81736
3676,Isolated Web Co,0x738900347000,0xd6ddc,00000000953423f4,10,8.90973E+12,949707
3676,Isolated Web Co,0x73890037d000,0xd6a5e,00000000953423f4,50,8.90973E+12,867697
3676,Isolated Web Co,0x738900370000,0x127450,00000000953423f4,58,8.90973E+12,911430
3676,Isolated Web Co,0x738900353000,0xd4eac,00000000953423f4,27,8.90973E+12,1657826
3676,Isolated Web Co,0x73890036b000,0xd6a09,00000000953423f4,44,8.90974E+12,75421
3676,Isolated Web Co,0x73890036a000,0xd6a09,00000000953423f4,44,8.90974E+12,80819
3676,Isolated Web Co,0x738900357000,0xd4eac,00000000953423f4,27,8.90974E+12,940621
3676,Isolated Web Co,0x73890032a000,0x1079e,0000000007643c4d,25,8.929E+12,116255
3676,Isolated Web Co,0x73890034a000,0x120ed5,00000000953423f4,0,8.93886E+12,865337
3676,Isolated Web Co,0x738900346000,0x120d05,00000000953423f4,7,8.93887E+12,71823
3676,Isolated Web Co,0x73890036e000,0x119c42,00000000953423f4,33,8.93887E+12,82944
3676,Isolated Web Co,0x738900348000,0x120d05,00000000953423f4,7,8.93887E+12,89931
3676,Isolated Web Co,0x738900347000,0x120d05,00000000953423f4,7,8.93888E+12,68623
3676,Isolated Web Co,0x738900370000,0x12d57b,00000000953423f4,58,8.93888E+12,188004
3676,Isolated Web Co,0x738900353000,0x12f407,00000000953423f4,27,8.93888E+12,148775
3664,DOMCacheThread,0x75643329a000,0x118aa7,00000000fb79b51f,347,8.1234E+12,112781
3664,DOMCacheThread,0x75643329a000,0x85fd0,00000000fb79b51f,347,8.13145E+12,107057
3664,DOMCacheThread,0x75643329a000,0x115325,00000000fb79b51f,347,8.53608E+12,76711
3664,DOMCacheThread,0x75643329a000,0x117d50,00000000fb79b51f,347,8.74081E+12,96936
3664,DOMCacheThread,0x75643329a000,0x126815,00000000fb79b51f,347,8.75862E+12,455676
3664,DOMCacheThread,0x75643329a000,0x12d372,00000000fb79b51f,347,8.96223E+12,197194
3664,DOMCacheThread,0x75643329a000,0x11d8bc,00000000fb79b51f,347,9.03539E+12,1049153
3664,DOMCacheThread,0x75643329a000,0x7eaca,00000000fb79b51f,347,9.44016E+12,125393
3664,DOMCacheThread,0x75643329a000,0x1264fb,00000000fb79b51f,347,9.66758E+12,110781
3664,DOMCacheThread,0x75643329a000,0x5e209,00000000fb79b51f,347,9.96256E+12,119015
3664,DOMCacheThread,0x75643329a000,0x1268dc,00000000fb79b51f,347,1.01517E+13,97580
3664,DOMCacheThread,0x75643329a000,0x12d8d9,00000000fb79b51f,347,1.01566E+13,109697
3664,DOMCacheThread,0x75643329a000,0x1174b2,00000000fb79b51f,347,1.08686E+13,127558
3664,DOMCacheThread,0x75643329a000,0x12a82e,00000000fb79b51f,347,1.08852E+13,94873
3664,DOMCacheThread,0x75643329a000,0x12c3ad,00000000fb79b51f,347,1.15225E+13,9777711
3664,DOMCacheThread,0x75643329a000,0x110379,00000000fb79b51f,347,1.17426E+13,1005888
3664,DOMCacheThread,0x75643329a000,0x12c0a5,00000000fb79b51f,347,1.23006E+13,330463
3664,DOMCacheThread,0x75643329a000,0x1203f7,00000000fb79b51f,347,1.24007E+13,22014394
3664,DOMCacheThread,0x75643329a000,0x115f47,00000000fb79b51f,347,1.28128E+13,382957
3664,DOMCacheThread,0x75643329a000,0x1301ab,00000000fb79b51f,347,1.31244E+13,563672
3664,DOMCacheThread,0x75643329a000,0x12224a,00000000fb79b51f,347,1.33079E+13,584321
3664,DOMCacheThread,0x75643329a000,0xb4cb9,00000000fb79b51f,347,1.35419E+13,160333
3664,DOMCacheThread,0x75643329a000,0x1216f1,00000000fb79b51f,347,1.42956E+13,89587
3664,DOMCacheThread,0x75643329a000,0x11c745,00000000fb79b51f,347,1.43257E+13,98187
3664,DOMCacheThread,0x75643329a000,0x1b499,00000000fb79b51f,347,1.46077E+13,91602
3664,DOMCacheThread,0x75643329a000,0x8f7a3,00000000fb79b51f,347,1.48173E+13,113766
3664,DOMCacheThread,0x75643329a000,0x12ad97,00000000fb79b51f,347,1.54507E+13,94231
3664,DOMCacheThread,0x75643329a000,0x10a62d,00000000fb79b51f,347,1.54805E+13,202027
3664,DOMCacheThread,0x75643329a000,0xc241d,00000000fb79b51f,347,1.59216E+13,116114
3664,DOMCacheThread,0x75643329a000,0x110d38,00000000fb79b51f,347,1.70142E+13,214806
3664,DOMCacheThread,0x75643329a000,0x104b98,00000000fb79b51f,347,1.76107E+13,8232069
3664,DOMCacheThread,0x75643329a000,0x10bb02,00000000fb79b51f,347,1.79728E+13,53031
3664,DOMCacheThread,0x75643329a000,0x102089,00000000fb79b51f,347,1.84684E+13,65831
3664,DOMCacheThread,0x75643329a000,0x10d88f,00000000fb79b51f,347,1.85499E+13,78635
3664,DOMCacheThread,0x75643329a000,0x10b76a,00000000fb79b51f,347,1.87179E+13,84942
3664,DOMCacheThread,0x75643329a000,0xcd138,00000000fb79b51f,347,1.88191E+13,20549387
3664,DOMCacheThread,0x75643329a000,0x12119f,00000000fb79b51f,347,1.88346E+13,51286
3664,DOMCacheThread,0x75643329a000,0x108a43,00000000fb79b51f,347,1.90298E+13,82662
8759,MainThread,0x738900346000,0x123249,00000000953423f4,13,8.12903E+12,68795
8759,MainThread,0x738900344000,0x123249,00000000953423f4,13,8.12903E+12,420521
8759,MainThread,0x738900358000,0x882aa,00000000953423f4,28,8.12904E+12,264941
8759,MainThread,0x73890035d000,0x882aa,00000000953423f4,28,8.12904E+12,82057
8759,MainThread,0x73890037f000,0x9768c,00000000953423f4,58,8.12905E+12,119300
8759,MainThread,0x73890036a000,0x88204,00000000953423f4,43,8.12905E+12,74644
8759,MainThread,0x73890037c000,0x121de7,00000000953423f4,60,8.12905E+12,286903
8759,MainThread,0x738900376000,0x121de7,00000000953423f4,60,8.12905E+12,410216
8759,MainThread,0x738900379000,0x121de7,00000000953423f4,60,8.12906E+12,102013
8759,MainThread,0x738900352000,0x882aa,00000000953423f4,28,8.12906E+12,98795
8759,MainThread,0x73890036f000,0x88204,00000000953423f4,43,8.12906E+12,77427
8759,MainThread,0x73890036b000,0x10df5f,00000000953423f4,44,8.12906E+12,70602
8759,MainThread,0x738900357000,0x882aa,00000000953423f4,28,8.12907E+12,179609
8759,MainThread,0x73890037e000,0x121de7,00000000953423f4,60,8.12907E+12,155470
8759,MainThread,0x738900353000,0x882aa,00000000953423f4,28,8.12908E+12,279462
8759,MainThread,0x73890035e000,0x882aa,00000000953423f4,28,8.12909E+12,74188
8759,MainThread,0x738900371000,0x121de7,00000000953423f4,60,8.12909E+12,70596
8759,MainThread,0x738900377000,0x121de7,00000000953423f4,60,8.12909E+12,71390
8759,MainThread,0x738900362000,0x10df5f,00000000953423f4,44,8.12909E+12,844869
8759,MainThread,0x738900380000,0x10f8cb,00000000953423f4,66,8.12909E+12,71644
8759,MainThread,0x73890035c000,0x882aa,00000000953423f4,28,8.12909E+12,1596608
8759,MainThread,0x738900372000,0x121de7,00000000953423f4,60,8.12909E+12,79541
8759,MainThread,0x738900368000,0x10df5f,00000000953423f4,44,8.12909E+12,72253
8759,MainThread,0x73890035a000,0x882aa,00000000953423f4,28,8.1291E+12,79771
8759,MainThread,0x738900375000,0x121de7,00000000953423f4,60,8.1291E+12,69982
8759,MainThread,0x738900366000,0x10df5f,00000000953423f4,44,8.1291E+12,979449
8759,MainThread,0x73890036d000,0x10df5f,00000000953423f4,44,8.1291E+12,751868
8759,MainThread,0x738900370000,0x121de7,00000000953423f4,60,8.1291E+12,68748
8759,MainThread,0x738900373000,0x121de7,00000000953423f4,60,8.1291E+12,66404
8759,MainThread,0x738900381000,0x10f8cb,00000000953423f4,66,8.1291E+12,1035966
8759,MainThread,0x738900382000,0x10f8cb,00000000953423f4,66,8.12911E+12,76561
8759,MainThread,0x73890036c000,0x10df5f,00000000953423f4,44,8.12911E+12,807739
8759,MainThread,0x738900383000,0x10f8cb,00000000953423f4,66,8.12911E+12,89827
8759,MainThread,0x738900361000,0x10df5f,00000000953423f4,44,8.12911E+12,73855
8759,MainThread,0x738900365000,0x10df5f,00000000953423f4,44,8.12911E+12,749603
8759,MainThread,0x738900384000,0x10f8cb,00000000953423f4,66,8.12911E+12,268556
8759,MainThread,0x73890035b000,0x882aa,00000000953423f4,28,8.12911E+12,1001742
8759,MainThread,0x738900360000,0x10df5f,00000000953423f4,44,8.12912E+12,72575
8759,MainThread,0x738900356000,0x882aa,00000000953423f4,28,8.12912E+12,69863
8759,MainThread,0x738900369000,0x10df5f,00000000953423f4,44,8.12912E+12,68716
8759,MainThread,0x738900374000,0x121de7,00000000953423f4,60,8.12912E+12,94598
8759,MainThread,0x738900354000,0x882aa,00000000953423f4,28,8.12913E+12,80782
8759,MainThread,0x738900351000,0x882aa,00000000953423f4,28,8.12913E+12,790581
8759,MainThread,0x738900345000,0x11c6e7,00000000953423f4,15,8.12913E+12,69435
8759,MainThread,0x738900348000,0x11c6e7,00000000953423f4,15,8.12913E+12,76247
8759,MainThread,0x738900347000,0x11c6e7,00000000953423f4,15,8.12913E+12,79725
8759,MainThread,0x738900349000,0x11c6e7,00000000953423f4,15,8.12914E+12,70945
8759,MainThread,0x73890034c000,0x11c6e7,00000000953423f4,15,8.12914E+12,74309
8759,MainThread,0x73890034b000,0x11c6e7,00000000953423f4,15,8.12914E+12,726007
8759,MainThread,0x73890034d000,0x11c6e7,00000000953423f4,15,8.12915E+12,226719
8759,MainThread,0x73890030d000,0x8eac5,0000000007643c4d,0,8.13162E+12,80870
8759,MainThread,0x73890030e000,0x66422,0000000007643c4d,1,8.13162E+12,291387
8759,MainThread,0x73890030f000,0x502ab,0000000007643c4d,2,8.13163E+12,116730
8759,MainThread,0x738900310000,0x115dd9,0000000007643c4d,18,8.13163E+12,83600
8759,MainThread,0x738900311000,0x115dd9,0000000007643c4d,18,8.13165E+12,208341
8759,MainThread,0x738900312000,0x115dd9,0000000007643c4d,18,8.13165E+12,76037
8759,MainThread,0x738900313000,0x115dd9,0000000007643c4d,18,8.13165E+12,82550
8759,MainThread,0x738900314000,0x115dd9,0000000007643c4d,18,8.13166E+12,74678
8759,MainThread,0x738900315000,0x115dd9,0000000007643c4d,18,8.13166E+12,175140
8759,MainThread,0x738900316000,0x115dd9,0000000007643c4d,18,8.13166E+12,280790
8759,MainThread,0x738900317000,0x115dd9,0000000007643c4d,18,8.13166E+12,83473
8759,MainThread,0x738900318000,0x115dd9,0000000007643c4d,18,8.13166E+12,117637
8759,MainThread,0x738900319000,0x115dd9,0000000007643c4d,18,8.13166E+12,264704
8759,MainThread,0x73890031a000,0x115dd9,0000000007643c4d,18,8.13166E+12,78648
8759,MainThread,0x73890031b000,0x115dd9,0000000007643c4d,18,8.13167E+12,367715
8759,MainThread,0x73890031c000,0x115dd9,0000000007643c4d,18,8.13168E+12,76769
8759,MainThread,0x73890031d000,0x115dd9,0000000007643c4d,18,8.13168E+12,87099
8759,MainThread,0x73890031f000,0x115dd9,0000000007643c4d,18,8.13168E+12,69058
8759,MainThread,0x738900320000,0x11a206,0000000007643c4d,31,8.13168E+12,74526
8759,MainThread,0x738900321000,0x11a206,0000000007643c4d,31,8.13168E+12,139152
8759,MainThread,0x738900322000,0x11a206,0000000007643c4d,31,8.13171E+12,73967
8759,MainThread,0x738900323000,0x11a206,0000000007643c4d,31,8.13171E+12,150467
8759,MainThread,0x738900324000,0x11a206,0000000007643c4d,31,8.13171E+12,75018
8759,MainThread,0x738900326000,0x11a206,0000000007643c4d,31,8.13172E+12,78511
8759,MainThread,0x738900327000,0x11a206,0000000007643c4d,31,8.13172E+12,75524
8759,MainThread,0x738900328000,0x11a206,0000000007643c4d,31,8.13172E+12,324509
8759,MainThread,0x738900329000,0x11a206,0000000007643c4d,31,8.13172E+12,74783
8759,MainThread,0x73890032c000,0x11a206,0000000007643c4d,31,8.13173E+12,100920
8759,MainThread,0x73890032d000,0xf192,0000000007643c4d,32,8.13173E+12,67303
8759,MainThread,0x73890032e000,0x3ec14,0000000007643c4d,33,8.13173E+12,69881
8759,MainThread,0x73890032f000,0x3ec9f,0000000007643c4d,34,8.13173E+12,93186
8759,MainThread,0x738900330000,0x115619,0000000007643c4d,51,8.13174E+12,76447
8759,MainThread,0x738900331000,0x115619,0000000007643c4d,51,8.13174E+12,102935
8759,MainThread,0x738900332000,0x115619,0000000007643c4d,51,8.13174E+12,225341
8759,MainThread,0x738900333000,0x115619,0000000007643c4d,51,8.13175E+12,86198
8759,MainThread,0x738900334000,0x115619,0000000007643c4d,51,8.13175E+12,73086
8759,MainThread,0x738900335000,0x115619,0000000007643c4d,51,8.13175E+12,73478
8759,MainThread,0x738900336000,0x115619,0000000007643c4d,51,8.13175E+12,73143
8759,MainThread,0x738900337000,0x115619,0000000007643c4d,51,8.13175E+12,75580
8759,MainThread,0x738900338000,0x115619,0000000007643c4d,51,8.13175E+12,78809
8759,MainThread,0x738900339000,0x115619,0000000007643c4d,51,8.13176E+12,71418
8759,MainThread,0x73890033a000,0x115619,0000000007643c4d,51,8.13178E+12,76498
8759,MainThread,0x73890033b000,0x115619,0000000007643c4d,51,8.13178E+12,80165
8759,MainThread,0x73890033c000,0x115619,0000000007643c4d,51,8.13178E+12,77382
8759,MainThread,0x73890033e000,0x115619,0000000007643c4d,51,8.13178E+12,73553
8759,MainThread,0x738900341000,0xd1661,0000000007643c4d,52,8.13178E+12,93210
8759,MainThread,0x738900342000,0x7d05f,0000000007643c4d,53,8.13178E+12,82268
8759,MainThread,0x73890034a000,0x114648,00000000953423f4,0,8.13517E+12,1039256
8759,MainThread,0x73890034e000,0x128a1e,00000000953423f4,7,8.13518E+12,436272
8759,MainThread,0x738900350000,0x11fe2b,00000000953423f4,22,8.13519E+12,132105
8759,MainThread,0x73890036e000,0x1294f0,00000000953423f4,33,8.13519E+12,1532531
8759,MainThread,0x738900367000,0x13004a,00000000953423f4,43,8.13519E+12,219542
8759,MainThread,0x738900351000,0x11fe2b,00000000953423f4,22,8.1352E+12,126526
8759,MainThread,0x73890035c000,0x11fe2b,00000000953423f4,22,8.13521E+12,2027488
8759,MainThread,0x73890036b000,0x13004a,00000000953423f4,43,8.13522E+12,165724
8759,MainThread,0x738900377000,0x121de7,00000000953423f4,60,8.13522E+12,2215397
8759,MainThread,0x738900352000,0x10f2f6,00000000953423f4,25,8.13522E+12,866622
8759,MainThread,0x73890037d000,0x121de7,00000000953423f4,60,8.13523E+12,140650
8759,MainThread,0x738900376000,0x121de7,00000000953423f4,60,8.13524E+12,149352
8759,MainThread,0x738900370000,0x121de7,00000000953423f4,60,8.13525E+12,172228
8759,MainThread,0x738900365000,0x13004a,00000000953423f4,43,8.13525E+12,2930214
8759,MainThread,0x73890037a000,0x121de7,00000000953423f4,60,8.13526E+12,1535506
8759,MainThread,0x73890036c000,0x13004a,00000000953423f4,43,8.13526E+12,344000
8759,MainThread,0x738900374000,0x121de7,00000000953423f4,60,8.13526E+12,441410
8759,MainThread,0x738900362000,0x13004a,00000000953423f4,43,8.13527E+12,125200
8759,MainThread,0x738900363000,0x13004a,00000000953423f4,43,8.13529E+12,481692
8759,MainThread,0x738900361000,0x13004a,00000000953423f4,43,8.1353E+12,158394
8759,MainThread,0x738900355000,0x10f2f6,00000000953423f4,25,8.1353E+12,141806
8759,MainThread,0x738900354000,0x10f2f6,00000000953423f4,25,8.13531E+12,139957
8759,MainThread,0x738900378000,0x121de7,00000000953423f4,60,8.13532E+12,148066
8759,MainThread,0x73890035d000,0x10f2f6,00000000953423f4,25,8.13534E+12,259791
8759,MainThread,0x73890037b000,0x121de7,00000000953423f4,60,8.13535E+12,410430
8759,MainThread,0x738900369000,0x13004a,00000000953423f4,43,8.13535E+12,1786686
8759,MainThread,0x738900385000,0x129ead,00000000953423f4,65,8.1354E+12,418642
8759,MainThread,0x73890034c000,0x11dd10,00000000953423f4,15,8.13598E+12,1852734
8759,MainThread,0x73890035e000,0x10e338,00000000953423f4,26,8.13598E+12,1015439
8759,MainThread,0x73890034b000,0x11dd10,00000000953423f4,15,8.13598E+12,99902
8759,MainThread,0x738900375000,0x121de7,00000000953423f4,60,8.13598E+12,1122543
8759,MainThread,0x738900368000,0x13004a,00000000953423f4,43,8.136E+12,211899
8759,MainThread,0x738900360000,0x13004a,00000000953423f4,43,8.13601E+12,253468
8759,MainThread,0x738900358000,0x108d90,00000000953423f4,27,8.13601E+12,1078333
8759,MainThread,0x738900366000,0x13004a,00000000953423f4,43,8.13602E+12,89330
8759,MainThread,0x738900346000,0x11dd10,00000000953423f4,15,8.13681E+12,1928971
8759,MainThread,0x738900348000,0x11dd10,00000000953423f4,15,8.13684E+12,3624313
8759,MainThread,0x738900349000,0x11dd10,00000000953423f4,15,8.13686E+12,3395374
8759,MainThread,0x73890035b000,0x108d90,00000000953423f4,27,8.13692E+12,3800239
8759,MainThread,0x738900371000,0x121de7,00000000953423f4,60,8.13734E+12,8837035
8759,MainThread,0x73890035a000,0x108d90,00000000953423f4,27,8.13737E+12,21547294
8759,MainThread,0x7389104bc000,0x50c2f,99085667,1,8.13922E+12,5564128
8759,MainThread,0x73890036a000,0x13004a,00000000953423f4,43,8.14146E+12,580320
8759,MainThread,0x738900353000,0x108d90,00000000953423f4,27,8.14153E+12,7116405
8759,MainThread,0x738900344000,0x11dd10,00000000953423f4,15,8.14158E+12,4744654
8759,MainThread,0x73890036d000,0x13004a,00000000953423f4,43,8.14167E+12,5485506
8759,MainThread,0x738900357000,0x108d90,00000000953423f4,27,8.14291E+12,135170
8759,MainThread,0x73890036f000,0x13004a,00000000953423f4,43,8.14293E+12,108343
8759,MainThread,0x73890035f000,0x108d90,00000000953423f4,27,8.14294E+12,1063556
8759,MainThread,0x738900373000,0x121de7,00000000953423f4,60,8.14297E+12,2073095
8759,MainThread,0x738900372000,0x121de7,00000000953423f4,60,8.14298E+12,209845
8759,MainThread,0x738900356000,0x116caa,00000000953423f4,28,8.14301E+12,1349563
8759,MainThread,0x738900345000,0x11dd10,00000000953423f4,15,8.14302E+12,56951
8759,MainThread,0x738900347000,0x11dd10,00000000953423f4,15,8.14303E+12,996999
8759,MainThread,0x73890034d000,0x11dd10,00000000953423f4,15,8.14305E+12,180816
8759,MainThread,0x73890034f000,0x11dd10,00000000953423f4,15,8.14307E+12,2055654
8759,MainThread,0x7388ff892000,0x119530,000000003173245c,1,8.15345E+12,483171
8759,MainThread,0x7388ff891000,0x127b42,000000003173245c,3,8.15372E+12,4723126
8759,MainThread,0x73891002d000,0x11dc44,00000000ece80123,1,8.15653E+12,6664822
8759,MainThread,0x738900324000,0x5e55f,0000000007643c4d,31,8.1606E+12,73542
8759,MainThread,0x73890033c000,0x122b06,0000000007643c4d,51,8.16062E+12,163911
8759,MainThread,0x738900342000,0x120f9f,0000000007643c4d,53,8.16064E+12,226349
8759,MainThread,0x73890033b000,0x122b06,0000000007643c4d,51,8.16068E+12,76039
8759,MainThread,0x73890032c000,0x5e55f,0000000007643c4d,31,8.16069E+12,95485
8759,MainThread,0x7388ff13c000,0xd7924,00000000b2755ae4,0,8.16087E+12,345769
8759,MainThread,0x7388ff163000,0xd5e12,00000000b2755ae4,38,8.16088E+12,79957
8759,MainThread,0x7388ff168000,0xae3fe,00000000b2755ae4,41,8.16091E+12,76946
8759,MainThread,0x7388ff1e0000,0xd022a,00000000b2755ae4,173,8.16093E+12,96687
8759,MainThread,0x7388ff164000,0x103ed,00000000b2755ae4,46,8.16093E+12,71135
8759,MainThread,0x7388ff167000,0x103ed,00000000b2755ae4,46,8.16096E+12,71453
8759,MainThread,0x7388ff162000,0x103ed,00000000b2755ae4,46,8.16097E+12,80182
8759,MainThread,0x7388ff166000,0x103ed,00000000b2755ae4,46,8.16098E+12,77686
8759,MainThread,0x7388ff161000,0x103ed,00000000b2755ae4,46,8.161E+12,74449
8759,MainThread,0x7388ff1e8000,0xd022a,00000000b2755ae4,173,8.16101E+12,73937
8759,MainThread,0x7388ff1e9000,0x579c4,00000000b2755ae4,174,8.16101E+12,70698
8759,MainThread,0x7388ff1ea000,0x586a4,00000000b2755ae4,175,8.16102E+12,155478
8759,MainThread,0x7388ff1eb000,0x1a516,00000000b2755ae4,176,8.16104E+12,115860
8759,MainThread,0x7388ff1ec000,0xd00bc,00000000b2755ae4,177,8.16105E+12,75125
8759,MainThread,0x7388ff1ed000,0xcd858,00000000b2755ae4,178,8.16107E+12,75879
8759,MainThread,0x7388ff1ee000,0x9f14,00000000b2755ae4,179,8.16107E+12,78947
8759,MainThread,0x7388ff1ef000,0x9fc08,00000000b2755ae4,180,8.16109E+12,134450
8759,MainThread,0x7388ff1f1000,0x9120a,00000000b2755ae4,182,8.16112E+12,121906
8759,MainThread,0x7388ff1f2000,0xbb235,00000000b2755ae4,183,8.16112E+12,307898
8759,MainThread,0x7388ff1f3000,0x62962,00000000b2755ae4,184,8.16112E+12,81211
8759,MainThread,0x7388ff1f4000,0x5b99b,00000000b2755ae4,185,8.16112E+12,93202
8759,MainThread,0x7388ff1f5000,0x5b99a,00000000b2755ae4,186,8.16112E+12,78114
8759,MainThread,0x7388ff1f6000,0x9b7a3,00000000b2755ae4,187,8.16113E+12,175208
8759,MainThread,0x7388ff1f7000,0xb289a,00000000b2755ae4,188,8.16113E+12,136691
8759,MainThread,0x7388ff1f8000,0x82c4e,00000000b2755ae4,189,8.16114E+12,178920
8759,MainThread,0x7388ff1f9000,0x19b95,00000000b2755ae4,190,8.16114E+12,196882
8759,MainThread,0x7388ff1fa000,0x9b7a4,00000000b2755ae4,191,8.16114E+12,203296
8759,MainThread,0x7388ff1fb000,0x4ea3f,00000000b2755ae4,192,8.16114E+12,71493
8759,MainThread,0x7388ff1fc000,0xc7603,00000000b2755ae4,193,8.16114E+12,83696
8759,MainThread,0x7388ff1fd000,0x11671,00000000b2755ae4,194,8.16115E+12,74037
8759,MainThread,0x7388ff1fe000,0xc760c,00000000b2755ae4,195,8.16115E+12,143644
8759,MainThread,0x7388ff1ff000,0x15625,00000000b2755ae4,196,8.16117E+12,77026
8759,MainThread,0x73890034a000,0x11fdd0,00000000953423f4,0,8.7238E+12,77843
8759,MainThread,0x738900346000,0x1284f1,00000000953423f4,7,8.72381E+12,80204
8759,MainThread,0x73890036e000,0x12a17c,00000000953423f4,33,8.72381E+12,194829
8759,MainThread,0x738900348000,0x1284f1,00000000953423f4,7,8.72382E+12,77260
8759,MainThread,0x738900347000,0x1284f1,00000000953423f4,7,8.72382E+12,732796
8759,MainThread,0x738900360000,0x127979,00000000953423f4,43,8.72382E+12,80707
8759,MainThread,0x738900355000,0x1304bb,00000000953423f4,27,8.72382E+12,92614
8713,DOM Worker,0x73890033d000,0x115619,0000000007643c4d,51,8.12954E+12,78077
8713,DOM Worker,0x73890033e000,0x11fde0,0000000007643c4d,49,8.14325E+12,280587
8713,DOM Worker,0x738900341000,0x11fde2,0000000007643c4d,52,8.14359E+12,148232
8713,DOM Worker,0x73890033a000,0x128fb1,0000000007643c4d,50,8.1436E+12,188322
8713,DOM Worker,0x738900316000,0x115dd9,0000000007643c4d,18,8.14363E+12,142781
8713,DOM Worker,0x738900319000,0x115dd9,0000000007643c4d,18,8.14365E+12,144489
8713,DOM Worker,0x738900339000,0x128fb1,0000000007643c4d,50,8.14468E+12,161201
8713,DOM Worker,0x738900315000,0x115dd9,0000000007643c4d,18,8.14471E+12,91320
8713,DOM Worker,0x738900317000,0x115dd9,0000000007643c4d,18,8.14472E+12,136967
8713,DOM Worker,0x73890033f000,0x128fb1,0000000007643c4d,50,8.14473E+12,136837
8713,DOM Worker,0x73890031d000,0x115dd9,0000000007643c4d,18,8.14476E+12,133064
8713,DOM Worker,0x73890031b000,0x115dd9,0000000007643c4d,18,8.14478E+12,447613
8713,DOM Worker,0x738900318000,0x115dd9,0000000007643c4d,18,8.14564E+12,11501630
8713,DOM Worker,0x738900325000,0x5e55f,0000000007643c4d,31,8.14572E+12,3946268
8713,DOM Worker,0x738900322000,0x5e55f,0000000007643c4d,31,8.14867E+12,132356
8713,DOM Worker,0x738900329000,0x5e55f,0000000007643c4d,31,8.1487E+12,147589
2191,gnome-shell,0x7d297bc57000,0x124f60,00000000defd2c8d,10,8.14489E+12,1277313
2191,gnome-shell,0x7d297bc57000,0x122d1c,00000000defd2c8d,10,8.21219E+12,2018700
2191,gnome-shell,0x7d297bc57000,0x10cbd7,00000000defd2c8d,10,8.25976E+12,705375
2191,gnome-shell,0x7d297bc57000,0x10eeaa,00000000defd2c8d,10,8.27526E+12,983772
2191,gnome-shell,0x7d297a29a000,0x118994,000000005c5f66ac,12,8.27544E+12,1111206
2191,gnome-shell,0x7d297a29a000,0x114e3c,000000005c5f66ac,12,8.33243E+12,976054
2191,gnome-shell,0x7d297a29a000,0x10edf8,000000005c5f66ac,12,8.3974E+12,839680
2191,gnome-shell,0x7d297a29a000,0x5c7b5,000000005c5f66ac,12,8.44362E+12,1460794
2191,gnome-shell,0x7d297bc57000,0x118db9,00000000defd2c8d,10,8.46777E+12,132805
2191,gnome-shell,0x7d297a29a000,0x2b1b6,000000005c5f66ac,12,8.49299E+12,6736409
2191,gnome-shell,0x7d2970b58000,0x5088a,0000000033460c6c,7,8.49952E+12,1447470
2191,gnome-shell,0x7d297a29a000,0x10d589,000000005c5f66ac,12,8.52955E+12,1129886
2191,gnome-shell,0x7d297bc57000,0x73dca,00000000defd2c8d,10,8.57203E+12,10896493
2191,gnome-shell,0x7d297a29a000,0xb1dfc,000000005c5f66ac,12,8.57229E+12,1102672
2191,gnome-shell,0x7d297a29a000,0x1095b4,000000005c5f66ac,12,8.63261E+12,3100133
2191,gnome-shell,0x7d297a29a000,0xc7dad,000000005c5f66ac,12,8.69229E+12,1247951
2191,gnome-shell,0x7d297bc57000,0x129f59,00000000defd2c8d,10,8.73591E+12,777713
2191,gnome-shell,0x7d297bc57000,0x119121,00000000defd2c8d,10,8.75235E+12,67233
2191,gnome-shell,0x7d297a29a000,0x129557,000000005c5f66ac,12,8.75272E+12,71654
2191,gnome-shell,0x7d297bc57000,0x1e72a,00000000defd2c8d,10,8.81205E+12,4255376
2191,gnome-shell,0x7d297a29a000,0x115d1b,000000005c5f66ac,12,8.81295E+12,1304716
2191,gnome-shell,0x7d297a29a000,0x78d71,000000005c5f66ac,12,8.87206E+12,70262
2191,gnome-shell,0x7d2970b48000,0x111f90,00000000b223d080,8,8.87909E+12,2870538
2191,gnome-shell,0x7d2970cef000,0x1304df,000000008999f8dd,82,8.88114E+12,1071693
2191,gnome-shell,0x7d297bc57000,0x12d353,00000000defd2c8d,10,8.92106E+12,869534
2191,gnome-shell,0x7d297a29a000,0x80937,000000005c5f66ac,12,8.92444E+12,1258588
2191,gnome-shell,0x7d297bc57000,0x12252a,00000000defd2c8d,10,8.93206E+12,5840947
2191,gnome-shell,0x7d297a29a000,0x10b5b6,000000005c5f66ac,12,8.93224E+12,8543139
2191,gnome-shell,0x7d297bc57000,0x119ae2,00000000defd2c8d,10,8.9682E+12,67346
2191,gnome-shell,0x7d297a29a000,0xc87ad,000000005c5f66ac,12,8.97036E+12,1439894
2191,gnome-shell,0x7d297bc57000,0x12de93,00000000defd2c8d,10,8.9906E+12,2338566
2191,gnome-shell,0x7d297a29a000,0x7d2d2,000000005c5f66ac,12,8.99241E+12,1149306
2191,gnome-shell,0x7d2970a8a000,0x11ebd2,000000003db22c9e,11,9.01062E+12,755919
2191,gnome-shell,0x7d297bc57000,0x130b47,00000000defd2c8d,10,9.01857E+12,813093
2191,gnome-shell,0x7d297bc57000,0x126923,00000000defd2c8d,10,9.05204E+12,106175
2191,gnome-shell,0x7d297a29a000,0x12ab9b,000000005c5f66ac,12,9.05231E+12,1138625
2191,gnome-shell,0x7d297bc57000,0x30c50,00000000defd2c8d,10,9.08941E+12,843573
2191,gnome-shell,0x7d297bc57000,0x11f99d,00000000defd2c8d,10,9.11224E+12,17057540
2191,gnome-shell,0x7d297a29a000,0x1145d1,000000005c5f66ac,12,9.11385E+12,704658
2191,gnome-shell,0x7d297bc57000,0x10f206,00000000defd2c8d,10,9.17205E+12,6362320
2191,gnome-shell,0x7d297a29a000,0x130d74,000000005c5f66ac,12,9.17268E+12,2764367
2191,gnome-shell,0x7d2970cef000,0x205a,000000008999f8dd,82,9.27371E+12,8929871
2191,gnome-shell,0x7d297bc57000,0x117782,00000000defd2c8d,10,9.35208E+12,802851
2191,gnome-shell,0x7d297a29a000,0x1239a1,000000005c5f66ac,12,9.35235E+12,1009133
2191,gnome-shell,0x7d297bc57000,0xab799,00000000defd2c8d,10,9.38442E+12,948180
2191,gnome-shell,0x7d297a29a000,0x770e3,000000005c5f66ac,12,9.4014E+12,1506658
2191,gnome-shell,0x7d297bc57000,0x10560f,00000000defd2c8d,10,9.4083E+12,903709
2191,gnome-shell,0x7d297b276000,0x11a83a,00000000d68d9082,22,9.40951E+12,1260067
2191,gnome-shell,0x7d297a29a000,0x123756,000000005c5f66ac,12,9.44975E+12,188161
2191,gnome-shell,0x7d297a29a000,0x124c7f,000000005c5f66ac,12,9.47229E+12,1419978
2191,gnome-shell,0x7d297bc57000,0x12bd27,00000000defd2c8d,10,9.49386E+12,80927
2191,gnome-shell,0x7d297a29a000,0x13096c,000000005c5f66ac,12,9.49624E+12,969756
2191,gnome-shell,0x7d297bc57000,0x3eccb,00000000defd2c8d,10,9.53203E+12,71945
2191,gnome-shell,0x7d297a29a000,0x1e0a7,000000005c5f66ac,12,9.53237E+12,74966
2191,gnome-shell,0x7d297a29a000,0x117fb6,000000005c5f66ac,12,9.5925E+12,1402760
2191,gnome-shell,0x7d297bc57000,0x11a1cc,00000000defd2c8d,10,9.71206E+12,1117378
2191,gnome-shell,0x7d297a29a000,0x12ec3b,000000005c5f66ac,12,9.71244E+12,964692
2191,gnome-shell,0x7d297a29a000,0x947e5,000000005c5f66ac,12,9.77219E+12,1298895
2191,gnome-shell,0x7d297a29a000,0x10c6bc,000000005c5f66ac,12,9.83349E+12,12573051
2191,gnome-shell,0x7d297bc57000,0x92e42,00000000defd2c8d,10,9.88417E+12,706815
2191,gnome-shell,0x7d297a29a000,0x86437,000000005c5f66ac,12,9.88513E+12,1244860
2191,gnome-shell,0x7d297b276000,0xac28a,00000000d68d9082,22,9.91482E+12,1244265
2191,gnome-shell,0x7d297bc57000,0x119eba,00000000defd2c8d,10,1.01328E+13,785578
2191,gnome-shell,0x7d297a29a000,0x12974d,000000005c5f66ac,12,1.01336E+13,219828
2191,gnome-shell,0x7d297bc57000,0x12a40b,00000000defd2c8d,10,1.0192E+13,779026
2191,gnome-shell,0x7d297bc57000,0x116256,00000000defd2c8d,10,1.02035E+13,71565
2191,gnome-shell,0x7d297bc57000,0x1294f7,00000000defd2c8d,10,1.02521E+13,25374737
2191,gnome-shell,0x7d297a29a000,0x10c986,000000005c5f66ac,12,1.02527E+13,1134169
2191,gnome-shell,0x7d297bc57000,0x3c87,00000000defd2c8d,10,1.0312E+13,2155288
2191,gnome-shell,0x7d297a29a000,0xb1486,000000005c5f66ac,12,1.03122E+13,1415494
2191,gnome-shell,0x7d297bc57000,0xda236,00000000defd2c8d,10,1.03684E+13,667190
2191,gnome-shell,0x7d297a29a000,0x588db,000000005c5f66ac,12,1.037E+13,1431564
2191,gnome-shell,0x7d297bc57000,0xa144a,00000000defd2c8d,10,1.03864E+13,203473
2191,gnome-shell,0x7d297bc57000,0x1089fc,00000000defd2c8d,10,1.04921E+13,77151
2191,gnome-shell,0x7d297bc57000,0x92b71,00000000defd2c8d,10,1.05067E+13,1222533
2191,gnome-shell,0x7d297bc57000,0x1192a0,00000000defd2c8d,10,1.05391E+13,1119513
2191,gnome-shell,0x7d297a29a000,0x6ee98,000000005c5f66ac,12,1.05522E+13,1865072
2191,gnome-shell,0x7d297bc57000,0x12645f,00000000defd2c8d,10,1.06121E+13,3190754
2191,gnome-shell,0x7d297a29a000,0x1258ea,000000005c5f66ac,12,1.06124E+13,98510
2191,gnome-shell,0x7d297bc57000,0x12f993,00000000defd2c8d,10,1.06522E+13,1137943
2191,gnome-shell,0x7d297a29a000,0x6b767,000000005c5f66ac,12,1.06744E+13,2095012
2191,gnome-shell,0x7d297bc57000,0x117ebb,00000000defd2c8d,10,1.07293E+13,1341164
2191,gnome-shell,0x7d297a29a000,0xdabd6,000000005c5f66ac,12,1.07395E+13,78848
2191,gnome-shell,0x7d297bc57000,0x129907,00000000defd2c8d,10,1.07935E+13,1855200
2191,gnome-shell,0x7d297a29a000,0x1306c0,000000005c5f66ac,12,1.07939E+13,978331
2191,gnome-shell,0x7d297bc57000,0x1171f2,00000000defd2c8d,10,1.08505E+13,756392
2191,gnome-shell,0x7d297a29a000,0xbf953,000000005c5f66ac,12,1.08528E+13,1053848
2191,gnome-shell,0x7d297a29a000,0x111889,000000005c5f66ac,12,1.08959E+13,1248170
2191,gnome-shell,0x7d297a29a000,0x10974d,000000005c5f66ac,12,1.09131E+13,73803
2191,gnome-shell,0x7d297a29a000,0x60c65,000000005c5f66ac,12,1.09414E+13,1300136
2191,gnome-shell,0x7d297bc57000,0x117d99,00000000defd2c8d,10,1.0972E+13,82631
2191,gnome-shell,0x7d297a29a000,0x125f61,000000005c5f66ac,12,1.09723E+13,1118167
2191,gnome-shell,0x7d297a29a000,0x127488,000000005c5f66ac,12,1.10354E+13,2024979
2191,gnome-shell,0x7d297a29a000,0x1121c2,000000005c5f66ac,12,1.1067E+13,377050
2191,gnome-shell,0x7d297a29a000,0x1262c9,000000005c5f66ac,12,1.10929E+13,2890004
2191,gnome-shell,0x7d2970bec000,0xa17b9,000000009a60b3e1,12,1.11557E+13,5002786
2191,gnome-shell,0x7d297bc57000,0x12933e,00000000defd2c8d,10,1.1212E+13,1027798
2191,gnome-shell,0x7d297a29a000,0x12d52f,000000005c5f66ac,12,1.12123E+13,979563
2191,gnome-shell,0x7d297a29a000,0x119123,000000005c5f66ac,12,1.12762E+13,366315
2191,gnome-shell,0x7d297a29a000,0x29677,000000005c5f66ac,12,1.13327E+13,750163
2191,gnome-shell,0x7d297a29a000,0x119ab8,000000005c5f66ac,12,1.13798E+13,196407
2191,gnome-shell,0x7d2970b48000,0x8cc16,00000000b223d080,8,1.13969E+13,865817
2191,gnome-shell,0x7d297a29a000,0x8148b,000000005c5f66ac,12,1.14237E+13,1145226
2191,gnome-shell,0x7d297bc57000,0x12ccf7,00000000defd2c8d,10,1.14522E+13,15758185
2191,gnome-shell,0x7d297a29a000,0x12dd76,000000005c5f66ac,12,1.14538E+13,16206895
2191,gnome-shell,0x7d297bc57000,0x128173,00000000defd2c8d,10,1.1512E+13,67671
2191,gnome-shell,0x7d297a29a000,0x124000,000000005c5f66ac,12,1.15124E+13,1221718
2191,gnome-shell,0x7d297bc57000,0x305b2,00000000defd2c8d,10,1.15189E+13,904484
2191,gnome-shell,0x7d297a29a000,0x10b5ab,000000005c5f66ac,12,1.15728E+13,1290992
2191,gnome-shell,0x7d297bc57000,0x11918b,00000000defd2c8d,10,1.16142E+13,72752
2191,gnome-shell,0x7d297bc57000,0xaf458,00000000defd2c8d,10,1.1632E+13,6853953
2191,gnome-shell,0x7d297a29a000,0x1a41,000000005c5f66ac,12,1.16322E+13,1142860
2191,gnome-shell,0x7d297bc57000,0xcd956,00000000defd2c8d,10,1.1692E+13,8413960
2191,gnome-shell,0x7d297a29a000,0x27090,000000005c5f66ac,12,1.16925E+13,1971396
2191,gnome-shell,0x7d297a29a000,0x27090,000000005c5f66ac,12,1.17347E+13,77216
2191,gnome-shell,0x7d2970bec000,0x130900,000000009a60b3e1,12,1.17365E+13,1880223
2191,gnome-shell,0x7d2970cef000,0x2b97c,000000008999f8dd,82,1.17383E+13,866498
2191,gnome-shell,0x7d297bc57000,0x111fa8,00000000defd2c8d,10,1.18148E+13,903368
2191,gnome-shell,0x7d297bc57000,0x11da96,00000000defd2c8d,10,1.18199E+13,901669
2191,gnome-shell,0x7d297a29a000,0x11d4a8,000000005c5f66ac,12,1.18582E+13,1126847
2191,gnome-shell,0x7d297a29a000,0x326b,000000005c5f66ac,12,1.19075E+13,939407
2191,gnome-shell,0x7d297bc57000,0x1219c4,00000000defd2c8d,10,1.19322E+13,877689
2191,gnome-shell,0x7d297a29a000,0x112c83,000000005c5f66ac,12,1.19326E+13,1578525
2191,gnome-shell,0x7d297bc57000,0x131bdb,00000000defd2c8d,10,1.19508E+13,718302
2191,gnome-shell,0x7d297bc57000,0x11ffbc,00000000defd2c8d,10,1.19801E+13,1084100
2191,gnome-shell,0x7d297a29a000,0xaa05,000000005c5f66ac,12,1.19922E+13,1715308
2191,gnome-shell,0x7d297bc57000,0x12133e,00000000defd2c8d,10,1.2052E+13,954562
2191,gnome-shell,0x7d297a29a000,0x130932,000000005c5f66ac,12,1.20525E+13,252004
2191,gnome-shell,0x7d297a29a000,0x111f05,000000005c5f66ac,12,1.21124E+13,7786774
2191,gnome-shell,0x7d297a29a000,0x12a252,000000005c5f66ac,12,1.21487E+13,1562011
2191,gnome-shell,0x7d2970b48000,0x117ff1,00000000b223d080,8,1.21708E+13,1069332
2191,gnome-shell,0x7d297a29a000,0x12a252,000000005c5f66ac,12,1.21832E+13,71619
2191,gnome-shell,0x7d297a29a000,0x131bd2,000000005c5f66ac,12,1.22341E+13,1632035
2191,gnome-shell,0x7d297a29a000,0x131bd2,000000005c5f66ac,12,1.22549E+13,1169966
2191,gnome-shell,0x7d297a29a000,0x103a8d,000000005c5f66ac,12,1.22947E+13,786692
2191,gnome-shell,0x7d297a29a000,0x4dce7,000000005c5f66ac,12,1.23411E+13,111272
2191,gnome-shell,0x7d297b276000,0x6784b,00000000d68d9082,22,1.23699E+13,90441
2191,gnome-shell,0x7d297a29a000,0x981c7,000000005c5f66ac,12,1.23879E+13,1239672
2191,gnome-shell,0x7d297a29a000,0x10b4ca,000000005c5f66ac,12,1.2452E+13,1215689
2191,gnome-shell,0x7d297a29a000,0x11f863,000000005c5f66ac,12,1.25327E+13,1310003
2191,gnome-shell,0x7d297a29a000,0x10c14f,000000005c5f66ac,12,1.25922E+13,1048237
2191,gnome-shell,0x7d297a29a000,0x12cd01,000000005c5f66ac,12,1.26524E+13,828231
2191,gnome-shell,0x7d297bc57000,0x2c246,00000000defd2c8d,10,1.27126E+13,1898736
2191,gnome-shell,0x7d297a29a000,0x27157,000000005c5f66ac,12,1.27128E+13,1249944
2191,gnome-shell,0x7d297a29a000,0x129b81,000000005c5f66ac,12,1.2735E+13,16305
2191,gnome-shell,0x7d297a29a000,0x66deb,000000005c5f66ac,12,1.27545E+13,1945195
2191,gnome-shell,0x7d29773f8000,0x117d78,00000000b7af918c,39,1.27589E+13,994648
2191,gnome-shell,0x7d297b276000,0x12ac59,00000000d68d9082,22,1.27754E+13,746909
2191,gnome-shell,0x7d2970b48000,0x855df,00000000b223d080,6,1.27811E+13,14075793
2191,gnome-shell,0x7d297a29a000,0x128732,000000005c5f66ac,12,1.27829E+13,1106413
2191,gnome-shell,0x7d297a29a000,0xa040,000000005c5f66ac,12,1.28282E+13,1123045
2191,gnome-shell,0x7d297a29a000,0x10c001,000000005c5f66ac,12,1.28752E+13,620475
2191,gnome-shell,0x7d297a29a000,0x1219d9,000000005c5f66ac,12,1.28944E+13,1002691
2191,gnome-shell,0x7d297a29a000,0x1257aa,000000005c5f66ac,12,1.29523E+13,1241449
2191,gnome-shell,0x7d297a29a000,0x7c603,000000005c5f66ac,12,1.29706E+13,146705
2191,gnome-shell,0x7d297bc57000,0x1273be,00000000defd2c8d,10,1.29976E+13,742278
2191,gnome-shell,0x7d297bc57000,0x122eb6,00000000defd2c8d,10,1.30146E+13,1054955
2191,gnome-shell,0x7d297a29a000,0x130685,000000005c5f66ac,12,1.30149E+13,1217847
2191,gnome-shell,0x7d297bc57000,0x112c03,00000000defd2c8d,10,1.30721E+13,141392
2191,gnome-shell,0x7d297a29a000,0x10f09b,000000005c5f66ac,12,1.30726E+13,1606021
2191,gnome-shell,0x7d297bc57000,0x127c25,00000000defd2c8d,10,1.3118E+13,1074761
2191,gnome-shell,0x7d297a29a000,0x10c5b7,000000005c5f66ac,12,1.3137E+13,1443680
2191,gnome-shell,0x7d297bc57000,0x12fe9b,00000000defd2c8d,10,1.31921E+13,2072103
2191,gnome-shell,0x7d297a29a000,0x11fb01,000000005c5f66ac,12,1.31926E+13,80440
2191,gnome-shell,0x7d297a29a000,0x63bb3,000000005c5f66ac,12,1.32106E+13,1639961
2191,gnome-shell,0x7d297bc57000,0x9792b,00000000defd2c8d,10,1.32106E+13,929441
2191,gnome-shell,0x7d297bc57000,0x11c3d3,00000000defd2c8d,10,1.32521E+13,2153717
2191,gnome-shell,0x7d297a29a000,0x11ca76,000000005c5f66ac,12,1.32525E+13,75276
2191,gnome-shell,0x7d297a29a000,0x1100d8,000000005c5f66ac,12,1.32667E+13,886137
2191,gnome-shell,0x7d297bc57000,0x117669,00000000defd2c8d,10,1.33114E+13,509225
2191,gnome-shell,0x7d297a29a000,0x98dfd,000000005c5f66ac,12,1.33139E+13,339554
2191,gnome-shell,0x7d297a29a000,0x11c5c7,000000005c5f66ac,12,1.33296E+13,65953
2191,gnome-shell,0x7d297bc57000,0x10c555,00000000defd2c8d,10,1.33298E+13,66402
2191,gnome-shell,0x7d297bc57000,0x10cb96,00000000defd2c8d,10,1.33583E+13,600786
2191,gnome-shell,0x7d297a29a000,0x7b260,000000005c5f66ac,12,1.33602E+13,1416250
2191,gnome-shell,0x7d297bc57000,0x12b699,00000000defd2c8d,10,1.33723E+13,4314697
2191,gnome-shell,0x7d297bc57000,0x12ef70,00000000defd2c8d,10,1.3432E+13,820425
2191,gnome-shell,0x7d297a29a000,0x124802,000000005c5f66ac,12,1.34324E+13,1256597
2191,gnome-shell,0x7d297a29a000,0x108a5b,000000005c5f66ac,12,1.34502E+13,1138700
2191,gnome-shell,0x7d297bc57000,0x128548,00000000defd2c8d,10,1.34502E+13,70415
2191,gnome-shell,0x7d297bc57000,0x118b1f,00000000defd2c8d,10,1.34728E+13,1673860
2191,gnome-shell,0x7d297bc57000,0x127916,00000000defd2c8d,10,1.34922E+13,1600438
2191,gnome-shell,0x7d297a29a000,0x11d0c9,000000005c5f66ac,12,1.34926E+13,259301
2191,gnome-shell,0x7d2970cef000,0xc4323,000000008999f8dd,82,1.35717E+13,11446703
2191,gnome-shell,0x7d297b276000,0x89095,00000000d68d9082,22,1.35806E+13,1767146
2191,gnome-shell,0x7d297a29a000,0x11b7a8,000000005c5f66ac,12,1.3614E+13,831355
2191,gnome-shell,0x7d297a29a000,0x106e53,000000005c5f66ac,12,1.36748E+13,1489080
2191,gnome-shell,0x7d297a29a000,0x125fcb,000000005c5f66ac,12,1.36859E+13,535441
2191,gnome-shell,0x7d297a29a000,0x10b5bf,000000005c5f66ac,12,1.37087E+13,937455
2191,gnome-shell,0x7d297a29a000,0x12e7aa,000000005c5f66ac,12,1.37323E+13,69410
2191,gnome-shell,0x7d297a29a000,0x50dcb,000000005c5f66ac,12,1.3752E+13,1057354
2191,gnome-shell,0x7d297a29a000,0x129744,000000005c5f66ac,12,1.37926E+13,992858
2191,gnome-shell,0x7d297a29a000,0x62cfd,000000005c5f66ac,12,1.3845E+13,4306269
2191,gnome-shell,0x7d297a29a000,0x128499,000000005c5f66ac,12,1.39059E+13,147053
2191,gnome-shell,0x7d297a29a000,0x15be3,000000005c5f66ac,12,1.39727E+13,187797
2191,gnome-shell,0x7d297a29a000,0xba8b8,000000005c5f66ac,12,1.40437E+13,129112
2191,gnome-shell,0x7d297a29a000,0xba8b8,000000005c5f66ac,12,1.40922E+13,934563
2191,gnome-shell,0x7d297a29a000,0x3caab,000000005c5f66ac,12,1.41526E+13,263005
2191,gnome-shell,0x7d2970b58000,0x2e4d9,0000000033460c6c,7,1.41583E+13,79938
2191,gnome-shell,0x7d2970c67000,0x3f27d,000000005392641f,7,1.41583E+13,78402
3670,sqldb:c~lite #6,0x75643329a000,0x123b88,00000000fb79b51f,347,8.19808E+12,126279
3670,sqldb:c~lite #6,0x75643329a000,0x130775,00000000fb79b51f,347,8.71845E+12,270547
3670,sqldb:c~lite #6,0x75643329a000,0x12b850,00000000fb79b51f,347,8.86517E+12,213203
3670,sqldb:c~lite #6,0x75643329a000,0xda870,00000000fb79b51f,347,8.94665E+12,96897
3670,sqldb:c~lite #6,0x75643329a000,0x126d00,00000000fb79b51f,347,9.02453E+12,1276663
3670,sqldb:c~lite #6,0x75643329a000,0x8a3ae,00000000fb79b51f,347,9.15221E+12,1555453
3670,sqldb:c~lite #6,0x75643329a000,0xcf8ab,00000000fb79b51f,347,9.35477E+12,443000
3670,sqldb:c~lite #6,0x75643329a000,0x11bb24,00000000fb79b51f,347,9.42705E+12,92214
3670,sqldb:c~lite #6,0x75643329a000,0x12d661,00000000fb79b51f,347,9.52387E+12,1089690
3670,sqldb:c~lite #6,0x75643329a000,0x129115,00000000fb79b51f,347,9.85906E+12,396043
3670,sqldb:c~lite #6,0x75643329a000,0x12aed5,00000000fb79b51f,347,9.95324E+12,91356
3670,sqldb:c~lite #6,0x75643329a000,0x81c4d,00000000fb79b51f,347,1.01127E+13,9668342
3670,sqldb:c~lite #6,0x75643329a000,0x53a21,00000000fb79b51f,347,1.02832E+13,96075
3670,sqldb:c~lite #6,0x75643329a000,0x10db93,00000000fb79b51f,347,1.04642E+13,349722
3670,sqldb:c~lite #6,0x75643329a000,0x11cf9c,00000000fb79b51f,347,1.05801E+13,287241
3670,sqldb:c~lite #6,0x75643329a000,0x31704,00000000fb79b51f,347,1.10024E+13,277250
3670,sqldb:c~lite #6,0x75643329a000,0x128521,00000000fb79b51f,347,1.1137E+13,15589872
3670,sqldb:c~lite #6,0x75643329a000,0x123fdd,00000000fb79b51f,347,1.12067E+13,119846
3670,sqldb:c~lite #6,0x75643329a000,0x12e3b8,00000000fb79b51f,347,1.14556E+13,109130
3670,sqldb:c~lite #6,0x75643329a000,0x116ac4,00000000fb79b51f,347,1.1839E+13,87005
3670,sqldb:c~lite #6,0x75643329a000,0x12f0ff,00000000fb79b51f,347,1.19682E+13,1625906
3670,sqldb:c~lite #6,0x75643329a000,0xc991d,00000000fb79b51f,347,1.22036E+13,90230
3670,sqldb:c~lite #6,0x75643329a000,0x10ff10,00000000fb79b51f,347,1.22882E+13,1041610
3670,sqldb:c~lite #6,0x75643329a000,0x3bb23,00000000fb79b51f,347,1.23752E+13,349561
3670,sqldb:c~lite #6,0x75643329a000,0x77b9e,00000000fb79b51f,347,1.25488E+13,89069
3670,sqldb:c~lite #6,0x75643329a000,0x12103c,00000000fb79b51f,347,1.27762E+13,1230711
3670,sqldb:c~lite #6,0x75643329a000,0x4e89c,00000000fb79b51f,347,1.31102E+13,80333
3670,sqldb:c~lite #6,0x75643329a000,0x122d1e,00000000fb79b51f,347,1.32634E+13,3093191
3670,sqldb:c~lite #6,0x75643329a000,0xcf6bf,00000000fb79b51f,347,1.33889E+13,89681
3670,sqldb:c~lite #6,0x75643329a000,0x11a9ee,00000000fb79b51f,347,1.38601E+13,92109
3670,sqldb:c~lite #6,0x75643329a000,0xa4bde,00000000fb79b51f,347,1.41763E+13,116235
3670,sqldb:c~lite #6,0x75643329a000,0x108cef,00000000fb79b51f,347,1.45281E+13,88515
3670,sqldb:c~lite #6,0x75643329a000,0x12e141,00000000fb79b51f,347,1.47635E+13,78937
3670,sqldb:c~lite #6,0x75643329a000,0x114400,00000000fb79b51f,347,1.49165E+13,81672
3670,sqldb:c~lite #6,0x75643329a000,0x131b34,00000000fb79b51f,347,1.51289E+13,517583
3670,sqldb:c~lite #6,0x75643329a000,0x122456,00000000fb79b51f,347,1.54151E+13,237496
3670,sqldb:c~lite #6,0x75643329a000,0x11526e,00000000fb79b51f,347,1.56992E+13,89519
3670,sqldb:c~lite #6,0x75643329a000,0x11028e,00000000fb79b51f,347,1.5953E+13,92678
3670,sqldb:c~lite #6,0x75643329a000,0x11d2cc,00000000fb79b51f,347,1.63859E+13,114120
3670,sqldb:c~lite #6,0x75643329a000,0x1141ef,00000000fb79b51f,347,1.65198E+13,1843290
3670,sqldb:c~lite #6,0x75643329a000,0x12fcf3,00000000fb79b51f,347,1.69586E+13,165430
3670,sqldb:c~lite #6,0x75643329a000,0x4ae76,00000000fb79b51f,347,1.74039E+13,216971
3670,sqldb:c~lite #6,0x75643329a000,0x10e206,00000000fb79b51f,347,1.77392E+13,429079
3670,sqldb:c~lite #6,0x75643329a000,0x104a81,00000000fb79b51f,347,1.79573E+13,52199
3670,sqldb:c~lite #6,0x75643329a000,0x124f28,00000000fb79b51f,347,1.80413E+13,58803
3670,sqldb:c~lite #6,0x75643329a000,0x124fa1,00000000fb79b51f,347,1.8117E+13,51492
3670,sqldb:c~lite #6,0x75643329a000,0x114f61,00000000fb79b51f,347,1.82638E+13,118358
3670,sqldb:c~lite #6,0x75643329a000,0x124326,00000000fb79b51f,347,1.83713E+13,92934
3670,sqldb:c~lite #6,0x75643329a000,0x1118e7,00000000fb79b51f,347,1.85447E+13,58610
3670,sqldb:c~lite #6,0x75643329a000,0x7edb3,00000000fb79b51f,347,1.87121E+13,47630
3670,sqldb:c~lite #6,0x75643329a000,0x12bd2f,00000000fb79b51f,347,1.88078E+13,180906
3670,sqldb:c~lite #6,0x75643329a000,0x129b60,00000000fb79b51f,347,1.89206E+13,196395
3670,sqldb:c~lite #6,0x75643329a000,0x12301d,00000000fb79b51f,347,1.90197E+13,53914
3670,sqldb:c~lite #6,0x75643329a000,0x1264f7,00000000fb79b51f,347,1.90955E+13,83236
8852,systemd-timedat,0x7bb6b7d35000,0x12c0e0,000000006ccb5761,6,8.20288E+12,1169051
3029,update-notifier,0x6294f3e19000,0x329d5,000000003454c90c,15,8.224E+12,83667
3029,update-notifier,0x6294f3e19000,0x15891,000000003454c90c,15,8.40414E+12,77685
3029,update-notifier,0x7023433b6000,0x72976,00000000dbed4c91,26,8.5002E+12,2081679
3029,update-notifier,0x6294f3e19000,0xd032a,000000003454c90c,15,8.58402E+12,196631
3029,update-notifier,0x6294f3e19000,0x12f767,000000003454c90c,15,8.76442E+12,137275
3029,update-notifier,0x7023433b6000,0x372ef,00000000dbed4c91,26,8.8842E+12,91107
3029,update-notifier,0x6294f3e19000,0x10f6a0,000000003454c90c,15,8.94401E+12,73943
3029,update-notifier,0x6294f3e19000,0x112c87,000000003454c90c,15,9.12487E+12,8267326
3029,update-notifier,0x7023433b6000,0x6dbc2,00000000dbed4c91,26,9.27573E+12,600424
3029,update-notifier,0x6294f3e19000,0xa28b9,000000003454c90c,15,9.30398E+12,239536
3029,update-notifier,0x6294f3e19000,0x1300a2,000000003454c90c,15,9.48412E+12,74380
3029,update-notifier,0x6294f3e19000,0x11ffb2,000000003454c90c,15,9.84537E+12,83839
3029,update-notifier,0x6294f3e19000,0x776bd,000000003454c90c,15,1.00252E+13,82839
3029,update-notifier,0x6294f3e19000,0x4657,000000003454c90c,15,1.02051E+13,70668
3029,update-notifier,0x702342bac000,0x109697,00000000defd2c8d,10,1.02616E+13,1522241
3029,update-notifier,0x6294f3e19000,0x128266,000000003454c90c,15,1.0385E+13,909956
3029,update-notifier,0x6294f3e19000,0x836dd,000000003454c90c,15,1.05651E+13,78167
3029,update-notifier,0x7023433b6000,0x3d3b1,00000000dbed4c91,26,1.07426E+13,761998
3029,update-notifier,0x6294f3e19000,0x6e03e,000000003454c90c,15,1.0745E+13,91833
3029,update-notifier,0x6294f3e19000,0x1173b6,000000003454c90c,15,1.08902E+13,1367826
3029,update-notifier,0x702342bac000,0x129dc0,00000000defd2c8d,10,1.08908E+13,66850
3029,update-notifier,0x6294f3e19000,0x844e8,000000003454c90c,15,1.1105E+13,303024
3029,update-notifier,0x7023433b6000,0xac00,00000000dbed4c91,26,1.11616E+13,796635
3029,update-notifier,0x6294f3e19000,0xa6eff,000000003454c90c,15,1.12856E+13,288486
3029,update-notifier,0x702342bac000,0x12899e,00000000defd2c8d,10,1.14614E+13,84738
3029,update-notifier,0x6294f3e19000,0x34dfa,000000003454c90c,15,1.16466E+13,1591354
3029,update-notifier,0x7023433b6000,0xa4c3f,00000000dbed4c91,26,1.17419E+13,229627
3029,update-notifier,0x6294f3e19000,0x11f8fe,000000003454c90c,15,1.1827E+13,92895
3029,update-notifier,0x6294f3e19000,0x112176,000000003454c90c,15,1.20071E+13,612021
3029,update-notifier,0x702342bac000,0x1286e6,00000000defd2c8d,10,1.20636E+13,74973
3029,update-notifier,0x7023433b6000,0x92b3c,00000000dbed4c91,26,1.21516E+13,1469589
3029,update-notifier,0x6294f3e19000,0x10fdfa,000000003454c90c,15,1.21871E+13,8381276
3029,update-notifier,0x6294f3e19000,0x1254e2,000000003454c90c,15,1.23669E+13,76260
3029,update-notifier,0x6294f3e19000,0xcf946,000000003454c90c,15,1.2547E+13,81921
3029,update-notifier,0x6294f3e19000,0x1219d8,000000003454c90c,15,1.27272E+13,179839
3029,update-notifier,0x6294f3e19000,0x1188c3,000000003454c90c,15,1.29071E+13,119290
3029,update-notifier,0x6294f3e19000,0x8e15,000000003454c90c,15,1.30873E+13,137510
3029,update-notifier,0x702342bac000,0x125d08,00000000defd2c8d,10,1.32639E+13,75114
3029,update-notifier,0x6294f3e19000,0xd1a74,000000003454c90c,15,1.34471E+13,300741
3029,update-notifier,0x7023433b6000,0x82be3,00000000dbed4c91,26,1.35769E+13,134613
3029,update-notifier,0x6294f3e19000,0x10f831,000000003454c90c,15,1.3627E+13,283515
3029,update-notifier,0x6294f3e19000,0x12af03,000000003454c90c,15,1.38081E+13,1214980
3029,update-notifier,0x6294f3e19000,0x117558,000000003454c90c,15,1.39883E+13,147545
3029,update-notifier,0x6294f3e19000,0x3b9da,000000003454c90c,15,1.41679E+13,72599
3029,update-notifier,0x7023433b6000,0x98243,00000000dbed4c91,26,1.41742E+13,73033
3029,update-notifier,0x6294f3e19000,0x123f39,000000003454c90c,15,1.43481E+13,71615
3029,update-notifier,0x6294f3e19000,0x11ea67,000000003454c90c,15,1.45281E+13,187568
3029,update-notifier,0x6294f3e19000,0x6c083,000000003454c90c,15,1.47082E+13,83708
3029,update-notifier,0x6294f3e19000,0x75cf8,000000003454c90c,15,1.4888E+13,81489
3029,update-notifier,0x6294f3e19000,0x3b05c,000000003454c90c,15,1.52481E+13,71766
3029,update-notifier,0x6294f3e19000,0xd1ed6,000000003454c90c,15,1.5428E+13,213969
3029,update-notifier,0x6294f3e19000,0x5f17c,000000003454c90c,15,1.5608E+13,71397
3029,update-notifier,0x6294f3e19000,0x10c104,000000003454c90c,15,1.57888E+13,14790458
3029,update-notifier,0x6294f3e19000,0x10bbe1,000000003454c90c,15,1.597E+13,115647
3029,update-notifier,0x7023433b6000,0xb729f,00000000dbed4c91,26,1.63091E+13,401204
3029,update-notifier,0x6294f3e19000,0xc8a16,000000003454c90c,15,1.65105E+13,137474
3029,update-notifier,0x6294f3e19000,0x109c74,000000003454c90c,15,1.66899E+13,1637480
3029,update-notifier,0x6294f3e19000,0x32fc3,000000003454c90c,15,1.70505E+13,10299986
3029,update-notifier,0x6294f3e19000,0x11c482,000000003454c90c,15,1.72305E+13,468007
3029,update-notifier,0x6294f3e19000,0x12c3ea,000000003454c90c,15,1.74115E+13,197038
3029,update-notifier,0x6294f3e19000,0x111ab5,000000003454c90c,15,1.75928E+13,8352417
3029,update-notifier,0x6294f3e19000,0x2c026,000000003454c90c,15,1.77738E+13,164496
3029,update-notifier,0x6294f3e19000,0x11b642,000000003454c90c,15,1.79539E+13,7885775
3029,update-notifier,0x6294f3e19000,0x11f924,000000003454c90c,15,1.81339E+13,45768
3029,update-notifier,0x6294f3e19000,0x121a82,000000003454c90c,15,1.8314E+13,1330201
3029,update-notifier,0x6294f3e19000,0x11702a,000000003454c90c,15,1.84949E+13,570278
3029,update-notifier,0x6294f3e19000,0x11d5e8,000000003454c90c,15,1.8675E+13,43988
3029,update-notifier,0x7023433b6000,0x115373,00000000dbed4c91,26,1.87514E+13,41521
3029,update-notifier,0x6294f3e19000,0x11218c,000000003454c90c,15,1.88557E+13,5523353
3029,update-notifier,0x6294f3e19000,0x129386,000000003454c90c,15,1.90352E+13,954754
3029,update-notifier,0x6294f3e19000,0x11165b,000000003454c90c,15,1.9216E+13,411775
9064,sleep,0x57f9f1ec6000,0x11c456,000000004655acdd,0,8.28669E+12,69936
2274,gsd-power,0x7d32c75c5000,0x62325,00000000defd2c8d,10,8.32904E+12,791142
2274,gsd-power,0x59aee295b000,0x99a19,000000006677494f,22,8.49287E+12,134813
2274,gsd-power,0x7d32c75c5000,0x11db2a,00000000defd2c8d,10,8.66734E+12,238235
2274,gsd-power,0x7d32c75c5000,0x11ce4d,00000000defd2c8d,10,1.01502E+13,78076
2274,gsd-power,0x7d32c75c5000,0x127d29,00000000defd2c8d,10,1.0568E+13,1159687
2274,gsd-power,0x59aee295b000,0x9b71e,000000006677494f,22,1.11424E+13,916649
2274,gsd-power,0x7d32c75c5000,0x8fb88,00000000defd2c8d,10,1.15464E+13,229811
2274,gsd-power,0x7d32c75c5000,0x11ca16,00000000defd2c8d,10,1.26404E+13,74405
2274,gsd-power,0x59aee295b000,0x4339a,000000006677494f,22,1.4043E+13,147586
2274,gsd-power,0x59aee295b000,0x527d8,000000006677494f,22,1.50754E+13,76971
2274,gsd-power,0x59aee295b000,0x32e27,000000006677494f,22,1.5572E+13,908384
2274,gsd-power,0x7d32c75c5000,0x3b708,00000000defd2c8d,10,1.5572E+13,75113
2274,gsd-power,0x7d32c75c5000,0x68b09,00000000defd2c8d,10,1.85233E+13,396530
