PID,COMM,VA,PFN,mapping,folio_index,start_ns,latency_ns
208,systemd-journal,0x7b8560ec7000,0xa3ae9,0000000056363138,154,0,11625641698821
15494,Renderer,0x7e318ac66000,0x2cc35,000000004c96e139,15,11682869751758,3508035947
15494,Renderer,0x7e318ac6a000,0x2cc35,000000004c96e139,15,11682869751758,3508061602
15494,Renderer,0x7e318ac73000,0xbc2cc,000000004c96e139,29,11682869751758,3508078531
15494,Renderer,0x7e318ac77000,0xbc2cc,000000004c96e139,29,11682869751758,3508090340
15494,Renderer,0x7e318ac7b000,0xbc2cc,000000004c96e139,29,11682869751758,3508101596
15494,Renderer,0x7e318ac80000,0x3afd6,000000004c96e139,45,11682869751758,3508114649
15494,Renderer,0x7e318ac84000,0x3afd6,000000004c96e139,45,11682869751758,3508125554
15494,Renderer,0x7e318ac88000,0x3afd6,000000004c96e139,45,11682869751758,3508137252
15494,Renderer,0x7e318ac8d000,0x3afd6,000000004c96e139,45,11682869751758,3508148729
15494,Renderer,0x7e318ac91000,0x6a0c8,000000004c96e139,57,11682869751758,3508163258
15494,Renderer,0x7e318ac95000,0x6a0c8,000000004c96e139,57,11682869751758,3508173731
15494,Renderer,0x7e318ac9a000,0x6a0c8,000000004c96e139,57,11682869751758,3508182346
15494,Renderer,0x7e318ac9c000,0x6a0c8,000000004c96e139,57,11682869751758,3508187899
15494,Renderer,0x7e318ac9d000,0x5b5cc,000000004c96e139,58,11682869751758,3508192448
15494,Renderer,0x7e318ac9e000,0x5b5cd,000000004c96e139,59,11682869751758,3508197006
15494,Renderer,0x7e318ac9f000,0x5b5ce,000000004c96e139,60,11682869751758,3508202177
15494,Renderer,0x7e318aca1000,0x5b7e0,000000004c96e139,62,11682869751758,3508211857
15494,Renderer,0x7e318aca2000,0x5b7e1,000000004c96e139,63,11682869751758,3508216285
15494,Renderer,0x7e318aca3000,0x5b7e2,000000004c96e139,64,11682869751758,3508220633
15494,Renderer,0x7e318aca4000,0x5b7e3,000000004c96e139,65,11682869751758,3508225392
15494,Renderer,0x7e318aca5000,0x5b7e4,000000004c96e139,66,11682869751758,3508229780
15494,Renderer,0x7e318aca6000,0x5b7e5,000000004c96e139,67,11682869751758,3508234409
15494,Renderer,0x7e318aca7000,0x5b7e6,000000004c96e139,68,11682869751758,3508238868
15494,Renderer,0x7e318aca8000,0x5b7e7,000000004c96e139,69,11682869751758,3508246649
15494,Renderer,0x7e318aca9000,0x5b410,000000004c96e139,70,11682869751758,3508251489
15494,Renderer,0x7e318acaa000,0x5b411,000000004c96e139,71,11682869751758,3508256269
15494,Renderer,0x7e318acab000,0x5b412,000000004c96e139,72,11682869751758,3508261099
15494,Renderer,0x7e318acac000,0x5b413,000000004c96e139,73,11682869751758,3508265798
15494,Renderer,0x7e318acad000,0x5b414,000000004c96e139,74,11682869751758,3508270477
15494,Renderer,0x7e318acae000,0x5b415,000000004c96e139,75,11682869751758,3508275106
15494,Renderer,0x7e318acaf000,0x5b416,000000004c96e139,76,11682869751758,3508279905
15494,Renderer,0x7e318acb1000,0x5ca40,000000004c96e139,78,11682869751758,3508288872
15494,Renderer,0x7e318acb2000,0x5ca41,000000004c96e139,79,11682869751758,3508293140
15494,Renderer,0x7e318acb3000,0x5ca42,000000004c96e139,80,11682869751758,3508297789
15494,Renderer,0x7e318acb4000,0x5ca43,000000004c96e139,81,11682869751758,3508302187
15494,Renderer,0x7e318acb5000,0x5ca44,000000004c96e139,82,11682869751758,3508306806
15494,Renderer,0x7e318acb6000,0x5ca45,000000004c96e139,83,11682869751758,3508311254
15494,Renderer,0x7e318acb7000,0x5ca46,000000004c96e139,84,11682869751758,3508318272
15494,Renderer,0x7e318acb8000,0x5ca47,000000004c96e139,85,11682869751758,3508322871
15494,Renderer,0x7e318acb9000,0x5c220,000000004c96e139,86,11682869751758,3508327540
15494,Renderer,0x7e318acba000,0x5c221,000000004c96e139,87,11682869751758,3508332059
15494,Renderer,0x7e318acbb000,0x5c222,000000004c96e139,88,11682869751758,3508336618
15494,Renderer,0x7e318acbc000,0x5c223,000000004c96e139,89,11682869751758,3508341106
15494,Renderer,0x7e318acbd000,0x5c224,000000004c96e139,90,11682869751758,3508345695
15494,Renderer,0x7e318acbe000,0x5c225,000000004c96e139,91,11682869751758,3508350444
15494,Renderer,0x7e318acbf000,0x5c226,000000004c96e139,92,11682869751758,3508355113
15494,Renderer,0x7e318acc0000,0x6a0c9,000000004c96e139,109,11682869751758,3508360716
15494,Renderer,0x7e318acc1000,0x6a0c9,000000004c96e139,109,11682869751758,3508365114
15494,Renderer,0x7e318acc2000,0x6a0c9,000000004c96e139,109,11682869751758,3508369623
15494,Renderer,0x7e318acc3000,0x6a0c9,000000004c96e139,109,11682869751758,3508374412
15494,Renderer,0x7e318acc4000,0x6a0c9,000000004c96e139,109,11682869751758,3508378820
15494,Renderer,0x7e318acc5000,0x6a0c9,000000004c96e139,109,11682869751758,3508383268
15494,Renderer,0x7e318acc6000,0x6a0c9,000000004c96e139,109,11682869751758,3508390498
15494,Renderer,0x7e318acc7000,0x6a0c9,000000004c96e139,109,11682869751758,3508395097
15494,Renderer,0x7e318acc8000,0x6a0c9,000000004c96e139,109,11682869751758,3508400007
15494,Renderer,0x7e318acc9000,0x6a0c9,000000004c96e139,109,11682869751758,3508404686
15494,Renderer,0x7e318acca000,0x6a0c9,000000004c96e139,109,11682869751758,3508409315
15494,Renderer,0x7e318accb000,0x6a0c9,000000004c96e139,109,11682869751758,3508413994
15494,Renderer,0x7e318accc000,0x6a0c9,000000004c96e139,109,11682869751758,3508418462
15494,Renderer,0x7e318accd000,0x6a0c9,000000004c96e139,109,11682869751758,3508423071
15494,Renderer,0x7e318acce000,0x6a0c9,000000004c96e139,109,11682869751758,3508427630
15494,Renderer,0x7e318acd1000,0x6a14e,000000004c96e139,110,11682869751758,3508434056
15494,Renderer,0x7e318acd2000,0x53a27,000000004c96e139,111,11682869751758,3508439278
15494,Renderer,0x7e318acd3000,0xd5d10,000000004c96e139,112,11682869751758,3508443726
15494,Renderer,0x7e318acd4000,0xd5d11,000000004c96e139,113,11682869751758,3508448124
15494,Renderer,0x7e318acd5000,0xd5d12,000000004c96e139,114,11682869751758,3508453054
15494,Renderer,0x7e318acd6000,0xd5d13,000000004c96e139,115,11682869751758,3508457512
15494,Renderer,0x7e318acd7000,0xd5d14,000000004c96e139,116,11682869751758,3508465123
15494,Renderer,0x7e318acd8000,0xd5d15,000000004c96e139,117,11682869751758,3508469662
15494,Renderer,0x7e318acd9000,0xd5d16,000000004c96e139,118,11682869751758,3508474191
15494,Renderer,0x7e318acda000,0xd5d17,000000004c96e139,119,11682869751758,3508478980
15494,Renderer,0x7e318acdb000,0x53700,000000004c96e139,120,11682869751758,3508483408
15494,Renderer,0x7e318acdc000,0x53701,000000004c96e139,121,11682869751758,3508488037
15494,Renderer,0x7e318acdd000,0x53702,000000004c96e139,122,11682869751758,3508492526
15494,Renderer,0x7e318acde000,0x53703,000000004c96e139,123,11682869751758,3508497044
15494,Renderer,0x7e318acdf000,0x53704,000000004c96e139,124,11682869751758,3508501824
15494,Renderer,0x7e318ace1000,0x53706,000000004c96e139,126,11682869751758,3508510238
15494,Renderer,0x7e318ace2000,0x53707,000000004c96e139,127,11682869751758,3508516795
15494,Renderer,0x7e318ace3000,0x99a58,000000004c96e139,128,11682869751758,3508521424
15494,Renderer,0x7e318ace4000,0x99a59,000000004c96e139,129,11682869751758,3508525942
15494,Renderer,0x7e318ace5000,0x99a5a,000000004c96e139,130,11682869751758,3508530561
15494,Renderer,0x7e318ace6000,0x99a5b,000000004c96e139,131,11682869751758,3508537570
15494,Renderer,0x7e318ace7000,0x99a5c,000000004c96e139,132,11682869751758,3508542048
15494,Renderer,0x7e318ace8000,0x99a5d,000000004c96e139,133,11682869751758,3508546747
15494,Renderer,0x7e318ace9000,0x99a5e,000000004c96e139,134,11682869751758,3508551597
15494,Renderer,0x7e318acea000,0x99a5f,000000004c96e139,135,11682869751758,3508556497
15494,Renderer,0x7e318aceb000,0x65a90,000000004c96e139,136,11682869751758,3508561076
15494,Renderer,0x7e318acec000,0x65a91,000000004c96e139,137,11682869751758,3508565615
15494,Renderer,0x7e318aced000,0x65a92,000000004c96e139,138,11682869751758,3508570324
15494,Renderer,0x7e318acee000,0x65a93,000000004c96e139,139,11682869751758,3508574963
15494,Renderer,0x7e318acef000,0x65a94,000000004c96e139,140,11682869751758,3508579763
15494,Renderer,0x7e318acf1000,0x65a96,000000004c96e139,142,11682869751758,3508588187
15494,Renderer,0x7e318acf2000,0x65a97,000000004c96e139,143,11682869751758,3508593187
15494,Renderer,0x7e318acf3000,0x6a0b8,000000004c96e139,144,11682869751758,3508597475
15494,Renderer,0x7e318acf4000,0x6a0b9,000000004c96e139,145,11682869751758,3508601953
15494,Renderer,0x7e318acf5000,0x6a0ba,000000004c96e139,146,11682869751758,3508608912
15494,Renderer,0x7e318acf6000,0x6a0bb,000000004c96e139,147,11682869751758,3508613400
15494,Renderer,0x7e318acf7000,0x6a0bc,000000004c96e139,148,11682869751758,3508617838
15494,Renderer,0x7e318acf8000,0x6a0bd,000000004c96e139,149,11682869751758,3508622196
15494,Renderer,0x7e318acf9000,0x6a0be,000000004c96e139,150,11682869751758,3508626805
15494,Renderer,0x7e318acfa000,0x6a0bf,000000004c96e139,151,11682869751758,3508631384
15494,Renderer,0x7e318acfb000,0x6a0c0,000000004c96e139,152,11682869751758,3508635892
15494,Renderer,0x7e318acfc000,0x6a0c1,000000004c96e139,153,11682869751758,3508640340
15494,Renderer,0x7e318acfd000,0x6a0c2,000000004c96e139,154,11682869751758,3508644879
15494,Renderer,0x7e318acfe000,0x6a0c3,000000004c96e139,155,11682869751758,3508649719
15494,Renderer,0x7e318acff000,0x6a0c4,000000004c96e139,156,11682869751758,3508654659
15494,Renderer,0x7e318ad01000,0x6a0c6,000000004c96e139,158,11682869751758,3508663144
15494,Renderer,0x7e318ad02000,0x6a0c7,000000004c96e139,159,11682869751758,3508667612
15494,Renderer,0x7e318ad03000,0x6a168,000000004c96e139,160,11682869751758,3508672241
15494,Renderer,0x7e318ad04000,0x6a169,000000004c96e139,161,11682869751758,3508679420
15494,Renderer,0x7e318ad05000,0x6a16a,000000004c96e139,162,11682869751758,3508683768
15494,Renderer,0x7e318ad06000,0x6a16b,000000004c96e139,163,11682869751758,3508688116
15494,Renderer,0x7e318ad07000,0x6a16c,000000004c96e139,164,11682869751758,3508692574
15494,Renderer,0x7e318ad08000,0x6a16d,000000004c96e139,165,11682869751758,3508697012
15494,Renderer,0x7e318ad09000,0x6a16e,000000004c96e139,166,11682869751758,3508702455
15494,Renderer,0x7e318ad0a000,0x6a16f,000000004c96e139,167,11682869751758,3508753152
15494,Renderer,0x7e318ad0b000,0x38fd8,000000004c96e139,168,11682869751758,3508759177
15494,Renderer,0x7e318ad0c000,0x38fd9,000000004c96e139,169,11682869751758,3508764097
15494,Renderer,0x7e318ad0d000,0x38fda,000000004c96e139,170,11682869751758,3508768937
15494,Renderer,0x7e318ad0e000,0x38fdb,000000004c96e139,171,11682869751758,3508774279
15494,Renderer,0x7e318ad0f000,0x38fdc,000000004c96e139,172,11682869751758,3508779159
15494,Renderer,0x7e318ad11000,0x38fde,000000004c96e139,174,11682869751758,3508788477
15494,Renderer,0x7e318ad12000,0x38fdf,000000004c96e139,175,11682869751758,3508792804
15494,Renderer,0x7e318ad13000,0x65498,000000004c96e139,176,11682869751758,3508800486
15494,Renderer,0x7e318ad14000,0x65499,000000004c96e139,177,11682869751758,3508805185
15494,Renderer,0x7e318ad15000,0x6549a,000000004c96e139,178,11682869751758,3508809944
15494,Renderer,0x7e318ad16000,0x6549b,000000004c96e139,179,11682869751758,3508814553
15494,Renderer,0x7e318ad17000,0x6549c,000000004c96e139,180,11682869751758,3508819212
15494,Renderer,0x7e318ad18000,0x6549d,000000004c96e139,181,11682869751758,3508823751
15494,Renderer,0x7e318ad19000,0x6549e,000000004c96e139,182,11682869751758,3508828420
15494,Renderer,0x7e318ad1a000,0x6549f,000000004c96e139,183,11682869751758,3508832949
15494,Renderer,0x7e318ad1b000,0x65488,000000004c96e139,184,11682869751758,3508837427
15494,Renderer,0x7e318ad1c000,0x65489,000000004c96e139,185,11682869751758,3508842257
15494,Renderer,0x7e318ad1d000,0x6548a,000000004c96e139,186,11682869751758,3508847056
15494,Renderer,0x7e318ad1e000,0x6548b,000000004c96e139,187,11682869751758,3508851615
15494,Renderer,0x7e318ad1f000,0x6548c,000000004c96e139,188,11682869751758,3508856234
15494,Renderer,0x7e318ad21000,0x6548e,000000004c96e139,190,11682869751758,3508864709
15494,Renderer,0x7e318ad22000,0x6548f,000000004c96e139,191,11682869751758,3508872812
15494,Renderer,0x7e318ad23000,0x49450,000000004c96e139,192,11682869751758,3508878033
15494,Renderer,0x7e318ad24000,0x49451,000000004c96e139,193,11682869751758,3508882672
15494,Renderer,0x7e318ad25000,0x49452,000000004c96e139,194,11682869751758,3508887391
15494,Renderer,0x7e318ad26000,0x49453,000000004c96e139,195,11682869751758,3508892141
15494,Renderer,0x7e318ad27000,0x49454,000000004c96e139,196,11682869751758,3508896820
15494,Renderer,0x7e318ad28000,0x49455,000000004c96e139,197,11682869751758,3508901941
15494,Renderer,0x7e318ad29000,0x49456,000000004c96e139,198,11682869751758,3508907072
15494,Renderer,0x7e318ad2a000,0x49457,000000004c96e139,199,11682869751758,3508911932
15494,Renderer,0x7e318ad2b000,0x49c28,000000004c96e139,200,11682869751758,3508916752
15494,Renderer,0x7e318ad2c000,0x49c29,000000004c96e139,201,11682869751758,3508921642
15494,Renderer,0x7e318ad2d000,0x49c2a,000000004c96e139,202,11682869751758,3508926301
15494,Renderer,0x7e318ad2e000,0x49c2b,000000004c96e139,203,11682869751758,3508931331
15494,Renderer,0x7e318ad2f000,0x49c2c,000000004c96e139,204,11682869751758,3508936181
15494,Renderer,0x7e318ad31000,0x49c2e,000000004c96e139,206,11682869751758,3508947738
15494,Renderer,0x7e318ad32000,0x49c2f,000000004c96e139,207,11682869751758,3508952357
15494,Renderer,0x7e318ad33000,0x615d0,000000004c96e139,208,11682869751758,3508956725
15494,Renderer,0x7e318ad34000,0x615d1,000000004c96e139,209,11682869751758,3508960962
15494,Renderer,0x7e318ad35000,0x615d2,000000004c96e139,210,11682869751758,3508965310
15494,Renderer,0x7e318ad36000,0x615d3,000000004c96e139,211,11682869751758,3508969919
15494,Renderer,0x7e318ad37000,0x615d4,000000004c96e139,212,11682869751758,3508974418
15494,Renderer,0x7e318ad38000,0x615d5,000000004c96e139,213,11682869751758,3508978876
15494,Renderer,0x7e318ad39000,0x615d6,000000004c96e139,214,11682869751758,3508983414
15494,Renderer,0x7e318ad3a000,0x615d7,000000004c96e139,215,11682869751758,3508988586
15494,Renderer,0x7e318ad3b000,0x45600,000000004c96e139,216,11682869751758,3508993917
15494,Renderer,0x7e318ad3c000,0x45601,000000004c96e139,217,11682869751758,3508998777
15494,Renderer,0x7e318ad3d000,0x45602,000000004c96e139,218,11682869751758,3509004029
15494,Renderer,0x7e318ad3e000,0x45603,000000004c96e139,219,11682869751758,3509009260
15494,Renderer,0x7e318ad3f000,0x45604,000000004c96e139,220,11682869751758,3509014220
15494,Renderer,0x7e318ad41000,0x45606,000000004c96e139,222,11682869751758,3509026310
15494,Renderer,0x7e318ad42000,0x45607,000000004c96e139,223,11682869751758,3509031009
15494,Renderer,0x7e318ad43000,0xb2938,000000004c96e139,224,11682869751758,3509035598
15494,Renderer,0x7e318ad44000,0xb2939,000000004c96e139,225,11682869751758,3509040026
15494,Renderer,0x7e318ad45000,0xb293a,000000004c96e139,226,11682869751758,3509044334
15494,Renderer,0x7e318ad46000,0xb293b,000000004c96e139,227,11682869751758,3509049023
15494,Renderer,0x7e318ad47000,0xb293c,000000004c96e139,228,11682869751758,3509053592
15494,Renderer,0x7e318ad48000,0xb293d,000000004c96e139,229,11682869751758,3509058401
15494,Renderer,0x7e318ad49000,0xb293e,000000004c96e139,230,11682869751758,3509062799
15494,Renderer,0x7e318ad4a000,0xb293f,000000004c96e139,231,11682869751758,3509067368
15494,Renderer,0x7e318ad4b000,0xb2890,000000004c96e139,232,11682869751758,3509071836
15494,Renderer,0x7e318ad4c000,0xb2891,000000004c96e139,233,11682869751758,3509076485
15494,Renderer,0x7e318ad4d000,0xb2892,000000004c96e139,234,11682869751758,3509081114
15494,Renderer,0x7e318ad4e000,0xb2893,000000004c96e139,235,11682869751758,3509085623
15494,Renderer,0x7e318ad4f000,0xb2894,000000004c96e139,236,11682869751758,3509092852
15494,Renderer,0x7e318ad51000,0xb2896,000000004c96e139,238,11682869751758,3509101518
15494,Renderer,0x7e318ad52000,0xb2897,000000004c96e139,239,11682869751758,3509105986
15494,Renderer,0x7e318ad53000,0xb28b8,000000004c96e139,240,11682869751758,3509110324
15494,Renderer,0x7e318ad54000,0xb28b9,000000004c96e139,241,11682869751758,3509114682
15494,Renderer,0x7e318ad55000,0xb28ba,000000004c96e139,242,11682869751758,3509119411
15494,Renderer,0x7e318ad56000,0xb28bb,000000004c96e139,243,11682869751758,3509123939
15494,Renderer,0x7e318ad57000,0xb28bc,000000004c96e139,244,11682869751758,3509128368
15494,Renderer,0x7e318ad58000,0xb28bd,000000004c96e139,245,11682869751758,3509132756
15494,Renderer,0x7e318ad59000,0xb28be,000000004c96e139,246,11682869751758,3509137364
15494,Renderer,0x7e318ad5a000,0xb28bf,000000004c96e139,247,11682869751758,3509142505
15494,Renderer,0x7e318ad5b000,0xb2848,000000004c96e139,248,11682869751758,3509146893
15494,Renderer,0x7e318ad5c000,0xb2849,000000004c96e139,249,11682869751758,3509151542
15494,Renderer,0x7e318ad5d000,0xb284a,000000004c96e139,250,11682869751758,3509156051
15494,Renderer,0x7e318ad5e000,0xb284b,000000004c96e139,251,11682869751758,3509163220
15494,Renderer,0x7e318ad5f000,0xb284c,000000004c96e139,252,11682869751758,3509167759
15494,Renderer,0x7e318ad61000,0xb284e,000000004c96e139,254,11682869751758,3509176033
15494,Renderer,0x7e318ad62000,0xb284f,000000004c96e139,255,11682869751758,3509181364
15494,Renderer,0x7e318ad63000,0xb2878,000000004c96e139,256,11682869751758,3509185742
15494,Renderer,0x7e318ad64000,0xb2879,000000004c96e139,257,11682869751758,3509190160
15561,SwComposite,0x7e31885b1000,0x6f0d9,0000000006385750,334,11682870014704,5953642464
15561,SwComposite,0x7e31885b2000,0x6f0da,0000000006385750,335,11682870014704,5953656479
15561,SwComposite,0x7e31885b3000,0x6f0db,0000000006385750,336,11682870014704,5953660876
15561,SwComposite,0x7e31885b4000,0x6f0dc,0000000006385750,337,11682870014704,5953665484
15561,SwComposite,0x7e31885b5000,0x6f0dd,0000000006385750,338,11682870014704,5953669842
15561,SwComposite,0x7e31885b6000,0x6f0de,0000000006385750,339,11682870014704,5953674380
15561,SwComposite,0x7e31885b7000,0x6f0df,0000000006385750,340,11682870014704,5953679660
15561,SwComposite,0x7e31885b8000,0x3c960,0000000006385750,341,11682870014704,5953684911
15561,SwComposite,0x7e31885b9000,0x3c961,0000000006385750,342,11682870014704,5953689710
15561,SwComposite,0x7e31885ba000,0x3c962,0000000006385750,343,11682870014704,5953694780
15561,SwComposite,0x7e31885bb000,0x3c963,0000000006385750,344,11682870014704,5953699328
15561,SwComposite,0x7e31885bc000,0x3c964,0000000006385750,345,11682870014704,5953703996
15561,SwComposite,0x7e31885bd000,0x3c965,0000000006385750,346,11682870014704,5953709157
15561,SwComposite,0x7e31885be000,0x3c966,0000000006385750,347,11682870014704,5953716435
15561,SwComposite,0x7e31885bf000,0x3c967,0000000006385750,348,11682870014704,5953721324
15561,SwComposite,0x7e31885c1000,0x5cc41,0000000006385750,350,11682870014704,5953730019
15561,SwComposite,0x7e31885c2000,0x5cc42,0000000006385750,351,11682870014704,5953734326
15561,SwComposite,0x7e31885c3000,0x5cc43,0000000006385750,352,11682870014704,5953738673
15561,SwComposite,0x7e31885c4000,0x5cc44,0000000006385750,353,11682870014704,5953743130
15561,SwComposite,0x7e31885c5000,0x5cc45,0000000006385750,354,11682870014704,5953747588
15561,SwComposite,0x7e31885c6000,0x5cc46,0000000006385750,355,11682870014704,5953751945
15561,SwComposite,0x7e31885c7000,0x5cc47,0000000006385750,356,11682870014704,5953756925
15561,SwComposite,0x7e31885c8000,0x5f5d8,0000000006385750,357,11682870014704,5953761382
15561,SwComposite,0x7e31885c9000,0x5f5d9,0000000006385750,358,11682870014704,5953765950
15561,SwComposite,0x7e31885ca000,0x5f5da,0000000006385750,359,11682870014704,5953770558
15561,SwComposite,0x7e31885cb000,0x5f5db,0000000006385750,360,11682870014704,5953789965
15561,SwComposite,0x7e31885cc000,0x5f5dc,0000000006385750,361,11682870014704,5953794503
15561,SwComposite,0x7e31885cd000,0x5f5dd,0000000006385750,362,11682870014704,5953801400
15561,SwComposite,0x7e31885ce000,0x5f5de,0000000006385750,363,11682870014704,5953806259
15561,SwComposite,0x7e31885cf000,0x5f5df,0000000006385750,364,11682870014704,5953811650
15561,SwComposite,0x7e31885d1000,0x4b3a1,0000000006385750,366,11682870014704,5953820686
15561,SwComposite,0x7e31885d2000,0x4b3a2,0000000006385750,367,11682870014704,5953825324
15561,SwComposite,0x7e31885d3000,0x4b3a3,0000000006385750,368,11682870014704,5953830073
15561,SwComposite,0x7e31885d4000,0x4b3a4,0000000006385750,369,11682870014704,5953834892
15561,SwComposite,0x7e31885d5000,0x4b3a5,0000000006385750,370,11682870014704,5953839390
15561,SwComposite,0x7e31885d6000,0x4b3a6,0000000006385750,371,11682870014704,5953844118
15561,SwComposite,0x7e31885d7000,0x4b3a7,0000000006385750,372,11682870014704,5953849670
15561,SwComposite,0x7e31885d8000,0x417c8,0000000006385750,373,11682870014704,5953854449
15561,SwComposite,0x7e31885d9000,0x417c9,0000000006385750,374,11682870014704,5953859479
15561,SwComposite,0x7e31885da000,0x417ca,0000000006385750,375,11682870014704,5953864338
15561,SwComposite,0x7e31885db000,0x417cb,0000000006385750,376,11682870014704,5953869317
15561,SwComposite,0x7e31885dc000,0x417cc,0000000006385750,377,11682870014704,5953876556
15561,SwComposite,0x7e31885dd000,0x417cd,0000000006385750,378,11682870014704,5953882238
15561,SwComposite,0x7e31885de000,0x417ce,0000000006385750,379,11682870014704,5953887208
15561,SwComposite,0x7e31885df000,0x417cf,0000000006385750,380,11682870014704,5953892298
15561,SwComposite,0x7e31885e1000,0x417b9,0000000006385750,382,11682870014704,5953901364
15561,SwComposite,0x7e31885e2000,0x417ba,0000000006385750,383,11682870014704,5953906885
15561,SwComposite,0x7e31885e3000,0x417bb,0000000006385750,384,11682870014704,5953912016
15561,SwComposite,0x7e31885e4000,0x417bc,0000000006385750,385,11682870014704,5953916805
15561,SwComposite,0x7e31885e5000,0x417bd,0000000006385750,386,11682870014704,5953921403
15561,SwComposite,0x7e31885e6000,0x417be,0000000006385750,387,11682870014704,5953926151
15561,SwComposite,0x7e31885e7000,0x417bf,0000000006385750,388,11682870014704,5953931251
15561,SwComposite,0x7e31885e8000,0x47f70,0000000006385750,389,11682870014704,5953936161
15561,SwComposite,0x7e31885e9000,0x47f71,0000000006385750,390,11682870014704,5953940970
15561,SwComposite,0x7e31885ea000,0x47f72,0000000006385750,391,11682870014704,5953945739
15561,SwComposite,0x7e31885eb000,0x47f73,0000000006385750,392,11682870014704,5953953017
15561,SwComposite,0x7e31885ec000,0x47f74,0000000006385750,393,11682870014704,5953957947
15561,SwComposite,0x7e31885ed000,0x47f75,0000000006385750,394,11682870014704,5953962996
15561,SwComposite,0x7e31885ee000,0x47f76,0000000006385750,395,11682870014704,5953968006
15561,SwComposite,0x7e31885ef000,0x47f77,0000000006385750,396,11682870014704,5953973689
15561,SwComposite,0x7e31885f1000,0x34321,0000000006385750,398,11682870014704,5953982975
15561,SwComposite,0x7e31885f2000,0x34322,0000000006385750,399,11682870014704,5953987764
15561,SwComposite,0x7e31885f3000,0x34323,0000000006385750,400,11682870014704,5953992844
15561,SwComposite,0x7e31885f4000,0x34324,0000000006385750,401,11682870014704,5953997804
15561,SwComposite,0x7e31885f5000,0x34325,0000000006385750,402,11682870014704,5954002884
15561,SwComposite,0x7e31885f6000,0x34326,0000000006385750,403,11682870014704,5954007592
15561,SwComposite,0x7e31885f7000,0x34327,0000000006385750,404,11682870014704,5954012421
15561,SwComposite,0x7e31885f8000,0xa0e28,0000000006385750,405,11682870014704,5954016979
15561,SwComposite,0x7e31885f9000,0xa0e29,0000000006385750,406,11682870014704,5954021507
15561,SwComposite,0x7e31885fa000,0xa0e2a,0000000006385750,407,11682870014704,5954028404
15561,SwComposite,0x7e31885fb000,0xa0e2b,0000000006385750,408,11682870014704,5954033052
15561,SwComposite,0x7e31885fc000,0xa0e2c,0000000006385750,409,11682870014704,5954037711
15561,SwComposite,0x7e31885fd000,0xa0e2d,0000000006385750,410,11682870014704,5954042389
15561,SwComposite,0x7e31885fe000,0xa0e2e,0000000006385750,411,11682870014704,5954046997
15561,SwComposite,0x7e31885ff000,0xa0e2f,0000000006385750,412,11682870014704,5954052047
15561,SwComposite,0x7e3188601000,0x50cb1,0000000006385750,414,11682870014704,5954063302
15561,SwComposite,0x7e3188602000,0x50cb2,0000000006385750,415,11682870014704,5954067930
15561,SwComposite,0x7e3188603000,0x50cb3,0000000006385750,416,11682870014704,5954072187
15561,SwComposite,0x7e3188604000,0x50cb4,0000000006385750,417,11682870014704,5954076484
15561,SwComposite,0x7e3188605000,0x50cb5,0000000006385750,418,11682870014704,5954080861
15561,SwComposite,0x7e3188606000,0x50cb6,0000000006385750,419,11682870014704,5954085278
15561,SwComposite,0x7e3188607000,0x50cb7,0000000006385750,420,11682870014704,5954090077
15561,SwComposite,0x7e3188608000,0x99258,0000000006385750,421,11682870014704,5954094705
15561,SwComposite,0x7e3188609000,0x99259,0000000006385750,422,11682870014704,5954101603
15561,SwComposite,0x7e318860a000,0x9925a,0000000006385750,423,11682870014704,5954106100
15561,SwComposite,0x7e318860b000,0x9925b,0000000006385750,424,11682870014704,5954110718
15561,SwComposite,0x7e318860c000,0x9925c,0000000006385750,425,11682870014704,5954115437
15561,SwComposite,0x7e318860d000,0x9925d,0000000006385750,426,11682870014704,5954120115
15561,SwComposite,0x7e318860e000,0x9925e,0000000006385750,427,11682870014704,5954124704
15561,SwComposite,0x7e318860f000,0x9925f,0000000006385750,428,11682870014704,5954129784
15561,SwComposite,0x7e3188611000,0x72441,0000000006385750,430,11682870014704,5954138257
15561,SwComposite,0x7e3188612000,0x72442,0000000006385750,431,11682870014704,5954142815
15561,SwComposite,0x7e3188613000,0x72443,0000000006385750,432,11682870014704,5954147142
15561,SwComposite,0x7e3188614000,0x72444,0000000006385750,433,11682870014704,5954151459
15561,SwComposite,0x7e3188615000,0x72445,0000000006385750,434,11682870014704,5954155856
15561,SwComposite,0x7e3188616000,0x72446,0000000006385750,435,11682870014704,5954160223
15561,SwComposite,0x7e3188617000,0x72447,0000000006385750,436,11682870014704,5954165564
15561,SwComposite,0x7e3188618000,0x37fa8,0000000006385750,437,11682870014704,5954172913
15561,SwComposite,0x7e3188619000,0x37fa9,0000000006385750,438,11682870014704,5954177612
15561,SwComposite,0x7e318861a000,0x37faa,0000000006385750,439,11682870014704,5954182320
15561,SwComposite,0x7e318861b000,0x37fab,0000000006385750,440,11682870014704,5954187029
15561,SwComposite,0x7e318861c000,0x37fac,0000000006385750,441,11682870014704,5954192099
15561,SwComposite,0x7e318861d000,0x37fad,0000000006385750,442,11682870014704,5954197028
15561,SwComposite,0x7e318861e000,0x37fae,0000000006385750,443,11682870014704,5954202068
15561,SwComposite,0x7e318861f000,0x37faf,0000000006385750,444,11682870014704,5954206937
15561,SwComposite,0x7e3188621000,0x8b939,0000000006385750,446,11682870014704,5954215712
15561,SwComposite,0x7e3188622000,0x8b93a,0000000006385750,447,11682870014704,5954220832
15561,SwComposite,0x7e3188623000,0x8b93b,0000000006385750,448,11682870014704,5954225400
15561,SwComposite,0x7e3188624000,0x8b93c,0000000006385750,449,11682870014704,5954229787
15561,SwComposite,0x7e3188625000,0x8b93d,0000000006385750,450,11682870014704,5954234295
15561,SwComposite,0x7e3188626000,0x8b93e,0000000006385750,451,11682870014704,5954238632
15561,SwComposite,0x7e3188627000,0x8b93f,0000000006385750,452,11682870014704,5954245881
15561,SwComposite,0x7e3188628000,0xb43a8,0000000006385750,453,11682870014704,5954250650
15561,SwComposite,0x7e3188629000,0xb43a9,0000000006385750,454,11682870014704,5954255318
15561,SwComposite,0x7e318862a000,0xb43aa,0000000006385750,455,11682870014704,5954259786
15561,SwComposite,0x7e318862b000,0xb43ab,0000000006385750,456,11682870014704,5954264494
15561,SwComposite,0x7e318862c000,0xb43ac,0000000006385750,457,11682870014704,5954269143
15561,SwComposite,0x7e318862d000,0xb43ad,0000000006385750,458,11682870014704,5954273721
15561,SwComposite,0x7e318862e000,0xb43ae,0000000006385750,459,11682870014704,5954278610
15561,SwComposite,0x7e318862f000,0xb43af,0000000006385750,460,11682870014704,5954283700
15561,SwComposite,0x7e3188631000,0xd6fb9,0000000006385750,462,11682870014704,5954292394
15561,SwComposite,0x7e3188632000,0xd6fba,0000000006385750,463,11682870014704,5954296922
15561,SwComposite,0x7e3188633000,0xd6fbb,0000000006385750,464,11682870014704,5954301149
15561,SwComposite,0x7e3188634000,0xd6fbc,0000000006385750,465,11682870014704,5954305596
15561,SwComposite,0x7e3188635000,0xd6fbd,0000000006385750,466,11682870014704,5954309923
15561,SwComposite,0x7e3188636000,0xd6fbe,0000000006385750,467,11682870014704,5954316951
15561,SwComposite,0x7e3188637000,0xd6fbf,0000000006385750,468,11682870014704,5954321820
15561,SwComposite,0x7e3188638000,0x3d798,0000000006385750,469,11682870014704,5954326669
15561,SwComposite,0x7e3188639000,0x3d799,0000000006385750,470,11682870014704,5954331508
15561,SwComposite,0x7e318863a000,0x3d79a,0000000006385750,471,11682870014704,5954336538
15561,SwComposite,0x7e318863b000,0x3d79b,0000000006385750,472,11682870014704,5954342110
15561,SwComposite,0x7e318863c000,0x3d79c,0000000006385750,473,11682870014704,5954346728
15561,SwComposite,0x7e318863d000,0x3d79d,0000000006385750,474,11682870014704,5954351798
15561,SwComposite,0x7e318863e000,0x3d79e,0000000006385750,475,11682870014704,5954356728
15561,SwComposite,0x7e318863f000,0x3d79f,0000000006385750,476,11682870014704,5954362129
15561,SwComposite,0x7e3188641000,0xd3849,0000000006385750,478,11682870014704,5954370662
15561,SwComposite,0x7e3188642000,0xd384a,0000000006385750,479,11682870014704,5954375000
15561,SwComposite,0x7e3188643000,0xd384b,0000000006385750,480,11682870014704,5954379507
15561,SwComposite,0x7e3188644000,0xd384c,0000000006385750,481,11682870014704,5954384166
15561,SwComposite,0x7e3188645000,0xd384d,0000000006385750,482,11682870014704,5954390912
15561,SwComposite,0x7e3188646000,0xd384e,0000000006385750,483,11682870014704,5954395440
15561,SwComposite,0x7e3188647000,0xd384f,0000000006385750,484,11682870014704,5954400359
15561,SwComposite,0x7e3188648000,0xc97f0,0000000006385750,485,11682870014704,5954404767
15561,SwComposite,0x7e3188649000,0xc97f1,0000000006385750,486,11682870014704,5954409174
15561,SwComposite,0x7e318864a000,0xc97f2,0000000006385750,487,11682870014704,5954413612
15561,SwComposite,0x7e318864b000,0xc97f3,0000000006385750,488,11682870014704,5954418370
15561,SwComposite,0x7e318864c000,0xc97f4,0000000006385750,489,11682870014704,5954422928
15561,SwComposite,0x7e318864d000,0xc97f5,0000000006385750,490,11682870014704,5954427366
15561,SwComposite,0x7e318864e000,0xc97f6,0000000006385750,491,11682870014704,5954431874
15561,SwComposite,0x7e318864f000,0xc97f7,0000000006385750,492,11682870014704,5954437355
15561,SwComposite,0x7e3188651000,0x3ba59,0000000006385750,494,11682870014704,5954446903
15561,SwComposite,0x7e3188652000,0x3ba5a,0000000006385750,495,11682870014704,5954451541
15561,SwComposite,0x7e3188653000,0x3ba5b,0000000006385750,496,11682870014704,5954456109
15561,SwComposite,0x7e3188654000,0x3ba5c,0000000006385750,497,11682870014704,5954463408
15561,SwComposite,0x7e3188655000,0x3ba5d,0000000006385750,498,11682870014704,5954468899
15561,SwComposite,0x7e3188656000,0x3ba5e,0000000006385750,499,11682870014704,5954473929
15561,SwComposite,0x7e3188657000,0x3ba5f,0000000006385750,500,11682870014704,5954478929
15561,SwComposite,0x7e3188658000,0x391f8,0000000006385750,501,11682870014704,5954484300
15561,SwComposite,0x7e3188659000,0x391f9,0000000006385750,502,11682870014704,5954489240
15561,SwComposite,0x7e318865a000,0x391fa,0000000006385750,503,11682870014704,5954494691
15561,SwComposite,0x7e318865b000,0x391fb,0000000006385750,504,11682870014704,5954500163
15561,SwComposite,0x7e318865c000,0x391fc,0000000006385750,505,11682870014704,5954505192
15561,SwComposite,0x7e318865d000,0x391fd,0000000006385750,506,11682870014704,5954510353
15561,SwComposite,0x7e318865e000,0x391fe,0000000006385750,507,11682870014704,5954515493
15561,SwComposite,0x7e318865f000,0x391ff,0000000006385750,508,11682870014704,5954520693
15561,SwComposite,0x7e3188661000,0x45cc1,0000000006385750,510,11682870014704,5954529850
15561,SwComposite,0x7e3188662000,0x45cc2,0000000006385750,511,11682870014704,5954534759
15561,SwComposite,0x7e3188663000,0x45cc3,0000000006385750,512,11682870014704,5954542228
15561,SwComposite,0x7e3188664000,0x45cc4,0000000006385750,513,11682870014704,5954547318
15561,SwComposite,0x7e3188665000,0x45cc5,0000000006385750,514,11682870014704,5954552268
15561,SwComposite,0x7e3188666000,0x45cc6,0000000006385750,515,11682870014704,5954557057
15561,SwComposite,0x7e3188667000,0x45cc7,0000000006385750,516,11682870014704,5954561695
15561,SwComposite,0x7e3188668000,0xa26d8,0000000006385750,517,11682870014704,5954566223
15561,SwComposite,0x7e3188669000,0xa26d9,0000000006385750,518,11682870014704,5954570731
15561,SwComposite,0x7e318866a000,0xa26da,0000000006385750,519,11682870014704,5954575359
15561,SwComposite,0x7e318866b000,0xa26db,0000000006385750,520,11682870014704,5954580158
15561,SwComposite,0x7e318866c000,0xa26dc,0000000006385750,521,11682870014704,5954584736
15561,SwComposite,0x7e318866d000,0xa26dd,0000000006385750,522,11682870014704,5954589344
15561,SwComposite,0x7e318866e000,0xa26de,0000000006385750,523,11682870014704,5954594022
15561,SwComposite,0x7e318866f000,0xa26df,0000000006385750,524,11682870014704,5954599012
15561,SwComposite,0x7e3188671000,0xcb119,0000000006385750,526,11682870014704,5954607325
15561,SwComposite,0x7e3188672000,0xcb11a,0000000006385750,527,11682870014704,5954614192
15561,SwComposite,0x7e3188673000,0xcb11b,0000000006385750,528,11682870014704,5954618740
15561,SwComposite,0x7e3188674000,0xcb11c,0000000006385750,529,11682870014704,5954623268
15561,SwComposite,0x7e3188675000,0xcb11d,0000000006385750,530,11682870014704,5954628046
15561,SwComposite,0x7e3188676000,0xcb11e,0000000006385750,531,11682870014704,5954632604
15561,SwComposite,0x7e3188677000,0xcb11f,0000000006385750,532,11682870014704,5954637453
15561,SwComposite,0x7e3188678000,0xc8648,0000000006385750,533,11682870014704,5954641821
15561,SwComposite,0x7e3188679000,0xc8649,0000000006385750,534,11682870014704,5954646449
15561,SwComposite,0x7e318867a000,0xc864a,0000000006385750,535,11682870014704,5954651037
15561,SwComposite,0x7e318867b000,0xc864b,0000000006385750,536,11682870014704,5954655595
15561,SwComposite,0x7e318867c000,0xc864c,0000000006385750,537,11682870014704,5954660093
15561,SwComposite,0x7e318867d000,0xc864d,0000000006385750,538,11682870014704,5954664570
15561,SwComposite,0x7e318867e000,0xc864e,0000000006385750,539,11682870014704,5954669028
15561,SwComposite,0x7e318867f000,0xc864f,0000000006385750,540,11682870014704,5954840845
15561,SwComposite,0x7e3188681000,0x98fa9,0000000006385750,542,11682870014704,5954854358
15561,SwComposite,0x7e3188682000,0x98faa,0000000006385750,543,11682870014704,5954858755
15561,SwComposite,0x7e3188683000,0x98fab,0000000006385750,544,11682870014704,5954862982
15561,SwComposite,0x7e3188684000,0x98fac,0000000006385750,545,11682870014704,5954867419
15561,SwComposite,0x7e3188685000,0x98fad,0000000006385750,546,11682870014704,5954871857
15544,Privileged Cont,0x7f1ad3b0f000,0x8896,000000005a73c0ed,1,11682869751758,9704370693
1647,gnome-shell,0x756189af8000,0x10d3aa,000000001d59b65b,16,11706159659437,1576387366
1647,gnome-shell,0x756189af7000,0x10d3aa,000000001d59b65b,16,11706159659437,1578418529
1647,gnome-shell,0x756189af6000,0x10d3aa,000000001d59b65b,16,11706159659437,1578447061
1647,gnome-shell,0x756189af5000,0x10d3aa,000000001d59b65b,16,11707512786289,227789519
1647,gnome-shell,0x756189af4000,0x10d3aa,000000001d59b65b,16,11707512786289,227815414
1647,gnome-shell,0x756189af3000,0x10d3aa,000000001d59b65b,16,11707512786289,227825583
1647,gnome-shell,0x756189af2000,0x10d3aa,000000001d59b65b,16,11707512786289,227835843
1647,gnome-shell,0x756189af1000,0x10d3aa,000000001d59b65b,16,11707512786289,229129601
1647,gnome-shell,0x756189af0000,0x10d3aa,000000001d59b65b,16,11707512786289,229157210
1647,gnome-shell,0x756189aef000,0x10fb4c,000000001d59b65b,15,11707512786289,229167410
1647,gnome-shell,0x756189aee000,0x10fb4c,000000001d59b65b,15,11707512786289,229177990
1647,gnome-shell,0x756189aed000,0x10fb4c,000000001d59b65b,15,11707512786289,230574474
1647,gnome-shell,0x756189aec000,0x10fb4c,000000001d59b65b,15,11707512786289,230591082
1647,gnome-shell,0x756189aeb000,0x10fb4c,000000001d59b65b,15,11707512786289,230597470
1647,gnome-shell,0x756189aea000,0x10fb4c,000000001d59b65b,15,11707512786289,230603969
16150,SwComposite,0x7c0248566000,0x7a91b,0000000025beb7d4,15,11708681103900,978402567
16150,SwComposite,0x7c024856a000,0x7a91b,0000000025beb7d4,15,11708681103900,978417609
16150,SwComposite,0x7c0248573000,0x7a926,0000000025beb7d4,29,11708681103900,978428690
16150,SwComposite,0x7c0248577000,0x7a926,0000000025beb7d4,29,11708681103900,978436492
16150,SwComposite,0x7c024857b000,0x7a926,0000000025beb7d4,29,11708681103900,978443892
16150,SwComposite,0x7c0248580000,0x7a932,0000000025beb7d4,45,11708681103900,978458122
16150,SwComposite,0x7c0248584000,0x7a932,0000000025beb7d4,45,11708681103900,978465744
16150,SwComposite,0x7c0248588000,0x7a932,0000000025beb7d4,45,11708681103900,978473967
16150,SwComposite,0x7c024858d000,0x7a932,0000000025beb7d4,45,11708681103900,978483373
16150,SwComposite,0x7c0248591000,0x7a93c,0000000025beb7d4,57,11708681103900,978490924
16150,SwComposite,0x7c0248595000,0x7a93c,0000000025beb7d4,57,11708681103900,978498114
16150,SwComposite,0x7c024859a000,0x7a93c,0000000025beb7d4,57,11708681103900,978506157
16150,SwComposite,0x7c024859c000,0x7a93c,0000000025beb7d4,57,11708681103900,978511492
16150,SwComposite,0x7c024859d000,0x67d7b,0000000025beb7d4,58,11708681103900,978516235
16150,SwComposite,0x7c024859e000,0x67d9b,0000000025beb7d4,59,11708681103900,978520828
16150,SwComposite,0x7c024859f000,0x67da5,0000000025beb7d4,60,11708681103900,978525702
16150,SwComposite,0x7c02485a1000,0x67ed8,0000000025beb7d4,62,11708681103900,978534867
16150,SwComposite,0x7c02485a2000,0x67efa,0000000025beb7d4,63,11708681103900,978539721
16150,SwComposite,0x7c02485a3000,0x68532,0000000025beb7d4,64,11708681103900,978544565
16150,SwComposite,0x7c02485a4000,0x68537,0000000025beb7d4,65,11708681103900,978552005
16150,SwComposite,0x7c02485a5000,0x683a7,0000000025beb7d4,66,11708681103900,978556488
16150,SwComposite,0x7c02485a6000,0x683a8,0000000025beb7d4,67,11708681103900,978560981
16150,SwComposite,0x7c02485a7000,0x683af,0000000025beb7d4,68,11708681103900,978566255
16150,SwComposite,0x7c02485a8000,0x683b7,0000000025beb7d4,69,11708681103900,978571099
16150,SwComposite,0x7c02485a9000,0x68038,0000000025beb7d4,70,11708681103900,978575732
16150,SwComposite,0x7c02485aa000,0x6805c,0000000025beb7d4,71,11708681103900,978580906
16150,SwComposite,0x7c02485ab000,0x6805f,0000000025beb7d4,72,11708681103900,978586302
16150,SwComposite,0x7c02485ac000,0x6c202,0000000025beb7d4,73,11708681103900,978591586
16150,SwComposite,0x7c02485ad000,0x6c30b,0000000025beb7d4,74,11708681103900,978596570
16150,SwComposite,0x7c02485ae000,0x6ba5f,0000000025beb7d4,75,11708681103900,978601203
16150,SwComposite,0x7c02485af000,0x6ba61,0000000025beb7d4,76,11708681103900,978606177
16150,SwComposite,0x7c02485b1000,0x6baa8,0000000025beb7d4,78,11708681103900,978615313
16150,SwComposite,0x7c02485b2000,0x6bbd9,0000000025beb7d4,79,11708681103900,978619695
16150,SwComposite,0x7c02485b3000,0x6bbda,0000000025beb7d4,80,11708681103900,978627848
16150,SwComposite,0x7c02485b4000,0x6b91e,0000000025beb7d4,81,11708681103900,978633073
16150,SwComposite,0x7c02485b5000,0x6bddc,0000000025beb7d4,82,11708681103900,978639150
16150,SwComposite,0x7c02485b6000,0x6be9a,0000000025beb7d4,83,11708681103900,978646440
16150,SwComposite,0x7c02485b7000,0x6be9d,0000000025beb7d4,84,11708681103900,978653239
16150,SwComposite,0x7c02485b8000,0x6be9e,0000000025beb7d4,85,11708681103900,978659035
16150,SwComposite,0x7c02485b9000,0x6bc68,0000000025beb7d4,86,11708681103900,978666787
16150,SwComposite,0x7c02485ba000,0x6bc6c,0000000025beb7d4,87,11708681103900,978672814
16150,SwComposite,0x7c02485bb000,0x6bd22,0000000025beb7d4,88,11708681103900,978687084
16150,SwComposite,0x7c02485bc000,0x6c168,0000000025beb7d4,89,11708681103900,978692599
16150,SwComposite,0x7c02485bd000,0x6c200,0000000025beb7d4,90,11708681103900,978698295
16150,SwComposite,0x7c02485be000,0xabdc6,0000000025beb7d4,91,11708681103900,978706198
16150,SwComposite,0x7c02485bf000,0xabdf6,0000000025beb7d4,92,11708681103900,978712565
16150,SwComposite,0x7c02485c0000,0x7a93d,0000000025beb7d4,109,11708681103900,978718592
16150,SwComposite,0x7c02485c1000,0x7a93d,0000000025beb7d4,109,11708681103900,978723556
16150,SwComposite,0x7c02485c2000,0x7a93d,0000000025beb7d4,109,11708681103900,978731077
16150,SwComposite,0x7c02485c3000,0x7a93d,0000000025beb7d4,109,11708681103900,978735650
16150,SwComposite,0x7c02485c4000,0x7a93d,0000000025beb7d4,109,11708681103900,978740293
16150,SwComposite,0x7c02485c5000,0x7a93d,0000000025beb7d4,109,11708681103900,978744806
16150,SwComposite,0x7c02485c6000,0x7a93d,0000000025beb7d4,109,11708681103900,978749429
16150,SwComposite,0x7c02485c7000,0x7a93d,0000000025beb7d4,109,11708681103900,978754012
16150,SwComposite,0x7c02485c8000,0x7a93d,0000000025beb7d4,109,11708681103900,978785991
16150,SwComposite,0x7c02485c9000,0x7a93d,0000000025beb7d4,109,11708681103900,978791737
16150,SwComposite,0x7c02485ca000,0x7a93d,0000000025beb7d4,109,11708681103900,978796711
16150,SwComposite,0x7c02485cb000,0x7a93d,0000000025beb7d4,109,11708681103900,978801515
16150,SwComposite,0x7c02485cc000,0x7a93d,0000000025beb7d4,109,11708681103900,978806188
16150,SwComposite,0x7c02485cd000,0x7a93d,0000000025beb7d4,109,11708681103900,978810981
16150,SwComposite,0x7c02485ce000,0x7a93d,0000000025beb7d4,109,11708681103900,978815694
16150,SwComposite,0x7c02485d1000,0x7a93e,0000000025beb7d4,110,11708681103900,978821792
16150,SwComposite,0x7c02485d2000,0xabf20,0000000025beb7d4,111,11708681103900,978827086
16150,SwComposite,0x7c02485d3000,0xab66e,0000000025beb7d4,112,11708681103900,978835019
16150,SwComposite,0x7c02485d4000,0xab673,0000000025beb7d4,113,11708681103900,978839822
16150,SwComposite,0x7c02485d5000,0xab698,0000000025beb7d4,114,11708681103900,978844435
16150,SwComposite,0x7c02485d6000,0xab69b,0000000025beb7d4,115,11708681103900,978849489
16150,SwComposite,0x7c02485d7000,0xab6c6,0000000025beb7d4,116,11708681103900,978854243
16150,SwComposite,0x7c02485d8000,0xac1c1,0000000025beb7d4,117,11708681103900,978859166
16150,SwComposite,0x7c02485d9000,0xab65d,0000000025beb7d4,118,11708681103900,978863859
16150,SwComposite,0x7c02485da000,0xac365,0000000025beb7d4,119,11708681103900,978868543
16150,SwComposite,0x7c02485db000,0xac369,0000000025beb7d4,120,11708681103900,978873266
16150,SwComposite,0x7c02485dc000,0xac30f,0000000025beb7d4,121,11708681103900,978878390
16150,SwComposite,0x7c02485dd000,0xac362,0000000025beb7d4,122,11708681103900,978883324
16150,SwComposite,0x7c02485de000,0xac2dc,0000000025beb7d4,123,11708681103900,978888117
16150,SwComposite,0x7c02485df000,0xac2df,0000000025beb7d4,124,11708681103900,978893001
16150,SwComposite,0x7c02485e1000,0xac306,0000000025beb7d4,126,11708681103900,978901645
16150,SwComposite,0x7c02485e2000,0xac300,0000000025beb7d4,127,11708681103900,978911714
16150,SwComposite,0x7c02485e3000,0xac2b1,0000000025beb7d4,128,11708681103900,978916317
16150,SwComposite,0x7c02485e4000,0xab6cc,0000000025beb7d4,129,11708681103900,978920889
16150,SwComposite,0x7c02485e5000,0xab694,0000000025beb7d4,130,11708681103900,978925552
16150,SwComposite,0x7c02485e6000,0xabf29,0000000025beb7d4,131,11708681103900,978930175
16150,SwComposite,0x7c02485e7000,0xac1ed,0000000025beb7d4,132,11708681103900,978934939
16150,SwComposite,0x7c02485e8000,0xac1c5,0000000025beb7d4,133,11708681103900,978939491
16150,SwComposite,0x7c02485e9000,0xac191,0000000025beb7d4,134,11708681103900,978944305
16150,SwComposite,0x7c02485ea000,0xabd0a,0000000025beb7d4,135,11708681103900,978948848
16150,SwComposite,0x7c02485eb000,0xabd81,0000000025beb7d4,136,11708681103900,978953501
16150,SwComposite,0x7c02485ec000,0xabde9,0000000025beb7d4,137,11708681103900,978958184
16150,SwComposite,0x7c02485ed000,0xabd8d,0000000025beb7d4,138,11708681103900,984600188
16150,SwComposite,0x7c02485ee000,0x6c5fd,0000000025beb7d4,139,11708681103900,984629169
16150,SwComposite,0x7c02485ef000,0x6bc65,0000000025beb7d4,140,11708681103900,984635196
16150,SwComposite,0x7c02485f1000,0x6ba6c,0000000025beb7d4,142,11708681103900,984649255
16150,SwComposite,0x7c02485f2000,0x683b0,0000000025beb7d4,143,11708681103900,984654339
16150,SwComposite,0x7c02485f3000,0x68965,0000000025beb7d4,144,11708681103900,984659073
16150,SwComposite,0x7c02485f4000,0x68b39,0000000025beb7d4,145,11708681103900,984663756
16150,SwComposite,0x7c02485f5000,0xa3493,0000000025beb7d4,146,11708681103900,984668639
16150,SwComposite,0x7c02485f6000,0xa349b,0000000025beb7d4,147,11708681103900,984674717
16150,SwComposite,0x7c02485f7000,0xd6524,0000000025beb7d4,148,11708681103900,984679620
16150,SwComposite,0x7c02485f8000,0xd6526,0000000025beb7d4,149,11708681103900,984684705
16150,SwComposite,0x7c02485f9000,0x59bca,0000000025beb7d4,150,11708681103900,984689478
16150,SwComposite,0x7c02485fa000,0x98cf2,0000000025beb7d4,151,11708681103900,984694472
16150,SwComposite,0x7c02485fb000,0xd5f9f,0000000025beb7d4,152,11708681103900,984699195
16150,SwComposite,0x7c02485fc000,0xb3fbf,0000000025beb7d4,153,11708681103900,984728176
16150,SwComposite,0x7c02485fd000,0x5cf8e,0000000025beb7d4,154,11708681103900,984733461
16150,SwComposite,0x7c02485fe000,0xc935a,0000000025beb7d4,155,11708681103900,984738385
16150,SwComposite,0x7c02485ff000,0xbc252,0000000025beb7d4,156,11708681103900,984743289
16150,SwComposite,0x7c0248601000,0x40466,0000000025beb7d4,158,11708681103900,984757128
16150,SwComposite,0x7c0248602000,0xa8fdb,0000000025beb7d4,159,11708681103900,984761750
16150,SwComposite,0x7c0248603000,0x437d4,0000000025beb7d4,160,11708681103900,984766524
16150,SwComposite,0x7c0248604000,0xce09b,0000000025beb7d4,161,11708681103900,984771197
16150,SwComposite,0x7c0248605000,0xcbce3,0000000025beb7d4,162,11708681103900,984775850
16150,SwComposite,0x7c0248606000,0x52067,0000000025beb7d4,163,11708681103900,984780403
16150,SwComposite,0x7c0248607000,0x66e82,0000000025beb7d4,164,11708681103900,984785066
16150,SwComposite,0x7c0248608000,0xcea42,0000000025beb7d4,165,11708681103900,984789799
16150,SwComposite,0x7c0248609000,0xd7d4e,0000000025beb7d4,166,11708681103900,984796357
16150,SwComposite,0x7c024860a000,0xd7d4d,0000000025beb7d4,167,11708681103900,984801251
16150,SwComposite,0x7c024860b000,0x5ca79,0000000025beb7d4,168,11708681103900,984806075
16150,SwComposite,0x7c024860c000,0xcb59f,0000000025beb7d4,169,11708681103900,984811049
16150,SwComposite,0x7c024860d000,0x5051d,0000000025beb7d4,170,11708681103900,984815642
16150,SwComposite,0x7c024860e000,0x6d10f,0000000025beb7d4,171,11708681103900,984820836
16150,SwComposite,0x7c024860f000,0xd418f,0000000025beb7d4,172,11708681103900,984828187
16150,SwComposite,0x7c0248611000,0x99033,0000000025beb7d4,174,11708681103900,984838736
16150,SwComposite,0x7c0248612000,0x99342,0000000025beb7d4,175,11708681103900,984843199
16150,SwComposite,0x7c0248613000,0x5c717,0000000025beb7d4,176,11708681103900,984847842
16150,SwComposite,0x7c0248614000,0xa5839,0000000025beb7d4,177,11708681103900,984852906
16150,SwComposite,0x7c0248615000,0xba004,0000000025beb7d4,178,11708681103900,984857499
16150,SwComposite,0x7c0248616000,0x56fd3,0000000025beb7d4,179,11708681103900,984862021
16150,SwComposite,0x7c0248617000,0x9b516,0000000025beb7d4,180,11708681103900,984867026
16150,SwComposite,0x7c0248618000,0xc3e5a,0000000025beb7d4,181,11708681103900,984871719
16150,SwComposite,0x7c0248619000,0xd7e7e,0000000025beb7d4,182,11708681103900,984876462
16150,SwComposite,0x7c024861a000,0x43fe7,0000000025beb7d4,183,11708681103900,984880985
16150,SwComposite,0x7c024861b000,0x5d74f,0000000025beb7d4,184,11708681103900,984885688
16150,SwComposite,0x7c024861c000,0xb3b32,0000000025beb7d4,185,11708681103900,984890521
16150,SwComposite,0x7c024861d000,0x718c0,0000000025beb7d4,186,11708681103900,984895385
16150,SwComposite,0x7c024861e000,0x4a007,0000000025beb7d4,187,11708681103900,984902645
16150,SwComposite,0x7c024861f000,0x5c3ea,0000000025beb7d4,188,11708681103900,984907599
16150,SwComposite,0x7c0248621000,0x4e925,0000000025beb7d4,190,11708681103900,984916675
16150,SwComposite,0x7c0248622000,0x6ee69,0000000025beb7d4,191,11708681103900,984923203
16150,SwComposite,0x7c0248623000,0x8e134,0000000025beb7d4,192,11708681103900,984927946
16150,SwComposite,0x7c0248624000,0x456e1,0000000025beb7d4,193,11708681103900,984932609
16150,SwComposite,0x7c0248625000,0x585f1,0000000025beb7d4,194,11708681103900,984937222
16150,SwComposite,0x7c0248626000,0xa8115,0000000025beb7d4,195,11708681103900,984941855
16150,SwComposite,0x7c0248627000,0x6c109,0000000025beb7d4,196,11708681103900,984946558
16150,SwComposite,0x7c0248628000,0x39b28,0000000025beb7d4,197,11708681103900,984951232
16150,SwComposite,0x7c0248629000,0x4e1a9,0000000025beb7d4,198,11708681103900,984956005
16150,SwComposite,0x7c024862a000,0xc2c64,0000000025beb7d4,199,11708681103900,984961330
16150,SwComposite,0x7c024862b000,0x3ada4,0000000025beb7d4,200,11708681103900,984966314
16150,SwComposite,0x7c024862c000,0x6a255,0000000025beb7d4,201,11708681103900,984971147
16150,SwComposite,0x7c024862d000,0x3b365,0000000025beb7d4,202,11708681103900,984978889
16150,SwComposite,0x7c024862e000,0xdbc01,0000000025beb7d4,203,11708681103900,984984054
16150,SwComposite,0x7c024862f000,0x6279d,0000000025beb7d4,204,11708681103900,984988927
16150,SwComposite,0x7c0248631000,0x491ad,0000000025beb7d4,206,11708681103900,984997531
16150,SwComposite,0x7c0248632000,0x566c9,0000000025beb7d4,207,11708681103900,985002325
16150,SwComposite,0x7c0248633000,0xcbd61,0000000025beb7d4,208,11708681103900,985006867
16150,SwComposite,0x7c0248634000,0x41b0d,0000000025beb7d4,209,11708681103900,985011460
16150,SwComposite,0x7c0248635000,0xd15dd,0000000025beb7d4,210,11708681103900,985015923
16150,SwComposite,0x7c0248636000,0x39f3f,0000000025beb7d4,211,11708681103900,985020646
16150,SwComposite,0x7c0248637000,0x69de9,0000000025beb7d4,212,11708681103900,985025389
16150,SwComposite,0x7c0248638000,0xd4ab9,0000000025beb7d4,213,11708681103900,985030213
16150,SwComposite,0x7c0248639000,0x398b5,0000000025beb7d4,214,11708681103900,985034936
16150,SwComposite,0x7c024863a000,0x3d7a9,0000000025beb7d4,215,11708681103900,985039750
16150,SwComposite,0x7c024863b000,0xc9f9d,0000000025beb7d4,216,11708681103900,985044523
16150,SwComposite,0x7c024863c000,0x3c7f9,0000000025beb7d4,217,11708681103900,985051743
16150,SwComposite,0x7c024863d000,0xcb0fd,0000000025beb7d4,218,11708681103900,985056677
16150,SwComposite,0x7c024863e000,0x4b7ed,0000000025beb7d4,219,11708681103900,985061641
16150,SwComposite,0x7c024863f000,0x46fdc,0000000025beb7d4,220,11708681103900,985066685
16150,SwComposite,0x7c0248641000,0xd5adb,0000000025beb7d4,222,11708681103900,985075851
16150,SwComposite,0x7c0248642000,0x57d60,0000000025beb7d4,223,11708681103900,985080333
16150,SwComposite,0x7c0248643000,0xcfd84,0000000025beb7d4,224,11708681103900,985084806
16150,SwComposite,0x7c0248644000,0xcfd7c,0000000025beb7d4,225,11708681103900,985089399
16150,SwComposite,0x7c0248645000,0x5d551,0000000025beb7d4,226,11708681103900,985094192
16150,SwComposite,0x7c0248646000,0x48c79,0000000025beb7d4,227,11708681103900,985098946
16150,SwComposite,0x7c0248647000,0x42aa9,0000000025beb7d4,228,11708681103900,985103819
16150,SwComposite,0x7c0248648000,0x5abb3,0000000025beb7d4,229,11708681103900,985108713
16150,SwComposite,0x7c0248649000,0x39bbc,0000000025beb7d4,230,11708681103900,985113236
16150,SwComposite,0x7c024864a000,0x6a78e,0000000025beb7d4,231,11708681103900,985118330
16150,SwComposite,0x7c024864b000,0x6b9f3,0000000025beb7d4,232,11708681103900,985125891
16150,SwComposite,0x7c024864c000,0x6b66c,0000000025beb7d4,233,11708681103900,985130765
16150,SwComposite,0x7c024864d000,0x68c8a,0000000025beb7d4,234,11708681103900,985135608
16150,SwComposite,0x7c024864e000,0x3919c,0000000025beb7d4,235,11708681103900,985140672
16150,SwComposite,0x7c024864f000,0x39199,0000000025beb7d4,236,11708681103900,985145456
16150,SwComposite,0x7c0248651000,0xd17e1,0000000025beb7d4,238,11708681103900,985154411
16150,SwComposite,0x7c0248652000,0x4b581,0000000025beb7d4,239,11708681103900,985158894
16150,SwComposite,0x7c0248653000,0x49cbc,0000000025beb7d4,240,11708681103900,985163737
16150,SwComposite,0x7c0248654000,0x4b3fe,0000000025beb7d4,241,11708681103900,985194032
16150,SwComposite,0x7c0248655000,0x4b1fa,0000000025beb7d4,242,11708681103900,985200671
16150,SwComposite,0x7c0248656000,0x4b1f9,0000000025beb7d4,243,11708681103900,985205775
16150,SwComposite,0x7c0248657000,0x67bec,0000000025beb7d4,244,11708681103900,985210869
16150,SwComposite,0x7c0248658000,0x678f1,0000000025beb7d4,245,11708681103900,985215502
16150,SwComposite,0x7c0248659000,0xac7b7,0000000025beb7d4,246,11708681103900,985220496
16150,SwComposite,0x7c024865a000,0xac9e1,0000000025beb7d4,247,11708681103900,985228087
16150,SwComposite,0x7c024865b000,0xac63e,0000000025beb7d4,248,11708681103900,985232861
16150,SwComposite,0x7c024865c000,0xac66e,0000000025beb7d4,249,11708681103900,985237785
16150,SwComposite,0x7c024865d000,0xac684,0000000025beb7d4,250,11708681103900,985242658
16150,SwComposite,0x7c024865e000,0xac68b,0000000025beb7d4,251,11708681103900,985247432
16150,SwComposite,0x7c024865f000,0xac6a2,0000000025beb7d4,252,11708681103900,985252115
16150,SwComposite,0x7c0248661000,0xd6554,0000000025beb7d4,254,11708681103900,985260569
16150,SwComposite,0x7c0248662000,0xd6556,0000000025beb7d4,255,11708681103900,985265823
16150,SwComposite,0x7c0248663000,0xd655b,0000000025beb7d4,256,11708681103900,985270406
16150,SwComposite,0x7c0248664000,0xd655d,0000000025beb7d4,257,11708681103900,985274768
16097,Renderer,0x7c02487fe000,0x6138a,0000000025beb7d4,667,11707512786289,2155444722
16097,Renderer,0x7c02487ff000,0x612d9,0000000025beb7d4,668,11707512786289,2155456806
16097,Renderer,0x7c0248801000,0x61299,0000000025beb7d4,670,11707512786289,2155468088
16097,Renderer,0x7c0248802000,0x545ba,0000000025beb7d4,671,11707512786289,2155472611
16097,Renderer,0x7c0248803000,0x3bf38,0000000025beb7d4,672,11707512786289,2155477314
16097,Renderer,0x7c0248804000,0x3c004,0000000025beb7d4,673,11707512786289,2155482558
16097,Renderer,0x7c0248805000,0x3c047,0000000025beb7d4,674,11707512786289,2155489498
16097,Renderer,0x7c0248806000,0x3c012,0000000025beb7d4,675,11707512786289,2155493720
16097,Renderer,0x7c0248807000,0x3c05e,0000000025beb7d4,676,11707512786289,2155497992
16097,Renderer,0x7c0248808000,0x3c44e,0000000025beb7d4,677,11707512786289,2155502504
16097,Renderer,0x7c0248809000,0x3c3d2,0000000025beb7d4,678,11707512786289,2155506796
16097,Renderer,0x7c024880a000,0x3c39e,0000000025beb7d4,679,11707512786289,2155511159
16097,Renderer,0x7c024880b000,0x3c39b,0000000025beb7d4,680,11707512786289,2155515721
16097,Renderer,0x7c024880c000,0x3c8af,0000000025beb7d4,681,11707512786289,2155520304
16097,Renderer,0x7c024880d000,0x4001a,0000000025beb7d4,682,11707512786289,2155524837
16097,Renderer,0x7c024880e000,0x62a6e,0000000025beb7d4,683,11707512786289,2155529460
16097,Renderer,0x7c024880f000,0x62dc2,0000000025beb7d4,684,11707512786289,2155533912
16097,Renderer,0x7c0248811000,0x88d03,0000000025beb7d4,686,11707512786289,2155542035
16097,Renderer,0x7c0248812000,0x995fa,0000000025beb7d4,687,11707512786289,2155546137
16097,Renderer,0x7c0248813000,0x8909c,0000000025beb7d4,688,11707512786289,2155550409
16097,Renderer,0x7c0248814000,0x6b196,0000000025beb7d4,689,11707512786289,2155557338
16097,Renderer,0x7c0248815000,0xb47de,0000000025beb7d4,690,11707512786289,2155561841
16097,Renderer,0x7c0248816000,0x42975,0000000025beb7d4,691,11707512786289,2155566774
16097,Renderer,0x7c0248817000,0x623ba,0000000025beb7d4,692,11707512786289,2155571056
16097,Renderer,0x7c0248818000,0x1f137,0000000025beb7d4,693,11707512786289,2155575659
16097,Renderer,0x7c0248819000,0xb23d0,0000000025beb7d4,694,11707512786289,2155580092
16097,Renderer,0x7c024881a000,0xb47bd,0000000025beb7d4,695,11707512786289,2155584484
16097,Renderer,0x7c024881b000,0x63e0a,0000000025beb7d4,696,11707512786289,2155588786
16097,Renderer,0x7c024881c000,0x63e06,0000000025beb7d4,697,11707512786289,2155593249
16097,Renderer,0x7c024881d000,0x63dcd,0000000025beb7d4,698,11707512786289,2155597611
16097,Renderer,0x7c024881e000,0x415ad,0000000025beb7d4,699,11707512786289,2155601943
16097,Renderer,0x7c024881f000,0x402af,0000000025beb7d4,700,11707512786289,2155606556
16097,Renderer,0x7c0248821000,0x61c37,0000000025beb7d4,702,11707512786289,2155614528
16097,Renderer,0x7c0248822000,0x44aa6,0000000025beb7d4,703,11707512786289,2155619582
16097,Renderer,0x7c0248823000,0x48487,0000000025beb7d4,704,11707512786289,2155626522
16097,Renderer,0x7c0248824000,0x484b6,0000000025beb7d4,705,11707512786289,2155630654
16097,Renderer,0x7c0248825000,0x3d56e,0000000025beb7d4,706,11707512786289,2155635297
16097,Renderer,0x7c0248826000,0x3d9f6,0000000025beb7d4,707,11707512786289,2155640150
16097,Renderer,0x7c0248827000,0x6b128,0000000025beb7d4,708,11707512786289,2155644893
16097,Renderer,0x7c0248828000,0x57800,0000000025beb7d4,709,11707512786289,2155649597
16097,Renderer,0x7c0248829000,0xa6f40,0000000025beb7d4,710,11707512786289,2155654340
16097,Renderer,0x7c024882a000,0xa71db,0000000025beb7d4,711,11707512786289,2155659033
16097,Renderer,0x7c024882b000,0xa741a,0000000025beb7d4,712,11707512786289,2155663796
16097,Renderer,0x7c024882c000,0xa741c,0000000025beb7d4,713,11707512786289,2155668560
16097,Renderer,0x7c024882d000,0xa7554,0000000025beb7d4,714,11707512786289,2155672972
16097,Renderer,0x7c024882e000,0xa755d,0000000025beb7d4,715,11707512786289,2155677445
16097,Renderer,0x7c024882f000,0xa7568,0000000025beb7d4,716,11707512786289,2155681887
16097,Renderer,0x7c0248831000,0x82cd5,0000000025beb7d4,718,11707512786289,2155690251
16097,Renderer,0x7c0248832000,0x3d718,0000000025beb7d4,719,11707512786289,2155697070
16097,Renderer,0x7c0248833000,0x5a371,0000000025beb7d4,720,11707512786289,2155701362
16097,Renderer,0x7c0248834000,0x452fc,0000000025beb7d4,721,11707512786289,2155705784
16097,Renderer,0x7c0248835000,0xd45d1,0000000025beb7d4,722,11707512786289,2155710166
16097,Renderer,0x7c0248836000,0x56834,0000000025beb7d4,723,11707512786289,2155714298
16097,Renderer,0x7c0248837000,0xd5520,0000000025beb7d4,724,11707512786289,2155718570
16097,Renderer,0x7c0248838000,0x3eb80,0000000025beb7d4,725,11707512786289,2155722942
16097,Renderer,0x7c0248839000,0x6f205,0000000025beb7d4,726,11707512786289,2155727054
16097,Renderer,0x7c024883a000,0xb3cad,0000000025beb7d4,727,11707512786289,2155731386
16097,Renderer,0x7c024883b000,0x3d319,0000000025beb7d4,728,11707512786289,2155735788
16097,Renderer,0x7c024883c000,0x52aff,0000000025beb7d4,729,11707512786289,2155740311
16097,Renderer,0x7c024883d000,0xa6f0d,0000000025beb7d4,730,11707512786289,2155744974
16097,Renderer,0x7c024883e000,0x60522,0000000025beb7d4,731,11707512786289,2155749336
16097,Renderer,0x7c024883f000,0x5ee22,0000000025beb7d4,732,11707512786289,2155753979
16097,Renderer,0x7c0248841000,0x8cb62,0000000025beb7d4,734,11707512786289,2155764890
16097,Renderer,0x7c0248842000,0x6eac0,0000000025beb7d4,735,11707512786289,2155768951
16097,Renderer,0x7c0248843000,0x5d697,0000000025beb7d4,736,11707512786289,2155773243
16097,Renderer,0x7c0248844000,0x5eeb5,0000000025beb7d4,737,11707512786289,2155777475
16097,Renderer,0x7c0248845000,0x60569,0000000025beb7d4,738,11707512786289,2155781917
16097,Renderer,0x7c0248846000,0x5faf5,0000000025beb7d4,739,11707512786289,2155786069
16097,Renderer,0x7c0248847000,0x40071,0000000025beb7d4,740,11707512786289,2155790572
16097,Renderer,0x7c0248848000,0x40079,0000000025beb7d4,741,11707512786289,2155794974
16097,Renderer,0x7c0248849000,0x4d08e,0000000025beb7d4,742,11707512786289,2156012845
16097,Renderer,0x7c024884a000,0xa6d39,0000000025beb7d4,743,11707512786289,2156022191
16097,Renderer,0x7c024884b000,0xa6d34,0000000025beb7d4,744,11707512786289,2156026914
16097,Renderer,0x7c024884c000,0x492bd,0000000025beb7d4,745,11707512786289,2156031487
16097,Renderer,0x7c024884d000,0x3e5c3,0000000025beb7d4,746,11707512786289,2156036080
16097,Renderer,0x7c024884e000,0x3d81b,0000000025beb7d4,747,11707512786289,2156040683
16097,Renderer,0x7c024884f000,0x48b49,0000000025beb7d4,748,11707512786289,2156044794
16097,Renderer,0x7c0248851000,0x48b50,0000000025beb7d4,750,11707512786289,2156056286
16097,Renderer,0x7c0248852000,0x48a01,0000000025beb7d4,751,11707512786289,2156060448
16097,Renderer,0x7c0248853000,0x56d4e,0000000025beb7d4,752,11707512786289,2156065011
16097,Renderer,0x7c0248854000,0xcf749,0000000025beb7d4,753,11707512786289,2156069223
16097,Renderer,0x7c0248855000,0x6a7e5,0000000025beb7d4,754,11707512786289,2156073384
16097,Renderer,0x7c0248856000,0xad225,0000000025beb7d4,755,11707512786289,2156078398
16097,Renderer,0x7c0248857000,0xb501c,0000000025beb7d4,756,11707512786289,2156082871
16097,Renderer,0x7c0248858000,0x69525,0000000025beb7d4,757,11707512786289,2156087233
16097,Renderer,0x7c0248859000,0x491a1,0000000025beb7d4,758,11707512786289,2156091565
16097,Renderer,0x7c024885a000,0xb53d9,0000000025beb7d4,759,11707512786289,2156096048
16097,Renderer,0x7c024885b000,0x9fbcd,0000000025beb7d4,760,11707512786289,2156100460
16097,Renderer,0x7c024885c000,0x451c5,0000000025beb7d4,761,11707512786289,2156104632
16097,Renderer,0x7c024885d000,0x3d132,0000000025beb7d4,762,11707512786289,2156109044
16097,Renderer,0x7c024885e000,0x4dbea,0000000025beb7d4,763,11707512786289,2156113457
16097,Renderer,0x7c024885f000,0x4dbba,0000000025beb7d4,764,11707512786289,2156120777
16097,Renderer,0x7c0248861000,0x432e7,0000000025beb7d4,766,11707512786289,2156128599
16097,Renderer,0x7c0248862000,0x4325b,0000000025beb7d4,767,11707512786289,2156134736
16097,Renderer,0x7c0248863000,0x439ef,0000000025beb7d4,768,11707512786289,2156139229
16097,Renderer,0x7c0248864000,0x947af,0000000025beb7d4,769,11707512786289,2156143732
16097,Renderer,0x7c0248865000,0x4af31,0000000025beb7d4,770,11707512786289,2156147993
16097,Renderer,0x7c0248866000,0x6fa1e,0000000025beb7d4,771,11707512786289,2156152225
16097,Renderer,0x7c0248867000,0x608de,0000000025beb7d4,772,11707512786289,2156156467
16097,Renderer,0x7c0248868000,0x947ab,0000000025beb7d4,773,11707512786289,2156161030
16097,Renderer,0x7c0248869000,0x9ec15,0000000025beb7d4,774,11707512786289,2156363006
16097,Renderer,0x7c024886a000,0xb8d50,0000000025beb7d4,775,11707512786289,2156369725
16097,Renderer,0x7c024886b000,0xa1a90,0000000025beb7d4,776,11707512786289,2156374368
16097,Renderer,0x7c024886c000,0x43a81,0000000025beb7d4,777,11707512786289,2156379001
16097,Renderer,0x7c024886d000,0x49582,0000000025beb7d4,778,11707512786289,2156383594
16097,Renderer,0x7c024886e000,0x495c5,0000000025beb7d4,779,11707512786289,2156391295
16097,Renderer,0x7c024886f000,0xdbc8e,0000000025beb7d4,780,11707512786289,2156395848
16097,Renderer,0x7c0248871000,0xccebd,0000000025beb7d4,782,11707512786289,2156404342
16097,Renderer,0x7c0248872000,0xb56d5,0000000025beb7d4,783,11707512786289,2156408343
16097,Renderer,0x7c0248873000,0xb5169,0000000025beb7d4,784,11707512786289,2156412575
16097,Renderer,0x7c0248874000,0xb530d,0000000025beb7d4,785,11707512786289,2156416787
16097,Renderer,0x7c0248875000,0xa9406,0000000025beb7d4,786,11707512786289,2156421169
16097,Renderer,0x7c0248876000,0xabf36,0000000025beb7d4,787,11707512786289,2156425501
16097,Renderer,0x7c0248877000,0x63412,0000000025beb7d4,788,11707512786289,2156429803
16097,Renderer,0x7c0248878000,0x451f4,0000000025beb7d4,789,11707512786289,2156434125
16097,Renderer,0x7c0248879000,0xd4e06,0000000025beb7d4,790,11707512786289,2156438508
16097,Renderer,0x7c024887a000,0xd8b48,0000000025beb7d4,791,11707512786289,2156442790
16097,Renderer,0x7c024887b000,0xcfe4a,0000000025beb7d4,792,11707512786289,2156447262
16097,Renderer,0x7c024887c000,0xcfe61,0000000025beb7d4,793,11707512786289,2156451594
16097,Renderer,0x7c024887d000,0xcfe65,0000000025beb7d4,794,11707512786289,2156506468
16097,Renderer,0x7c024887e000,0xd1629,0000000025beb7d4,795,11707512786289,2156516386
16097,Renderer,0x7c024887f000,0xd2119,0000000025beb7d4,796,11707512786289,2156593071
16097,Renderer,0x7c0248881000,0x660c5,0000000025beb7d4,798,11707512786289,2156601605
16097,Renderer,0x7c0248882000,0x65fff,0000000025beb7d4,799,11707512786289,2156605987
16097,Renderer,0x7c0248883000,0x66961,0000000025beb7d4,800,11707512786289,2156609968
16097,Renderer,0x7c0248884000,0x662db,0000000025beb7d4,801,11707512786289,2156614150
16097,Renderer,0x7c0248885000,0x66db6,0000000025beb7d4,802,11707512786289,2156618422
16097,Renderer,0x7c0248886000,0x66ae5,0000000025beb7d4,803,11707512786289,2156622674
16097,Renderer,0x7c0248887000,0x66b21,0000000025beb7d4,804,11707512786289,2156626735
16097,Renderer,0x7c0248888000,0x66b22,0000000025beb7d4,805,11707512786289,2156631017
16097,Renderer,0x7c0248889000,0x66b3a,0000000025beb7d4,806,11707512786289,2156635319
16097,Renderer,0x7c024888a000,0xcd400,0000000025beb7d4,807,11707512786289,2156639712
16097,Renderer,0x7c024888b000,0xcd761,0000000025beb7d4,808,11707512786289,2156644345
16097,Renderer,0x7c024888c000,0xb0ba3,0000000025beb7d4,809,11707512786289,2156651174
16097,Renderer,0x7c024888d000,0xb0ba1,0000000025beb7d4,810,11707512786289,2156655847
16097,Renderer,0x7c024888e000,0xac768,0000000025beb7d4,811,11707512786289,2156660299
16097,Renderer,0x7c024888f000,0xac4d8,0000000025beb7d4,812,11707512786289,2156664762
16097,Renderer,0x7c0248891000,0xac434,0000000025beb7d4,814,11707512786289,2156672664
16097,Renderer,0x7c0248892000,0x94edc,0000000025beb7d4,815,11707512786289,2156676796
16097,Renderer,0x7c0248893000,0x9448d,0000000025beb7d4,816,11707512786289,2156681108
16097,Renderer,0x7c0248894000,0x94488,0000000025beb7d4,817,11707512786289,2156685309
16097,Renderer,0x7c0248895000,0x947d9,0000000025beb7d4,818,11707512786289,2156690494
16097,Renderer,0x7c0248896000,0x94799,0000000025beb7d4,819,11707512786289,2156695087
16097,Renderer,0x7c0248897000,0x94790,0000000025beb7d4,820,11707512786289,2156699449
16097,Renderer,0x7c0248898000,0x3e9ca,0000000025beb7d4,821,11707512786289,2156703871
16097,Renderer,0x7c0248899000,0x3e9c4,0000000025beb7d4,822,11707512786289,2156708374
16097,Renderer,0x7c024889a000,0x3e660,0000000025beb7d4,823,11707512786289,2156712967
16097,Renderer,0x7c024889b000,0x3e652,0000000025beb7d4,824,11707512786289,2156719776
16097,Renderer,0x7c024889c000,0x3e650,0000000025beb7d4,825,11707512786289,2156724239
16097,Renderer,0x7c024889d000,0x3ed91,0000000025beb7d4,826,11707512786289,2156728821
16097,Renderer,0x7c024889e000,0xa3aea,0000000025beb7d4,827,11707512786289,2156733464
16097,Renderer,0x7c024889f000,0xb23aa,0000000025beb7d4,828,11707512786289,2156738017
16097,Renderer,0x7c02488a1000,0x341ad,0000000025beb7d4,830,11707512786289,2156745789
16097,Renderer,0x7c02488a2000,0x34168,0000000025beb7d4,831,11707512786289,2156750853
16097,Renderer,0x7c02488a3000,0xdbf4c,0000000025beb7d4,832,11707512786289,2156755225
16097,Renderer,0x7c02488a4000,0xb0516,0000000025beb7d4,833,11707512786289,2156759447
16097,Renderer,0x7c02488a5000,0x341a5,0000000025beb7d4,834,11707512786289,2156763629
16097,Renderer,0x7c02488a6000,0x3418a,0000000025beb7d4,835,11707512786289,2156768212
16097,Renderer,0x7c02488a7000,0xc239f,0000000025beb7d4,836,11707512786289,2156772434
16097,Renderer,0x7c02488a8000,0xd1aae,0000000025beb7d4,837,11707512786289,2156776966
16097,Renderer,0x7c02488a9000,0x8b083,0000000025beb7d4,838,11707512786289,2156781559
16097,Renderer,0x7c02488aa000,0x9ad25,0000000025beb7d4,839,11707512786289,2156788719
16097,Renderer,0x7c02488ab000,0xc8cef,0000000025beb7d4,840,11707512786289,2156793352
16097,Renderer,0x7c02488ac000,0xc6c23,0000000025beb7d4,841,11707512786289,2156797785
16097,Renderer,0x7c02488ad000,0x6e58e,0000000025beb7d4,842,11707512786289,2156802147
16097,Renderer,0x7c02488ae000,0xcd151,0000000025beb7d4,843,11707512786289,2156806970
16097,Renderer,0x7c02488af000,0x90acf,0000000025beb7d4,844,11707512786289,2156811383
16097,Renderer,0x7c02488b1000,0xc83da,0000000025beb7d4,846,11707512786289,2156819335
16097,Renderer,0x7c02488b2000,0xa1363,0000000025beb7d4,847,11707512786289,2156823487
16097,Renderer,0x7c02488b3000,0x9b480,0000000025beb7d4,848,11707512786289,2156827759
16097,Renderer,0x7c02488b4000,0xbf6fe,0000000025beb7d4,849,11707512786289,2156832101
16097,Renderer,0x7c02488b5000,0xb862d,0000000025beb7d4,850,11707512786289,2156836453
16097,Renderer,0x7c02488b6000,0xba504,0000000025beb7d4,851,11707512786289,2156840444
16097,Renderer,0x7c02488b7000,0xb862e,0000000025beb7d4,852,11707512786289,2156844636
16097,Renderer,0x7c02488b8000,0x3b1a1,0000000025beb7d4,853,11707512786289,2156848928
16097,Renderer,0x7c02488b9000,0xd2c2e,0000000025beb7d4,854,11707512786289,2156855747
16097,Renderer,0x7c02488ba000,0xd2c31,0000000025beb7d4,855,11707512786289,2156860230
16097,Renderer,0x7c02488bb000,0xd2c2c,0000000025beb7d4,856,11707512786289,2156864321
16097,Renderer,0x7c02488bc000,0xd2c32,0000000025beb7d4,857,11707512786289,2156868984
16097,Renderer,0x7c02488bd000,0xd2c36,0000000025beb7d4,858,11707512786289,2156873627
16097,Renderer,0x7c02488be000,0xd2c3a,0000000025beb7d4,859,11707512786289,2156878200
16097,Renderer,0x7c02488bf000,0xb67ef,0000000025beb7d4,860,11707512786289,2156882552
16097,Renderer,0x7c02488c1000,0x6185f,0000000025beb7d4,862,11707512786289,2156890394
16097,Renderer,0x7c02488c2000,0x6188a,0000000025beb7d4,863,11707512786289,2156894586
16097,Renderer,0x7c02488c3000,0x618b1,0000000025beb7d4,864,11707512786289,2156898758
16097,Renderer,0x7c02488c4000,0x69e5f,0000000025beb7d4,865,11707512786289,2156902990
16097,Renderer,0x7c02488c5000,0x6c9ca,0000000025beb7d4,866,11707512786289,2156907352
16097,Renderer,0x7c02488c6000,0xd6c04,0000000025beb7d4,867,11707512786289,2156911604
16097,Renderer,0x7c02488c7000,0xd7a81,0000000025beb7d4,868,11707512786289,2156915645
16097,Renderer,0x7c02488c8000,0xd7a82,0000000025beb7d4,869,11707512786289,2156922173
16097,Renderer,0x7c02488c9000,0xd7a87,0000000025beb7d4,870,11707512786289,2156926485
16097,Renderer,0x7c02488ca000,0xd7d8c,0000000025beb7d4,871,11707512786289,2156930697
16097,Renderer,0x7c02488cb000,0xd7d90,0000000025beb7d4,872,11707512786289,2156935160
16097,Renderer,0x7c02488cc000,0xd7d92,0000000025beb7d4,873,11707512786289,2156940013
16097,Renderer,0x7c02488cd000,0xd7dca,0000000025beb7d4,874,11707512786289,2156944356
16097,Renderer,0x7c02488ce000,0xd7dd0,0000000025beb7d4,875,11707512786289,2156948698
16097,Renderer,0x7c02488cf000,0xd7dd3,0000000025beb7d4,876,11707512786289,2156953130
16097,Renderer,0x7c02488d1000,0x5804b,0000000025beb7d4,878,11707512786289,2156961724
16097,Renderer,0x7c02488d2000,0x57036,0000000025beb7d4,879,11707512786289,2156965836
16097,Renderer,0x7c02488d3000,0x418bc,0000000025beb7d4,880,11707512786289,2156969957
16138,Privileged Cont,0x7ace34d38000,0x83377,0000000006385750,1,11710621609607,307726626
16612,Web Content,0x7ace4232b000,0x8d7ac,00000000d9039836,28004,11714195995527,42105704
16719,head,0x79ec38c77000,0x11172b,00000000f111c934,14,11713390411825,1013487870
16605,Isolated Web Co,0x7ace3495e000,0xd008c,000000001b6fcfce,0,11714195995527,3668753796
16605,Isolated Web Co,0x7ace3495f000,0xd008d,000000001b6fcfce,1,11714195995527,3668774839
16605,Isolated Web Co,0x7ace34961000,0xd008f,000000001b6fcfce,3,11714195995527,3668788524
16605,Isolated Web Co,0x7ace34962000,0xa07d8,000000001b6fcfce,4,11714195995527,3668795872
16605,Isolated Web Co,0x7ace34963000,0xa07d9,000000001b6fcfce,5,11714195995527,3668803311
16605,Isolated Web Co,0x7ace34964000,0xa07da,000000001b6fcfce,6,11714195995527,3668812104
16605,Isolated Web Co,0x7ace34965000,0xa07db,000000001b6fcfce,7,11714195995527,3668821016
16605,Isolated Web Co,0x7ace34966000,0xa0490,000000001b6fcfce,8,11714195995527,3668830360
16605,Isolated Web Co,0x7ace34967000,0xa0491,000000001b6fcfce,9,11714195995527,3668838831
16605,Isolated Web Co,0x7ace34968000,0xa0492,000000001b6fcfce,10,11714195995527,3668844205
16605,Isolated Web Co,0x7ace34969000,0xa0493,000000001b6fcfce,11,11714195995527,3668849188
16605,Isolated Web Co,0x7ace3496a000,0xa10a0,000000001b6fcfce,12,11714195995527,3668853769
16605,Isolated Web Co,0x7ace3496b000,0xa10a1,000000001b6fcfce,13,11714195995527,3668858591
16605,Isolated Web Co,0x7ace3496c000,0xa10a2,000000001b6fcfce,14,11714195995527,3668865850
16605,Isolated Web Co,0x7ace3496d000,0xa10a3,000000001b6fcfce,15,11714195995527,3668873700
16605,Isolated Web Co,0x7ace3496e000,0xa10b0,000000001b6fcfce,16,11714195995527,3668878702
16605,Isolated Web Co,0x7ace3496f000,0xa10b1,000000001b6fcfce,17,11714195995527,3668883996
16605,Isolated Web Co,0x7ace34971000,0xa10b3,000000001b6fcfce,19,11714195995527,3668893149
16605,Isolated Web Co,0x7ace34972000,0xa0828,000000001b6fcfce,20,11714195995527,3668897731
16605,Isolated Web Co,0x7ace34973000,0xa0829,000000001b6fcfce,21,11714195995527,3668902633
16605,Isolated Web Co,0x7ace34975000,0xa082b,000000001b6fcfce,23,11714195995527,3668914112
16605,Isolated Web Co,0x7ace34976000,0xa087c,000000001b6fcfce,24,11714195995527,3668956620
16605,Isolated Web Co,0x7ace34977000,0xa087d,000000001b6fcfce,25,11714195995527,3669118831
16605,Isolated Web Co,0x7ace34978000,0xa087e,000000001b6fcfce,26,11714195995527,3669124094
16605,Isolated Web Co,0x7ace34979000,0xa087f,000000001b6fcfce,27,11714195995527,3669128686
16605,Isolated Web Co,0x7ace3497a000,0xa08fc,000000001b6fcfce,28,11714195995527,3669133147
16605,Isolated Web Co,0x7ace3497b000,0xa08fd,000000001b6fcfce,29,11714195995527,3669138240
16605,Isolated Web Co,0x7ace3497c000,0xa08fe,000000001b6fcfce,30,11714195995527,3669146330
16605,Isolated Web Co,0x7ace3497d000,0xa08ff,000000001b6fcfce,31,11714195995527,3669152717
16605,Isolated Web Co,0x7ace34b04000,0xa094a,0000000032586add,1,11714195995527,3669808027
16605,Isolated Web Co,0x7ace34b05000,0xa094b,0000000032586add,2,11714195995527,3669816318
16605,Isolated Web Co,0x7ace34b06000,0xa06d4,0000000032586add,3,11714195995527,3669822604
16605,Isolated Web Co,0x7ace34b07000,0xa06d5,0000000032586add,4,11714195995527,3669828960
16605,Isolated Web Co,0x7ace34b08000,0xa06d6,0000000032586add,5,11714195995527,3669836309
16605,Isolated Web Co,0x7ace34b09000,0xa06d7,0000000032586add,6,11714195995527,3669844289
16605,Isolated Web Co,0x7ace34b0a000,0xa06e0,0000000032586add,7,11714195995527,3669853001
16605,Isolated Web Co,0x7ace34b0b000,0xa06e1,0000000032586add,8,11714195995527,3670388718
16605,Isolated Web Co,0x7ace34b0c000,0xa06e2,0000000032586add,9,11714195995527,3670395134
16605,Isolated Web Co,0x7ace34b0d000,0xa06e3,0000000032586add,10,11714195995527,3670403185
17040,SwComposite,0x74c06ef66000,0xbc06f,000000007997991a,15,11744362020731,1478690826
17040,SwComposite,0x74c06ef6a000,0xbc06f,000000007997991a,15,11744362020731,1478732449
17040,SwComposite,0x74c06ef73000,0xbc337,000000007997991a,29,11744362020731,1478754943
17040,SwComposite,0x74c06ef77000,0xbc337,000000007997991a,29,11744362020731,1478770364
17040,SwComposite,0x74c06ef7b000,0xbc337,000000007997991a,29,11744362020731,1478782067
17040,SwComposite,0x74c06ef80000,0x80381,000000007997991a,45,11744362020731,1478794963
17040,SwComposite,0x74c06ef84000,0x80381,000000007997991a,45,11744362020731,1478807177
17040,SwComposite,0x74c06ef88000,0x80381,000000007997991a,45,11744362020731,1478818760
17040,SwComposite,0x74c06ef8d000,0x80381,000000007997991a,45,11744362020731,1478831665
17040,SwComposite,0x74c06ef91000,0x363c8,000000007997991a,57,11744362020731,1478844160
17040,SwComposite,0x74c06ef95000,0x363c8,000000007997991a,57,11744362020731,1478861054
17040,SwComposite,0x74c06ef9a000,0x363c8,000000007997991a,57,11744362020731,1478872777
17040,SwComposite,0x74c06ef9c000,0x363c8,000000007997991a,57,11744362020731,1478879009
17040,SwComposite,0x74c06ef9d000,0x3e786,000000007997991a,58,11744362020731,1478884560
17040,SwComposite,0x74c06ef9e000,0x3e77f,000000007997991a,59,11744362020731,1478889761
17040,SwComposite,0x74c06ef9f000,0x3e780,000000007997991a,60,11744362020731,1478895222
17040,SwComposite,0x74c06efa1000,0x43e0f,000000007997991a,62,11744362020731,1478906133
17040,SwComposite,0x74c06efa2000,0x450d3,000000007997991a,63,11744362020731,1478911694
17040,SwComposite,0x74c06efa3000,0x40191,000000007997991a,64,11744362020731,1478917255
17040,SwComposite,0x74c06efa4000,0x3bd52,000000007997991a,65,11744362020731,1478922676
17040,SwComposite,0x74c06efa5000,0x41687,000000007997991a,66,11744362020731,1478928027
17040,SwComposite,0x74c06efa6000,0x51b66,000000007997991a,67,11744362020731,1478933548
17040,SwComposite,0x74c06efa7000,0x90578,000000007997991a,68,11744362020731,1478939520
17040,SwComposite,0x74c06efa8000,0x4b7df,000000007997991a,69,11744362020731,1478945301
17040,SwComposite,0x74c06efa9000,0x8d006,000000007997991a,70,11744362020731,1478953547
17040,SwComposite,0x74c06efaa000,0x4933c,000000007997991a,71,11744362020731,1478958948
17040,SwComposite,0x74c06efab000,0x8dcce,000000007997991a,72,11744362020731,1478964249
17040,SwComposite,0x74c06efac000,0x9013e,000000007997991a,73,11744362020731,1478969760
17040,SwComposite,0x74c06efad000,0x8fb04,000000007997991a,74,11744362020731,1478975311
17040,SwComposite,0x74c06efae000,0x3c717,000000007997991a,75,11744362020731,1478981022
17040,SwComposite,0x74c06efaf000,0x6f8ad,000000007997991a,76,11744362020731,1478986773
17040,SwComposite,0x74c06efb1000,0x39b3b,000000007997991a,78,11744362020731,1478997164
17040,SwComposite,0x74c06efb2000,0x54c84,000000007997991a,79,11744362020731,1479002144
17040,SwComposite,0x74c06efb3000,0x3e08c,000000007997991a,80,11744362020731,1479007254
17040,SwComposite,0x74c06efb4000,0x34b24,000000007997991a,81,11744362020731,1479012324
17040,SwComposite,0x74c06efb5000,0x4026c,000000007997991a,82,11744362020731,1479018156
17040,SwComposite,0x74c06efb6000,0x406be,000000007997991a,83,11744362020731,1479023366
17040,SwComposite,0x74c06efb7000,0x5612b,000000007997991a,84,11744362020731,1479028476
17040,SwComposite,0x74c06efb8000,0x8c4fd,000000007997991a,85,11744362020731,1479036752
17040,SwComposite,0x74c06efb9000,0x6f1c1,000000007997991a,86,11744362020731,1479042233
17040,SwComposite,0x74c06efba000,0x56808,000000007997991a,87,11744362020731,1479047364
17040,SwComposite,0x74c06efbb000,0x56129,000000007997991a,88,11744362020731,1479052634
17040,SwComposite,0x74c06efbc000,0x8c4e6,000000007997991a,89,11744362020731,1479057864
17040,SwComposite,0x74c06efbd000,0x8c4ed,000000007997991a,90,11744362020731,1479063255
17040,SwComposite,0x74c06efbe000,0x9f0d3,000000007997991a,91,11744362020731,1479068736
17040,SwComposite,0x74c06efbf000,0x4d6f5,000000007997991a,92,11744362020731,1479074227
17040,SwComposite,0x74c06efc0000,0x36188,000000007997991a,109,11744362020731,1479079517
17040,SwComposite,0x74c06efc1000,0x36188,000000007997991a,109,11744362020731,1479084738
17040,SwComposite,0x74c06efc2000,0x36188,000000007997991a,109,11744362020731,1479090760
17040,SwComposite,0x74c06efc3000,0x36188,000000007997991a,109,11744362020731,1479096341
17040,SwComposite,0x74c06efc4000,0x36188,000000007997991a,109,11744362020731,1479101461
17040,SwComposite,0x74c06efc5000,0x36188,000000007997991a,109,11744362020731,1479106661
17040,SwComposite,0x74c06efc6000,0x36188,000000007997991a,109,11744362020731,1479112292
17040,SwComposite,0x74c06efc7000,0x36188,000000007997991a,109,11744362020731,1479120579
17040,SwComposite,0x74c06efc8000,0x36188,000000007997991a,109,11744362020731,1479125789
17040,SwComposite,0x74c06efc9000,0x36188,000000007997991a,109,11744362020731,1479131030
17040,SwComposite,0x74c06efca000,0x36188,000000007997991a,109,11744362020731,1479136260
17040,SwComposite,0x74c06efcb000,0x36188,000000007997991a,109,11744362020731,1479141771
17040,SwComposite,0x74c06efcc000,0x36188,000000007997991a,109,11744362020731,1479147322
17040,SwComposite,0x74c06efcd000,0x36188,000000007997991a,109,11744362020731,1479152913
17040,SwComposite,0x74c06efce000,0x36188,000000007997991a,109,11744362020731,1479158735
17040,SwComposite,0x74c06efd1000,0x3619d,000000007997991a,110,11744362020731,1479166149
17040,SwComposite,0x74c06efd2000,0x56548,000000007997991a,111,11744362020731,1479171360
17040,SwComposite,0x74c06efd3000,0xa7ffa,000000007997991a,112,11744362020731,1479176650
17040,SwComposite,0x74c06efd4000,0x9c13a,000000007997991a,113,11744362020731,1479182171
17040,SwComposite,0x74c06efd5000,0x6dd5e,000000007997991a,114,11744362020731,1479187231
17040,SwComposite,0x74c06efd6000,0x4438d,000000007997991a,115,11744362020731,1479192622
17040,SwComposite,0x74c06efd7000,0x3f4f8,000000007997991a,116,11744362020731,1479198053
17040,SwComposite,0x74c06efd8000,0x4d200,000000007997991a,117,11744362020731,1479206309
17040,SwComposite,0x74c06efd9000,0x39d41,000000007997991a,118,11744362020731,1479211630
17040,SwComposite,0x74c06efda000,0x4cf89,000000007997991a,119,11744362020731,1479216940
17040,SwComposite,0x74c06efdb000,0x88fd1,000000007997991a,120,11744362020731,1479222391
17040,SwComposite,0x74c06efdc000,0x83349,000000007997991a,121,11744362020731,1479228112
17040,SwComposite,0x74c06efdd000,0x42203,000000007997991a,122,11744362020731,1479233874
17040,SwComposite,0x74c06efde000,0x88e04,000000007997991a,123,11744362020731,1479239345
17040,SwComposite,0x74c06efdf000,0x48e3b,000000007997991a,124,11744362020731,1479244956
17040,SwComposite,0x74c06efe1000,0x88ddf,000000007997991a,126,11744362020731,1479254615
17040,SwComposite,0x74c06efe2000,0x88e41,000000007997991a,127,11744362020731,1479261769
17040,SwComposite,0x74c06efe3000,0x6e55b,000000007997991a,128,11744362020731,1479267190
17040,SwComposite,0x74c06efe4000,0x486da,000000007997991a,129,11744362020731,1479272611
17040,SwComposite,0x74c06efe5000,0x3db5c,000000007997991a,130,11744362020731,1479277991
17040,SwComposite,0x74c06efe6000,0x724e4,000000007997991a,131,11744362020731,1479283462
17040,SwComposite,0x74c06efe7000,0x961f5,000000007997991a,132,11744362020731,1479291849
17040,SwComposite,0x74c06efe8000,0x48442,000000007997991a,133,11744362020731,1479297430
17040,SwComposite,0x74c06efe9000,0x70efe,000000007997991a,134,11744362020731,1479303141
17040,SwComposite,0x74c06efea000,0x926a4,000000007997991a,135,11744362020731,1479308662
17040,SwComposite,0x74c06efeb000,0x66900,000000007997991a,136,11744362020731,1479314113
17040,SwComposite,0x74c06efec000,0x42459,000000007997991a,137,11744362020731,1479319554
17040,SwComposite,0x74c06efed000,0x378c6,000000007997991a,138,11744362020731,1479325225
17040,SwComposite,0x74c06efee000,0x48329,000000007997991a,139,11744362020731,1479330556
17040,SwComposite,0x74c06efef000,0x5f0a8,000000007997991a,140,11744362020731,1479335866
17040,SwComposite,0x74c06eff1000,0x4af1a,000000007997991a,142,11744362020731,1479346297
17040,SwComposite,0x74c06eff2000,0x61788,000000007997991a,143,11744362020731,1479351467
17040,SwComposite,0x74c06eff3000,0x72237,000000007997991a,144,11744362020731,1479356577
17040,SwComposite,0x74c06eff4000,0x706bb,000000007997991a,145,11744362020731,1479362459
17040,SwComposite,0x74c06eff5000,0x9a1fe,000000007997991a,146,11744362020731,1479367880
17040,SwComposite,0x74c06eff6000,0x4a545,000000007997991a,147,11744362020731,1479376908
17040,SwComposite,0x74c06eff7000,0xd5264,000000007997991a,148,11744362020731,1479382238
17040,SwComposite,0x74c06eff8000,0xc57de,000000007997991a,149,11744362020731,1479387579
17040,SwComposite,0x74c06eff9000,0x49f05,000000007997991a,150,11744362020731,1479393190
17040,SwComposite,0x74c06effa000,0x66298,000000007997991a,151,11744362020731,1479398741
17040,SwComposite,0x74c06effb000,0x470b5,000000007997991a,152,11744362020731,1479404061
17040,SwComposite,0x74c06effc000,0x42402,000000007997991a,153,11744362020731,1479409452
17040,SwComposite,0x74c06effd000,0x82a86,000000007997991a,154,11744362020731,1479414953
17040,SwComposite,0x74c06effe000,0x9ab1f,000000007997991a,155,11744362020731,1479420404
17040,SwComposite,0x74c06efff000,0x6e1bb,000000007997991a,156,11744362020731,1479425985
17040,SwComposite,0x74c06f001000,0x367e5,000000007997991a,158,11744362020731,1479439391
17040,SwComposite,0x74c06f002000,0x51010,000000007997991a,159,11744362020731,1479444742
17040,SwComposite,0x74c06f003000,0x4b58c,000000007997991a,160,11744362020731,1479450494
17040,SwComposite,0x74c06f004000,0x630ad,000000007997991a,161,11744362020731,1479455814
17040,SwComposite,0x74c06f005000,0x4ec05,000000007997991a,162,11744362020731,1479464181
17040,SwComposite,0x74c06f006000,0x72efd,000000007997991a,163,11744362020731,1479469461
17040,SwComposite,0x74c06f007000,0x459de,000000007997991a,164,11744362020731,1479475042
17040,SwComposite,0x74c06f008000,0xa4731,000000007997991a,165,11744362020731,1479480443
17040,SwComposite,0x74c06f009000,0x5fa57,000000007997991a,166,11744362020731,1479487587
17040,SwComposite,0x74c06f00a000,0xb3211,000000007997991a,167,11744362020731,1479493138
17040,SwComposite,0x74c06f00b000,0x665a6,000000007997991a,168,11744362020731,1479499190
17040,SwComposite,0x74c06f00c000,0x978ac,000000007997991a,169,11744362020731,1479504982
17040,SwComposite,0x74c06f00d000,0x95a57,000000007997991a,170,11744362020731,1479510623
17040,SwComposite,0x74c06f00e000,0x36da2,000000007997991a,171,11744362020731,1479516114
17040,SwComposite,0x74c06f00f000,0xa9199,000000007997991a,172,11744362020731,1479521755
17040,SwComposite,0x74c06f011000,0x595f4,000000007997991a,174,11744362020731,1479533328
17040,SwComposite,0x74c06f012000,0x59245,000000007997991a,175,11744362020731,1479539159
17040,SwComposite,0x74c06f013000,0x94642,000000007997991a,176,11744362020731,1479544620
17040,SwComposite,0x74c06f014000,0xaca28,000000007997991a,177,11744362020731,1479552977
17040,SwComposite,0x74c06f015000,0x8bbaf,000000007997991a,178,11744362020731,1479559810
17040,SwComposite,0x74c06f016000,0x3739f,000000007997991a,179,11744362020731,1479567175
17040,SwComposite,0x74c06f017000,0x803f4,000000007997991a,180,11744362020731,1479574730
17040,SwComposite,0x74c06f018000,0x5d447,000000007997991a,181,11744362020731,1479581463
17040,SwComposite,0x74c06f019000,0x55a12,000000007997991a,182,11744362020731,1479589109
17040,SwComposite,0x74c06f01a000,0x39693,000000007997991a,183,11744362020731,1479595381
17040,SwComposite,0x74c06f01b000,0x4320a,000000007997991a,184,11744362020731,1479602706
17040,SwComposite,0x74c06f01c000,0x4d4e2,000000007997991a,185,11744362020731,1479609990
17040,SwComposite,0x74c06f01d000,0x35831,000000007997991a,186,11744362020731,1479617044
17040,SwComposite,0x74c06f01e000,0x709a1,000000007997991a,187,11744362020731,1479624148
17040,SwComposite,0x74c06f01f000,0x4d46e,000000007997991a,188,11744362020731,1479631022
17040,SwComposite,0x74c06f021000,0x3c51b,000000007997991a,190,11744362020731,1479641362
17040,SwComposite,0x74c06f022000,0x6babb,000000007997991a,191,11744362020731,1479647895
17040,SwComposite,0x74c06f023000,0x4da5e,000000007997991a,192,11744362020731,1479656352
17040,SwComposite,0x74c06f024000,0x39726,000000007997991a,193,11744362020731,1479661522
17040,SwComposite,0x74c06f025000,0x41eff,000000007997991a,194,11744362020731,1479667003
17040,SwComposite,0x74c06f026000,0x45986,000000007997991a,195,11744362020731,1479672183
17040,SwComposite,0x74c06f027000,0xacc26,000000007997991a,196,11744362020731,1479677514
17040,SwComposite,0x74c06f028000,0xa6d5b,000000007997991a,197,11744362020731,1479683015
17040,SwComposite,0x74c06f029000,0x71be7,000000007997991a,198,11744362020731,1479688315
17040,SwComposite,0x74c06f02a000,0xa512c,000000007997991a,199,11744362020731,1479693957
17040,SwComposite,0x74c06f02b000,0xa6d52,000000007997991a,200,11744362020731,1479699688
17040,SwComposite,0x74c06f02c000,0x59efa,000000007997991a,201,11744362020731,1479705199
17040,SwComposite,0x74c06f02d000,0x9ea4b,000000007997991a,202,11744362020731,1479710680
17040,SwComposite,0x74c06f02e000,0x466d1,000000007997991a,203,11744362020731,1479716552
17040,SwComposite,0x74c06f02f000,0x97e9f,000000007997991a,204,11744362020731,1479721922
17040,SwComposite,0x74c06f031000,0x42b0e,000000007997991a,206,11744362020731,1479731862
17040,SwComposite,0x74c06f032000,0x448dd,000000007997991a,207,11744362020731,1479740098
17040,SwComposite,0x74c06f033000,0x40e19,000000007997991a,208,11744362020731,1479745389
17040,SwComposite,0x74c06f034000,0x9daa5,000000007997991a,209,11744362020731,1479750379
17040,SwComposite,0x74c06f035000,0x8915d,000000007997991a,210,11744362020731,1479755659
17040,SwComposite,0x74c06f036000,0x4870c,000000007997991a,211,11744362020731,1479760839
17040,SwComposite,0x74c06f037000,0x5701f,000000007997991a,212,11744362020731,1479766260
17040,SwComposite,0x74c06f038000,0x6010d,000000007997991a,213,11744362020731,1479771310
17040,SwComposite,0x74c06f039000,0x5f509,000000007997991a,214,11744362020731,1479776851
17040,SwComposite,0x74c06f03a000,0x6016c,000000007997991a,215,11744362020731,1479782212
17040,SwComposite,0x74c06f03b000,0xa16da,000000007997991a,216,11744362020731,1479787783
17040,SwComposite,0x74c06f03c000,0x485ed,000000007997991a,217,11744362020731,1479793143
17040,SwComposite,0x74c06f03d000,0x6aa3b,000000007997991a,218,11744362020731,1479798384
17040,SwComposite,0x74c06f03e000,0x8c20a,000000007997991a,219,11744362020731,1479803995
17040,SwComposite,0x74c06f03f000,0x5222e,000000007997991a,220,11744362020731,1479809867
17040,SwComposite,0x74c06f041000,0x8c905,000000007997991a,222,11744362020731,1479823233
17040,SwComposite,0x74c06f042000,0x52472,000000007997991a,223,11744362020731,1479828454
17040,SwComposite,0x74c06f043000,0xdbfaa,000000007997991a,224,11744362020731,1479833624
17040,SwComposite,0x74c06f044000,0x42425,000000007997991a,225,11744362020731,1479838924
17040,SwComposite,0x74c06f045000,0x98cca,000000007997991a,226,11744362020731,1479843994
17040,SwComposite,0x74c06f046000,0x493f9,000000007997991a,227,11744362020731,1479849255
17040,SwComposite,0x74c06f047000,0x3ea5d,000000007997991a,228,11744362020731,1479854776
17040,SwComposite,0x74c06f048000,0xa33c5,000000007997991a,229,11744362020731,1479860086
17040,SwComposite,0x74c06f049000,0x37ac5,000000007997991a,230,11744362020731,1479865186
17040,SwComposite,0x74c06f04a000,0x37ac2,000000007997991a,231,11744362020731,1479870697
17040,SwComposite,0x74c06f04b000,0x3e1d6,000000007997991a,232,11744362020731,1479876148
17040,SwComposite,0x74c06f04c000,0x8ad34,000000007997991a,233,11744362020731,1479881679
17040,SwComposite,0x74c06f04d000,0x3ba7c,000000007997991a,234,11744362020731,1479886990
17040,SwComposite,0x74c06f04e000,0x9ae11,000000007997991a,235,11744362020731,1479892240
17040,SwComposite,0x74c06f04f000,0x5280e,000000007997991a,236,11744362020731,1479897801
17040,SwComposite,0x74c06f051000,0x51cd0,000000007997991a,238,11744362020731,1479911078
17040,SwComposite,0x74c06f052000,0x55e32,000000007997991a,239,11744362020731,1479916949
17040,SwComposite,0x74c06f053000,0x55e31,000000007997991a,240,11744362020731,1479922320
17040,SwComposite,0x74c06f054000,0x995f0,000000007997991a,241,11744362020731,1479927430
17040,SwComposite,0x74c06f055000,0x35baa,000000007997991a,242,11744362020731,1479932650
17040,SwComposite,0x74c06f056000,0x35ba8,000000007997991a,243,11744362020731,1479937801
17040,SwComposite,0x74c06f057000,0x35ba6,000000007997991a,244,11744362020731,1479942931
17040,SwComposite,0x74c06f058000,0x35ba5,000000007997991a,245,11744362020731,1479948472
17040,SwComposite,0x74c06f059000,0x66cb1,000000007997991a,246,11744362020731,1480249820
17040,SwComposite,0x74c06f05a000,0x66cbc,000000007997991a,247,11744362020731,1480258527
17040,SwComposite,0x74c06f05b000,0x66cc1,000000007997991a,248,11744362020731,1480264749
17040,SwComposite,0x74c06f05c000,0x66cc2,000000007997991a,249,11744362020731,1480271182
17040,SwComposite,0x74c06f05d000,0x41c60,000000007997991a,250,11744362020731,1480276803
17040,SwComposite,0x74c06f05e000,0x3a7c5,000000007997991a,251,11744362020731,1480282495
17040,SwComposite,0x74c06f05f000,0x5b2b0,000000007997991a,252,11744362020731,1480291032
17040,SwComposite,0x74c06f061000,0x522ef,000000007997991a,254,11744362020731,1480300761
17040,SwComposite,0x74c06f062000,0x5e22a,000000007997991a,255,11744362020731,1480306683
17040,SwComposite,0x74c06f063000,0x38e8a,000000007997991a,256,11744362020731,1480311953
17040,SwComposite,0x74c06f064000,0x95b30,000000007997991a,257,11744362020731,1480317234
16988,Renderer,0x74c06f1fd000,0x654b1,000000007997991a,665,11744362020731,1485457925
16988,Renderer,0x74c06f1fe000,0xa4c07,000000007997991a,667,11744362020731,1485476161
16988,Renderer,0x74c06f1ff000,0xa48c0,000000007997991a,668,11744362020731,1485481522
16988,Renderer,0x74c06f201000,0x669a0,000000007997991a,670,11744362020731,1485492614
16988,Renderer,0x74c06f202000,0xbde57,000000007997991a,671,11744362020731,1485497513
16988,Renderer,0x74c06f203000,0xa3f97,000000007997991a,672,11744362020731,1485502123
16988,Renderer,0x74c06f204000,0xa5ee8,000000007997991a,673,11744362020731,1485506742
16988,Renderer,0x74c06f205000,0xa5ec9,000000007997991a,674,11744362020731,1485511571
16988,Renderer,0x74c06f206000,0xa5251,000000007997991a,675,11744362020731,1485516060
16988,Renderer,0x74c06f207000,0xa5553,000000007997991a,676,11744362020731,1485523916
16988,Renderer,0x74c06f208000,0xa5536,000000007997991a,677,11744362020731,1485528745
16988,Renderer,0x74c06f209000,0xa54cc,000000007997991a,678,11744362020731,1485533755
16988,Renderer,0x74c06f20a000,0xa74d9,000000007997991a,679,11744362020731,1485538505
16988,Renderer,0x74c06f20b000,0xa7a93,000000007997991a,680,11744362020731,1485543455
16988,Renderer,0x74c06f20c000,0xa7e0f,000000007997991a,681,11744362020731,1485548314
16988,Renderer,0x74c06f20d000,0xa4bae,000000007997991a,682,11744362020731,1485553164
16988,Renderer,0x74c06f20e000,0xa4d60,000000007997991a,683,11744362020731,1485558174
16988,Renderer,0x74c06f20f000,0xa4de6,000000007997991a,684,11744362020731,1485563154
16988,Renderer,0x74c06f211000,0xa4989,000000007997991a,686,11744362020731,1485572352
16988,Renderer,0x74c06f212000,0x67cf0,000000007997991a,687,11744362020731,1485577362
16988,Renderer,0x74c06f213000,0x66b13,000000007997991a,688,11744362020731,1485582081
16988,Renderer,0x74c06f214000,0x64f2c,000000007997991a,689,11744362020731,1485586811
16988,Renderer,0x74c06f215000,0x64a90,000000007997991a,690,11744362020731,1485591720
16988,Renderer,0x74c06f216000,0xcd357,000000007997991a,691,11744362020731,1485599376
16988,Renderer,0x74c06f217000,0xbda2b,000000007997991a,692,11744362020731,1485603915
16988,Renderer,0x74c06f218000,0xa3ef8,000000007997991a,693,11744362020731,1485608975
16988,Renderer,0x74c06f219000,0x65ecb,000000007997991a,694,11744362020731,1485613965
16988,Renderer,0x74c06f21a000,0x9da8c,000000007997991a,695,11744362020731,1485618954
16988,Renderer,0x74c06f21b000,0xc4b54,000000007997991a,696,11744362020731,1485623624
16988,Renderer,0x74c06f21c000,0x62528,000000007997991a,697,11744362020731,1485628584
16988,Renderer,0x74c06f21d000,0xb1420,000000007997991a,698,11744362020731,1485633513
16988,Renderer,0x74c06f21e000,0xc0b42,000000007997991a,699,11744362020731,1485638714
16988,Renderer,0x74c06f21f000,0xc0b48,000000007997991a,700,11744362020731,1485644415
16988,Renderer,0x74c06f221000,0x31838,000000007997991a,702,11744362020731,1485653443
16988,Renderer,0x74c06f222000,0x17ccd,000000007997991a,703,11744362020731,1485660266
16988,Renderer,0x74c06f223000,0xda6db,000000007997991a,704,11744362020731,1485665577
16988,Renderer,0x74c06f224000,0x40243,000000007997991a,705,11744362020731,1485670437
16988,Renderer,0x74c06f225000,0x7ef0c,000000007997991a,706,11744362020731,1485678152
16988,Renderer,0x74c06f226000,0x3f887,000000007997991a,707,11744362020731,1485683132
16988,Renderer,0x74c06f227000,0xcc125,000000007997991a,708,11744362020731,1485688222
16988,Renderer,0x74c06f228000,0x557d4,000000007997991a,709,11744362020731,1485692951
16988,Renderer,0x74c06f229000,0x44b8c,000000007997991a,710,11744362020731,1485698162
16988,Renderer,0x74c06f22a000,0xd55b9,000000007997991a,711,11744362020731,1485703051
16988,Renderer,0x74c06f22b000,0xa0a27,000000007997991a,712,11744362020731,1485708302
16988,Renderer,0x74c06f22c000,0x2dbe4,000000007997991a,713,11744362020731,1485713412
16988,Renderer,0x74c06f22d000,0xc351c,000000007997991a,714,11744362020731,1485718522
16988,Renderer,0x74c06f22e000,0xd60f9,000000007997991a,715,11744362020731,1485723512
16988,Renderer,0x74c06f22f000,0x3991c,000000007997991a,716,11744362020731,1485728582
16988,Renderer,0x74c06f231000,0x898b3,000000007997991a,718,11744362020731,1485737590
16988,Renderer,0x74c06f232000,0x17108,000000007997991a,719,11744362020731,1485742750
16988,Renderer,0x74c06f233000,0x17131,000000007997991a,720,11744362020731,1485747480
16988,Renderer,0x74c06f234000,0x41462,000000007997991a,721,11744362020731,1485755165
16988,Renderer,0x74c06f235000,0xc4983,000000007997991a,722,11744362020731,1485759814
16988,Renderer,0x74c06f236000,0xa7ef9,000000007997991a,723,11744362020731,1485764654
16988,Renderer,0x74c06f237000,0x35f1c,000000007997991a,724,11744362020731,1485769333
16988,Renderer,0x74c06f238000,0xa3c46,000000007997991a,725,11744362020731,1485774503
16988,Renderer,0x74c06f239000,0xb7a55,000000007997991a,726,11744362020731,1485780154
16988,Renderer,0x74c06f23a000,0x71bbe,000000007997991a,727,11744362020731,1485785174
16988,Renderer,0x74c06f23b000,0xc922c,000000007997991a,728,11744362020731,1485790244
16988,Renderer,0x74c06f23c000,0x584f,000000007997991a,729,11744362020731,1485795244
16988,Renderer,0x74c06f23d000,0x87413,000000007997991a,730,11744362020731,1485800405
16988,Renderer,0x74c06f23e000,0x87416,000000007997991a,731,11744362020731,1485805425
16988,Renderer,0x74c06f23f000,0x4730e,000000007997991a,732,11744362020731,1485810434
16988,Renderer,0x74c06f241000,0xc58f5,000000007997991a,734,11744362020731,1485819392
16988,Renderer,0x74c06f242000,0xc1d54,000000007997991a,735,11744362020731,1485823901
16988,Renderer,0x74c06f243000,0x87401,000000007997991a,736,11744362020731,1485831596
16988,Renderer,0x74c06f244000,0x36feb,000000007997991a,737,11744362020731,1485837067
16988,Renderer,0x74c06f245000,0x559ea,000000007997991a,738,11744362020731,1485841997
16988,Renderer,0x74c06f246000,0x6229a,000000007997991a,739,11744362020731,1485846847
16988,Renderer,0x74c06f247000,0xcc600,000000007997991a,740,11744362020731,1485851486
16988,Renderer,0x74c06f248000,0x559c0,000000007997991a,741,11744362020731,1485856245
16988,Renderer,0x74c06f249000,0x1a41f,000000007997991a,742,11744362020731,1485861195
16988,Renderer,0x74c06f24a000,0x5ea40,000000007997991a,743,11744362020731,1485866195
16988,Renderer,0x74c06f24b000,0x5ea30,000000007997991a,744,11744362020731,1485870975
16988,Renderer,0x74c06f24c000,0x63057,000000007997991a,745,11744362020731,1485876155
16988,Renderer,0x74c06f24d000,0xcc936,000000007997991a,746,11744362020731,1485880984
16988,Renderer,0x74c06f24e000,0x88d9a,000000007997991a,747,11744362020731,1485885854
16988,Renderer,0x74c06f24f000,0xb196b,000000007997991a,748,11744362020731,1485890543
16988,Renderer,0x74c06f251000,0x53473,000000007997991a,750,11744362020731,1485899752
16988,Renderer,0x74c06f252000,0x846e2,000000007997991a,751,11744362020731,1485907507
16988,Renderer,0x74c06f253000,0x37ba3,000000007997991a,752,11744362020731,1485912367
16988,Renderer,0x74c06f254000,0xb957c,000000007997991a,753,11744362020731,1485917106
16988,Renderer,0x74c06f255000,0xa5aa0,000000007997991a,754,11744362020731,1485921775
16988,Renderer,0x74c06f256000,0x2d5f2,000000007997991a,755,11744362020731,1485926515
16988,Renderer,0x74c06f257000,0x61257,000000007997991a,756,11744362020731,1485931525
16988,Renderer,0x74c06f258000,0x892d0,000000007997991a,757,11744362020731,1485936204
16988,Renderer,0x74c06f259000,0x5d900,000000007997991a,758,11744362020731,1485941034
16988,Renderer,0x74c06f25a000,0x56842,000000007997991a,759,11744362020731,1485945913
16988,Renderer,0x74c06f25b000,0x56800,000000007997991a,760,11744362020731,1485950953
16988,Renderer,0x74c06f25c000,0x89279,000000007997991a,761,11744362020731,1485955693
16988,Renderer,0x74c06f25d000,0x5eb25,000000007997991a,762,11744362020731,1485960833
16988,Renderer,0x74c06f25e000,0x57e8e,000000007997991a,763,11744362020731,1485965662
16988,Renderer,0x74c06f25f000,0x36853,000000007997991a,764,11744362020731,1485970662
16988,Renderer,0x74c06f261000,0xb2d54,000000007997991a,766,11744362020731,1485982326
16988,Renderer,0x74c06f262000,0xbc0f5,000000007997991a,767,11744362020731,1485987295
16988,Renderer,0x74c06f263000,0xc1fbf,000000007997991a,768,11744362020731,1485992045
16988,Renderer,0x74c06f264000,0xa3e57,000000007997991a,769,11744362020731,1485997446
16988,Renderer,0x74c06f265000,0x3be69,000000007997991a,770,11744362020731,1486002175
16988,Renderer,0x74c06f266000,0x463ec,000000007997991a,771,11744362020731,1486007115
16988,Renderer,0x74c06f267000,0x57f65,000000007997991a,772,11744362020731,1486011944
16988,Renderer,0x74c06f268000,0x39ed4,000000007997991a,773,11744362020731,1486016844
16988,Renderer,0x74c06f269000,0xcd4b3,000000007997991a,774,11744362020731,1486021573
16988,Renderer,0x74c06f26a000,0xa935b,000000007997991a,775,11744362020731,1486027265
16988,Renderer,0x74c06f26b000,0xa95d2,000000007997991a,776,11744362020731,1486033197
16988,Renderer,0x74c06f26c000,0xd6643,000000007997991a,777,11744362020731,1486040631
16988,Renderer,0x74c06f26d000,0xbe3e1,000000007997991a,778,11744362020731,1486048777
16988,Renderer,0x74c06f26e000,0xc7b31,000000007997991a,779,11744362020731,1486056062
16988,Renderer,0x74c06f26f000,0x7b455,000000007997991a,780,11744362020731,1486066192
16988,Renderer,0x74c06f271000,0x3b113,000000007997991a,782,11744362020731,1486083917
16988,Renderer,0x74c06f272000,0xd8ae0,000000007997991a,783,11744362020731,1486090420
16988,Renderer,0x74c06f273000,0xc440c,000000007997991a,784,11744362020731,1486096552
16988,Renderer,0x74c06f274000,0x22cff,000000007997991a,785,11744362020731,1486101953
16988,Renderer,0x74c06f275000,0x49ae,000000007997991a,786,11744362020731,1486107033
16988,Renderer,0x74c06f276000,0x6ea73,000000007997991a,787,11744362020731,1486111612
16988,Renderer,0x74c06f277000,0x6dcd2,000000007997991a,788,11744362020731,1486116392
16988,Renderer,0x74c06f278000,0x62276,000000007997991a,789,11744362020731,1486122093
16988,Renderer,0x74c06f279000,0x64a0a,000000007997991a,790,11744362020731,1486127403
16988,Renderer,0x74c06f27a000,0x658fd,000000007997991a,791,11744362020731,1486132393
16988,Renderer,0x74c06f27b000,0xa6d49,000000007997991a,792,11744362020731,1486137263
16988,Renderer,0x74c06f27c000,0x96be3,000000007997991a,793,11744362020731,1486142293
16988,Renderer,0x74c06f27d000,0x88e86,000000007997991a,794,11744362020731,1486149547
16988,Renderer,0x74c06f27e000,0x986fd,000000007997991a,795,11744362020731,1486154868
16988,Renderer,0x74c06f27f000,0xa4057,000000007997991a,796,11744362020731,1486162663
16988,Renderer,0x74c06f281000,0x9009f,000000007997991a,798,11744362020731,1486171972
16988,Renderer,0x74c06f282000,0x46bc4,000000007997991a,799,11744362020731,1486176531
16988,Renderer,0x74c06f283000,0x585ac,000000007997991a,800,11744362020731,1486180910
16988,Renderer,0x74c06f284000,0x48bb5,000000007997991a,801,11744362020731,1486185769
16988,Renderer,0x74c06f285000,0x8f89e,000000007997991a,802,11744362020731,1486190759
16988,Renderer,0x74c06f286000,0x3e7ac,000000007997991a,803,11744362020731,1486195799
16988,Renderer,0x74c06f287000,0x37188,000000007997991a,804,11744362020731,1486200729
16988,Renderer,0x74c06f288000,0xaaefb,000000007997991a,805,11744362020731,1486205498
16988,Renderer,0x74c06f289000,0xb9434,000000007997991a,806,11744362020731,1486210348
16988,Renderer,0x74c06f28a000,0xb8849,000000007997991a,807,11744362020731,1486215268
16988,Renderer,0x74c06f28b000,0xb8bb6,000000007997991a,808,11744362020731,1486220709
16988,Renderer,0x74c06f28c000,0x4ee78,000000007997991a,809,11744362020731,1486225448
16988,Renderer,0x74c06f28d000,0x4e164,000000007997991a,810,11744362020731,1486230418
16988,Renderer,0x74c06f28e000,0x4e1a0,000000007997991a,811,11744362020731,1486238183
16988,Renderer,0x74c06f28f000,0x3bcb4,000000007997991a,812,11744362020731,1486243313
16988,Renderer,0x74c06f291000,0x34613,000000007997991a,814,11744362020731,1486252412
16988,Renderer,0x74c06f292000,0x3450e,000000007997991a,815,11744362020731,1486257011
16988,Renderer,0x74c06f293000,0x345f7,000000007997991a,816,11744362020731,1486261650
16988,Renderer,0x74c06f294000,0x40195,000000007997991a,817,11744362020731,1486266510
16988,Renderer,0x74c06f295000,0x56c92,000000007997991a,818,11744362020731,1486271369
16988,Renderer,0x74c06f296000,0x5677b,000000007997991a,819,11744362020731,1486276239
16988,Renderer,0x74c06f297000,0x5fc92,000000007997991a,820,11744362020731,1486280888
16988,Renderer,0x74c06f298000,0x96cf7,000000007997991a,821,11744362020731,1486285768
16988,Renderer,0x74c06f299000,0x8fbc0,000000007997991a,822,11744362020731,1486290387
16988,Renderer,0x74c06f29a000,0x3c85c,000000007997991a,823,11744362020731,1486295216
16988,Renderer,0x74c06f29b000,0x3e76f,000000007997991a,824,11744362020731,1486299936
16988,Renderer,0x74c06f29c000,0x4d310,000000007997991a,825,11744362020731,1486304886
16988,Renderer,0x74c06f29d000,0x3e678,000000007997991a,826,11744362020731,1486312401
16988,Renderer,0x74c06f29e000,0xaad2c,000000007997991a,827,11744362020731,1486317320
16988,Renderer,0x74c06f29f000,0xaad20,000000007997991a,828,11744362020731,1486322240
16988,Renderer,0x74c06f2a1000,0xb886f,000000007997991a,830,11744362020731,1486330917
16988,Renderer,0x74c06f2a2000,0xb8bd1,000000007997991a,831,11744362020731,1486336488
16988,Renderer,0x74c06f2a3000,0xb8bc9,000000007997991a,832,11744362020731,1486341599
16988,Renderer,0x74c06f2a4000,0xbb4ee,000000007997991a,833,11744362020731,1486346849
16988,Renderer,0x74c06f2a5000,0x2d6cc,000000007997991a,834,11744362020731,1486351719
16988,Renderer,0x74c06f2a6000,0x61f5a,000000007997991a,835,11744362020731,1486356278
16988,Renderer,0x74c06f2a7000,0xb96cb,000000007997991a,836,11744362020731,1486360997
16988,Renderer,0x74c06f2a8000,0xbc0f7,000000007997991a,837,11744362020731,1486365977
16988,Renderer,0x74c06f2a9000,0xd12b9,000000007997991a,838,11744362020731,1486371137
16988,Renderer,0x74c06f2aa000,0x42928,000000007997991a,839,11744362020731,1486376297
16988,Renderer,0x74c06f2ab000,0x5c49d,000000007997991a,840,11744362020731,1486381347
16988,Renderer,0x74c06f2ac000,0x8c4eb,000000007997991a,841,11744362020731,1486389173
16988,Renderer,0x74c06f2ad000,0x61a33,000000007997991a,842,11744362020731,1486394163
16988,Renderer,0x74c06f2ae000,0x54dbc,000000007997991a,843,11744362020731,1486399032
16988,Renderer,0x74c06f2af000,0x485ef,000000007997991a,844,11744362020731,1486404062
16988,Renderer,0x74c06f2b1000,0x6010f,000000007997991a,846,11744362020731,1486413201
16988,Renderer,0x74c06f2b2000,0xd62c4,000000007997991a,847,11744362020731,1486417780
16988,Renderer,0x74c06f2b3000,0xa4a22,000000007997991a,848,11744362020731,1486422810
16988,Renderer,0x74c06f2b4000,0xa9853,000000007997991a,849,11744362020731,1486427639
16988,Renderer,0x74c06f2b5000,0x6ae4e,000000007997991a,850,11744362020731,1486432339
16988,Renderer,0x74c06f2b6000,0x6d103,000000007997991a,851,11744362020731,1486437449
16988,Renderer,0x74c06f2b7000,0xb4719,000000007997991a,852,11744362020731,1486442228
16988,Renderer,0x74c06f2b8000,0xa067,000000007997991a,853,11744362020731,1486447378
16988,Renderer,0x74c06f2b9000,0xac8b6,000000007997991a,854,11744362020731,1486452559
16988,Renderer,0x74c06f2ba000,0xbf084,000000007997991a,855,11744362020731,1486457519
16988,Renderer,0x74c06f2bb000,0x9fa11,000000007997991a,856,11744362020731,1486465244
16988,Renderer,0x74c06f2bc000,0x77543,000000007997991a,857,11744362020731,1486470214
16988,Renderer,0x74c06f2bd000,0xc836c,000000007997991a,858,11744362020731,1486475154
16988,Renderer,0x74c06f2be000,0x9adec,000000007997991a,859,11744362020731,1486480053
16988,Renderer,0x74c06f2bf000,0x5fc15,000000007997991a,860,11744362020731,1486485564
16988,Renderer,0x74c06f2c1000,0xa9f3b,000000007997991a,862,11744362020731,1486494492
16988,Renderer,0x74c06f2c2000,0xc7941,000000007997991a,863,11744362020731,1486499281
16988,Renderer,0x74c06f2c3000,0x31f24,000000007997991a,864,11744362020731,1486503981
16988,Renderer,0x74c06f2c4000,0x3795f,000000007997991a,865,11744362020731,1486508991
16988,Renderer,0x74c06f2c5000,0xa2db7,000000007997991a,866,11744362020731,1486513760
16988,Renderer,0x74c06f2c6000,0xc82dd,000000007997991a,867,11744362020731,1486519201
16988,Renderer,0x74c06f2c7000,0xc815d,000000007997991a,868,11744362020731,1486525814
16988,Renderer,0x74c06f2c8000,0xb7fed,000000007997991a,869,11744362020731,1486533459
16988,Renderer,0x74c06f2c9000,0xb66fc,000000007997991a,870,11744362020731,1486539010
16988,Renderer,0x74c06f2ca000,0xd28ff,000000007997991a,871,11744362020731,1486547988
16988,Renderer,0x74c06f2cb000,0xd27f6,000000007997991a,872,11744362020731,1486553689
16988,Renderer,0x74c06f2cc000,0xb234c,000000007997991a,873,11744362020731,1486559260
16988,Renderer,0x74c06f2cd000,0xa38e5,000000007997991a,874,11744362020731,1486564862
16988,Renderer,0x74c06f2ce000,0x89016,000000007997991a,875,11744362020731,1486570843
16988,Renderer,0x74c06f2cf000,0x891b2,000000007997991a,876,11744362020731,1486576535
16988,Renderer,0x74c06f2d1000,0x6c30e,000000007997991a,878,11744362020731,1486587496
16988,Renderer,0x74c06f2d2000,0xd0398,000000007997991a,879,11744362020731,1486593058
17171,cut,0x7fe044c28000,0x11bc64,0000000093b88c93,55,11744362020731,1791791863
17171,cut,0x7fe044619000,0x1127f1,00000000c26e0865,30,11744362020731,1791892071
17171,cut,0x7fe04466f000,0x112bf9,00000000c26e0865,110,11744362020731,1791907542
17170,cut,0x5d6a7671b000,0x6503f,00000000c2b1ea29,8,11745982818589,171035208
17170,cut,0x7d8defa7e000,0x11142c,0000000093b88c93,125,11745982818589,171136608


